time,dir,entry,stop,tag
2023-08-01 04:30:00,1,15765.824,15764.237518080434,bias0_d0.8_mss1_fvg0_hall
2023-08-01 13:46:00,-1,15688.984,15709.25312415638,bias0_d0.8_mss1_fvg0_hall
2023-08-01 15:27:00,1,15710.084,15699.541227439628,bias0_d0.8_mss1_fvg0_hall
2023-08-02 07:16:00,1,15573.813,15565.070360944124,bias0_d0.8_mss1_fvg0_hall
2023-08-02 17:32:00,1,15390.159,15385.34323250423,bias0_d0.8_mss1_fvg0_hall
2023-08-02 19:07:00,-1,15407.374,15414.24801460754,bias0_d0.8_mss1_fvg0_hall
2023-08-03 03:33:00,-1,15381.224,15382.856084817513,bias0_d0.8_mss1_fvg0_hall
2023-08-03 10:53:00,-1,15326.403999999999,15332.195254204342,bias0_d0.8_mss1_fvg0_hall
2023-08-03 11:01:00,1,15325.949,15312.672413545,bias0_d0.8_mss1_fvg0_hall
2023-08-03 15:45:00,-1,15377.679,15386.863087061536,bias0_d0.8_mss1_fvg0_hall
2023-08-04 01:29:00,1,15419.204000000002,15414.530709344472,bias0_d0.8_mss1_fvg0_hall
2023-08-04 05:09:00,1,15426.629,15424.870628336044,bias0_d0.8_mss1_fvg0_hall
2023-08-04 12:36:00,-1,15377.494,15404.98890152848,bias0_d0.8_mss1_fvg0_hall
2023-08-07 00:41:00,1,15330.014,15328.169493566664,bias0_d0.8_mss1_fvg0_hall
2023-08-07 05:35:00,-1,15348.958999999999,15354.192735584928,bias0_d0.8_mss1_fvg0_hall
2023-08-07 06:26:00,-1,15349.458999999999,15352.956736853082,bias0_d0.8_mss1_fvg0_hall
2023-08-07 08:04:00,-1,15373.764,15377.991334332317,bias0_d0.8_mss1_fvg0_hall
2023-08-07 13:30:00,1,15366.179,15349.49664783403,bias0_d0.8_mss1_fvg0_hall
2023-08-07 13:32:00,-1,15370.409,15392.639327011257,bias0_d0.8_mss1_fvg0_hall
2023-08-07 17:15:00,-1,15342.059000000001,15357.751030544494,bias0_d0.8_mss1_fvg0_hall
2023-08-07 19:35:00,1,15360.714,15353.180678266834,bias0_d0.8_mss1_fvg0_hall
2023-08-07 23:43:00,1,15400.833999999999,15399.221467170244,bias0_d0.8_mss1_fvg0_hall
2023-08-08 00:55:00,-1,15397.958999999999,15401.316156427762,bias0_d0.8_mss1_fvg0_hall
2023-08-08 03:19:00,-1,15361.423999999999,15362.929239739102,bias0_d0.8_mss1_fvg0_hall
2023-08-08 06:45:00,-1,15330.589,15335.705428423424,bias0_d0.8_mss1_fvg0_hall
2023-08-08 09:42:00,1,15327.364,15320.634803899056,bias0_d0.8_mss1_fvg0_hall
2023-08-09 06:31:00,-1,15306.394,15309.59196162437,bias0_d0.8_mss1_fvg0_hall
2023-08-09 09:12:00,1,15340.604,15333.941077294776,bias0_d0.8_mss1_fvg0_hall
2023-08-09 11:32:00,1,15289.429,15284.74155610493,bias0_d0.8_mss1_fvg0_hall
2023-08-10 06:03:00,1,15164.484,15158.374669095054,bias0_d0.8_mss1_fvg0_hall
2023-08-10 19:20:00,-1,15164.439,15178.357451483726,bias0_d0.8_mss1_fvg0_hall
2023-08-10 19:47:00,1,15117.259,15105.842592249799,bias0_d0.8_mss1_fvg0_hall
2023-08-11 05:18:00,1,15127.364,15124.326020689352,bias0_d0.8_mss1_fvg0_hall
2023-08-11 07:02:00,-1,15150.864,15157.004265215437,bias0_d0.8_mss1_fvg0_hall
2023-08-11 09:20:00,-1,15107.329,15113.89968847347,bias0_d0.8_mss1_fvg0_hall
2023-08-11 09:20:00,-1,15107.329,15113.698710725364,bias0_d0.8_mss1_fvg0_hall
2023-08-11 12:30:00,-1,15098.393,15103.699730236145,bias0_d0.8_mss1_fvg0_hall
2023-08-11 12:30:00,-1,15092.719000000001,15102.542101581166,bias0_d0.8_mss1_fvg0_hall
2023-08-11 12:30:00,-1,15092.719000000001,15112.822824832741,bias0_d0.8_mss1_fvg0_hall
2023-08-13 22:45:00,1,15071.594000000001,15069.027795500317,bias0_d0.8_mss1_fvg0_hall
2023-08-14 00:06:00,1,15066.223,15060.3364405036,bias0_d0.8_mss1_fvg0_hall
2023-08-14 10:58:00,-1,15090.339,15097.208384155674,bias0_d0.8_mss1_fvg0_hall
2023-08-14 10:58:00,-1,15090.339,15097.964321001697,bias0_d0.8_mss1_fvg0_hall
2023-08-14 11:35:00,-1,15073.659,15079.157578948325,bias0_d0.8_mss1_fvg0_hall
2023-08-14 11:35:00,-1,15073.659,15076.582016166301,bias0_d0.8_mss1_fvg0_hall
2023-08-14 12:51:00,1,15004.899000000001,14987.354969047974,bias0_d0.8_mss1_fvg0_hall
2023-08-14 15:28:00,1,15141.804,15126.345740097924,bias0_d0.8_mss1_fvg0_hall
2023-08-14 18:09:00,-1,15144.989,15159.55991660294,bias0_d0.8_mss1_fvg0_hall
2023-08-15 00:00:00,-1,15231.769,15234.973437689223,bias0_d0.8_mss1_fvg0_hall
2023-08-15 01:02:00,1,15227.759,15221.846757610248,bias0_d0.8_mss1_fvg0_hall
2023-08-15 11:04:00,-1,15110.304,15115.484712557496,bias0_d0.8_mss1_fvg0_hall
2023-08-15 12:05:00,1,15104.659,15092.200171173514,bias0_d0.8_mss1_fvg0_hall
2023-08-15 12:30:00,-1,15111.393,15130.069469000582,bias0_d0.8_mss1_fvg0_hall
2023-08-15 14:24:00,-1,15078.004,15088.318985568887,bias0_d0.8_mss1_fvg0_hall
2023-08-16 01:13:00,-1,15042.254,15050.572368548343,bias0_d0.8_mss1_fvg0_hall
2023-08-16 06:03:00,-1,15038.944,15047.372733390603,bias0_d0.8_mss1_fvg0_hall
2023-08-16 11:58:00,1,15033.944,15026.996124019008,bias0_d0.8_mss1_fvg0_hall
2023-08-16 18:17:00,1,14938.969000000001,14928.602716588204,bias0_d0.8_mss1_fvg0_hall
2023-08-17 03:28:00,1,14867.218,14863.572379787945,bias0_d0.8_mss1_fvg0_hall
2023-08-17 03:28:00,1,14867.218,14862.329852660236,bias0_d0.8_mss1_fvg0_hall
2023-08-17 11:19:00,1,14898.559000000001,14895.27272951302,bias0_d0.8_mss1_fvg0_hall
2023-08-17 13:31:00,-1,14921.324,14935.686875168076,bias0_d0.8_mss1_fvg0_hall
2023-08-17 16:11:00,1,14834.939,14814.216454182057,bias0_d0.8_mss1_fvg0_hall
2023-08-18 04:06:00,1,14702.604,14697.897977740584,bias0_d0.8_mss1_fvg0_hall
2023-08-18 04:31:00,1,14700.139,14697.98970146322,bias0_d0.8_mss1_fvg0_hall
2023-08-18 05:03:00,-1,14699.949,14703.556957197863,bias0_d0.8_mss1_fvg0_hall
2023-08-18 07:06:00,1,14701.079000000002,14691.173112509794,bias0_d0.8_mss1_fvg0_hall
2023-08-18 09:07:00,-1,14691.604,14696.732066638993,bias0_d0.8_mss1_fvg0_hall
2023-08-18 14:20:00,1,14568.833999999999,14555.469981083092,bias0_d0.8_mss1_fvg0_hall
2023-08-21 01:00:00,-1,14730.914,14734.212389830058,bias0_d0.8_mss1_fvg0_hall
2023-08-21 04:11:00,1,14705.214,14703.521520100376,bias0_d0.8_mss1_fvg0_hall
2023-08-21 15:30:00,1,14763.854,14748.958961844475,bias0_d0.8_mss1_fvg0_hall
2023-08-22 01:24:00,1,14899.693,14893.778984327435,bias0_d0.8_mss1_fvg0_hall
2023-08-22 09:03:00,-1,15001.909,15004.668242965985,bias0_d0.8_mss1_fvg0_hall
2023-08-22 09:03:00,-1,15001.909,15005.389511325557,bias0_d0.8_mss1_fvg0_hall
2023-08-22 14:24:00,-1,14982.134,15006.826774905141,bias0_d0.8_mss1_fvg0_hall
2023-08-22 17:58:00,1,14888.699,14880.102570735735,bias0_d0.8_mss1_fvg0_hall
2023-08-23 08:08:00,1,14999.059000000001,14995.15220122727,bias0_d0.8_mss1_fvg0_hall
2023-08-23 15:51:00,1,15130.249,15119.111838968252,bias0_d0.8_mss1_fvg0_hall
2023-08-23 17:08:00,1,15132.249,15128.150309715498,bias0_d0.8_mss1_fvg0_hall
2023-08-23 19:04:00,1,15150.704,15140.484868804331,bias0_d0.8_mss1_fvg0_hall
2023-08-23 19:04:00,1,15150.704,15138.702735318308,bias0_d0.8_mss1_fvg0_hall
2023-08-23 19:04:00,1,15150.704,15140.311004224142,bias0_d0.8_mss1_fvg0_hall
2023-08-24 04:32:00,-1,15330.848,15334.052530792853,bias0_d0.8_mss1_fvg0_hall
2023-08-24 04:32:00,-1,15330.848,15334.073385736221,bias0_d0.8_mss1_fvg0_hall
2023-08-24 06:00:00,-1,15339.314,15345.673732982905,bias0_d0.8_mss1_fvg0_hall
2023-08-24 07:01:00,1,15335.124,15330.652668613058,bias0_d0.8_mss1_fvg0_hall
2023-08-24 18:01:00,1,14926.179,14917.872890731576,bias0_d0.8_mss1_fvg0_hall
2023-08-24 22:21:00,1,14806.313999999998,14803.680470030475,bias0_d0.8_mss1_fvg0_hall
2023-08-25 01:18:00,1,14817.219000000001,14813.265427143675,bias0_d0.8_mss1_fvg0_hall
2023-08-25 04:26:00,1,14795.319,14793.60221344295,bias0_d0.8_mss1_fvg0_hall
2023-08-25 04:26:00,1,14795.319,14792.52429118295,bias0_d0.8_mss1_fvg0_hall
2023-08-25 05:15:00,1,14801.204,14796.969391208528,bias0_d0.8_mss1_fvg0_hall
2023-08-25 08:40:00,-1,14836.173999999999,14843.35650217093,bias0_d0.8_mss1_fvg0_hall
2023-08-25 11:05:00,1,14833.809000000001,14829.381775881962,bias0_d0.8_mss1_fvg0_hall
2023-08-25 17:10:00,-1,14842.119,14855.316526068973,bias0_d0.8_mss1_fvg0_hall
2023-08-25 17:20:00,-1,14842.169000000002,14857.815323635592,bias0_d0.8_mss1_fvg0_hall
2023-08-28 02:58:00,-1,14967.659,14972.410297668715,bias0_d0.8_mss1_fvg0_hall
2023-08-28 05:02:00,-1,14947.024000000001,14949.303956041742,bias0_d0.8_mss1_fvg0_hall
2023-08-28 10:47:00,1,14967.669,14963.753492335276,bias0_d0.8_mss1_fvg0_hall
2023-08-28 13:35:00,1,15048.669000000002,15023.88213245024,bias0_d0.8_mss1_fvg0_hall
2023-08-28 23:50:00,-1,15057.018,15057.984192123364,bias0_d0.8_mss1_fvg0_hall
2023-08-29 04:23:00,1,15071.719000000001,15069.65764612235,bias0_d0.8_mss1_fvg0_hall
2023-08-30 00:04:00,-1,15392.714,15395.113330479406,bias0_d0.8_mss1_fvg0_hall
2023-08-30 13:36:00,-1,15374.969000000001,15409.218516825102,bias0_d0.8_mss1_fvg0_hall
2023-08-30 16:36:00,-1,15475.429,15480.707055848834,bias0_d0.8_mss1_fvg0_hall
2023-08-30 16:36:00,-1,15475.429,15481.025568563535,bias0_d0.8_mss1_fvg0_hall
2023-08-30 17:31:00,1,15461.993999999999,15454.375573311194,bias0_d0.8_mss1_fvg0_hall
2023-08-30 19:51:00,-1,15461.734,15471.954586330763,bias0_d0.8_mss1_fvg0_hall
2023-08-31 01:17:00,1,15466.984,15463.13358099061,bias0_d0.8_mss1_fvg0_hall
2023-08-31 07:05:00,-1,15457.854,15466.102515049364,bias0_d0.8_mss1_fvg0_hall
2023-08-31 10:59:00,-1,15443.949,15447.502153770292,bias0_d0.8_mss1_fvg0_hall
2023-08-31 10:59:00,-1,15443.949,15449.25318615908,bias0_d0.8_mss1_fvg0_hall
2023-08-31 16:06:00,1,15525.054,15521.561892957921,bias0_d0.8_mss1_fvg0_hall
2023-08-31 19:25:00,-1,15541.149000000001,15551.976783946913,bias0_d0.8_mss1_fvg0_hall
2023-08-31 19:53:00,-1,15545.479,15552.520820667483,bias0_d0.8_mss1_fvg0_hall
2023-09-01 00:01:00,1,15505.208999999999,15501.769670540138,bias0_d0.8_mss1_fvg0_hall
2023-09-01 00:01:00,1,15505.208999999999,15502.043802659608,bias0_d0.8_mss1_fvg0_hall
2023-09-01 03:36:00,1,15511.684000000001,15509.864716680879,bias0_d0.8_mss1_fvg0_hall
2023-09-01 03:42:00,-1,15511.879,15515.245929053275,bias0_d0.8_mss1_fvg0_hall
2023-09-01 10:47:00,-1,15532.559000000001,15535.460625554204,bias0_d0.8_mss1_fvg0_hall
2023-09-01 10:47:00,-1,15532.559000000001,15536.062116586047,bias0_d0.8_mss1_fvg0_hall
2023-09-04 04:58:00,1,15503.364,15502.000666349819,bias0_d0.8_mss1_fvg0_hall
2023-09-04 08:59:00,1,15525.234,15520.400650547384,bias0_d0.8_mss1_fvg0_hall
2023-09-04 10:58:00,1,15527.903,15525.05845006871,bias0_d0.8_mss1_fvg0_hall
2023-09-04 16:29:00,-1,15498.298999999999,15502.814689334056,bias0_d0.8_mss1_fvg0_hall
2023-09-05 01:22:00,1,15466.129,15464.285246449303,bias0_d0.8_mss1_fvg0_hall
2023-09-05 02:02:00,1,15469.969000000001,15466.357055119974,bias0_d0.8_mss1_fvg0_hall
2023-09-05 02:09:00,1,15470.634,15465.348780853106,bias0_d0.8_mss1_fvg0_hall
2023-09-05 10:10:00,1,15442.328,15438.446327890077,bias0_d0.8_mss1_fvg0_hall
2023-09-05 10:53:00,1,15456.204,15451.227188430943,bias0_d0.8_mss1_fvg0_hall
2023-09-05 10:57:00,-1,15458.064,15460.74140929512,bias0_d0.8_mss1_fvg0_hall
2023-09-05 12:42:00,1,15420.289,15411.82144462562,bias0_d0.8_mss1_fvg0_hall
2023-09-05 14:48:00,1,15475.359,15455.519829454503,bias0_d0.8_mss1_fvg0_hall
2023-09-06 05:32:00,1,15480.104,15476.724740775775,bias0_d0.8_mss1_fvg0_hall
2023-09-06 08:37:00,-1,15447.154,15453.46931739596,bias0_d0.8_mss1_fvg0_hall
2023-09-06 13:30:00,-1,15463.874,15477.08960482456,bias0_d0.8_mss1_fvg0_hall
2023-09-06 16:09:00,-1,15350.404,15365.60992652621,bias0_d0.8_mss1_fvg0_hall
2023-09-06 18:26:00,1,15330.759,15324.330552392998,bias0_d0.8_mss1_fvg0_hall
2023-09-06 18:26:00,1,15330.759,15321.582120079212,bias0_d0.8_mss1_fvg0_hall
2023-09-06 19:53:00,-1,15356.204,15361.26278156195,bias0_d0.8_mss1_fvg0_hall
2023-09-06 19:53:00,-1,15356.204,15367.205047164667,bias0_d0.8_mss1_fvg0_hall
2023-09-07 02:32:00,-1,15357.493999999999,15359.486145581797,bias0_d0.8_mss1_fvg0_hall
2023-09-07 02:32:00,-1,15357.493999999999,15359.396878588386,bias0_d0.8_mss1_fvg0_hall
2023-09-07 03:05:00,1,15354.409,15350.898335766327,bias0_d0.8_mss1_fvg0_hall
2023-09-07 05:04:00,-1,15337.449,15339.325840276326,bias0_d0.8_mss1_fvg0_hall
2023-09-07 07:11:00,-1,15308.784,15320.132127077366,bias0_d0.8_mss1_fvg0_hall
2023-09-07 14:10:00,1,15161.274,15151.617969357954,bias0_d0.8_mss1_fvg0_hall
2023-09-07 17:17:00,1,15231.579,15217.480525402912,bias0_d0.8_mss1_fvg0_hall
2023-09-07 17:36:00,-1,15252.304,15258.84614810847,bias0_d0.8_mss1_fvg0_hall
2023-09-07 19:44:00,1,15258.159,15250.784242601638,bias0_d0.8_mss1_fvg0_hall
2023-09-07 19:55:00,-1,15274.324,15283.258583371073,bias0_d0.8_mss1_fvg0_hall
2023-09-08 04:33:00,-1,15270.653,15271.817161494137,bias0_d0.8_mss1_fvg0_hall
2023-09-08 05:03:00,1,15264.569,15262.520732021298,bias0_d0.8_mss1_fvg0_hall
2023-09-08 07:01:00,-1,15309.649,15312.557469833293,bias0_d0.8_mss1_fvg0_hall
2023-09-08 07:00:00,-1,15309.649,15313.834936273774,bias0_d0.8_mss1_fvg0_hall
2023-09-08 07:00:00,-1,15309.649,15313.555440825645,bias0_d0.8_mss1_fvg0_hall
2023-09-08 13:30:00,1,15268.188999999998,15255.335636198408,bias0_d0.8_mss1_fvg0_hall
2023-09-08 13:30:00,1,15268.188999999998,15254.790926109852,bias0_d0.8_mss1_fvg0_hall
2023-09-08 18:39:00,-1,15281.118999999999,15283.836394809958,bias0_d0.8_mss1_fvg0_hall
2023-09-08 18:39:00,-1,15281.118999999999,15288.320501137157,bias0_d0.8_mss1_fvg0_hall
2023-09-11 02:52:00,1,15307.344000000001,15305.97110785999,bias0_d0.8_mss1_fvg0_hall
2023-09-11 19:13:00,-1,15462.528999999999,15466.489978866155,bias0_d0.8_mss1_fvg0_hall
2023-09-12 01:45:00,1,15430.694,15427.074757382652,bias0_d0.8_mss1_fvg0_hall
2023-09-12 06:35:00,-1,15457.509,15463.370950372107,bias0_d0.8_mss1_fvg0_hall
2023-09-12 08:50:00,1,15410.784,15408.616180100524,bias0_d0.8_mss1_fvg0_hall
2023-09-12 13:32:00,1,15383.804,15375.812854422673,bias0_d0.8_mss1_fvg0_hall
2023-09-12 13:32:00,1,15388.979,15372.42522196391,bias0_d0.8_mss1_fvg0_hall
2023-09-12 16:21:00,-1,15360.449,15369.422775973313,bias0_d0.8_mss1_fvg0_hall
2023-09-12 16:21:00,-1,15360.449,15366.731827689506,bias0_d0.8_mss1_fvg0_hall
2023-09-13 01:16:00,1,15295.434000000001,15293.346387479362,bias0_d0.8_mss1_fvg0_hall
2023-09-13 02:00:00,1,15282.359,15278.143249747764,bias0_d0.8_mss1_fvg0_hall
2023-09-13 07:12:00,1,15285.644,15282.161546042034,bias0_d0.8_mss1_fvg0_hall
2023-09-13 08:24:00,1,15291.794,15285.0316160966,bias0_d0.8_mss1_fvg0_hall
2023-09-13 10:03:00,-1,15278.489,15281.453900063923,bias0_d0.8_mss1_fvg0_hall
2023-09-13 12:23:00,-1,15303.199,15307.799280128951,bias0_d0.8_mss1_fvg0_hall
2023-09-13 15:50:00,-1,15379.979,15388.964454028937,bias0_d0.8_mss1_fvg0_hall
2023-09-13 16:21:00,1,15363.754,15356.40652450942,bias0_d0.8_mss1_fvg0_hall
2023-09-13 22:56:00,1,15360.109,15359.130240037952,bias0_d0.8_mss1_fvg0_hall
2023-09-13 23:11:00,1,15362.868999999999,15360.531265772515,bias0_d0.8_mss1_fvg0_hall
2023-09-14 01:25:00,-1,15391.234,15395.022293888314,bias0_d0.8_mss1_fvg0_hall
2023-09-14 13:24:00,-1,15431.899000000001,15438.489805232142,bias0_d0.8_mss1_fvg0_hall
2023-09-14 14:23:00,1,15350.499,15331.115621365952,bias0_d0.8_mss1_fvg0_hall
2023-09-14 14:23:00,1,15350.499,15330.646469839812,bias0_d0.8_mss1_fvg0_hall
2023-09-14 17:25:00,-1,15493.969000000001,15504.44962618522,bias0_d0.8_mss1_fvg0_hall
2023-09-14 17:31:00,1,15489.599,15482.757868266988,bias0_d0.8_mss1_fvg0_hall
2023-09-14 23:47:00,-1,15486.019,15488.6110199759,bias0_d0.8_mss1_fvg0_hall
2023-09-15 02:52:00,1,15500.314,15498.19608079269,bias0_d0.8_mss1_fvg0_hall
2023-09-15 05:56:00,1,15509.284,15506.88220546662,bias0_d0.8_mss1_fvg0_hall
2023-09-15 06:50:00,-1,15506.479,15513.237541987455,bias0_d0.8_mss1_fvg0_hall
2023-09-15 12:05:00,1,15452.899,15449.291114084126,bias0_d0.8_mss1_fvg0_hall
2023-09-15 12:05:00,1,15452.899,15447.196213164374,bias0_d0.8_mss1_fvg0_hall
2023-09-15 18:51:00,-1,15188.919,15199.909931055801,bias0_d0.8_mss1_fvg0_hall
2023-09-15 18:51:00,-1,15188.919,15198.660578837531,bias0_d0.8_mss1_fvg0_hall
2023-09-18 05:03:00,1,15222.069,15221.062217375422,bias0_d0.8_mss1_fvg0_hall
2023-09-18 05:03:00,1,15222.069,15220.565322124725,bias0_d0.8_mss1_fvg0_hall
2023-09-18 05:43:00,-1,15227.074,15227.86325895862,bias0_d0.8_mss1_fvg0_hall
2023-09-18 13:15:00,1,15171.469000000001,15162.516821658513,bias0_d0.8_mss1_fvg0_hall
2023-09-18 17:20:00,1,15238.699,15235.330315233541,bias0_d0.8_mss1_fvg0_hall
2023-09-18 18:15:00,1,15255.798999999999,15244.972503541972,bias0_d0.8_mss1_fvg0_hall
2023-09-18 23:05:00,-1,15237.134,15238.721437312024,bias0_d0.8_mss1_fvg0_hall
2023-09-19 01:28:00,-1,15227.934000000001,15231.362754831041,bias0_d0.8_mss1_fvg0_hall
2023-09-19 01:28:00,-1,15227.934000000001,15230.847450914538,bias0_d0.8_mss1_fvg0_hall
2023-09-19 16:52:00,1,15088.659,15081.281290861087,bias0_d0.8_mss1_fvg0_hall
2023-09-19 23:15:00,1,15192.083999999999,15190.884261201993,bias0_d0.8_mss1_fvg0_hall
2023-09-20 04:42:00,-1,15162.359,15164.723381138667,bias0_d0.8_mss1_fvg0_hall
2023-09-20 07:10:00,-1,15187.539,15191.391331326375,bias0_d0.8_mss1_fvg0_hall
2023-09-20 07:41:00,-1,15197.838,15203.021738364103,bias0_d0.8_mss1_fvg0_hall
2023-09-20 07:41:00,-1,15197.838,15201.42586419524,bias0_d0.8_mss1_fvg0_hall
2023-09-20 12:11:00,-1,15220.409,15224.798686207201,bias0_d0.8_mss1_fvg0_hall
2023-09-20 12:18:00,1,15218.619,15215.310178263497,bias0_d0.8_mss1_fvg0_hall
2023-09-20 14:00:00,-1,15234.044000000002,15249.818477446013,bias0_d0.8_mss1_fvg0_hall
2023-09-20 16:29:00,1,15179.069,15173.937962266451,bias0_d0.8_mss1_fvg0_hall
2023-09-20 16:48:00,-1,15187.619,15193.886777926951,bias0_d0.8_mss1_fvg0_hall
2023-09-20 23:00:00,-1,14947.064,14949.658102050034,bias0_d0.8_mss1_fvg0_hall
2023-09-21 01:33:00,-1,14928.458999999999,14934.74396995899,bias0_d0.8_mss1_fvg0_hall
2023-09-21 09:22:00,1,14881.514,14875.979568819594,bias0_d0.8_mss1_fvg0_hall
2023-09-21 09:33:00,-1,14883.074,14890.86451643501,bias0_d0.8_mss1_fvg0_hall
2023-09-21 15:35:00,1,14785.153999999999,14774.353090533272,bias0_d0.8_mss1_fvg0_hall
2023-09-21 15:35:00,1,14785.153999999999,14772.915226923751,bias0_d0.8_mss1_fvg0_hall
2023-09-22 02:52:00,-1,14713.419,14719.535522572836,bias0_d0.8_mss1_fvg0_hall
2023-09-22 07:00:00,-1,14740.624,14743.956682100787,bias0_d0.8_mss1_fvg0_hall
2023-09-22 11:46:00,-1,14750.679,14755.39204109888,bias0_d0.8_mss1_fvg0_hall
2023-09-24 23:19:00,-1,14733.114000000001,14735.432662105413,bias0_d0.8_mss1_fvg0_hall
2023-09-25 17:52:00,1,14720.019,14703.250916436138,bias0_d0.8_mss1_fvg0_hall
2023-09-26 02:12:00,-1,14699.367999999999,14701.526090097972,bias0_d0.8_mss1_fvg0_hall
2023-09-26 05:07:00,-1,14711.288,14713.87864389418,bias0_d0.8_mss1_fvg0_hall
2023-09-26 18:23:00,1,14553.499,14542.537755800207,bias0_d0.8_mss1_fvg0_hall
2023-09-26 19:16:00,-1,14538.844000000001,14547.436413338024,bias0_d0.8_mss1_fvg0_hall
2023-09-26 19:16:00,-1,14538.844000000001,14549.69995524245,bias0_d0.8_mss1_fvg0_hall
2023-09-27 03:31:00,-1,14579.868999999999,14582.58362967233,bias0_d0.8_mss1_fvg0_hall
2023-09-27 03:37:00,-1,14578.164,14583.128306397633,bias0_d0.8_mss1_fvg0_hall
2023-09-27 12:05:00,-1,14600.069,14607.14196335252,bias0_d0.8_mss1_fvg0_hall
2023-09-27 13:09:00,1,14604.009,14593.386613249028,bias0_d0.8_mss1_fvg0_hall
2023-09-28 06:03:00,-1,14614.344000000001,14618.633867731627,bias0_d0.8_mss1_fvg0_hall
2023-09-28 09:41:00,1,14535.813999999998,14529.725758628922,bias0_d0.8_mss1_fvg0_hall
2023-09-28 10:16:00,-1,14577.959,14586.265352715742,bias0_d0.8_mss1_fvg0_hall
2023-09-28 10:16:00,-1,14577.959,14589.823291807475,bias0_d0.8_mss1_fvg0_hall
2023-09-28 13:34:00,1,14540.664,14522.912409126831,bias0_d0.8_mss1_fvg0_hall
2023-09-29 04:17:00,-1,14728.554,14730.583832024411,bias0_d0.8_mss1_fvg0_hall
2023-09-29 04:36:00,1,14726.109,14724.151034191493,bias0_d0.8_mss1_fvg0_hall
2023-09-29 04:36:00,1,14728.832999999999,14726.335996034959,bias0_d0.8_mss1_fvg0_hall
2023-09-29 09:22:00,-1,14802.594000000001,14808.405329555162,bias0_d0.8_mss1_fvg0_hall
2023-09-29 14:45:00,1,14844.664,14828.244444286873,bias0_d0.8_mss1_fvg0_hall
2023-09-29 15:56:00,1,14775.484,14753.800841511924,bias0_d0.8_mss1_fvg0_hall
2023-09-29 18:32:00,-1,14690.298999999999,14700.719640433515,bias0_d0.8_mss1_fvg0_hall
2023-09-29 19:47:00,1,14721.614000000001,14703.480656528876,bias0_d0.8_mss1_fvg0_hall
2023-09-29 19:47:00,1,14721.614000000001,14703.472512517244,bias0_d0.8_mss1_fvg0_hall
2023-10-02 00:05:00,1,14805.824,14802.58789698198,bias0_d0.8_mss1_fvg0_hall
2023-10-02 01:48:00,-1,14839.048999999999,14841.728829127536,bias0_d0.8_mss1_fvg0_hall
2023-10-02 01:48:00,-1,14839.048999999999,14842.234091332712,bias0_d0.8_mss1_fvg0_hall
2023-10-02 02:46:00,-1,14839.204,14843.281469040354,bias0_d0.8_mss1_fvg0_hall
2023-10-02 04:17:00,1,14827.403999999999,14825.438877299317,bias0_d0.8_mss1_fvg0_hall
2023-10-02 10:54:00,1,14739.324,14732.728266343562,bias0_d0.8_mss1_fvg0_hall
2023-10-02 12:48:00,-1,14717.054,14721.255451468212,bias0_d0.8_mss1_fvg0_hall
2023-10-02 17:58:00,-1,14771.874,14777.444878554365,bias0_d0.8_mss1_fvg0_hall
2023-10-03 03:12:00,-1,14828.133000000002,14832.148931880994,bias0_d0.8_mss1_fvg0_hall
2023-10-03 05:45:00,1,14797.654,14790.573072826197,bias0_d0.8_mss1_fvg0_hall
2023-10-03 19:07:00,-1,14548.944,14564.052940441023,bias0_d0.8_mss1_fvg0_hall
2023-10-04 02:29:00,-1,14532.339,14536.127381244069,bias0_d0.8_mss1_fvg0_hall
2023-10-04 03:19:00,-1,14535.047999999999,14537.341426586967,bias0_d0.8_mss1_fvg0_hall
2023-10-04 05:31:00,1,14518.348999999998,14515.626449225192,bias0_d0.8_mss1_fvg0_hall
2023-10-04 09:55:00,-1,14552.759,14559.035603552467,bias0_d0.8_mss1_fvg0_hall
2023-10-04 10:31:00,-1,14563.709,14567.868270415871,bias0_d0.8_mss1_fvg0_hall
2023-10-04 13:30:00,1,14616.993999999999,14602.065831397042,bias0_d0.8_mss1_fvg0_hall
2023-10-04 14:34:00,1,14608.934000000001,14589.028848371316,bias0_d0.8_mss1_fvg0_hall
2023-10-04 17:53:00,-1,14685.474,14699.60164589229,bias0_d0.8_mss1_fvg0_hall
2023-10-05 00:00:00,-1,14765.848999999998,14770.846027659174,bias0_d0.8_mss1_fvg0_hall
2023-10-05 05:30:00,-1,14779.629,14784.057462734372,bias0_d0.8_mss1_fvg0_hall
2023-10-05 13:39:00,-1,14756.469000000001,14784.25652042581,bias0_d0.8_mss1_fvg0_hall
2023-10-05 17:05:00,-1,14662.423999999999,14671.475532467011,bias0_d0.8_mss1_fvg0_hall
2023-10-05 17:34:00,1,14664.389,14657.319867697039,bias0_d0.8_mss1_fvg0_hall
2023-10-05 17:35:00,1,14676.414,14660.902984290105,bias0_d0.8_mss1_fvg0_hall
2023-10-05 23:08:00,1,14718.474,14716.991454632569,bias0_d0.8_mss1_fvg0_hall
2023-10-05 23:45:00,1,14716.153999999999,14713.643517179267,bias0_d0.8_mss1_fvg0_hall
2023-10-06 03:41:00,1,14722.159,14719.751970489451,bias0_d0.8_mss1_fvg0_hall
2023-10-06 07:55:00,1,14744.214,14732.922998533208,bias0_d0.8_mss1_fvg0_hall
2023-10-06 14:13:00,1,14617.019,14576.04152620028,bias0_d0.8_mss1_fvg0_hall
2023-10-06 17:13:00,1,14912.019,14898.715719560858,bias0_d0.8_mss1_fvg0_hall
2023-10-06 17:44:00,-1,14952.698,14960.660825184212,bias0_d0.8_mss1_fvg0_hall
2023-10-09 00:04:00,-1,14887.683,14889.357624439252,bias0_d0.8_mss1_fvg0_hall
2023-10-09 01:55:00,1,14863.319,14858.165159038344,bias0_d0.8_mss1_fvg0_hall
2023-10-09 07:40:00,-1,14866.839,14873.429120979603,bias0_d0.8_mss1_fvg0_hall
2023-10-09 08:06:00,-1,14863.144,14874.90767793879,bias0_d0.8_mss1_fvg0_hall
2023-10-09 12:34:00,-1,14871.454,14878.77142912342,bias0_d0.8_mss1_fvg0_hall
2023-10-09 18:35:00,-1,15050.403999999999,15057.638063973991,bias0_d0.8_mss1_fvg0_hall
2023-10-09 19:00:00,-1,15051.368999999999,15070.425542165436,bias0_d0.8_mss1_fvg0_hall
2023-10-09 19:14:00,-1,15059.824,15071.639933403587,bias0_d0.8_mss1_fvg0_hall
2023-10-10 03:59:00,1,15072.114,15070.433792204556,bias0_d0.8_mss1_fvg0_hall
2023-10-10 05:35:00,-1,15072.797999999999,15075.136349054668,bias0_d0.8_mss1_fvg0_hall
2023-10-10 08:13:00,1,15070.208999999999,15056.25351799133,bias0_d0.8_mss1_fvg0_hall
2023-10-10 09:30:00,-1,15078.094000000001,15085.244299141417,bias0_d0.8_mss1_fvg0_hall
2023-10-10 16:01:00,-1,15237.204,15242.584425172752,bias0_d0.8_mss1_fvg0_hall
2023-10-10 18:53:00,-1,15160.458999999999,15172.043926209528,bias0_d0.8_mss1_fvg0_hall
2023-10-10 19:20:00,-1,15141.909,15160.808549200197,bias0_d0.8_mss1_fvg0_hall
2023-10-10 19:52:00,-1,15150.044000000002,15156.630242536437,bias0_d0.8_mss1_fvg0_hall
2023-10-11 00:01:00,1,15149.309,15146.472840549673,bias0_d0.8_mss1_fvg0_hall
2023-10-11 03:18:00,-1,15154.608,15157.248854340647,bias0_d0.8_mss1_fvg0_hall
2023-10-11 04:16:00,1,15159.264,15156.308962389927,bias0_d0.8_mss1_fvg0_hall
2023-10-11 07:14:00,1,15154.064,15148.628199569224,bias0_d0.8_mss1_fvg0_hall
2023-10-11 11:33:00,1,15194.074,15190.469163217955,bias0_d0.8_mss1_fvg0_hall
2023-10-11 12:22:00,1,15193.867,15184.522972958493,bias0_d0.8_mss1_fvg0_hall
2023-10-11 13:02:00,-1,15188.719000000001,15196.088771600298,bias0_d0.8_mss1_fvg0_hall
2023-10-11 14:51:00,1,15181.219000000001,15165.91945969833,bias0_d0.8_mss1_fvg0_hall
2023-10-12 01:15:00,1,15289.784,15284.865406781293,bias0_d0.8_mss1_fvg0_hall
2023-10-12 01:15:00,1,15289.784,15284.153281867542,bias0_d0.8_mss1_fvg0_hall
2023-10-12 03:32:00,1,15286.903999999999,15284.325469921168,bias0_d0.8_mss1_fvg0_hall
2023-10-12 10:11:00,1,15307.134,15300.647160733988,bias0_d0.8_mss1_fvg0_hall
2023-10-12 19:13:00,1,15157.969000000001,15150.18201965338,bias0_d0.8_mss1_fvg0_hall
2023-10-13 01:05:00,1,15202.149000000001,15195.237428694018,bias0_d0.8_mss1_fvg0_hall
2023-10-13 06:00:00,-1,15188.403999999999,15192.742680717112,bias0_d0.8_mss1_fvg0_hall
2023-10-13 14:00:00,-1,15223.729,15236.167533890322,bias0_d0.8_mss1_fvg0_hall
2023-10-13 14:00:00,-1,15191.707999999999,15232.699531469583,bias0_d0.8_mss1_fvg0_hall
2023-10-13 14:00:00,-1,15191.707999999999,15222.686279221756,bias0_d0.8_mss1_fvg0_hall
2023-10-16 03:28:00,1,15034.774,15030.248009720412,bias0_d0.8_mss1_fvg0_hall
2023-10-16 05:33:00,-1,15036.289,15040.210665752531,bias0_d0.8_mss1_fvg0_hall
2023-10-16 05:33:00,-1,15036.289,15039.14898475601,bias0_d0.8_mss1_fvg0_hall
2023-10-17 05:37:00,1,15145.609,15143.751196896033,bias0_d0.8_mss1_fvg0_hall
2023-10-17 05:37:00,1,15145.609,15143.485861403458,bias0_d0.8_mss1_fvg0_hall
2023-10-17 07:02:00,1,15141.569,15139.651875100288,bias0_d0.8_mss1_fvg0_hall
2023-10-17 08:33:00,-1,15159.169,15164.486207169366,bias0_d0.8_mss1_fvg0_hall
2023-10-17 10:17:00,-1,15139.514,15147.61636661641,bias0_d0.8_mss1_fvg0_hall
2023-10-17 10:17:00,-1,15138.819,15145.040214072314,bias0_d0.8_mss1_fvg0_hall
2023-10-17 12:06:00,-1,15115.694,15123.240654867976,bias0_d0.8_mss1_fvg0_hall
2023-10-18 01:51:00,1,15078.813999999998,15074.501223284262,bias0_d0.8_mss1_fvg0_hall
2023-10-18 03:07:00,1,15097.288,15092.752645510409,bias0_d0.8_mss1_fvg0_hall
2023-10-18 05:27:00,-1,15093.939,15095.23497010063,bias0_d0.8_mss1_fvg0_hall
2023-10-18 05:27:00,-1,15090.774000000001,15093.6387222363,bias0_d0.8_mss1_fvg0_hall
2023-10-18 11:43:00,-1,15043.679,15048.772328133677,bias0_d0.8_mss1_fvg0_hall
2023-10-18 12:09:00,1,15034.574,15027.973534134384,bias0_d0.8_mss1_fvg0_hall
2023-10-18 13:32:00,1,15017.564,15007.353317720064,bias0_d0.8_mss1_fvg0_hall
2023-10-18 15:44:00,-1,15019.324,15031.089859345426,bias0_d0.8_mss1_fvg0_hall
2023-10-18 17:50:00,1,14963.964,14947.36856860574,bias0_d0.8_mss1_fvg0_hall
2023-10-18 17:50:00,1,14963.964,14950.684849419615,bias0_d0.8_mss1_fvg0_hall
2023-10-19 03:54:00,1,14881.659,14879.35003785884,bias0_d0.8_mss1_fvg0_hall
2023-10-19 13:35:00,-1,14973.569,14999.845622524846,bias0_d0.8_mss1_fvg0_hall
2023-10-19 19:41:00,-1,14794.384,14809.115711543785,bias0_d0.8_mss1_fvg0_hall
2023-10-19 19:41:00,-1,14794.384,14808.3407321478,bias0_d0.8_mss1_fvg0_hall
2023-10-19 23:51:00,1,14731.289,14728.830891122872,bias0_d0.8_mss1_fvg0_hall
2023-10-20 02:25:00,-1,14734.449,14739.438106037429,bias0_d0.8_mss1_fvg0_hall
2023-10-20 05:22:00,-1,14741.178,14742.52719957023,bias0_d0.8_mss1_fvg0_hall
2023-10-20 09:21:00,-1,14755.804,14763.793404282176,bias0_d0.8_mss1_fvg0_hall
2023-10-20 11:07:00,1,14724.724,14720.821373746609,bias0_d0.8_mss1_fvg0_hall
2023-10-20 11:07:00,1,14729.934000000001,14722.934811336137,bias0_d0.8_mss1_fvg0_hall
2023-10-23 03:00:00,1,14586.564,14582.991211203029,bias0_d0.8_mss1_fvg0_hall
2023-10-23 03:45:00,1,14592.199,14590.62537543593,bias0_d0.8_mss1_fvg0_hall
2023-10-23 19:53:00,-1,14629.583999999999,14638.986031671728,bias0_d0.8_mss1_fvg0_hall
2023-10-24 00:53:00,1,14632.819,14628.60041418744,bias0_d0.8_mss1_fvg0_hall
2023-10-24 19:06:00,-1,14730.359,14741.864483497191,bias0_d0.8_mss1_fvg0_hall
2023-10-24 19:06:00,-1,14730.359,14739.283913247391,bias0_d0.8_mss1_fvg0_hall
2023-10-24 20:03:00,-1,14795.149,14853.079874043322,bias0_d0.8_mss1_fvg0_hall
2023-10-26 04:22:00,-1,14229.914,14234.400773798168,bias0_d0.8_mss1_fvg0_hall
2023-10-26 05:05:00,1,14232.704000000002,14226.85091545184,bias0_d0.8_mss1_fvg0_hall
2023-10-26 12:30:00,1,14265.899000000001,14234.790565817893,bias0_d0.8_mss1_fvg0_hall
2023-10-26 13:39:00,-1,14322.019,14358.668247042382,bias0_d0.8_mss1_fvg0_hall
2023-10-26 14:28:00,1,14197.019,14181.133425240656,bias0_d0.8_mss1_fvg0_hall
2023-10-26 14:28:00,1,14227.599,14196.366109152037,bias0_d0.8_mss1_fvg0_hall
2023-10-26 16:00:00,-1,14183.829,14197.768210261274,bias0_d0.8_mss1_fvg0_hall
2023-10-26 18:28:00,1,14146.534,14133.537704813409,bias0_d0.8_mss1_fvg0_hall
2023-10-27 03:55:00,1,14213.339,14211.425697425728,bias0_d0.8_mss1_fvg0_hall
2023-10-27 04:08:00,1,14220.548999999999,14216.747372229845,bias0_d0.8_mss1_fvg0_hall
2023-10-27 10:07:00,1,14240.289,14238.085599473343,bias0_d0.8_mss1_fvg0_hall
2023-10-27 10:07:00,1,14240.289,14236.724770939532,bias0_d0.8_mss1_fvg0_hall
2023-10-27 19:35:00,-1,14161.899,14183.667955457591,bias0_d0.8_mss1_fvg0_hall
2023-10-29 23:44:00,1,14242.568,14240.17354939842,bias0_d0.8_mss1_fvg0_hall
2023-10-30 04:57:00,-1,14254.109,14255.919108602353,bias0_d0.8_mss1_fvg0_hall
2023-10-30 05:15:00,1,14247.659,14246.440843760403,bias0_d0.8_mss1_fvg0_hall
2023-10-30 05:15:00,1,14251.314,14248.221747777516,bias0_d0.8_mss1_fvg0_hall
2023-10-30 07:06:00,1,14273.583999999999,14269.087955209816,bias0_d0.8_mss1_fvg0_hall
2023-10-30 12:24:00,-1,14287.754,14291.904635415603,bias0_d0.8_mss1_fvg0_hall
2023-10-30 12:24:00,-1,14287.754,14291.453554314487,bias0_d0.8_mss1_fvg0_hall
2023-10-30 13:32:00,1,14271.804,14268.692365884888,bias0_d0.8_mss1_fvg0_hall
2023-10-30 13:33:00,1,14278.444,14252.647886910949,bias0_d0.8_mss1_fvg0_hall
2023-10-30 16:19:00,-1,14300.804,14315.796203722562,bias0_d0.8_mss1_fvg0_hall
2023-10-31 19:55:00,1,14398.998,14390.126771944351,bias0_d0.8_mss1_fvg0_hall
2023-10-31 19:55:00,1,14398.998,14388.52516680547,bias0_d0.8_mss1_fvg0_hall
2023-10-31 19:55:00,1,14398.998,14387.601404890793,bias0_d0.8_mss1_fvg0_hall
2023-10-31 20:03:00,-1,14400.989000000001,14417.636827132821,bias0_d0.8_mss1_fvg0_hall
2023-10-31 23:01:00,-1,14380.524,14384.784334058197,bias0_d0.8_mss1_fvg0_hall
2023-11-01 00:14:00,1,14374.389,14369.754918883897,bias0_d0.8_mss1_fvg0_hall
2023-11-01 02:11:00,1,14366.249,14362.135214513246,bias0_d0.8_mss1_fvg0_hall
2023-11-01 02:11:00,1,14366.249,14362.3566277623,bias0_d0.8_mss1_fvg0_hall
2023-11-01 06:01:00,1,14375.119,14372.715364840542,bias0_d0.8_mss1_fvg0_hall
2023-11-01 15:12:00,-1,14552.824,14562.029079841486,bias0_d0.8_mss1_fvg0_hall
2023-11-01 18:01:00,-1,14528.964,14553.492430137234,bias0_d0.8_mss1_fvg0_hall
2023-11-02 00:12:00,-1,14707.454000000002,14710.296322508042,bias0_d0.8_mss1_fvg0_hall
2023-11-02 00:12:00,-1,14707.454000000002,14710.240987264588,bias0_d0.8_mss1_fvg0_hall
2023-11-02 03:16:00,1,14725.298999999999,14723.391879321458,bias0_d0.8_mss1_fvg0_hall
2023-11-02 07:25:00,-1,14728.284,14730.21327991338,bias0_d0.8_mss1_fvg0_hall
2023-11-02 07:25:00,-1,14723.833999999999,14727.786438490994,bias0_d0.8_mss1_fvg0_hall
2023-11-02 11:35:00,1,14787.239000000001,14778.99829775993,bias0_d0.8_mss1_fvg0_hall
2023-11-02 11:35:00,1,14787.239000000001,14780.20581220565,bias0_d0.8_mss1_fvg0_hall
2023-11-02 16:11:00,1,14860.074,14846.49099266843,bias0_d0.8_mss1_fvg0_hall
2023-11-02 16:11:00,1,14860.074,14850.969743192112,bias0_d0.8_mss1_fvg0_hall
2023-11-02 16:11:00,1,14860.074,14850.376332964106,bias0_d0.8_mss1_fvg0_hall
2023-11-02 18:30:00,-1,14911.859,14918.07444573915,bias0_d0.8_mss1_fvg0_hall
2023-11-02 18:30:00,-1,14911.859,14919.234004234268,bias0_d0.8_mss1_fvg0_hall
2023-11-03 08:26:00,-1,14870.648000000001,14874.51054749412,bias0_d0.8_mss1_fvg0_hall
2023-11-03 14:04:00,-1,15044.199,15071.620511770974,bias0_d0.8_mss1_fvg0_hall
2023-11-03 14:58:00,1,15019.162,14992.217993647515,bias0_d0.8_mss1_fvg0_hall
2023-11-03 18:26:00,-1,15118.512999999999,15123.980590471916,bias0_d0.8_mss1_fvg0_hall
2023-11-03 18:26:00,-1,15114.419,15119.42966972392,bias0_d0.8_mss1_fvg0_hall
2023-11-06 00:51:00,1,15088.254,15083.990228308958,bias0_d0.8_mss1_fvg0_hall
2023-11-06 03:28:00,1,15101.764,15100.52235277638,bias0_d0.8_mss1_fvg0_hall
2023-11-06 10:52:00,1,15132.649,15127.437331272768,bias0_d0.8_mss1_fvg0_hall
2023-11-07 00:09:00,-1,15135.259,15137.587358616622,bias0_d0.8_mss1_fvg0_hall
2023-11-07 05:32:00,1,15126.614,15125.05713297441,bias0_d0.8_mss1_fvg0_hall
2023-11-08 05:04:00,-1,15284.104,15285.78575667374,bias0_d0.8_mss1_fvg0_hall
2023-11-08 05:37:00,1,15280.919,15279.806739640926,bias0_d0.8_mss1_fvg0_hall
2023-11-09 08:33:00,1,15293.333999999999,15290.240481525285,bias0_d0.8_mss1_fvg0_hall
2023-11-09 11:38:00,1,15298.699,15296.6385026344,bias0_d0.8_mss1_fvg0_hall
2023-11-09 12:02:00,1,15297.183,15294.111434639688,bias0_d0.8_mss1_fvg0_hall
2023-11-09 14:13:00,1,15325.289,15320.456472394273,bias0_d0.8_mss1_fvg0_hall
2023-11-10 00:00:00,-1,15162.344000000001,15164.07508730313,bias0_d0.8_mss1_fvg0_hall
2023-11-10 00:00:00,-1,15162.344000000001,15165.628902495762,bias0_d0.8_mss1_fvg0_hall
2023-11-10 06:58:00,-1,15179.893,15182.323813945273,bias0_d0.8_mss1_fvg0_hall
2023-11-10 10:36:00,1,15156.139,15146.790387892483,bias0_d0.8_mss1_fvg0_hall
2023-11-10 14:30:00,-1,15251.594000000001,15262.663775254638,bias0_d0.8_mss1_fvg0_hall
2023-11-10 14:36:00,1,15252.159,15243.173351117188,bias0_d0.8_mss1_fvg0_hall
2023-11-10 15:00:00,-1,15311.814,15319.244625293459,bias0_d0.8_mss1_fvg0_hall
2023-11-10 16:27:00,-1,15369.074,15379.407319415188,bias0_d0.8_mss1_fvg0_hall
2023-11-13 00:44:00,1,15485.048999999999,15481.38921929933,bias0_d0.8_mss1_fvg0_hall
2023-11-13 13:19:00,1,15490.854,15485.796652091658,bias0_d0.8_mss1_fvg0_hall
2023-11-13 18:15:00,1,15486.259,15477.708513708163,bias0_d0.8_mss1_fvg0_hall
2023-11-13 19:50:00,-1,15519.514,15523.313122568843,bias0_d0.8_mss1_fvg0_hall
2023-11-14 08:06:00,1,15519.294,15514.308956106883,bias0_d0.8_mss1_fvg0_hall
2023-11-14 08:06:00,1,15519.294,15514.75542352782,bias0_d0.8_mss1_fvg0_hall
2023-11-14 15:27:00,1,15801.854,15787.94377486005,bias0_d0.8_mss1_fvg0_hall
2023-11-14 18:12:00,-1,15814.179,15817.486085448281,bias0_d0.8_mss1_fvg0_hall
2023-11-15 00:40:00,-1,15829.464,15832.074421317106,bias0_d0.8_mss1_fvg0_hall
2023-11-15 00:40:00,-1,15829.464,15831.874584080168,bias0_d0.8_mss1_fvg0_hall
2023-11-15 02:06:00,-1,15838.134,15842.505622216664,bias0_d0.8_mss1_fvg0_hall
2023-11-15 08:01:00,1,15847.208999999999,15843.948430574948,bias0_d0.8_mss1_fvg0_hall
2023-11-15 14:35:00,1,15884.109,15864.368935339699,bias0_d0.8_mss1_fvg0_hall
2023-11-15 14:35:00,1,15884.109,15868.421261386864,bias0_d0.8_mss1_fvg0_hall
2023-11-15 17:06:00,1,15834.253,15822.688785381444,bias0_d0.8_mss1_fvg0_hall
2023-11-15 17:11:00,-1,15822.699,15842.006138182544,bias0_d0.8_mss1_fvg0_hall
2023-11-16 04:03:00,1,15772.729,15769.6292675702,bias0_d0.8_mss1_fvg0_hall
2023-11-16 04:03:00,1,15772.729,15769.90917702947,bias0_d0.8_mss1_fvg0_hall
2023-11-16 06:46:00,-1,15799.423999999999,15801.551019990795,bias0_d0.8_mss1_fvg0_hall
2023-11-16 06:50:00,1,15798.374,15796.156457572968,bias0_d0.8_mss1_fvg0_hall
2023-11-16 08:30:00,-1,15797.458999999999,15801.849218072284,bias0_d0.8_mss1_fvg0_hall
2023-11-16 11:34:00,-1,15802.684000000001,15804.893407843863,bias0_d0.8_mss1_fvg0_hall
2023-11-16 15:35:00,-1,15812.599,15830.893572762337,bias0_d0.8_mss1_fvg0_hall
2023-11-16 16:16:00,-1,15770.677,15788.920287711728,bias0_d0.8_mss1_fvg0_hall
2023-11-17 00:52:00,1,15828.994,15827.446912195852,bias0_d0.8_mss1_fvg0_hall
2023-11-17 01:11:00,1,15828.383,15826.258033791073,bias0_d0.8_mss1_fvg0_hall
2023-11-17 03:39:00,1,15833.764,15831.591054944862,bias0_d0.8_mss1_fvg0_hall
2023-11-17 06:48:00,1,15823.114,15819.558040537448,bias0_d0.8_mss1_fvg0_hall
2023-11-17 07:03:00,-1,15824.409,15827.046857946323,bias0_d0.8_mss1_fvg0_hall
2023-11-17 07:03:00,-1,15821.734,15827.12532904813,bias0_d0.8_mss1_fvg0_hall
2023-11-17 08:04:00,1,15823.329,15820.884441410277,bias0_d0.8_mss1_fvg0_hall
2023-11-17 12:29:00,1,15835.859,15832.032934333904,bias0_d0.8_mss1_fvg0_hall
2023-11-17 16:44:00,1,15802.484,15788.575393138823,bias0_d0.8_mss1_fvg0_hall
2023-11-20 05:12:00,-1,15794.344000000001,15796.453513777602,bias0_d0.8_mss1_fvg0_hall
2023-11-20 06:58:00,1,15785.499,15784.16942699498,bias0_d0.8_mss1_fvg0_hall
2023-11-20 14:30:00,1,15850.173,15834.619362283374,bias0_d0.8_mss1_fvg0_hall
2023-11-20 19:11:00,-1,16014.194,16019.750782454308,bias0_d0.8_mss1_fvg0_hall
2023-11-21 08:02:00,1,16023.364000000001,16019.897315933897,bias0_d0.8_mss1_fvg0_hall
2023-11-21 09:42:00,-1,16027.374,16032.857070569238,bias0_d0.8_mss1_fvg0_hall
2023-11-21 12:36:00,-1,16007.874,16016.138097136862,bias0_d0.8_mss1_fvg0_hall
2023-11-21 19:15:00,1,15917.114,15903.104621749524,bias0_d0.8_mss1_fvg0_hall
2023-11-22 15:21:00,1,15989.334,15954.981253928521,bias0_d0.8_mss1_fvg0_hall
2023-11-22 19:12:00,-1,16041.488000000001,16050.874332201021,bias0_d0.8_mss1_fvg0_hall
2023-11-22 20:43:00,-1,16006.813999999998,16009.511162704555,bias0_d0.8_mss1_fvg0_hall
2023-11-23 00:02:00,-1,15999.949,16001.696232483682,bias0_d0.8_mss1_fvg0_hall
2023-11-23 00:02:00,-1,15999.949,16001.000144449135,bias0_d0.8_mss1_fvg0_hall
2023-11-23 07:46:00,1,16032.809,16028.778862427926,bias0_d0.8_mss1_fvg0_hall
2023-11-23 07:46:00,1,16032.809,16030.023929848567,bias0_d0.8_mss1_fvg0_hall
2023-11-23 08:31:00,1,16023.469000000001,16017.735377829975,bias0_d0.8_mss1_fvg0_hall
2023-11-23 09:35:00,1,16029.414,16025.408373937878,bias0_d0.8_mss1_fvg0_hall
2023-11-23 09:35:00,1,16029.414,16025.688439772966,bias0_d0.8_mss1_fvg0_hall
2023-11-23 11:17:00,-1,16027.939,16030.581030347275,bias0_d0.8_mss1_fvg0_hall
2023-11-23 11:25:00,1,16026.503,16023.199906347007,bias0_d0.8_mss1_fvg0_hall
2023-11-23 13:14:00,1,16014.954,16012.612877071908,bias0_d0.8_mss1_fvg0_hall
2023-11-23 14:39:00,1,16015.419,16011.736434109793,bias0_d0.8_mss1_fvg0_hall
2023-11-24 06:27:00,1,16009.879,16007.12712697312,bias0_d0.8_mss1_fvg0_hall
2023-11-24 08:02:00,-1,15988.224,15991.89783488751,bias0_d0.8_mss1_fvg0_hall
2023-11-24 08:02:00,-1,15988.224,15992.604739538401,bias0_d0.8_mss1_fvg0_hall
2023-11-24 08:06:00,1,15987.804,15984.843905704132,bias0_d0.8_mss1_fvg0_hall
2023-11-24 09:48:00,-1,16023.254,16026.471391529856,bias0_d0.8_mss1_fvg0_hall
2023-11-24 12:02:00,1,15993.354,15990.08844483889,bias0_d0.8_mss1_fvg0_hall
2023-11-24 14:33:00,1,15984.254,15971.663393409985,bias0_d0.8_mss1_fvg0_hall
2023-11-24 16:28:00,-1,15961.059,15969.05206748726,bias0_d0.8_mss1_fvg0_hall
2023-11-24 16:35:00,1,15961.229,15956.998428708826,bias0_d0.8_mss1_fvg0_hall
2023-11-27 08:18:00,1,15940.604,15936.756776611603,bias0_d0.8_mss1_fvg0_hall
2023-11-27 14:35:00,-1,15966.403999999999,15987.487660471792,bias0_d0.8_mss1_fvg0_hall
2023-11-27 16:00:00,-1,16000.918,16011.163888834073,bias0_d0.8_mss1_fvg0_hall
2023-11-27 18:41:00,-1,16022.864000000001,16029.771299587008,bias0_d0.8_mss1_fvg0_hall
2023-11-27 19:39:00,-1,15992.368999999999,16000.432017214234,bias0_d0.8_mss1_fvg0_hall
2023-11-27 19:39:00,-1,15992.368999999999,16001.862801698931,bias0_d0.8_mss1_fvg0_hall
2023-11-28 05:26:00,1,15955.379,15952.86910119711,bias0_d0.8_mss1_fvg0_hall
2023-11-28 08:41:00,-1,15929.324,15935.462136267146,bias0_d0.8_mss1_fvg0_hall
2023-11-28 14:02:00,-1,15941.669000000002,15950.38405563448,bias0_d0.8_mss1_fvg0_hall
2023-11-28 19:11:00,1,15961.319,15954.890883124357,bias0_d0.8_mss1_fvg0_hall
2023-11-28 19:36:00,1,15954.814,15949.257757822597,bias0_d0.8_mss1_fvg0_hall
2023-11-29 04:16:00,-1,16034.423999999999,16035.790778995422,bias0_d0.8_mss1_fvg0_hall
2023-11-29 04:16:00,-1,16032.839,16034.388223352893,bias0_d0.8_mss1_fvg0_hall
2023-11-29 07:30:00,1,16026.139,16023.129084264294,bias0_d0.8_mss1_fvg0_hall
2023-11-29 10:33:00,-1,16077.509,16083.32657212513,bias0_d0.8_mss1_fvg0_hall
2023-11-29 13:30:00,1,16117.789,16105.119172881059,bias0_d0.8_mss1_fvg0_hall
2023-11-29 14:03:00,1,16102.484,16096.765222609289,bias0_d0.8_mss1_fvg0_hall
2023-11-29 14:03:00,1,16102.484,16100.560242422911,bias0_d0.8_mss1_fvg0_hall
2023-11-29 18:03:00,1,16050.159,16046.551183223297,bias0_d0.8_mss1_fvg0_hall
2023-11-30 01:22:00,1,16008.778999999999,16005.042816206485,bias0_d0.8_mss1_fvg0_hall
2023-11-30 01:22:00,1,16008.778999999999,16005.442400763164,bias0_d0.8_mss1_fvg0_hall
2023-11-30 04:40:00,1,16016.574,16014.74536021045,bias0_d0.8_mss1_fvg0_hall
2023-11-30 05:06:00,1,16018.794,16015.84748879055,bias0_d0.8_mss1_fvg0_hall
2023-11-30 07:45:00,1,16021.509,16017.5865256892,bias0_d0.8_mss1_fvg0_hall
2023-11-30 08:11:00,-1,16026.904,16031.78998981119,bias0_d0.8_mss1_fvg0_hall
2023-11-30 08:11:00,-1,16026.904,16032.564561967534,bias0_d0.8_mss1_fvg0_hall
2023-11-30 11:12:00,1,16024.264,16020.141097611024,bias0_d0.8_mss1_fvg0_hall
2023-11-30 11:16:00,-1,16024.194,16027.166751654277,bias0_d0.8_mss1_fvg0_hall
2023-11-30 13:53:00,-1,16029.634,16043.697574404652,bias0_d0.8_mss1_fvg0_hall
2023-11-30 15:02:00,-1,15932.654,15951.702218353426,bias0_d0.8_mss1_fvg0_hall
2023-12-01 02:19:00,1,15922.249,15919.263925396292,bias0_d0.8_mss1_fvg0_hall
2023-12-01 07:49:00,-1,15922.514,15924.388382670044,bias0_d0.8_mss1_fvg0_hall
2023-12-01 13:55:00,1,15901.864000000001,15895.551529031289,bias0_d0.8_mss1_fvg0_hall
2023-12-01 16:00:00,-1,15866.164,15885.097339353568,bias0_d0.8_mss1_fvg0_hall
2023-12-01 18:29:00,-1,15982.979,16000.78497395382,bias0_d0.8_mss1_fvg0_hall
2023-12-01 19:42:00,-1,15985.054,15990.174568866014,bias0_d0.8_mss1_fvg0_hall
2023-12-01 20:54:00,-1,15985.544,15990.239194191474,bias0_d0.8_mss1_fvg0_hall
2023-12-04 01:10:00,1,15945.144,15942.328790834343,bias0_d0.8_mss1_fvg0_hall
2023-12-04 02:53:00,1,15942.769,15940.826697115812,bias0_d0.8_mss1_fvg0_hall
2023-12-04 06:38:00,1,15939.278999999999,15936.95058644469,bias0_d0.8_mss1_fvg0_hall
2023-12-04 10:04:00,-1,15935.104,15939.233440117976,bias0_d0.8_mss1_fvg0_hall
2023-12-04 10:04:00,-1,15935.104,15939.24148010955,bias0_d0.8_mss1_fvg0_hall
2023-12-04 11:27:00,1,15926.609,15925.14981874623,bias0_d0.8_mss1_fvg0_hall
2023-12-04 11:27:00,1,15926.609,15924.149045978642,bias0_d0.8_mss1_fvg0_hall
2023-12-04 16:14:00,1,15711.819,15699.07979051686,bias0_d0.8_mss1_fvg0_hall
2023-12-04 18:03:00,-1,15830.239000000001,15836.219383598982,bias0_d0.8_mss1_fvg0_hall
2023-12-04 19:33:00,-1,15802.149000000001,15810.40863806602,bias0_d0.8_mss1_fvg0_hall
2023-12-04 20:03:00,-1,15799.554,15805.723990212135,bias0_d0.8_mss1_fvg0_hall
2023-12-05 03:19:00,1,15803.149000000001,15802.422413275044,bias0_d0.8_mss1_fvg0_hall
2023-12-05 03:19:00,1,15803.149000000001,15802.098240898255,bias0_d0.8_mss1_fvg0_hall
2023-12-05 05:50:00,-1,15798.504,15800.260584947078,bias0_d0.8_mss1_fvg0_hall
2023-12-05 08:00:00,1,15743.529,15737.955784454554,bias0_d0.8_mss1_fvg0_hall
2023-12-05 08:38:00,1,15765.359,15760.650234804805,bias0_d0.8_mss1_fvg0_hall
2023-12-05 11:44:00,-1,15744.059,15754.085835784028,bias0_d0.8_mss1_fvg0_hall
2023-12-05 13:01:00,1,15757.609,15748.022363560665,bias0_d0.8_mss1_fvg0_hall
2023-12-05 15:26:00,-1,15875.714,15896.952416971946,bias0_d0.8_mss1_fvg0_hall
2023-12-05 15:26:00,-1,15875.714,15891.413958616806,bias0_d0.8_mss1_fvg0_hall
2023-12-05 16:47:00,1,15861.419,15847.0942998372,bias0_d0.8_mss1_fvg0_hall
2023-12-05 19:10:00,1,15839.324,15830.668589074696,bias0_d0.8_mss1_fvg0_hall
2023-12-05 20:48:00,1,15863.444,15856.032755096057,bias0_d0.8_mss1_fvg0_hall
2023-12-06 05:02:00,-1,15949.993999999999,15953.864268278307,bias0_d0.8_mss1_fvg0_hall
2023-12-06 06:22:00,-1,15952.312999999998,15953.968976928287,bias0_d0.8_mss1_fvg0_hall
2023-12-06 10:06:00,1,15930.048999999999,15922.210560152967,bias0_d0.8_mss1_fvg0_hall
2023-12-06 11:05:00,-1,15940.409,15943.853274511717,bias0_d0.8_mss1_fvg0_hall
2023-12-06 12:51:00,1,15903.673999999999,15899.857128695236,bias0_d0.8_mss1_fvg0_hall
2023-12-06 13:05:00,-1,15910.624,15914.350234552021,bias0_d0.8_mss1_fvg0_hall
2023-12-06 19:52:00,-1,15855.669,15863.473611553749,bias0_d0.8_mss1_fvg0_hall
2023-12-06 23:49:00,-1,15799.979,15802.727888042007,bias0_d0.8_mss1_fvg0_hall
2023-12-07 00:21:00,-1,15796.719000000001,15801.812487888736,bias0_d0.8_mss1_fvg0_hall
2023-12-07 02:40:00,-1,15790.179,15792.600219742408,bias0_d0.8_mss1_fvg0_hall
2023-12-07 10:15:00,-1,15823.934000000001,15828.505398451243,bias0_d0.8_mss1_fvg0_hall
2023-12-07 11:19:00,1,15819.029,15817.16646829504,bias0_d0.8_mss1_fvg0_hall
2023-12-07 12:27:00,1,15827.294000000002,15819.644867190173,bias0_d0.8_mss1_fvg0_hall
2023-12-07 16:12:00,-1,15979.059000000001,15990.99551691077,bias0_d0.8_mss1_fvg0_hall
2023-12-08 17:20:00,1,15998.458999999999,15991.44620931034,bias0_d0.8_mss1_fvg0_hall
2023-12-08 20:52:00,-1,16089.224,16095.127022130817,bias0_d0.8_mss1_fvg0_hall
2023-12-11 05:04:00,1,16036.743999999999,16035.226066006258,bias0_d0.8_mss1_fvg0_hall
2023-12-11 07:40:00,1,16043.829000000002,16037.496179437187,bias0_d0.8_mss1_fvg0_hall
2023-12-11 09:06:00,1,16050.849,16044.086686513723,bias0_d0.8_mss1_fvg0_hall
2023-12-11 09:51:00,-1,16071.954,16074.269556822905,bias0_d0.8_mss1_fvg0_hall
2023-12-11 09:51:00,-1,16071.954,16073.764767049839,bias0_d0.8_mss1_fvg0_hall
2023-12-11 10:53:00,-1,16057.298999999999,16062.548595127906,bias0_d0.8_mss1_fvg0_hall
2023-12-11 14:33:00,1,16068.024000000001,16053.54890810505,bias0_d0.8_mss1_fvg0_hall
2023-12-11 20:05:00,1,16202.769,16199.183155896366,bias0_d0.8_mss1_fvg0_hall
2023-12-12 04:12:00,1,16240.493999999999,16238.641039435122,bias0_d0.8_mss1_fvg0_hall
2023-12-12 05:04:00,1,16243.434000000001,16241.449629805124,bias0_d0.8_mss1_fvg0_hall
2023-12-12 07:05:00,1,16250.544,16246.22186359968,bias0_d0.8_mss1_fvg0_hall
2023-12-12 08:51:00,-1,16253.814,16256.329374413799,bias0_d0.8_mss1_fvg0_hall
2023-12-12 08:51:00,-1,16253.814,16256.45706195567,bias0_d0.8_mss1_fvg0_hall
2023-12-12 08:51:00,-1,16253.814,16256.519093244551,bias0_d0.8_mss1_fvg0_hall
2023-12-12 08:51:00,-1,16253.814,16256.010908012799,bias0_d0.8_mss1_fvg0_hall
2023-12-12 11:59:00,-1,16243.089,16245.231828278274,bias0_d0.8_mss1_fvg0_hall
2023-12-12 16:45:00,1,16280.204,16270.198440277421,bias0_d0.8_mss1_fvg0_hall
2023-12-13 01:04:00,-1,16383.144,16385.43401517439,bias0_d0.8_mss1_fvg0_hall
2023-12-13 03:44:00,1,16377.743999999999,16376.296654938571,bias0_d0.8_mss1_fvg0_hall
2023-12-13 03:44:00,1,16377.743999999999,16376.419608157245,bias0_d0.8_mss1_fvg0_hall
2023-12-13 07:05:00,1,16373.629,16370.670844670081,bias0_d0.8_mss1_fvg0_hall
2023-12-13 08:38:00,-1,16379.964,16385.377541165137,bias0_d0.8_mss1_fvg0_hall
2023-12-13 10:46:00,1,16371.394,16369.763886025206,bias0_d0.8_mss1_fvg0_hall
2023-12-13 13:08:00,1,16382.474,16380.414732874257,bias0_d0.8_mss1_fvg0_hall
2023-12-13 20:57:00,1,16538.374,16516.39208225675,bias0_d0.8_mss1_fvg0_hall
2023-12-14 13:55:00,1,16628.034,16616.022014045768,bias0_d0.8_mss1_fvg0_hall
2023-12-14 13:55:00,1,16628.034,16616.9012630425,bias0_d0.8_mss1_fvg0_hall
2023-12-14 14:10:00,-1,16633.014000000003,16642.27075342309,bias0_d0.8_mss1_fvg0_hall
2023-12-14 14:31:00,1,16604.799,16592.23564217052,bias0_d0.8_mss1_fvg0_hall
2023-12-15 02:05:00,1,16547.509,16545.38224203158,bias0_d0.8_mss1_fvg0_hall
2023-12-15 02:05:00,1,16547.509,16545.36415331504,bias0_d0.8_mss1_fvg0_hall
2023-12-15 08:54:00,1,16579.539,16571.727485680385,bias0_d0.8_mss1_fvg0_hall
2023-12-18 01:04:00,1,16613.244,16609.030770813202,bias0_d0.8_mss1_fvg0_hall
2023-12-18 06:08:00,1,16638.398999999998,16637.35720045229,bias0_d0.8_mss1_fvg0_hall
2023-12-18 10:17:00,1,16628.479,16624.88210320941,bias0_d0.8_mss1_fvg0_hall
2023-12-18 10:36:00,-1,16636.814,16639.662979258854,bias0_d0.8_mss1_fvg0_hall
2023-12-18 14:04:00,-1,16638.479,16640.926693862984,bias0_d0.8_mss1_fvg0_hall
2023-12-18 17:02:00,1,16696.254,16691.43799921746,bias0_d0.8_mss1_fvg0_hall
2023-12-18 17:02:00,1,16696.254,16691.054213559073,bias0_d0.8_mss1_fvg0_hall
2023-12-19 01:09:00,-1,16711.924,16714.187116590983,bias0_d0.8_mss1_fvg0_hall
2023-12-19 01:09:00,-1,16711.924,16713.8730011202,bias0_d0.8_mss1_fvg0_hall
2023-12-19 06:05:00,-1,16723.259,16725.31348441738,bias0_d0.8_mss1_fvg0_hall
2023-12-19 07:33:00,1,16715.854,16710.41564658774,bias0_d0.8_mss1_fvg0_hall
2023-12-19 10:43:00,1,16733.874,16731.508620848457,bias0_d0.8_mss1_fvg0_hall
2023-12-19 10:53:00,-1,16737.264,16738.499311076317,bias0_d0.8_mss1_fvg0_hall
2023-12-19 14:24:00,-1,16749.739,16753.280152241958,bias0_d0.8_mss1_fvg0_hall
2023-12-19 20:53:00,1,16786.434,16779.586807996664,bias0_d0.8_mss1_fvg0_hall
2023-12-20 00:53:00,-1,16826.069000000003,16827.639374093083,bias0_d0.8_mss1_fvg0_hall
2023-12-20 02:22:00,1,16824.374,16823.793045910395,bias0_d0.8_mss1_fvg0_hall
2023-12-20 06:15:00,1,16824.799,16823.25455112103,bias0_d0.8_mss1_fvg0_hall
2023-12-20 09:50:00,1,16757.959,16751.338378987362,bias0_d0.8_mss1_fvg0_hall
2023-12-20 13:38:00,1,16767.834000000003,16764.726536976465,bias0_d0.8_mss1_fvg0_hall
2023-12-21 01:41:00,1,16600.904000000002,16597.87327915605,bias0_d0.8_mss1_fvg0_hall
2023-12-21 04:07:00,1,16619.779000000002,16618.20242836157,bias0_d0.8_mss1_fvg0_hall
2023-12-21 04:07:00,1,16619.779000000002,16617.906697015438,bias0_d0.8_mss1_fvg0_hall
2023-12-21 12:03:00,-1,16667.089,16671.295976698657,bias0_d0.8_mss1_fvg0_hall
2023-12-21 15:50:00,-1,16679.549,16705.190521296157,bias0_d0.8_mss1_fvg0_hall
2023-12-21 18:15:00,-1,16659.654000000002,16670.644133359136,bias0_d0.8_mss1_fvg0_hall
2023-12-22 05:37:00,1,16709.913999999997,16706.680483561377,bias0_d0.8_mss1_fvg0_hall
2023-12-22 05:37:00,1,16709.913999999997,16707.884127592704,bias0_d0.8_mss1_fvg0_hall
2023-12-22 14:30:00,1,16805.523999999998,16795.525265347613,bias0_d0.8_mss1_fvg0_hall
2023-12-22 14:30:00,1,16805.523999999998,16795.741282108494,bias0_d0.8_mss1_fvg0_hall
2023-12-22 17:07:00,-1,16793.014000000003,16799.140038039994,bias0_d0.8_mss1_fvg0_hall
2023-12-22 17:07:00,-1,16793.014000000003,16806.658187344707,bias0_d0.8_mss1_fvg0_hall
2023-12-26 14:30:00,1,16820.894,16809.618792814734,bias0_d0.8_mss1_fvg0_hall
2023-12-26 15:28:00,-1,16847.094,16857.822223450974,bias0_d0.8_mss1_fvg0_hall
2023-12-26 15:28:00,-1,16847.094,16855.60688606162,bias0_d0.8_mss1_fvg0_hall
2023-12-26 17:13:00,1,16847.239,16843.4341002811,bias0_d0.8_mss1_fvg0_hall
2023-12-27 00:04:00,1,16880.474000000002,16878.685238465194,bias0_d0.8_mss1_fvg0_hall
2023-12-27 00:04:00,1,16880.474000000002,16878.82875714625,bias0_d0.8_mss1_fvg0_hall
2023-12-27 00:04:00,1,16880.474000000002,16878.27115029447,bias0_d0.8_mss1_fvg0_hall
2023-12-27 07:03:00,1,16885.249,16884.02895263782,bias0_d0.8_mss1_fvg0_hall
2023-12-27 07:30:00,-1,16889.959000000003,16891.22314295321,bias0_d0.8_mss1_fvg0_hall
2023-12-27 11:22:00,1,16875.413999999997,16872.34360777904,bias0_d0.8_mss1_fvg0_hall
2023-12-27 11:39:00,-1,16878.788999999997,16880.478399990778,bias0_d0.8_mss1_fvg0_hall
2023-12-27 12:06:00,-1,16875.479,16877.998119712116,bias0_d0.8_mss1_fvg0_hall
2023-12-27 19:42:00,-1,16876.069,16885.582321165723,bias0_d0.8_mss1_fvg0_hall
2023-12-27 19:42:00,-1,16876.069,16884.695440188807,bias0_d0.8_mss1_fvg0_hall
2023-12-28 08:00:00,-1,16955.754,16958.742656800066,bias0_d0.8_mss1_fvg0_hall
2023-12-28 08:04:00,1,16954.034,16952.484997257085,bias0_d0.8_mss1_fvg0_hall
2023-12-28 08:04:00,1,16957.164,16952.735627736973,bias0_d0.8_mss1_fvg0_hall
2023-12-28 11:45:00,-1,16952.429,16953.94040004274,bias0_d0.8_mss1_fvg0_hall
2023-12-28 11:45:00,-1,16952.429,16954.106050039685,bias0_d0.8_mss1_fvg0_hall
2023-12-28 17:02:00,1,16926.044,16918.399328894706,bias0_d0.8_mss1_fvg0_hall
2023-12-28 17:02:00,1,16926.044,16918.0446483837,bias0_d0.8_mss1_fvg0_hall
2023-12-28 19:37:00,1,16931.609,16924.234133341142,bias0_d0.8_mss1_fvg0_hall
2023-12-29 10:19:00,-1,16921.394,16926.714571485103,bias0_d0.8_mss1_fvg0_hall
2023-12-29 14:36:00,-1,16904.898999999998,16908.379926818106,bias0_d0.8_mss1_fvg0_hall
2023-12-29 19:28:00,-1,16840.349000000002,16844.1771327945,bias0_d0.8_mss1_fvg0_hall
2024-01-02 05:11:00,1,16821.949,16818.49728685855,bias0_d0.8_mss1_fvg0_hall
2024-01-02 06:02:00,-1,16829.564,16831.57978772508,bias0_d0.8_mss1_fvg0_hall
2024-01-03 00:30:00,-1,16550.364,16552.31463476704,bias0_d0.8_mss1_fvg0_hall
2024-01-03 00:30:00,-1,16550.364,16553.055303712255,bias0_d0.8_mss1_fvg0_hall
2024-01-03 08:02:00,-1,16536.424,16539.543781501554,bias0_d0.8_mss1_fvg0_hall
2024-01-03 08:02:00,-1,16534.398999999998,16537.69243996573,bias0_d0.8_mss1_fvg0_hall
2024-01-03 14:35:00,1,16429.919,16404.570543075948,bias0_d0.8_mss1_fvg0_hall
2024-01-03 20:31:00,1,16380.229,16371.89870095859,bias0_d0.8_mss1_fvg0_hall
2024-01-04 08:15:00,-1,16412.199,16416.634273231208,bias0_d0.8_mss1_fvg0_hall
2024-01-04 09:30:00,1,16405.549,16400.5393808873,bias0_d0.8_mss1_fvg0_hall
2024-01-04 09:30:00,1,16405.549,16399.245853681066,bias0_d0.8_mss1_fvg0_hall
2024-01-04 14:31:00,1,16290.489000000001,16282.540564915786,bias0_d0.8_mss1_fvg0_hall
2024-01-04 15:04:00,1,16305.849,16280.874473461852,bias0_d0.8_mss1_fvg0_hall
2024-01-05 06:07:00,-1,16271.544,16273.147303071439,bias0_d0.8_mss1_fvg0_hall
2024-01-08 07:00:00,1,16282.048999999999,16278.466795022441,bias0_d0.8_mss1_fvg0_hall
2024-01-08 07:00:00,1,16282.048999999999,16278.513738235124,bias0_d0.8_mss1_fvg0_hall
2024-01-08 08:07:00,-1,16287.154,16294.543634006488,bias0_d0.8_mss1_fvg0_hall
2024-01-09 01:17:00,-1,16631.019,16633.114203690748,bias0_d0.8_mss1_fvg0_hall
2024-01-09 02:14:00,1,16630.699,16628.93020360524,bias0_d0.8_mss1_fvg0_hall
2024-01-09 02:42:00,-1,16636.939,16639.236352489654,bias0_d0.8_mss1_fvg0_hall
2024-01-09 20:07:00,-1,16678.814,16687.239154188173,bias0_d0.8_mss1_fvg0_hall
2024-01-10 10:12:00,-1,16746.354,16750.85196730225,bias0_d0.8_mss1_fvg0_hall
2024-01-10 12:24:00,1,16705.254,16701.670495909137,bias0_d0.8_mss1_fvg0_hall
2024-01-11 02:01:00,-1,16837.989,16840.39381676894,bias0_d0.8_mss1_fvg0_hall
2024-01-11 02:03:00,1,16837.309,16835.584183231058,bias0_d0.8_mss1_fvg0_hall
2024-01-11 02:03:00,1,16837.309,16834.8871273778,bias0_d0.8_mss1_fvg0_hall
2024-01-11 07:02:00,1,16860.129,16857.228249916574,bias0_d0.8_mss1_fvg0_hall
2024-01-11 07:58:00,-1,16864.394,16870.100733828785,bias0_d0.8_mss1_fvg0_hall
2024-01-11 10:59:00,1,16850.864,16848.092656775294,bias0_d0.8_mss1_fvg0_hall
2024-01-11 13:24:00,1,16862.739,16858.767937534023,bias0_d0.8_mss1_fvg0_hall
2024-01-11 15:03:00,-1,16810.239,16823.125115502076,bias0_d0.8_mss1_fvg0_hall
2024-01-11 16:49:00,1,16641.148999999998,16628.150213610366,bias0_d0.8_mss1_fvg0_hall
2024-01-12 05:40:00,-1,16810.163999999997,16814.362077221795,bias0_d0.8_mss1_fvg0_hall
2024-01-12 07:03:00,-1,16816.324,16821.20993654003,bias0_d0.8_mss1_fvg0_hall
2024-01-12 13:03:00,1,16772.284,16764.444992545163,bias0_d0.8_mss1_fvg0_hall
2024-01-15 12:07:00,1,16829.523999999998,16821.8964717228,bias0_d0.8_mss1_fvg0_hall
2024-01-16 05:23:00,-1,16755.915500000003,16757.750439357264,bias0_d0.8_mss1_fvg0_hall
2024-01-16 05:23:00,-1,16755.915500000003,16758.157850831747,bias0_d0.8_mss1_fvg0_hall
2024-01-16 09:20:00,1,16717.6585,16709.724848140817,bias0_d0.8_mss1_fvg0_hall
2024-01-16 15:36:00,-1,16860.6535,16870.82617511125,bias0_d0.8_mss1_fvg0_hall
2024-01-17 00:04:00,-1,16839.9865,16844.810494748017,bias0_d0.8_mss1_fvg0_hall
2024-01-17 12:06:00,1,16754.3315,16749.565043531267,bias0_d0.8_mss1_fvg0_hall
2024-01-17 12:06:00,1,16754.3315,16749.28408685046,bias0_d0.8_mss1_fvg0_hall
2024-01-17 14:31:00,-1,16671.5545,16693.849985699617,bias0_d0.8_mss1_fvg0_hall
2024-01-17 16:50:00,-1,16703.581,16712.512275925972,bias0_d0.8_mss1_fvg0_hall
2024-01-17 23:50:00,-1,16731.709000000003,16734.603370527002,bias0_d0.8_mss1_fvg0_hall
2024-01-18 03:17:00,1,16733.7485,16728.044014558523,bias0_d0.8_mss1_fvg0_hall
2024-01-18 13:30:00,-1,16883.458,16897.077032364356,bias0_d0.8_mss1_fvg0_hall
2024-01-19 02:42:00,1,17029.404000000002,17023.346162466594,bias0_d0.8_mss1_fvg0_hall
2024-01-19 07:16:00,1,17028.086,17024.213226243857,bias0_d0.8_mss1_fvg0_hall
2024-01-19 08:31:00,-1,17051.938000000002,17055.39947867449,bias0_d0.8_mss1_fvg0_hall
2024-01-19 13:22:00,-1,17118.32,17125.370657906435,bias0_d0.8_mss1_fvg0_hall
2024-01-22 01:37:00,-1,17431.6495,17439.726114097808,bias0_d0.8_mss1_fvg0_hall
2024-01-22 04:39:00,-1,17423.2095,17424.623034060805,bias0_d0.8_mss1_fvg0_hall
2024-01-22 07:12:00,1,17407.754,17404.615634668335,bias0_d0.8_mss1_fvg0_hall
2024-01-22 07:33:00,-1,17424.343,17429.613589875404,bias0_d0.8_mss1_fvg0_hall
2024-01-22 09:24:00,-1,17404.247499999998,17407.81724988865,bias0_d0.8_mss1_fvg0_hall
2024-01-22 09:24:00,-1,17404.247499999998,17407.898585610885,bias0_d0.8_mss1_fvg0_hall
2024-01-22 17:34:00,-1,17359.8035,17369.10575694361,bias0_d0.8_mss1_fvg0_hall
2024-01-22 18:00:00,-1,17344.915,17359.78169098669,bias0_d0.8_mss1_fvg0_hall
2024-01-22 20:10:00,1,17334.731,17323.238420629674,bias0_d0.8_mss1_fvg0_hall
2024-01-23 00:02:00,1,17338.7655,17333.93269483126,bias0_d0.8_mss1_fvg0_hall
2024-01-23 05:18:00,-1,17348.2425,17350.858707132596,bias0_d0.8_mss1_fvg0_hall
2024-01-23 05:18:00,-1,17348.2425,17350.576817337413,bias0_d0.8_mss1_fvg0_hall
2024-01-23 06:46:00,1,17343.054,17341.41890354412,bias0_d0.8_mss1_fvg0_hall
2024-01-23 14:28:00,1,17354.898,17351.07136509189,bias0_d0.8_mss1_fvg0_hall
2024-01-23 14:31:00,-1,17353.498,17365.502860201377,bias0_d0.8_mss1_fvg0_hall
2024-01-23 19:37:00,1,17345.760000000002,17339.387471968574,bias0_d0.8_mss1_fvg0_hall
2024-01-24 05:01:00,-1,17468.2635,17470.72709404761,bias0_d0.8_mss1_fvg0_hall
2024-01-24 05:01:00,-1,17468.2635,17470.80199090135,bias0_d0.8_mss1_fvg0_hall
2024-01-24 06:00:00,1,17480.0095,17478.44366743431,bias0_d0.8_mss1_fvg0_hall
2024-01-24 06:00:00,1,17482.532,17478.906335951007,bias0_d0.8_mss1_fvg0_hall
2024-01-24 08:26:00,-1,17512.614999999998,17515.12095710707,bias0_d0.8_mss1_fvg0_hall
2024-01-24 08:25:00,-1,17512.614999999998,17515.40287143416,bias0_d0.8_mss1_fvg0_hall
2024-01-24 08:47:00,-1,17514.1595,17519.33594346527,bias0_d0.8_mss1_fvg0_hall
2024-01-24 09:15:00,-1,17525.625500000002,17529.719812656713,bias0_d0.8_mss1_fvg0_hall
2024-01-24 10:09:00,-1,17537.41,17540.245997905407,bias0_d0.8_mss1_fvg0_hall
2024-01-24 11:49:00,1,17522.675,17520.91901425459,bias0_d0.8_mss1_fvg0_hall
2024-01-24 11:49:00,1,17522.675,17519.72345609355,bias0_d0.8_mss1_fvg0_hall
2024-01-24 11:49:00,1,17522.675,17519.33424862148,bias0_d0.8_mss1_fvg0_hall
2024-01-24 14:31:00,-1,17562.870499999997,17572.589980076642,bias0_d0.8_mss1_fvg0_hall
2024-01-24 14:31:00,-1,17550.953,17564.696395785453,bias0_d0.8_mss1_fvg0_hall
2024-01-25 03:46:00,-1,17485.015,17487.044442818944,bias0_d0.8_mss1_fvg0_hall
2024-01-25 06:15:00,1,17498.564,17494.295252219556,bias0_d0.8_mss1_fvg0_hall
2024-01-25 07:43:00,1,17510.459000000003,17507.55859223305,bias0_d0.8_mss1_fvg0_hall
2024-01-25 11:32:00,-1,17500.0975,17503.349750937992,bias0_d0.8_mss1_fvg0_hall
2024-01-25 13:31:00,1,17532.525999999998,17525.07580625485,bias0_d0.8_mss1_fvg0_hall
2024-01-25 14:30:00,-1,17587.7085,17608.251654092586,bias0_d0.8_mss1_fvg0_hall
2024-01-25 14:30:00,-1,17587.7085,17609.219046657403,bias0_d0.8_mss1_fvg0_hall
2024-01-25 16:48:00,1,17598.2415,17584.99937940288,bias0_d0.8_mss1_fvg0_hall
2024-01-26 01:54:00,1,17394.976000000002,17391.77469720332,bias0_d0.8_mss1_fvg0_hall
2024-01-29 02:10:00,-1,17421.6495,17426.55722879775,bias0_d0.8_mss1_fvg0_hall
2024-01-29 02:09:00,-1,17422.047,17425.422133883625,bias0_d0.8_mss1_fvg0_hall
2024-01-29 02:58:00,1,17417.7325,17414.54156458495,bias0_d0.8_mss1_fvg0_hall
2024-01-29 02:57:00,1,17417.7425,17414.542195686023,bias0_d0.8_mss1_fvg0_hall
2024-01-29 03:43:00,1,17413.659,17411.153786912408,bias0_d0.8_mss1_fvg0_hall
2024-01-29 06:46:00,1,17434.247,17429.802838102478,bias0_d0.8_mss1_fvg0_hall
2024-01-29 12:03:00,1,17452.4145,17448.712470166654,bias0_d0.8_mss1_fvg0_hall
2024-01-29 14:35:00,1,17439.953999999998,17426.75215600216,bias0_d0.8_mss1_fvg0_hall
2024-01-29 19:05:00,1,17479.22,17471.647760378037,bias0_d0.8_mss1_fvg0_hall
2024-01-30 03:12:00,-1,17606.671000000002,17608.72265446903,bias0_d0.8_mss1_fvg0_hall
2024-01-30 09:10:00,-1,17606.0035,17609.1027914737,bias0_d0.8_mss1_fvg0_hall
2024-01-30 11:50:00,1,17587.8535,17582.28249350146,bias0_d0.8_mss1_fvg0_hall
2024-01-30 21:01:00,-1,17475.214500000002,17494.399720924503,bias0_d0.8_mss1_fvg0_hall
2024-01-30 21:02:00,-1,17475.214500000002,17499.511101572756,bias0_d0.8_mss1_fvg0_hall
2024-01-31 00:31:00,-1,17344.5985,17349.33454267987,bias0_d0.8_mss1_fvg0_hall
2024-01-31 04:38:00,1,17335.3095,17332.508682395037,bias0_d0.8_mss1_fvg0_hall
2024-01-31 07:02:00,1,17325.904000000002,17321.367414488428,bias0_d0.8_mss1_fvg0_hall
2024-01-31 20:57:00,1,17153.809,17125.866216523744,bias0_d0.8_mss1_fvg0_hall
2024-01-31 21:01:00,-1,17158.025500000003,17171.18084148181,bias0_d0.8_mss1_fvg0_hall
2024-02-01 04:25:00,1,17220.6095,17217.98020333581,bias0_d0.8_mss1_fvg0_hall
2024-02-01 07:32:00,1,17187.4985,17179.762869858314,bias0_d0.8_mss1_fvg0_hall
2024-02-01 10:04:00,1,17233.254,17229.9882992495,bias0_d0.8_mss1_fvg0_hall
2024-02-01 14:04:00,-1,17244.5865,17251.454101713007,bias0_d0.8_mss1_fvg0_hall
2024-02-02 07:47:00,1,17499.992,17496.42164860303,bias0_d0.8_mss1_fvg0_hall
2024-02-02 10:04:00,-1,17515.3925,17518.322134872582,bias0_d0.8_mss1_fvg0_hall
2024-02-02 10:22:00,-1,17515.631,17518.214890506515,bias0_d0.8_mss1_fvg0_hall
2024-02-02 10:22:00,-1,17514.430999999997,17518.199104824496,bias0_d0.8_mss1_fvg0_hall
2024-02-02 14:32:00,-1,17398.603000000003,17415.76805001139,bias0_d0.8_mss1_fvg0_hall
2024-02-02 14:32:00,-1,17398.603000000003,17423.49561072486,bias0_d0.8_mss1_fvg0_hall
2024-02-02 14:35:00,1,17398.22,17369.445832484504,bias0_d0.8_mss1_fvg0_hall
2024-02-05 00:00:00,-1,17618.4485,17621.737261245755,bias0_d0.8_mss1_fvg0_hall
2024-02-05 00:04:00,1,17620.677000000003,17608.56801462637,bias0_d0.8_mss1_fvg0_hall
2024-02-05 14:31:00,1,17631.442499999997,17617.39677707267,bias0_d0.8_mss1_fvg0_hall
2024-02-06 13:48:00,1,17644.16,17637.053131624092,bias0_d0.8_mss1_fvg0_hall
2024-02-06 14:34:00,-1,17657.9315,17671.92282324769,bias0_d0.8_mss1_fvg0_hall
2024-02-06 19:03:00,-1,17537.336499999998,17545.647843111237,bias0_d0.8_mss1_fvg0_hall
2024-02-07 05:32:00,-1,17572.7205,17576.9289828053,bias0_d0.8_mss1_fvg0_hall
2024-02-07 07:24:00,-1,17558.286500000002,17560.767159466835,bias0_d0.8_mss1_fvg0_hall
2024-02-07 14:50:00,1,17652.697500000002,17633.503422592978,bias0_d0.8_mss1_fvg0_hall
2024-02-07 15:55:00,-1,17770.014499999997,17780.20274565883,bias0_d0.8_mss1_fvg0_hall
2024-02-07 15:55:00,-1,17770.014499999997,17786.411191920113,bias0_d0.8_mss1_fvg0_hall
2024-02-08 01:15:00,1,17753.0655,17751.7699026632,bias0_d0.8_mss1_fvg0_hall
2024-02-08 03:51:00,1,17760.104,17758.53000495054,bias0_d0.8_mss1_fvg0_hall
2024-02-08 05:02:00,-1,17764.905,17766.649751800484,bias0_d0.8_mss1_fvg0_hall
2024-02-08 07:07:00,1,17767.0925,17764.161906691916,bias0_d0.8_mss1_fvg0_hall
2024-02-08 10:04:00,-1,17763.819499999998,17765.8651383236,bias0_d0.8_mss1_fvg0_hall
2024-02-08 14:16:00,1,17737.903,17732.34802976329,bias0_d0.8_mss1_fvg0_hall
2024-02-08 18:42:00,-1,17804.659,17812.31207933291,bias0_d0.8_mss1_fvg0_hall
2024-02-08 18:42:00,-1,17804.659,17808.937872486033,bias0_d0.8_mss1_fvg0_hall
2024-02-08 20:50:00,1,17779.4035,17771.394166384096,bias0_d0.8_mss1_fvg0_hall
2024-02-09 00:48:00,-1,17789.52,17791.759015812182,bias0_d0.8_mss1_fvg0_hall
2024-02-09 03:39:00,1,17782.537,17780.307780902393,bias0_d0.8_mss1_fvg0_hall
2024-02-09 04:43:00,1,17784.5375,17783.410560322558,bias0_d0.8_mss1_fvg0_hall
2024-02-09 05:49:00,-1,17784.9145,17786.645596739723,bias0_d0.8_mss1_fvg0_hall
2024-02-09 09:39:00,1,17814.682,17810.449178108556,bias0_d0.8_mss1_fvg0_hall
2024-02-09 13:30:00,1,17828.931,17820.20329588902,bias0_d0.8_mss1_fvg0_hall
2024-02-09 16:40:00,1,17898.065499999997,17888.522847547923,bias0_d0.8_mss1_fvg0_hall
2024-02-09 17:24:00,1,17902.216,17898.423844719393,bias0_d0.8_mss1_fvg0_hall
2024-02-09 18:57:00,1,17953.5035,17946.63982084772,bias0_d0.8_mss1_fvg0_hall
2024-02-12 00:05:00,-1,17952.4815,17955.32999467463,bias0_d0.8_mss1_fvg0_hall
2024-02-12 06:26:00,1,17938.194,17936.234507581237,bias0_d0.8_mss1_fvg0_hall
2024-02-12 12:00:00,1,17965.17,17962.44109025068,bias0_d0.8_mss1_fvg0_hall
2024-02-12 12:00:00,1,17965.17,17962.080642394583,bias0_d0.8_mss1_fvg0_hall
2024-02-12 13:30:00,-1,17963.904,17966.162603535675,bias0_d0.8_mss1_fvg0_hall
2024-02-12 14:33:00,1,17941.998,17935.01440818716,bias0_d0.8_mss1_fvg0_hall
2024-02-12 14:33:00,1,17941.998,17929.639234865463,bias0_d0.8_mss1_fvg0_hall
2024-02-12 18:13:00,1,18027.459499999997,18018.181022059816,bias0_d0.8_mss1_fvg0_hall
2024-02-12 20:55:00,-1,17893.6215,17902.274370808766,bias0_d0.8_mss1_fvg0_hall
2024-02-12 20:55:00,-1,17893.6215,17903.260290750997,bias0_d0.8_mss1_fvg0_hall
2024-02-12 20:55:00,-1,17893.6215,17902.919180697358,bias0_d0.8_mss1_fvg0_hall
2024-02-13 00:46:00,-1,17852.7365,17855.373788845267,bias0_d0.8_mss1_fvg0_hall
2024-02-13 00:46:00,-1,17852.7365,17854.8266039023,bias0_d0.8_mss1_fvg0_hall
2024-02-13 14:35:00,1,17558.61,17530.789035080295,bias0_d0.8_mss1_fvg0_hall
2024-02-14 16:57:00,-1,17662.964500000002,17672.594005009552,bias0_d0.8_mss1_fvg0_hall
2024-02-15 02:18:00,1,17780.0085,17777.1147753296,bias0_d0.8_mss1_fvg0_hall
2024-02-15 04:45:00,1,17802.9705,17800.341096668028,bias0_d0.8_mss1_fvg0_hall
2024-02-15 04:45:00,1,17802.9705,17801.316871906027,bias0_d0.8_mss1_fvg0_hall
2024-02-15 11:57:00,1,17832.625,17828.698668594312,bias0_d0.8_mss1_fvg0_hall
2024-02-15 14:34:00,-1,17821.065499999997,17836.57075640878,bias0_d0.8_mss1_fvg0_hall
2024-02-16 05:03:00,1,17874.442,17871.41784586903,bias0_d0.8_mss1_fvg0_hall
2024-02-16 05:03:00,1,17877.942499999997,17875.35193902124,bias0_d0.8_mss1_fvg0_hall
2024-02-16 05:03:00,1,17877.942499999997,17875.431825519725,bias0_d0.8_mss1_fvg0_hall
2024-02-16 05:47:00,1,17872.870499999997,17871.22543383985,bias0_d0.8_mss1_fvg0_hall
2024-02-16 06:39:00,1,17871.275999999998,17869.310130765436,bias0_d0.8_mss1_fvg0_hall
2024-02-16 12:03:00,-1,17947.364999999998,17951.58251730946,bias0_d0.8_mss1_fvg0_hall
2024-02-16 13:02:00,1,17932.6145,17928.40155174732,bias0_d0.8_mss1_fvg0_hall
2024-02-16 13:21:00,-1,17935.976499999997,17939.904801419067,bias0_d0.8_mss1_fvg0_hall
2024-02-16 15:37:00,1,17702.504,17675.07387570315,bias0_d0.8_mss1_fvg0_hall
2024-02-16 15:37:00,1,17702.504,17681.136052438644,bias0_d0.8_mss1_fvg0_hall
2024-02-16 17:24:00,1,17802.0485,17790.230119533222,bias0_d0.8_mss1_fvg0_hall
2024-02-19 02:56:00,-1,17711.6865,17714.02918522184,bias0_d0.8_mss1_fvg0_hall
2024-02-19 04:32:00,1,17707.493000000002,17705.925962374222,bias0_d0.8_mss1_fvg0_hall
2024-02-19 06:28:00,1,17718.887000000002,17714.772626727838,bias0_d0.8_mss1_fvg0_hall
2024-02-19 06:28:00,1,17718.887000000002,17716.423053390132,bias0_d0.8_mss1_fvg0_hall
2024-02-19 06:28:00,1,17718.887000000002,17715.953556719407,bias0_d0.8_mss1_fvg0_hall
2024-02-19 09:54:00,1,17716.8255,17711.82277061331,bias0_d0.8_mss1_fvg0_hall
2024-02-19 16:36:00,-1,17722.163999999997,17726.975441259798,bias0_d0.8_mss1_fvg0_hall
2024-02-19 16:43:00,-1,17722.171499999997,17727.599228510284,bias0_d0.8_mss1_fvg0_hall
2024-02-20 02:49:00,-1,17625.4315,17631.405179024314,bias0_d0.8_mss1_fvg0_hall
2024-02-20 02:49:00,-1,17625.4315,17630.121698379717,bias0_d0.8_mss1_fvg0_hall
2024-02-20 05:33:00,-1,17621.559500000003,17624.1338981207,bias0_d0.8_mss1_fvg0_hall
2024-02-20 10:54:00,-1,17576.304,17580.439647850002,bias0_d0.8_mss1_fvg0_hall
2024-02-20 13:40:00,1,17608.0475,17601.73701249058,bias0_d0.8_mss1_fvg0_hall
2024-02-20 14:30:00,1,17607.86,17592.0658292358,bias0_d0.8_mss1_fvg0_hall
2024-02-20 17:44:00,1,17409.3815,17397.969029128806,bias0_d0.8_mss1_fvg0_hall
2024-02-20 20:32:00,-1,17525.086000000003,17533.255587355292,bias0_d0.8_mss1_fvg0_hall
2024-02-20 20:32:00,-1,17525.086000000003,17532.70668468706,bias0_d0.8_mss1_fvg0_hall
2024-02-21 01:37:00,1,17487.2995,17478.22656758182,bias0_d0.8_mss1_fvg0_hall
2024-02-21 07:20:00,1,17502.8985,17499.448687534325,bias0_d0.8_mss1_fvg0_hall
2024-02-21 14:31:00,1,17429.775,17408.509587137112,bias0_d0.8_mss1_fvg0_hall
2024-02-21 16:49:00,1,17423.364999999998,17415.09715617485,bias0_d0.8_mss1_fvg0_hall
2024-02-21 16:49:00,1,17423.364999999998,17413.48271287664,bias0_d0.8_mss1_fvg0_hall
2024-02-21 17:38:00,1,17388.298499999997,17380.836323412248,bias0_d0.8_mss1_fvg0_hall
2024-02-21 19:03:00,1,17390.86,17366.509464298448,bias0_d0.8_mss1_fvg0_hall
2024-02-22 00:37:00,1,17684.9035,17679.637311308,bias0_d0.8_mss1_fvg0_hall
2024-02-22 04:03:00,1,17728.8045,17727.544691041923,bias0_d0.8_mss1_fvg0_hall
2024-02-22 05:50:00,-1,17746.708,17749.353636666285,bias0_d0.8_mss1_fvg0_hall
2024-02-22 12:59:00,-1,17838.443,17842.92485692862,bias0_d0.8_mss1_fvg0_hall
2024-02-22 14:28:00,1,17820.155,17814.663553503517,bias0_d0.8_mss1_fvg0_hall
2024-02-22 17:04:00,1,17905.831,17883.396468880244,bias0_d0.8_mss1_fvg0_hall
2024-02-23 03:49:00,-1,17994.4195,17995.53877621662,bias0_d0.8_mss1_fvg0_hall
2024-02-23 03:49:00,-1,17994.5305,17996.96588862972,bias0_d0.8_mss1_fvg0_hall
2024-02-23 03:49:00,-1,17992.298000000003,17994.530078727596,bias0_d0.8_mss1_fvg0_hall
2024-02-23 09:07:00,1,17967.3365,17964.684123863597,bias0_d0.8_mss1_fvg0_hall
2024-02-23 17:16:00,-1,18003.936999999998,18009.551705166486,bias0_d0.8_mss1_fvg0_hall
2024-02-23 19:52:00,1,17962.0375,17951.720834597807,bias0_d0.8_mss1_fvg0_hall
2024-02-26 07:19:00,-1,17889.199500000002,17897.870174706593,bias0_d0.8_mss1_fvg0_hall
2024-02-26 07:19:00,-1,17889.199500000002,17894.62754079898,bias0_d0.8_mss1_fvg0_hall
2024-02-26 07:19:00,-1,17889.199500000002,17895.526666456193,bias0_d0.8_mss1_fvg0_hall
2024-02-26 11:32:00,-1,17952.042999999998,17954.870087326304,bias0_d0.8_mss1_fvg0_hall
2024-02-26 12:18:00,1,17930.0315,17926.02678324417,bias0_d0.8_mss1_fvg0_hall
2024-02-26 12:18:00,1,17930.0315,17926.116580869588,bias0_d0.8_mss1_fvg0_hall
2024-02-26 18:03:00,1,17979.7755,17965.463068663412,bias0_d0.8_mss1_fvg0_hall
2024-02-26 18:03:00,1,17979.7755,17971.068488758883,bias0_d0.8_mss1_fvg0_hall
2024-02-27 05:00:00,-1,17908.354,17910.306515119857,bias0_d0.8_mss1_fvg0_hall
2024-02-27 15:48:00,1,17970.3595,17949.510088284584,bias0_d0.8_mss1_fvg0_hall
2024-02-28 03:21:00,1,17962.2815,17960.525265747612,bias0_d0.8_mss1_fvg0_hall
2024-02-28 14:20:00,1,17879.0705,17875.020160367825,bias0_d0.8_mss1_fvg0_hall
2024-02-28 14:32:00,-1,17884.0425,17893.9598391002,bias0_d0.8_mss1_fvg0_hall
2024-02-28 15:58:00,1,17878.621,17866.49088790469,bias0_d0.8_mss1_fvg0_hall
2024-02-28 19:56:00,1,17851.4035,17842.4011964181,bias0_d0.8_mss1_fvg0_hall
2024-02-29 07:48:00,-1,17868.4205,17870.551080640453,bias0_d0.8_mss1_fvg0_hall
2024-02-29 10:08:00,-1,17829.3875,17834.304602177108,bias0_d0.8_mss1_fvg0_hall
2024-02-29 10:08:00,-1,17829.3875,17833.810105593027,bias0_d0.8_mss1_fvg0_hall
2024-02-29 19:05:00,-1,17992.7755,18003.747161191895,bias0_d0.8_mss1_fvg0_hall
2024-02-29 19:05:00,-1,17992.7755,18003.34654610676,bias0_d0.8_mss1_fvg0_hall
2024-02-29 20:19:00,1,17985.153,17979.115620206172,bias0_d0.8_mss1_fvg0_hall
2024-03-01 04:33:00,1,18082.881999999998,18080.50849892552,bias0_d0.8_mss1_fvg0_hall
2024-03-01 20:45:00,1,18303.464,18293.005800357056,bias0_d0.8_mss1_fvg0_hall
2024-03-04 00:01:00,-1,18304.731,18307.609392035778,bias0_d0.8_mss1_fvg0_hall
2024-03-04 01:24:00,-1,18305.6325,18309.12358560235,bias0_d0.8_mss1_fvg0_hall
2024-03-04 03:58:00,-1,18316.0715,18316.894672169037,bias0_d0.8_mss1_fvg0_hall
2024-03-04 06:34:00,1,18314.142,18311.555392488233,bias0_d0.8_mss1_fvg0_hall
2024-03-04 06:34:00,1,18314.142,18311.180135881936,bias0_d0.8_mss1_fvg0_hall
2024-03-04 09:12:00,-1,18328.175,18332.336943050057,bias0_d0.8_mss1_fvg0_hall
2024-03-04 14:29:00,1,18290.475,18285.262391532324,bias0_d0.8_mss1_fvg0_hall
2024-03-04 15:53:00,-1,18287.9695,18296.586938559944,bias0_d0.8_mss1_fvg0_hall
2024-03-04 19:07:00,-1,18268.2545,18272.66422076221,bias0_d0.8_mss1_fvg0_hall
2024-03-05 00:04:00,1,18193.247,18185.556852104375,bias0_d0.8_mss1_fvg0_hall
2024-03-05 00:04:00,1,18193.247,18188.493962668348,bias0_d0.8_mss1_fvg0_hall
2024-03-05 00:19:00,-1,18201.5095,18203.64111993618,bias0_d0.8_mss1_fvg0_hall
2024-03-05 00:19:00,-1,18201.5095,18205.14315779788,bias0_d0.8_mss1_fvg0_hall
2024-03-05 03:29:00,1,18162.054,18160.280736697365,bias0_d0.8_mss1_fvg0_hall
2024-03-06 13:48:00,1,18047.027000000002,18035.253276470157,bias0_d0.8_mss1_fvg0_hall
2024-03-06 20:39:00,1,17978.692,17959.734891305816,bias0_d0.8_mss1_fvg0_hall
2024-03-07 03:00:00,1,17925.6645,17919.45869254814,bias0_d0.8_mss1_fvg0_hall
2024-03-07 07:37:00,-1,17922.97,17930.940558406415,bias0_d0.8_mss1_fvg0_hall
2024-03-07 18:05:00,-1,18286.782,18292.924683780573,bias0_d0.8_mss1_fvg0_hall
2024-03-07 18:10:00,1,18287.998,18267.922452031442,bias0_d0.8_mss1_fvg0_hall
2024-03-07 18:10:00,1,18287.998,18273.398541172053,bias0_d0.8_mss1_fvg0_hall
2024-03-07 19:57:00,-1,18319.621,18333.739039174732,bias0_d0.8_mss1_fvg0_hall
2024-03-07 23:51:00,-1,18243.215,18245.600265715388,bias0_d0.8_mss1_fvg0_hall
2024-03-08 03:07:00,1,18243.4215,18239.879298707558,bias0_d0.8_mss1_fvg0_hall
2024-03-08 14:34:00,1,18313.9145,18272.445965753526,bias0_d0.8_mss1_fvg0_hall
2024-03-08 14:34:00,1,18313.9145,18293.476325342563,bias0_d0.8_mss1_fvg0_hall
2024-03-08 14:34:00,1,18313.9145,18292.70794496095,bias0_d0.8_mss1_fvg0_hall
2024-03-08 14:37:00,-1,18311.7535,18334.714018120405,bias0_d0.8_mss1_fvg0_hall
2024-03-11 10:00:00,1,18008.459,17998.1447211223,bias0_d0.8_mss1_fvg0_hall
2024-03-11 18:35:00,-1,17974.7975,17984.50868010879,bias0_d0.8_mss1_fvg0_hall
2024-03-12 04:34:00,1,18035.826,18033.896993122486,bias0_d0.8_mss1_fvg0_hall
2024-03-12 06:49:00,-1,18064.809,18067.326098490772,bias0_d0.8_mss1_fvg0_hall
2024-03-12 08:03:00,1,18063.481,18054.45743123573,bias0_d0.8_mss1_fvg0_hall
2024-03-12 08:03:00,1,18063.481,18055.935256269582,bias0_d0.8_mss1_fvg0_hall
2024-03-12 08:11:00,-1,18067.508,18073.26083508359,bias0_d0.8_mss1_fvg0_hall
2024-03-12 11:48:00,-1,18037.631999999998,18040.31183651192,bias0_d0.8_mss1_fvg0_hall
2024-03-12 12:18:00,1,18032.153,18024.76289544064,bias0_d0.8_mss1_fvg0_hall
2024-03-12 12:18:00,1,18032.153,18023.23531443606,bias0_d0.8_mss1_fvg0_hall
2024-03-12 12:32:00,1,18036.52,17994.29889315125,bias0_d0.8_mss1_fvg0_hall
2024-03-13 00:31:00,-1,18216.3305,18220.1554955029,bias0_d0.8_mss1_fvg0_hall
2024-03-13 02:27:00,-1,18199.292,18201.698220352882,bias0_d0.8_mss1_fvg0_hall
2024-03-13 06:55:00,1,18210.2535,18208.045862264316,bias0_d0.8_mss1_fvg0_hall
2024-03-13 07:41:00,-1,18238.0875,18243.50392895612,bias0_d0.8_mss1_fvg0_hall
2024-03-13 08:19:00,1,18220.953999999998,18212.65059725605,bias0_d0.8_mss1_fvg0_hall
2024-03-13 08:19:00,1,18220.953999999998,18215.560440309193,bias0_d0.8_mss1_fvg0_hall
2024-03-13 10:07:00,-1,18192.719,18201.004760378564,bias0_d0.8_mss1_fvg0_hall
2024-03-13 18:41:00,1,18133.1985,18121.213340695558,bias0_d0.8_mss1_fvg0_hall
2024-03-14 09:17:00,-1,18163.447999999997,18169.637501214234,bias0_d0.8_mss1_fvg0_hall
2024-03-15 01:56:00,-1,18007.247499999998,18013.723969188148,bias0_d0.8_mss1_fvg0_hall
2024-03-15 03:13:00,-1,17990.871,17993.091998902786,bias0_d0.8_mss1_fvg0_hall
2024-03-15 06:15:00,1,17965.4085,17959.306689276324,bias0_d0.8_mss1_fvg0_hall
2024-03-15 09:31:00,1,18012.326,18008.993519393614,bias0_d0.8_mss1_fvg0_hall
2024-03-15 19:26:00,1,17826.498,17811.602903329676,bias0_d0.8_mss1_fvg0_hall
2024-03-15 19:26:00,1,17826.498,17818.423199520414,bias0_d0.8_mss1_fvg0_hall
2024-03-18 03:40:00,-1,17877.455,17879.35755964784,bias0_d0.8_mss1_fvg0_hall
2024-03-18 03:40:00,-1,17877.455,17879.65410538728,bias0_d0.8_mss1_fvg0_hall
2024-03-18 03:40:00,-1,17877.455,17879.174697859617,bias0_d0.8_mss1_fvg0_hall
2024-03-18 05:07:00,1,17890.959499999997,17889.702855014373,bias0_d0.8_mss1_fvg0_hall
2024-03-18 05:06:00,1,17890.959499999997,17888.980318941918,bias0_d0.8_mss1_fvg0_hall
2024-03-19 05:31:00,-1,17932.564,17940.30186493997,bias0_d0.8_mss1_fvg0_hall
2024-03-19 10:35:00,1,17940.608500000002,17933.431913233027,bias0_d0.8_mss1_fvg0_hall
2024-03-19 10:42:00,1,17941.5815,17932.697881102387,bias0_d0.8_mss1_fvg0_hall
2024-03-19 15:27:00,1,17877.176,17865.772264907137,bias0_d0.8_mss1_fvg0_hall
2024-03-19 18:14:00,1,18008.543,17995.561787072686,bias0_d0.8_mss1_fvg0_hall
2024-03-19 18:14:00,1,18008.543,17994.47636640451,bias0_d0.8_mss1_fvg0_hall
2024-03-19 18:54:00,-1,18028.519500000002,18038.455249966475,bias0_d0.8_mss1_fvg0_hall
2024-03-19 18:54:00,-1,18028.519500000002,18039.829235683155,bias0_d0.8_mss1_fvg0_hall
2024-03-19 22:31:00,-1,18024.870000000003,18027.720961700066,bias0_d0.8_mss1_fvg0_hall
2024-03-19 23:34:00,-1,18028.6095,18031.29763026111,bias0_d0.8_mss1_fvg0_hall
2024-03-20 03:21:00,1,17992.831,17989.73815952254,bias0_d0.8_mss1_fvg0_hall
2024-03-20 03:21:00,1,17992.831,17990.78918027093,bias0_d0.8_mss1_fvg0_hall
2024-03-20 03:21:00,1,17992.831,17991.002374537296,bias0_d0.8_mss1_fvg0_hall
2024-03-21 01:49:00,1,18318.9485,18316.99931173848,bias0_d0.8_mss1_fvg0_hall
2024-03-21 09:37:00,1,18355.720999999998,18346.330058418185,bias0_d0.8_mss1_fvg0_hall
2024-03-21 13:19:00,1,18409.353499999997,18407.798420698313,bias0_d0.8_mss1_fvg0_hall
2024-03-21 16:45:00,-1,18449.1655,18461.0663270717,bias0_d0.8_mss1_fvg0_hall
2024-03-22 00:21:00,1,18346.8085,18343.64398240034,bias0_d0.8_mss1_fvg0_hall
2024-03-22 05:05:00,1,18334.498,18332.437743193746,bias0_d0.8_mss1_fvg0_hall
2024-03-22 08:10:00,-1,18321.2995,18329.945698610623,bias0_d0.8_mss1_fvg0_hall
2024-03-22 10:38:00,-1,18343.442499999997,18346.56499733023,bias0_d0.8_mss1_fvg0_hall
2024-03-22 13:44:00,-1,18297.8815,18312.724326214415,bias0_d0.8_mss1_fvg0_hall
2024-03-22 13:44:00,-1,18297.8815,18308.442956484814,bias0_d0.8_mss1_fvg0_hall
2024-03-22 16:34:00,-1,18314.3635,18323.535021751628,bias0_d0.8_mss1_fvg0_hall
2024-03-25 03:03:00,-1,18339.2765,18341.636081027787,bias0_d0.8_mss1_fvg0_hall
2024-03-25 03:39:00,1,18336.0155,18332.385197817868,bias0_d0.8_mss1_fvg0_hall
2024-03-25 03:49:00,1,18333.2585,18331.48429698922,bias0_d0.8_mss1_fvg0_hall
2024-03-25 08:01:00,1,18308.881999999998,18304.312501545308,bias0_d0.8_mss1_fvg0_hall
2024-03-25 08:01:00,1,18308.881999999998,18304.328565720643,bias0_d0.8_mss1_fvg0_hall
2024-03-25 08:01:00,1,18308.881999999998,18304.343689597743,bias0_d0.8_mss1_fvg0_hall
2024-03-25 16:42:00,1,18287.6095,18281.279795269176,bias0_d0.8_mss1_fvg0_hall
2024-03-25 17:15:00,1,18297.0085,18284.86420373659,bias0_d0.8_mss1_fvg0_hall
2024-03-25 19:02:00,-1,18332.247000000003,18338.592063716223,bias0_d0.8_mss1_fvg0_hall
2024-03-26 03:33:00,-1,18305.337,18308.244422121952,bias0_d0.8_mss1_fvg0_hall
2024-03-26 11:03:00,1,18379.6155,18372.77071995954,bias0_d0.8_mss1_fvg0_hall
2024-03-26 11:54:00,1,18372.4215,18370.41748391115,bias0_d0.8_mss1_fvg0_hall
2024-03-26 15:51:00,1,18336.492,18327.891415822985,bias0_d0.8_mss1_fvg0_hall
2024-03-26 15:51:00,1,18336.492,18325.74803405145,bias0_d0.8_mss1_fvg0_hall
2024-03-27 00:46:00,1,18257.3765,18254.93775747369,bias0_d0.8_mss1_fvg0_hall
2024-03-27 04:03:00,1,18267.993000000002,18266.360972121787,bias0_d0.8_mss1_fvg0_hall
2024-03-27 10:07:00,-1,18300.921000000002,18303.26449993521,bias0_d0.8_mss1_fvg0_hall
2024-03-27 11:17:00,1,18305.282,18302.2261907458,bias0_d0.8_mss1_fvg0_hall
2024-03-27 12:31:00,1,18296.9865,18293.33633857736,bias0_d0.8_mss1_fvg0_hall
2024-03-27 18:04:00,-1,18210.2545,18216.264318683854,bias0_d0.8_mss1_fvg0_hall
2024-03-28 03:01:00,1,18274.403,18272.018434890702,bias0_d0.8_mss1_fvg0_hall
2024-03-28 04:35:00,1,18282.953500000003,18281.84803825979,bias0_d0.8_mss1_fvg0_hall
2024-03-28 15:05:00,1,18281.8765,18270.273122130537,bias0_d0.8_mss1_fvg0_hall
2024-03-28 17:38:00,1,18234.8265,18228.925559072188,bias0_d0.8_mss1_fvg0_hall
2024-03-28 19:59:00,-1,18259.249,18277.986889651696,bias0_d0.8_mss1_fvg0_hall
2024-03-28 19:59:00,-1,18259.249,18276.139115390863,bias0_d0.8_mss1_fvg0_hall
2024-04-01 09:06:00,-1,18358.6525,18361.444268230265,bias0_d0.8_mss1_fvg0_hall
2024-04-01 10:10:00,-1,18355.1865,18356.07272854651,bias0_d0.8_mss1_fvg0_hall
2024-04-01 10:10:00,-1,18355.1865,18356.626583032452,bias0_d0.8_mss1_fvg0_hall
2024-04-01 11:01:00,-1,18358.087,18362.37612801642,bias0_d0.8_mss1_fvg0_hall
2024-04-01 14:04:00,-1,18367.221,18390.717037328217,bias0_d0.8_mss1_fvg0_hall
2024-04-01 16:04:00,1,18218.319499999998,18211.21088347486,bias0_d0.8_mss1_fvg0_hall
2024-04-01 18:42:00,-1,18264.359,18270.397425806506,bias0_d0.8_mss1_fvg0_hall
2024-04-01 18:42:00,-1,18264.359,18271.80769182033,bias0_d0.8_mss1_fvg0_hall
2024-04-01 18:42:00,-1,18264.359,18272.200999547447,bias0_d0.8_mss1_fvg0_hall
2024-04-01 19:26:00,-1,18264.9145,18274.53107535509,bias0_d0.8_mss1_fvg0_hall
2024-04-01 22:51:00,-1,18272.264499999997,18274.342176875332,bias0_d0.8_mss1_fvg0_hall
2024-04-02 01:36:00,-1,18261.07,18263.4368492377,bias0_d0.8_mss1_fvg0_hall
2024-04-02 06:18:00,1,18264.953,18258.519494527016,bias0_d0.8_mss1_fvg0_hall
2024-04-02 16:23:00,1,18036.186,18026.870521313318,bias0_d0.8_mss1_fvg0_hall
2024-04-02 16:23:00,1,18036.186,18026.800030505226,bias0_d0.8_mss1_fvg0_hall
2024-04-02 18:36:00,-1,18076.114,18086.51308781709,bias0_d0.8_mss1_fvg0_hall
2024-04-02 18:36:00,-1,18076.114,18086.520074401582,bias0_d0.8_mss1_fvg0_hall
2024-04-03 05:05:00,-1,18092.298000000003,18095.919740067795,bias0_d0.8_mss1_fvg0_hall
2024-04-03 07:00:00,1,18079.915,18074.06431048988,bias0_d0.8_mss1_fvg0_hall
2024-04-03 07:05:00,-1,18082.737,18086.15879573751,bias0_d0.8_mss1_fvg0_hall
2024-04-03 07:37:00,1,18070.976000000002,18066.466246791584,bias0_d0.8_mss1_fvg0_hall
2024-04-03 18:37:00,1,18201.853499999997,18192.1477564244,bias0_d0.8_mss1_fvg0_hall
2024-04-04 00:02:00,-1,18239.875999999997,18244.97868859901,bias0_d0.8_mss1_fvg0_hall
2024-04-04 07:04:00,1,18216.9415,18210.52749858765,bias0_d0.8_mss1_fvg0_hall
2024-04-04 07:59:00,1,18231.514499999997,18228.37571872604,bias0_d0.8_mss1_fvg0_hall
2024-04-04 07:59:00,1,18231.514499999997,18228.479713817036,bias0_d0.8_mss1_fvg0_hall
2024-04-04 10:11:00,1,18248.004,18242.37453021869,bias0_d0.8_mss1_fvg0_hall
2024-04-04 11:23:00,-1,18252.165,18258.124526103416,bias0_d0.8_mss1_fvg0_hall
2024-04-04 12:01:00,-1,18249.1405,18252.24193030303,bias0_d0.8_mss1_fvg0_hall
2024-04-04 13:35:00,1,18346.2035,18330.780885116725,bias0_d0.8_mss1_fvg0_hall
2024-04-04 16:57:00,-1,18355.815499999997,18362.117343698796,bias0_d0.8_mss1_fvg0_hall
2024-04-04 23:31:00,1,17896.953,17891.417707433688,bias0_d0.8_mss1_fvg0_hall
2024-04-05 08:10:00,-1,17940.6305,17946.84028611919,bias0_d0.8_mss1_fvg0_hall
2024-04-05 09:50:00,1,17937.648,17932.794179023545,bias0_d0.8_mss1_fvg0_hall
2024-04-05 10:35:00,1,17933.915,17931.02791514215,bias0_d0.8_mss1_fvg0_hall
2024-04-05 17:39:00,-1,18174.431,18183.695639319925,bias0_d0.8_mss1_fvg0_hall
2024-04-05 20:00:00,-1,18116.554,18125.076800667346,bias0_d0.8_mss1_fvg0_hall
2024-04-07 23:55:00,1,18117.447,18114.893064881,bias0_d0.8_mss1_fvg0_hall
2024-04-08 05:00:00,1,18093.109,18090.30638774205,bias0_d0.8_mss1_fvg0_hall
2024-04-08 13:26:00,-1,18160.798499999997,18165.12422520622,bias0_d0.8_mss1_fvg0_hall
2024-04-08 13:26:00,-1,18160.798499999997,18165.850473405775,bias0_d0.8_mss1_fvg0_hall
2024-04-08 19:29:00,1,18112.2815,18101.77194935845,bias0_d0.8_mss1_fvg0_hall
2024-04-08 19:29:00,1,18112.2815,18103.716231547132,bias0_d0.8_mss1_fvg0_hall
2024-04-08 23:31:00,1,18118.0545,18115.754540036276,bias0_d0.8_mss1_fvg0_hall
2024-04-08 23:31:00,1,18118.0545,18115.536876462254,bias0_d0.8_mss1_fvg0_hall
2024-04-09 07:03:00,-1,18124.237,18130.216221957442,bias0_d0.8_mss1_fvg0_hall
2024-04-09 07:03:00,-1,18124.237,18128.581970208204,bias0_d0.8_mss1_fvg0_hall
2024-04-09 10:23:00,-1,18129.713499999998,18132.914560213845,bias0_d0.8_mss1_fvg0_hall
2024-04-09 11:40:00,1,18135.298000000003,18124.716064743865,bias0_d0.8_mss1_fvg0_hall
2024-04-09 16:46:00,-1,18102.2155,18113.216115328014,bias0_d0.8_mss1_fvg0_hall
2024-04-09 17:06:00,1,18084.037,18060.881921294746,bias0_d0.8_mss1_fvg0_hall
2024-04-09 17:42:00,-1,18095.4525,18104.390334051644,bias0_d0.8_mss1_fvg0_hall
2024-04-10 02:57:00,1,18186.631500000003,18185.007392888405,bias0_d0.8_mss1_fvg0_hall
2024-04-10 10:34:00,1,18164.5815,18157.33689852918,bias0_d0.8_mss1_fvg0_hall
2024-04-10 16:25:00,1,17953.7545,17942.522366525045,bias0_d0.8_mss1_fvg0_hall
2024-04-10 18:52:00,-1,17983.2595,18002.043954812063,bias0_d0.8_mss1_fvg0_hall
2024-04-10 18:55:00,-1,17966.631,17976.762979468345,bias0_d0.8_mss1_fvg0_hall
2024-04-10 19:30:00,-1,18005.165,18037.048293512486,bias0_d0.8_mss1_fvg0_hall
2024-04-11 01:18:00,-1,17991.836499999998,17998.09589368751,bias0_d0.8_mss1_fvg0_hall
2024-04-11 04:32:00,-1,18023.059,18024.475541517473,bias0_d0.8_mss1_fvg0_hall
2024-04-11 11:05:00,-1,17987.7095,17993.883629259573,bias0_d0.8_mss1_fvg0_hall
2024-04-11 14:01:00,-1,18076.2035,18100.995711416894,bias0_d0.8_mss1_fvg0_hall
2024-04-11 15:02:00,1,18066.3155,18058.915161791287,bias0_d0.8_mss1_fvg0_hall
2024-04-11 17:03:00,1,18126.587,18114.15579109006,bias0_d0.8_mss1_fvg0_hall
2024-04-11 17:03:00,1,18140.6375,18123.4400310122,bias0_d0.8_mss1_fvg0_hall
2024-04-11 17:03:00,1,18140.6375,18123.757353797042,bias0_d0.8_mss1_fvg0_hall
2024-04-11 23:29:00,-1,18313.786500000002,18316.106233322025,bias0_d0.8_mss1_fvg0_hall
2024-04-12 03:05:00,-1,18311.836499999998,18313.3885933152,bias0_d0.8_mss1_fvg0_hall
2024-04-12 05:42:00,1,18309.5815,18306.624928437555,bias0_d0.8_mss1_fvg0_hall
2024-04-12 19:41:00,1,17975.4145,17963.999068693207,bias0_d0.8_mss1_fvg0_hall
2024-04-15 00:41:00,1,18055.781499999997,18052.083143756605,bias0_d0.8_mss1_fvg0_hall
2024-04-15 00:41:00,1,18055.781499999997,18051.36604840862,bias0_d0.8_mss1_fvg0_hall
2024-04-15 06:59:00,-1,18094.737,18102.005410654678,bias0_d0.8_mss1_fvg0_hall
2024-04-15 08:25:00,-1,18100.9365,18115.22781419796,bias0_d0.8_mss1_fvg0_hall
2024-04-15 09:02:00,1,18109.775999999998,18102.590145170798,bias0_d0.8_mss1_fvg0_hall
2024-04-15 11:59:00,1,18119.149,18115.136261624153,bias0_d0.8_mss1_fvg0_hall
2024-04-15 15:28:00,1,18010.843,17993.01156976619,bias0_d0.8_mss1_fvg0_hall
2024-04-15 15:27:00,1,18009.131,17996.94066121146,bias0_d0.8_mss1_fvg0_hall
2024-04-15 18:26:00,1,17720.248,17698.526091356674,bias0_d0.8_mss1_fvg0_hall
2024-04-15 18:26:00,1,17720.248,17701.50264554548,bias0_d0.8_mss1_fvg0_hall
2024-04-15 19:49:00,1,17722.186,17696.52016282654,bias0_d0.8_mss1_fvg0_hall
2024-04-16 00:02:00,1,17699.703,17695.663075538952,bias0_d0.8_mss1_fvg0_hall
2024-04-16 00:02:00,1,17704.126,17699.309663000455,bias0_d0.8_mss1_fvg0_hall
2024-04-16 00:52:00,-1,17713.7705,17719.362711150337,bias0_d0.8_mss1_fvg0_hall
2024-04-16 01:42:00,-1,17699.175499999998,17704.70365215996,bias0_d0.8_mss1_fvg0_hall
2024-04-16 01:42:00,-1,17699.175499999998,17705.284273546087,bias0_d0.8_mss1_fvg0_hall
2024-04-16 07:38:00,1,17694.097999999998,17680.07302162935,bias0_d0.8_mss1_fvg0_hall
2024-04-16 17:29:00,-1,17752.597999999998,17761.45728575136,bias0_d0.8_mss1_fvg0_hall
2024-04-16 17:29:00,-1,17744.9195,17765.074805664168,bias0_d0.8_mss1_fvg0_hall
2024-04-16 23:00:00,-1,17745.9145,17747.73632086626,bias0_d0.8_mss1_fvg0_hall
2024-04-17 01:50:00,1,17746.247499999998,17743.09107805366,bias0_d0.8_mss1_fvg0_hall
2024-04-17 01:50:00,1,17747.6315,17743.1338724784,bias0_d0.8_mss1_fvg0_hall
2024-04-17 03:13:00,1,17763.97,17761.349063782855,bias0_d0.8_mss1_fvg0_hall
2024-04-17 06:55:00,-1,17671.097,17675.861141197016,bias0_d0.8_mss1_fvg0_hall
2024-04-17 10:21:00,-1,17765.097,17768.622563611487,bias0_d0.8_mss1_fvg0_hall
2024-04-17 10:52:00,-1,17773.014499999997,17777.334057342974,bias0_d0.8_mss1_fvg0_hall
2024-04-17 18:41:00,1,17538.0825,17528.728018706046,bias0_d0.8_mss1_fvg0_hall
2024-04-18 06:03:00,-1,17590.393,17593.87410570654,bias0_d0.8_mss1_fvg0_hall
2024-04-18 06:03:00,-1,17590.393,17594.851441013216,bias0_d0.8_mss1_fvg0_hall
2024-04-18 08:04:00,-1,17591.5875,17598.631993305684,bias0_d0.8_mss1_fvg0_hall
2024-04-18 08:04:00,-1,17591.5875,17601.456372355282,bias0_d0.8_mss1_fvg0_hall
2024-04-18 08:04:00,-1,17591.5875,17600.321663615618,bias0_d0.8_mss1_fvg0_hall
2024-04-18 09:16:00,-1,17570.837,17575.87803404572,bias0_d0.8_mss1_fvg0_hall
2024-04-18 19:02:00,1,17400.486,17376.610384385727,bias0_d0.8_mss1_fvg0_hall
2024-04-18 19:02:00,1,17400.486,17382.318303358177,bias0_d0.8_mss1_fvg0_hall
2024-04-18 19:53:00,-1,17423.555,17441.603077214422,bias0_d0.8_mss1_fvg0_hall
2024-04-18 19:53:00,-1,17423.555,17445.09719312768,bias0_d0.8_mss1_fvg0_hall
2024-04-19 11:16:00,1,17293.343,17282.079748205004,bias0_d0.8_mss1_fvg0_hall
2024-04-19 15:52:00,-1,17184.6985,17204.878759606065,bias0_d0.8_mss1_fvg0_hall
2024-04-19 18:00:00,-1,17133.093,17149.979004400364,bias0_d0.8_mss1_fvg0_hall
2024-04-22 01:09:00,1,17079.7105,17068.919349491298,bias0_d0.8_mss1_fvg0_hall
2024-04-22 01:07:00,1,17080.7585,17070.994749527636,bias0_d0.8_mss1_fvg0_hall
2024-04-22 05:22:00,1,17115.582000000002,17111.667697450626,bias0_d0.8_mss1_fvg0_hall
2024-04-22 08:42:00,-1,17125.4525,17130.995194203242,bias0_d0.8_mss1_fvg0_hall
2024-04-22 09:40:00,1,17140.8255,17131.914433367732,bias0_d0.8_mss1_fvg0_hall
2024-04-22 11:55:00,-1,17145.4705,17153.22157263916,bias0_d0.8_mss1_fvg0_hall
2024-04-22 19:20:00,-1,17262.2425,17276.785325033772,bias0_d0.8_mss1_fvg0_hall
2024-04-23 09:33:00,-1,17255.7045,17262.851550859134,bias0_d0.8_mss1_fvg0_hall
2024-04-23 09:45:00,-1,17238.620499999997,17243.381097628197,bias0_d0.8_mss1_fvg0_hall
2024-04-23 09:45:00,-1,17238.620499999997,17246.133239536557,bias0_d0.8_mss1_fvg0_hall
2024-04-23 10:01:00,1,17229.6535,17225.448113431437,bias0_d0.8_mss1_fvg0_hall
2024-04-23 13:31:00,1,17292.082000000002,17271.331146359942,bias0_d0.8_mss1_fvg0_hall
2024-04-24 02:41:00,-1,17592.114999999998,17595.514520584624,bias0_d0.8_mss1_fvg0_hall
2024-04-24 07:04:00,1,17588.809,17584.577835607055,bias0_d0.8_mss1_fvg0_hall
2024-04-24 07:04:00,1,17588.809,17584.47392202853,bias0_d0.8_mss1_fvg0_hall
2024-04-24 07:08:00,-1,17592.448,17596.58168521952,bias0_d0.8_mss1_fvg0_hall
2024-04-24 11:17:00,-1,17571.0085,17575.299076310486,bias0_d0.8_mss1_fvg0_hall
2024-04-24 11:17:00,-1,17564.331,17571.016506574022,bias0_d0.8_mss1_fvg0_hall
2024-04-24 15:27:00,1,17516.002500000002,17496.827758991865,bias0_d0.8_mss1_fvg0_hall
2024-04-24 16:31:00,-1,17457.976000000002,17472.880430241275,bias0_d0.8_mss1_fvg0_hall
2024-04-24 16:31:00,-1,17457.976000000002,17471.372131652613,bias0_d0.8_mss1_fvg0_hall
2024-04-24 16:31:00,-1,17457.976000000002,17473.355862751487,bias0_d0.8_mss1_fvg0_hall
2024-04-24 19:48:00,1,17534.103499999997,17522.187087668073,bias0_d0.8_mss1_fvg0_hall
2024-04-25 02:24:00,1,17330.377,17326.438244019326,bias0_d0.8_mss1_fvg0_hall
2024-04-25 04:29:00,-1,17323.387000000002,17324.888129102666,bias0_d0.8_mss1_fvg0_hall
2024-04-25 04:31:00,1,17322.4585,17321.083063209306,bias0_d0.8_mss1_fvg0_hall
2024-04-25 12:03:00,-1,17362.442499999997,17368.57412565182,bias0_d0.8_mss1_fvg0_hall
2024-04-25 18:57:00,1,17376.048000000003,17363.01240731871,bias0_d0.8_mss1_fvg0_hall
2024-04-26 01:15:00,1,17625.7045,17622.477367910284,bias0_d0.8_mss1_fvg0_hall
2024-04-26 01:15:00,1,17625.7045,17620.420349288957,bias0_d0.8_mss1_fvg0_hall
2024-04-26 06:09:00,-1,17645.1695,17647.39354150934,bias0_d0.8_mss1_fvg0_hall
2024-04-26 07:51:00,-1,17629.1315,17636.488220999156,bias0_d0.8_mss1_fvg0_hall
2024-04-26 13:34:00,1,17570.881500000003,17537.993711189858,bias0_d0.8_mss1_fvg0_hall
2024-04-26 16:34:00,1,17718.777000000002,17706.311480278244,bias0_d0.8_mss1_fvg0_hall
2024-04-29 04:10:00,1,17773.370499999997,17768.5317356805,bias0_d0.8_mss1_fvg0_hall
2024-04-29 04:10:00,1,17773.370499999997,17770.26863670332,bias0_d0.8_mss1_fvg0_hall
2024-04-29 17:49:00,-1,17799.215,17806.14045346903,bias0_d0.8_mss1_fvg0_hall
2024-04-29 23:44:00,-1,17783.7535,17785.440599048725,bias0_d0.8_mss1_fvg0_hall
2024-04-30 03:34:00,1,17787.215,17784.935873545062,bias0_d0.8_mss1_fvg0_hall
2024-04-30 12:02:00,1,17754.703500000003,17749.129168664287,bias0_d0.8_mss1_fvg0_hall
2024-05-01 05:01:00,-1,17405.6765,17408.41043692456,bias0_d0.8_mss1_fvg0_hall
2024-05-01 08:36:00,-1,17354.3375,17360.074550948397,bias0_d0.8_mss1_fvg0_hall
2024-05-01 13:31:00,-1,17377.815499999997,17398.449541475253,bias0_d0.8_mss1_fvg0_hall
2024-05-02 03:23:00,-1,17442.887000000002,17446.01684103473,bias0_d0.8_mss1_fvg0_hall
2024-05-02 05:08:00,-1,17438.6145,17440.931282702328,bias0_d0.8_mss1_fvg0_hall
2024-05-02 05:42:00,1,17431.72,17429.221104994656,bias0_d0.8_mss1_fvg0_hall
2024-05-02 12:33:00,1,17471.0135,17463.396186857553,bias0_d0.8_mss1_fvg0_hall
2024-05-02 12:33:00,1,17471.0135,17453.767255275525,bias0_d0.8_mss1_fvg0_hall
2024-05-03 15:09:00,-1,17822.286,17834.48263985198,bias0_d0.8_mss1_fvg0_hall
2024-05-05 22:34:00,-1,17926.8095,17929.51931361043,bias0_d0.8_mss1_fvg0_hall
2024-05-06 05:51:00,-1,17883.97,17889.34360211723,bias0_d0.8_mss1_fvg0_hall
2024-05-06 10:34:00,-1,17942.6365,17946.691289637507,bias0_d0.8_mss1_fvg0_hall
2024-05-06 12:01:00,-1,17931.8315,17936.386319647398,bias0_d0.8_mss1_fvg0_hall
2024-05-06 12:05:00,1,17931.4095,17927.421331755988,bias0_d0.8_mss1_fvg0_hall
2024-05-06 13:18:00,1,17949.4925,17943.684894241516,bias0_d0.8_mss1_fvg0_hall
2024-05-06 13:18:00,1,17949.4925,17945.481948224264,bias0_d0.8_mss1_fvg0_hall
2024-05-06 13:30:00,-1,17954.5755,17968.007601830042,bias0_d0.8_mss1_fvg0_hall
2024-05-06 13:35:00,1,17954.637000000002,17945.77185175011,bias0_d0.8_mss1_fvg0_hall
2024-05-06 18:24:00,1,18026.453500000003,18019.34582729427,bias0_d0.8_mss1_fvg0_hall
2024-05-07 02:51:00,-1,18076.004500000003,18078.28544057052,bias0_d0.8_mss1_fvg0_hall
2024-05-08 00:06:00,-1,18099.281499999997,18102.062407560417,bias0_d0.8_mss1_fvg0_hall
2024-05-08 01:43:00,1,18100.6875,18097.856575287165,bias0_d0.8_mss1_fvg0_hall
2024-05-08 11:55:00,-1,18053.836499999998,18060.939839218845,bias0_d0.8_mss1_fvg0_hall
2024-05-08 13:30:00,1,17983.509,17975.006817276113,bias0_d0.8_mss1_fvg0_hall
2024-05-08 13:30:00,1,17983.509,17972.09204461354,bias0_d0.8_mss1_fvg0_hall
2024-05-09 03:27:00,-1,18065.815499999997,18066.98270823504,bias0_d0.8_mss1_fvg0_hall
2024-05-09 07:02:00,1,18041.8595,18037.201182021814,bias0_d0.8_mss1_fvg0_hall
2024-05-09 18:22:00,-1,18103.7095,18112.10267634617,bias0_d0.8_mss1_fvg0_hall
2024-05-09 23:49:00,-1,18136.7315,18139.24170076377,bias0_d0.8_mss1_fvg0_hall
2024-05-10 02:02:00,1,18121.832499999997,18120.203265746208,bias0_d0.8_mss1_fvg0_hall
2024-05-10 03:34:00,-1,18121.108999999997,18123.521707452943,bias0_d0.8_mss1_fvg0_hall
2024-05-10 05:17:00,1,18129.154499999997,18126.42814674121,bias0_d0.8_mss1_fvg0_hall
2024-05-10 16:03:00,-1,18138.1815,18142.028786335486,bias0_d0.8_mss1_fvg0_hall
2024-05-10 19:03:00,1,18150.5305,18147.214195420387,bias0_d0.8_mss1_fvg0_hall
2024-05-13 06:06:00,-1,18201.214500000002,18202.782796772437,bias0_d0.8_mss1_fvg0_hall
2024-05-13 12:11:00,-1,18222.4375,18225.97094259456,bias0_d0.8_mss1_fvg0_hall
2024-05-13 12:11:00,-1,18222.4375,18225.94316098066,bias0_d0.8_mss1_fvg0_hall
2024-05-13 13:32:00,-1,18227.7975,18239.575486240792,bias0_d0.8_mss1_fvg0_hall
2024-05-13 13:33:00,-1,18227.752999999997,18235.430083652165,bias0_d0.8_mss1_fvg0_hall
2024-05-13 13:33:00,-1,18227.752999999997,18234.57037053415,bias0_d0.8_mss1_fvg0_hall
2024-05-13 15:10:00,1,18198.542999999998,18192.23535628433,bias0_d0.8_mss1_fvg0_hall
2024-05-13 18:47:00,-1,18190.3425,18194.66279397024,bias0_d0.8_mss1_fvg0_hall
2024-05-13 19:45:00,-1,18199.2545,18204.982021155938,bias0_d0.8_mss1_fvg0_hall
2024-05-14 01:40:00,-1,18179.847,18181.582664095928,bias0_d0.8_mss1_fvg0_hall
2024-05-14 01:40:00,-1,18179.0155,18180.292102715368,bias0_d0.8_mss1_fvg0_hall
2024-05-14 07:08:00,1,18193.4425,18189.794151373055,bias0_d0.8_mss1_fvg0_hall
2024-05-14 16:51:00,1,18215.131,18207.38196844129,bias0_d0.8_mss1_fvg0_hall
2024-05-15 11:35:00,1,18314.6765,18310.67270809424,bias0_d0.8_mss1_fvg0_hall
2024-05-15 12:12:00,-1,18310.3485,18316.056520661048,bias0_d0.8_mss1_fvg0_hall
2024-05-15 13:31:00,1,18407.354,18394.14912272798,bias0_d0.8_mss1_fvg0_hall
2024-05-15 16:00:00,-1,18501.814,18507.87143460717,bias0_d0.8_mss1_fvg0_hall
2024-05-15 20:02:00,-1,18588.315499999997,18600.80902616327,bias0_d0.8_mss1_fvg0_hall
2024-05-15 22:56:00,-1,18611.432,18618.705831975414,bias0_d0.8_mss1_fvg0_hall
2024-05-16 02:19:00,1,18623.2705,18621.64432171175,bias0_d0.8_mss1_fvg0_hall
2024-05-16 07:18:00,1,18624.692499999997,18622.12285604895,bias0_d0.8_mss1_fvg0_hall
2024-05-16 07:58:00,1,18631.637000000002,18625.74970705379,bias0_d0.8_mss1_fvg0_hall
2024-05-16 09:06:00,1,18626.8715,18624.89012143425,bias0_d0.8_mss1_fvg0_hall
2024-05-16 09:27:00,-1,18629.163500000002,18631.629438574102,bias0_d0.8_mss1_fvg0_hall
2024-05-16 17:20:00,-1,18641.2925,18649.46312536047,bias0_d0.8_mss1_fvg0_hall
2024-05-16 17:20:00,-1,18641.2925,18647.564791406152,bias0_d0.8_mss1_fvg0_hall
2024-05-16 17:52:00,1,18604.759,18593.43464033398,bias0_d0.8_mss1_fvg0_hall
2024-05-16 23:32:00,1,18557.758,18555.094750587203,bias0_d0.8_mss1_fvg0_hall
2024-05-17 06:33:00,1,18575.6095,18572.116243144737,bias0_d0.8_mss1_fvg0_hall
2024-05-17 12:17:00,-1,18577.5995,18582.85794948481,bias0_d0.8_mss1_fvg0_hall
2024-05-17 13:03:00,-1,18588.786500000002,18592.219638850576,bias0_d0.8_mss1_fvg0_hall
2024-05-17 14:02:00,1,18558.8085,18545.868844298213,bias0_d0.8_mss1_fvg0_hall
2024-05-17 15:52:00,1,18541.3205,18533.508581161554,bias0_d0.8_mss1_fvg0_hall
2024-05-20 01:16:00,-1,18577.5975,18579.550447501337,bias0_d0.8_mss1_fvg0_hall
2024-05-20 01:23:00,1,18577.265,18575.083101189306,bias0_d0.8_mss1_fvg0_hall
2024-05-20 02:05:00,-1,18575.727,18579.392258004147,bias0_d0.8_mss1_fvg0_hall
2024-05-20 07:57:00,-1,18575.8815,18579.115581929134,bias0_d0.8_mss1_fvg0_hall
2024-05-20 12:22:00,-1,18594.904499999997,18599.055209389102,bias0_d0.8_mss1_fvg0_hall
2024-05-20 16:00:00,1,18652.230499999998,18645.2236034234,bias0_d0.8_mss1_fvg0_hall
2024-05-20 19:59:00,1,18669.459499999997,18653.090416322073,bias0_d0.8_mss1_fvg0_hall
2024-05-20 22:57:00,1,18656.087,18655.561059998097,bias0_d0.8_mss1_fvg0_hall
2024-05-21 01:01:00,-1,18667.464500000002,18669.389243177746,bias0_d0.8_mss1_fvg0_hall
2024-05-21 01:01:00,-1,18667.464500000002,18668.68460080791,bias0_d0.8_mss1_fvg0_hall
2024-05-21 01:01:00,-1,18667.464500000002,18669.1929007502,bias0_d0.8_mss1_fvg0_hall
2024-05-21 03:51:00,1,18662.675499999998,18660.40201041669,bias0_d0.8_mss1_fvg0_hall
2024-05-21 03:51:00,1,18662.675499999998,18660.32604895835,bias0_d0.8_mss1_fvg0_hall
2024-05-21 05:06:00,1,18665.759,18663.949363148375,bias0_d0.8_mss1_fvg0_hall
2024-05-21 05:06:00,1,18665.759,18664.330208637777,bias0_d0.8_mss1_fvg0_hall
2024-05-21 11:00:00,1,18661.909,18658.609386841723,bias0_d0.8_mss1_fvg0_hall
2024-05-21 12:11:00,1,18660.4265,18657.7400118555,bias0_d0.8_mss1_fvg0_hall
2024-05-21 19:05:00,-1,18684.41,18689.10982909531,bias0_d0.8_mss1_fvg0_hall
2024-05-21 19:10:00,1,18682.165999999997,18678.366804504552,bias0_d0.8_mss1_fvg0_hall
2024-05-22 01:33:00,1,18723.2705,18722.51875521412,bias0_d0.8_mss1_fvg0_hall
2024-05-22 01:33:00,1,18723.2705,18721.155297797166,bias0_d0.8_mss1_fvg0_hall
2024-05-22 12:38:00,1,18705.6695,18703.194370840243,bias0_d0.8_mss1_fvg0_hall
2024-05-23 05:29:00,-1,18872.726,18875.356299065366,bias0_d0.8_mss1_fvg0_hall
2024-05-23 05:29:00,-1,18872.726,18875.455202703557,bias0_d0.8_mss1_fvg0_hall
2024-05-23 05:47:00,-1,18875.042,18876.741157017146,bias0_d0.8_mss1_fvg0_hall
2024-05-24 06:01:00,-1,18634.3485,18638.241010856702,bias0_d0.8_mss1_fvg0_hall
2024-05-24 07:01:00,1,18624.792999999998,18617.68081165667,bias0_d0.8_mss1_fvg0_hall
2024-05-24 13:01:00,1,18685.8425,18673.901881596325,bias0_d0.8_mss1_fvg0_hall
2024-05-24 13:25:00,1,18673.2205,18668.470758980464,bias0_d0.8_mss1_fvg0_hall
2024-05-24 14:49:00,1,18764.731,18745.638519400887,bias0_d0.8_mss1_fvg0_hall
2024-05-26 23:00:00,-1,18798.908499999998,18803.992009095375,bias0_d0.8_mss1_fvg0_hall
2024-05-27 00:02:00,1,18768.936500000003,18764.40975832473,bias0_d0.8_mss1_fvg0_hall
2024-05-27 05:42:00,1,18792.8635,18790.778785620885,bias0_d0.8_mss1_fvg0_hall
2024-05-27 06:02:00,-1,18794.1655,18797.35534367879,bias0_d0.8_mss1_fvg0_hall
2024-05-27 06:02:00,-1,18794.1655,18798.3447726108,bias0_d0.8_mss1_fvg0_hall
2024-05-27 09:47:00,-1,18809.2655,18812.245791060323,bias0_d0.8_mss1_fvg0_hall
2024-05-27 12:05:00,-1,18807.698,18810.7152697969,bias0_d0.8_mss1_fvg0_hall
2024-05-27 12:35:00,-1,18807.3925,18809.73850474993,bias0_d0.8_mss1_fvg0_hall
2024-05-28 06:00:00,-1,18854.103499999997,18855.309971938794,bias0_d0.8_mss1_fvg0_hall
2024-05-28 06:00:00,-1,18850.631999999998,18855.14706322888,bias0_d0.8_mss1_fvg0_hall
2024-05-28 08:00:00,1,18854.07,18848.700871207206,bias0_d0.8_mss1_fvg0_hall
2024-05-28 08:00:00,1,18854.07,18849.438687549547,bias0_d0.8_mss1_fvg0_hall
2024-05-28 09:24:00,1,18901.2655,18897.965893856293,bias0_d0.8_mss1_fvg0_hall
2024-05-28 09:30:00,-1,18902.614,18906.306914127978,bias0_d0.8_mss1_fvg0_hall
2024-05-28 09:30:00,-1,18902.614,18905.29080597598,bias0_d0.8_mss1_fvg0_hall
2024-05-28 11:21:00,-1,18859.014000000003,18865.514569402403,bias0_d0.8_mss1_fvg0_hall
2024-05-28 13:31:00,1,18857.482,18842.743316955737,bias0_d0.8_mss1_fvg0_hall
2024-05-28 13:31:00,1,18857.482,18844.61734431604,bias0_d0.8_mss1_fvg0_hall
2024-05-28 13:33:00,-1,18858.359,18868.720671482595,bias0_d0.8_mss1_fvg0_hall
2024-05-28 16:01:00,1,18858.8035,18850.696896098096,bias0_d0.8_mss1_fvg0_hall
2024-05-28 16:06:00,-1,18853.659,18861.82566577133,bias0_d0.8_mss1_fvg0_hall
2024-05-28 19:53:00,1,18812.703999999998,18806.802697700874,bias0_d0.8_mss1_fvg0_hall
2024-05-29 02:33:00,-1,18841.898,18844.649943454562,bias0_d0.8_mss1_fvg0_hall
2024-05-29 02:33:00,-1,18841.898,18844.44714749352,bias0_d0.8_mss1_fvg0_hall
2024-05-29 04:15:00,1,18817.742,18815.56388742791,bias0_d0.8_mss1_fvg0_hall
2024-05-29 06:25:00,1,18796.951999999997,18788.816418030096,bias0_d0.8_mss1_fvg0_hall
2024-05-29 12:09:00,1,18749.0425,18743.18640040188,bias0_d0.8_mss1_fvg0_hall
2024-05-29 17:29:00,1,18776.942000000003,18768.19502229086,bias0_d0.8_mss1_fvg0_hall
2024-05-29 17:35:00,-1,18782.109,18789.206842199124,bias0_d0.8_mss1_fvg0_hall
2024-05-30 00:14:00,1,18662.254999999997,18655.667129127283,bias0_d0.8_mss1_fvg0_hall
2024-05-30 01:03:00,1,18651.591500000002,18649.02777428822,bias0_d0.8_mss1_fvg0_hall
2024-05-30 01:03:00,1,18651.591500000002,18648.43339399097,bias0_d0.8_mss1_fvg0_hall
2024-05-30 01:18:00,-1,18656.1485,18657.686218884806,bias0_d0.8_mss1_fvg0_hall
2024-05-30 04:35:00,-1,18621.148500000003,18623.9198248061,bias0_d0.8_mss1_fvg0_hall
2024-05-30 06:22:00,1,18610.2085,18607.36167209304,bias0_d0.8_mss1_fvg0_hall
2024-05-30 07:01:00,1,18602.864,18597.498154363337,bias0_d0.8_mss1_fvg0_hall
2024-05-30 07:01:00,1,18602.864,18596.20602525009,bias0_d0.8_mss1_fvg0_hall
2024-05-30 09:21:00,-1,18672.998,18675.910742002256,bias0_d0.8_mss1_fvg0_hall
2024-05-30 19:03:00,-1,18599.0495,18612.249687875843,bias0_d0.8_mss1_fvg0_hall
2024-06-02 22:31:00,-1,18525.205,18532.5026068127,bias0_d0.8_mss1_fvg0_hall
2024-06-03 13:01:00,1,18633.148,18627.100347300355,bias0_d0.8_mss1_fvg0_hall
2024-06-03 19:13:00,1,18514.686500000003,18507.281629478806,bias0_d0.8_mss1_fvg0_hall
2024-06-04 05:56:00,1,18597.8255,18591.039309112915,bias0_d0.8_mss1_fvg0_hall
2024-06-04 06:16:00,-1,18593.2315,18597.03499540872,bias0_d0.8_mss1_fvg0_hall
2024-06-04 06:16:00,-1,18593.2315,18596.18022073667,bias0_d0.8_mss1_fvg0_hall
2024-06-04 13:33:00,-1,18578.1045,18592.82685168286,bias0_d0.8_mss1_fvg0_hall
2024-06-04 16:20:00,1,18535.9095,18520.189875092507,bias0_d0.8_mss1_fvg0_hall
2024-06-04 17:25:00,-1,18579.680500000002,18589.059649476098,bias0_d0.8_mss1_fvg0_hall
2024-06-04 19:43:00,1,18610.459499999997,18590.15788563416,bias0_d0.8_mss1_fvg0_hall
2024-06-05 15:50:00,-1,18927.5585,18931.997706605434,bias0_d0.8_mss1_fvg0_hall
2024-06-05 19:52:00,1,18989.525999999998,18973.013021577062,bias0_d0.8_mss1_fvg0_hall
2024-06-06 03:03:00,1,19053.1915,19048.97512531812,bias0_d0.8_mss1_fvg0_hall
2024-06-06 03:03:00,1,19053.1915,19049.8867627954,bias0_d0.8_mss1_fvg0_hall
2024-06-06 07:43:00,-1,19040.425499999998,19046.304192465574,bias0_d0.8_mss1_fvg0_hall
2024-06-06 19:48:00,1,19012.6425,18999.652327133073,bias0_d0.8_mss1_fvg0_hall
2024-06-06 19:48:00,1,19012.6425,19002.375589480707,bias0_d0.8_mss1_fvg0_hall
2024-06-06 23:31:00,-1,19041.5805,19044.071425756854,bias0_d0.8_mss1_fvg0_hall
2024-06-07 00:00:00,1,19038.042,19036.588922832278,bias0_d0.8_mss1_fvg0_hall
2024-06-07 00:00:00,1,19038.042,19037.044237289054,bias0_d0.8_mss1_fvg0_hall
2024-06-07 06:59:00,-1,19062.5375,19063.94830008222,bias0_d0.8_mss1_fvg0_hall
2024-06-07 06:58:00,-1,19058.771,19062.649932219203,bias0_d0.8_mss1_fvg0_hall
2024-06-07 07:02:00,1,19056.8085,19053.453159193756,bias0_d0.8_mss1_fvg0_hall
2024-06-07 17:59:00,-1,19085.192499999997,19101.39219421188,bias0_d0.8_mss1_fvg0_hall
2024-06-10 12:22:00,-1,18995.6475,18998.710134728914,bias0_d0.8_mss1_fvg0_hall
2024-06-10 16:47:00,-1,19070.713499999998,19077.155780175603,bias0_d0.8_mss1_fvg0_hall
2024-06-11 13:33:00,1,19024.025,19011.7390310074,bias0_d0.8_mss1_fvg0_hall
2024-06-11 13:33:00,1,19024.025,19012.889600221155,bias0_d0.8_mss1_fvg0_hall
2024-06-11 17:02:00,1,19077.47,19059.76330629664,bias0_d0.8_mss1_fvg0_hall
2024-06-11 19:38:00,1,19163.287,19153.958272600637,bias0_d0.8_mss1_fvg0_hall
2024-06-11 19:49:00,-1,19173.037,19178.48876831514,bias0_d0.8_mss1_fvg0_hall
2024-06-12 04:30:00,-1,19231.243000000002,19232.42042987635,bias0_d0.8_mss1_fvg0_hall
2024-06-12 04:30:00,-1,19231.243000000002,19232.025463456608,bias0_d0.8_mss1_fvg0_hall
2024-06-12 07:31:00,1,19211.714500000002,19209.73445980555,bias0_d0.8_mss1_fvg0_hall
2024-06-12 08:10:00,1,19218.1095,19213.629247369783,bias0_d0.8_mss1_fvg0_hall
2024-06-12 11:01:00,-1,19235.9985,19239.966699296776,bias0_d0.8_mss1_fvg0_hall
2024-06-12 11:55:00,1,19235.0035,19231.69908066921,bias0_d0.8_mss1_fvg0_hall
2024-06-12 12:06:00,-1,19236.375500000002,19240.41142171784,bias0_d0.8_mss1_fvg0_hall
2024-06-12 14:14:00,1,19460.493000000002,19447.865684600387,bias0_d0.8_mss1_fvg0_hall
2024-06-12 18:35:00,-1,19487.509,19508.20509032547,bias0_d0.8_mss1_fvg0_hall
2024-06-12 18:35:00,-1,19465.804,19489.624778903082,bias0_d0.8_mss1_fvg0_hall
2024-06-12 18:39:00,1,19470.042999999998,19448.43552657354,bias0_d0.8_mss1_fvg0_hall
2024-06-13 11:36:00,1,19585.042,19579.446825634142,bias0_d0.8_mss1_fvg0_hall
2024-06-13 11:36:00,1,19585.042,19580.050395231705,bias0_d0.8_mss1_fvg0_hall
2024-06-13 13:35:00,-1,19599.626,19614.109794276774,bias0_d0.8_mss1_fvg0_hall
2024-06-13 13:38:00,1,19613.165,19590.12387330217,bias0_d0.8_mss1_fvg0_hall
2024-06-13 15:06:00,1,19532.8855,19516.313486635227,bias0_d0.8_mss1_fvg0_hall
2024-06-13 19:59:00,-1,19586.936999999998,19606.64679910233,bias0_d0.8_mss1_fvg0_hall
2024-06-13 22:51:00,-1,19589.458,19591.564826668287,bias0_d0.8_mss1_fvg0_hall
2024-06-14 05:19:00,1,19613.5265,19612.145710211957,bias0_d0.8_mss1_fvg0_hall
2024-06-14 11:59:00,-1,19520.447500000002,19532.073149588847,bias0_d0.8_mss1_fvg0_hall
2024-06-14 17:57:00,-1,19644.904,19653.290717475214,bias0_d0.8_mss1_fvg0_hall
2024-06-14 17:56:00,-1,19644.904,19654.347619798413,bias0_d0.8_mss1_fvg0_hall
2024-06-16 23:21:00,1,19693.1705,19690.32570683504,bias0_d0.8_mss1_fvg0_hall
2024-06-17 03:11:00,-1,19679.964500000002,19683.14484895959,bias0_d0.8_mss1_fvg0_hall
2024-06-17 03:11:00,-1,19679.964500000002,19682.44894546247,bias0_d0.8_mss1_fvg0_hall
2024-06-17 03:14:00,1,19681.2085,19678.112516460988,bias0_d0.8_mss1_fvg0_hall
2024-06-17 03:47:00,1,19684.758,19682.314222907215,bias0_d0.8_mss1_fvg0_hall
2024-06-17 03:52:00,-1,19684.9485,19687.474653905847,bias0_d0.8_mss1_fvg0_hall
2024-06-17 03:52:00,-1,19683.514,19685.948910769715,bias0_d0.8_mss1_fvg0_hall
2024-06-17 05:30:00,1,19678.966,19675.638562686083,bias0_d0.8_mss1_fvg0_hall
2024-06-18 01:47:00,1,19886.164,19881.776484494178,bias0_d0.8_mss1_fvg0_hall
2024-06-18 01:51:00,-1,19884.815,19888.82117561471,bias0_d0.8_mss1_fvg0_hall
2024-06-18 01:51:00,-1,19884.815,19887.95537735652,bias0_d0.8_mss1_fvg0_hall
2024-06-18 10:16:00,1,19940.92,19935.978084850914,bias0_d0.8_mss1_fvg0_hall
2024-06-18 13:15:00,1,19902.831,19901.185190449694,bias0_d0.8_mss1_fvg0_hall
2024-06-18 13:57:00,1,19900.6375,19880.968226330475,bias0_d0.8_mss1_fvg0_hall
2024-06-18 14:18:00,-1,19905.282,19927.709416807975,bias0_d0.8_mss1_fvg0_hall
2024-06-18 19:03:00,-1,19903.6755,19908.61299048002,bias0_d0.8_mss1_fvg0_hall
2024-06-19 05:27:00,-1,19927.626,19929.41191197619,bias0_d0.8_mss1_fvg0_hall
2024-06-19 05:27:00,-1,19927.626,19929.227503977887,bias0_d0.8_mss1_fvg0_hall
2024-06-19 05:33:00,1,19926.948,19925.23055506945,bias0_d0.8_mss1_fvg0_hall
2024-06-19 07:43:00,-1,19942.142,19944.619752820843,bias0_d0.8_mss1_fvg0_hall
2024-06-19 07:47:00,1,19941.914,19937.58005380926,bias0_d0.8_mss1_fvg0_hall
2024-06-19 08:14:00,-1,19948.0545,19949.55675965202,bias0_d0.8_mss1_fvg0_hall
2024-06-19 09:32:00,-1,19944.805,19948.544880309342,bias0_d0.8_mss1_fvg0_hall
2024-06-19 13:36:00,-1,19954.5925,19963.882339316053,bias0_d0.8_mss1_fvg0_hall
2024-06-19 13:36:00,-1,19954.5925,19958.80086865062,bias0_d0.8_mss1_fvg0_hall
2024-06-19 13:36:00,-1,19954.5925,19959.599985175577,bias0_d0.8_mss1_fvg0_hall
2024-06-19 23:02:00,1,19942.2935,19940.3866746383,bias0_d0.8_mss1_fvg0_hall
2024-06-20 03:24:00,-1,19976.720999999998,19978.978252200963,bias0_d0.8_mss1_fvg0_hall
2024-06-20 06:00:00,-1,20039.4595,20044.102398159474,bias0_d0.8_mss1_fvg0_hall
2024-06-20 13:31:00,-1,19950.2595,19968.52345054643,bias0_d0.8_mss1_fvg0_hall
2024-06-21 01:34:00,-1,19771.980499999998,19775.013338339362,bias0_d0.8_mss1_fvg0_hall
2024-06-21 05:42:00,-1,19803.8865,19804.744017286575,bias0_d0.8_mss1_fvg0_hall
2024-06-21 05:41:00,-1,19803.8865,19804.989853935873,bias0_d0.8_mss1_fvg0_hall
2024-06-21 09:14:00,-1,19708.964500000002,19718.003867691023,bias0_d0.8_mss1_fvg0_hall
2024-06-21 19:53:00,1,19714.5545,19707.55350888816,bias0_d0.8_mss1_fvg0_hall
2024-06-21 19:58:00,-1,19726.926,19743.204815059296,bias0_d0.8_mss1_fvg0_hall
2024-06-24 04:19:00,-1,19684.381,19689.33197725747,bias0_d0.8_mss1_fvg0_hall
2024-06-24 11:37:00,1,19688.220999999998,19683.01253657806,bias0_d0.8_mss1_fvg0_hall
2024-06-24 11:37:00,1,19688.220999999998,19683.421901822483,bias0_d0.8_mss1_fvg0_hall
2024-06-24 22:59:00,-1,19493.292,19495.120916644133,bias0_d0.8_mss1_fvg0_hall
2024-06-25 15:01:00,1,19605.9095,19584.090480076185,bias0_d0.8_mss1_fvg0_hall
2024-06-25 19:16:00,1,19676.438000000002,19671.8004894046,bias0_d0.8_mss1_fvg0_hall
2024-06-26 00:50:00,1,19718.536500000002,19715.132856894612,bias0_d0.8_mss1_fvg0_hall
2024-06-26 08:50:00,-1,19793.642,19796.872414372552,bias0_d0.8_mss1_fvg0_hall
2024-06-26 16:27:00,1,19734.9535,19725.03992576874,bias0_d0.8_mss1_fvg0_hall
2024-06-26 18:03:00,-1,19715.9925,19723.603387286483,bias0_d0.8_mss1_fvg0_hall
2024-06-27 06:00:00,1,19695.448,19691.867130205897,bias0_d0.8_mss1_fvg0_hall
2024-06-27 12:03:00,-1,19717.226000000002,19724.72961829023,bias0_d0.8_mss1_fvg0_hall
2024-06-27 12:03:00,-1,19717.226000000002,19725.906534840928,bias0_d0.8_mss1_fvg0_hall
2024-06-27 12:31:00,1,19718.1195,19704.49718514153,bias0_d0.8_mss1_fvg0_hall
2024-06-28 02:33:00,-1,19882.9875,19887.591898477185,bias0_d0.8_mss1_fvg0_hall
2024-06-28 06:40:00,-1,19875.015,19879.710827308594,bias0_d0.8_mss1_fvg0_hall
2024-06-28 11:32:00,1,19871.447500000002,19866.419752227,bias0_d0.8_mss1_fvg0_hall
2024-06-28 12:03:00,-1,19871.0205,19875.08393161827,bias0_d0.8_mss1_fvg0_hall
2024-06-28 12:03:00,-1,19871.0205,19875.918950788393,bias0_d0.8_mss1_fvg0_hall
2024-06-28 18:20:00,-1,19812.1315,19817.851729240883,bias0_d0.8_mss1_fvg0_hall
2024-07-01 03:10:00,1,19755.859,19751.91352711564,bias0_d0.8_mss1_fvg0_hall
2024-07-01 03:16:00,-1,19755.788,19757.683757580457,bias0_d0.8_mss1_fvg0_hall
2024-07-01 04:28:00,-1,19749.82,19751.63299376852,bias0_d0.8_mss1_fvg0_hall
2024-07-01 07:10:00,1,19764.0985,19755.53714786144,bias0_d0.8_mss1_fvg0_hall
2024-07-01 08:34:00,-1,19737.436999999998,19742.502139195774,bias0_d0.8_mss1_fvg0_hall
2024-07-01 10:42:00,1,19692.7155,19686.053450783824,bias0_d0.8_mss1_fvg0_hall
2024-07-01 13:05:00,-1,19744.6755,19748.49819219111,bias0_d0.8_mss1_fvg0_hall
2024-07-01 16:58:00,-1,19776.309,19785.896956545595,bias0_d0.8_mss1_fvg0_hall
2024-07-01 16:58:00,-1,19776.309,19787.067981078053,bias0_d0.8_mss1_fvg0_hall
2024-07-01 16:58:00,-1,19776.309,19783.452143143906,bias0_d0.8_mss1_fvg0_hall
2024-07-02 05:12:00,1,19738.67,19735.81258863561,bias0_d0.8_mss1_fvg0_hall
2024-07-02 06:45:00,1,19749.7715,19745.91284104677,bias0_d0.8_mss1_fvg0_hall
2024-07-02 19:53:00,1,19979.8155,19967.110598761283,bias0_d0.8_mss1_fvg0_hall
2024-07-02 19:53:00,1,19979.8155,19962.646545278334,bias0_d0.8_mss1_fvg0_hall
2024-07-02 23:51:00,1,19993.7915,19991.125910321436,bias0_d0.8_mss1_fvg0_hall
2024-07-03 01:34:00,-1,20002.1875,20004.573398911354,bias0_d0.8_mss1_fvg0_hall
2024-07-03 04:05:00,1,19993.542999999998,19992.17987234385,bias0_d0.8_mss1_fvg0_hall
2024-07-03 06:50:00,1,20002.393,19999.537216544544,bias0_d0.8_mss1_fvg0_hall
2024-07-03 11:57:00,1,20001.421000000002,19997.228373584745,bias0_d0.8_mss1_fvg0_hall
2024-07-03 13:30:00,1,19974.0375,19964.165076181827,bias0_d0.8_mss1_fvg0_hall
2024-07-03 23:47:00,1,20166.66,20165.652653495847,bias0_d0.8_mss1_fvg0_hall
2024-07-04 00:33:00,1,20161.498,20159.873442307355,bias0_d0.8_mss1_fvg0_hall
2024-07-04 00:33:00,1,20161.498,20158.59641428542,bias0_d0.8_mss1_fvg0_hall
2024-07-04 01:08:00,-1,20167.065000000002,20168.565264128403,bias0_d0.8_mss1_fvg0_hall
2024-07-04 01:08:00,-1,20167.065000000002,20168.76861669066,bias0_d0.8_mss1_fvg0_hall
2024-07-04 04:34:00,-1,20164.742,20166.60555377414,bias0_d0.8_mss1_fvg0_hall
2024-07-04 07:11:00,-1,20167.8325,20169.733962539845,bias0_d0.8_mss1_fvg0_hall
2024-07-04 09:53:00,-1,20165.3315,20167.138414723173,bias0_d0.8_mss1_fvg0_hall
2024-07-05 02:01:00,-1,20172.7085,20174.039242499417,bias0_d0.8_mss1_fvg0_hall
2024-07-05 02:01:00,-1,20172.7085,20174.943272966917,bias0_d0.8_mss1_fvg0_hall
2024-07-05 12:48:00,-1,20207.2645,20214.566879748407,bias0_d0.8_mss1_fvg0_hall
2024-07-05 16:13:00,1,20358.3255,20350.860957199387,bias0_d0.8_mss1_fvg0_hall
2024-07-05 19:32:00,-1,20391.4865,20396.542446674426,bias0_d0.8_mss1_fvg0_hall
2024-07-05 19:59:00,-1,20396.663999999997,20404.781486102034,bias0_d0.8_mss1_fvg0_hall
2024-07-07 23:03:00,1,20367.375500000002,20363.937897481934,bias0_d0.8_mss1_fvg0_hall
2024-07-08 01:05:00,-1,20354.266,20358.273942173582,bias0_d0.8_mss1_fvg0_hall
2024-07-08 02:44:00,1,20365.9545,20362.88928231692,bias0_d0.8_mss1_fvg0_hall
2024-07-08 03:50:00,-1,20365.2305,20367.349038402608,bias0_d0.8_mss1_fvg0_hall
2024-07-08 12:31:00,-1,20400.853499999997,20403.281193168736,bias0_d0.8_mss1_fvg0_hall
2024-07-08 13:32:00,1,20397.748,20382.219105224627,bias0_d0.8_mss1_fvg0_hall
2024-07-08 13:35:00,-1,20398.199,20412.994502291414,bias0_d0.8_mss1_fvg0_hall
2024-07-08 13:35:00,-1,20398.199,20409.92469141346,bias0_d0.8_mss1_fvg0_hall
2024-07-08 15:01:00,1,20372.2365,20364.499191658615,bias0_d0.8_mss1_fvg0_hall
2024-07-08 16:03:00,-1,20433.2705,20443.07368572093,bias0_d0.8_mss1_fvg0_hall
2024-07-08 16:03:00,-1,20433.2705,20440.77761888372,bias0_d0.8_mss1_fvg0_hall
2024-07-09 09:20:00,-1,20509.491,20511.948004682625,bias0_d0.8_mss1_fvg0_hall
2024-07-09 09:20:00,-1,20509.491,20511.76812419063,bias0_d0.8_mss1_fvg0_hall
2024-07-09 09:54:00,1,20518.398500000003,20515.16740332294,bias0_d0.8_mss1_fvg0_hall
2024-07-09 16:03:00,-1,20474.942,20482.237598969255,bias0_d0.8_mss1_fvg0_hall
2024-07-09 16:03:00,-1,20474.942,20483.608284757167,bias0_d0.8_mss1_fvg0_hall
2024-07-09 16:03:00,-1,20474.942,20481.929567988802,bias0_d0.8_mss1_fvg0_hall
2024-07-09 16:08:00,1,20471.2705,20463.496751613926,bias0_d0.8_mss1_fvg0_hall
2024-07-10 11:30:00,1,20510.586,20506.934188445663,bias0_d0.8_mss1_fvg0_hall
2024-07-10 11:30:00,1,20510.586,20508.01157855669,bias0_d0.8_mss1_fvg0_hall
2024-07-10 13:32:00,-1,20535.620000000003,20544.39329379386,bias0_d0.8_mss1_fvg0_hall
2024-07-11 05:29:00,-1,20658.277000000002,20660.497594036613,bias0_d0.8_mss1_fvg0_hall
2024-07-11 12:16:00,-1,20656.4205,20660.913074194166,bias0_d0.8_mss1_fvg0_hall
2024-07-11 15:45:00,1,20287.903,20271.903493929494,bias0_d0.8_mss1_fvg0_hall
2024-07-12 01:32:00,-1,20232.455,20234.65511722777,bias0_d0.8_mss1_fvg0_hall
2024-07-12 03:55:00,-1,20212.6545,20215.342475500318,bias0_d0.8_mss1_fvg0_hall
2024-07-12 03:55:00,-1,20212.6545,20214.85929153601,bias0_d0.8_mss1_fvg0_hall
2024-07-12 10:54:00,1,20215.048000000003,20208.638672489407,bias0_d0.8_mss1_fvg0_hall
2024-07-12 12:33:00,1,20204.166,20192.15183470959,bias0_d0.8_mss1_fvg0_hall
2024-07-12 18:59:00,1,20494.2925,20479.81188023256,bias0_d0.8_mss1_fvg0_hall
2024-07-14 22:15:00,-1,20325.782,20337.840354481417,bias0_d0.8_mss1_fvg0_hall
2024-07-14 23:07:00,-1,20331.7705,20336.207235111237,bias0_d0.8_mss1_fvg0_hall
2024-07-14 23:07:00,-1,20331.7705,20336.038432603294,bias0_d0.8_mss1_fvg0_hall
2024-07-14 23:07:00,-1,20331.7705,20336.701876703057,bias0_d0.8_mss1_fvg0_hall
2024-07-15 01:28:00,-1,20364.915,20368.24525857806,bias0_d0.8_mss1_fvg0_hall
2024-07-15 01:28:00,-1,20364.915,20368.169215108195,bias0_d0.8_mss1_fvg0_hall
2024-07-15 02:14:00,-1,20364.914,20369.328306366413,bias0_d0.8_mss1_fvg0_hall
2024-07-15 03:56:00,-1,20367.858500000002,20370.79812876426,bias0_d0.8_mss1_fvg0_hall
2024-07-15 04:11:00,-1,20367.982,20370.59792315452,bias0_d0.8_mss1_fvg0_hall
2024-07-15 07:03:00,1,20408.404000000002,20403.700525608092,bias0_d0.8_mss1_fvg0_hall
2024-07-15 10:59:00,1,20415.586499999998,20414.068880203962,bias0_d0.8_mss1_fvg0_hall
2024-07-15 10:59:00,1,20417.0255,20414.338428046536,bias0_d0.8_mss1_fvg0_hall
2024-07-15 13:44:00,-1,20432.626,20455.279230357548,bias0_d0.8_mss1_fvg0_hall
2024-07-15 16:41:00,1,20453.737,20438.853981091692,bias0_d0.8_mss1_fvg0_hall
2024-07-16 06:41:00,-1,20429.035,20430.915357209848,bias0_d0.8_mss1_fvg0_hall
2024-07-16 19:51:00,1,20375.7365,20357.2091612516,bias0_d0.8_mss1_fvg0_hall
2024-07-17 10:26:00,1,20145.503,20132.57590857598,bias0_d0.8_mss1_fvg0_hall
2024-07-17 10:26:00,1,20145.503,20135.268632904794,bias0_d0.8_mss1_fvg0_hall
2024-07-17 17:20:00,1,19834.586499999998,19822.51097562747,bias0_d0.8_mss1_fvg0_hall
2024-07-17 18:09:00,1,19842.0815,19819.485045496636,bias0_d0.8_mss1_fvg0_hall
2024-07-17 19:05:00,-1,19831.804,19843.79844855505,bias0_d0.8_mss1_fvg0_hall
2024-07-17 19:11:00,1,19828.793,19814.866022077917,bias0_d0.8_mss1_fvg0_hall
2024-07-18 00:15:00,-1,19868.259,19874.31959105748,bias0_d0.8_mss1_fvg0_hall
2024-07-18 08:32:00,1,19895.0095,19875.467525634933,bias0_d0.8_mss1_fvg0_hall
2024-07-18 08:32:00,1,19895.0095,19879.349102375294,bias0_d0.8_mss1_fvg0_hall
2024-07-18 17:51:00,-1,19716.165,19733.483862489287,bias0_d0.8_mss1_fvg0_hall
2024-07-19 01:23:00,1,19764.47,19761.04784770583,bias0_d0.8_mss1_fvg0_hall
2024-07-19 03:09:00,-1,19771.5995,19776.185812215906,bias0_d0.8_mss1_fvg0_hall
2024-07-19 13:02:00,-1,19749.96,19759.333123654502,bias0_d0.8_mss1_fvg0_hall
2024-07-19 17:49:00,1,19505.161500000002,19496.105393528527,bias0_d0.8_mss1_fvg0_hall
2024-07-19 18:20:00,-1,19547.7235,19566.426546093808,bias0_d0.8_mss1_fvg0_hall
2024-07-22 04:03:00,-1,19596.042999999998,19602.680299735923,bias0_d0.8_mss1_fvg0_hall
2024-07-22 15:09:00,-1,19792.753,19813.723054855363,bias0_d0.8_mss1_fvg0_hall
2024-07-23 04:25:00,-1,19768.52,19774.229476091452,bias0_d0.8_mss1_fvg0_hall
2024-07-24 03:22:00,-1,19644.915,19647.726285914483,bias0_d0.8_mss1_fvg0_hall
2024-07-24 05:03:00,1,19564.921,19553.682605328475,bias0_d0.8_mss1_fvg0_hall
2024-07-24 13:33:00,-1,19468.9605,19483.825093264233,bias0_d0.8_mss1_fvg0_hall
2024-07-24 13:33:00,-1,19468.9605,19482.040768745355,bias0_d0.8_mss1_fvg0_hall
2024-07-24 19:28:00,-1,19070.6045,19079.82346733142,bias0_d0.8_mss1_fvg0_hall
2024-07-24 19:28:00,-1,19070.6045,19081.012316093456,bias0_d0.8_mss1_fvg0_hall
2024-07-25 12:30:00,1,18972.426,18929.142655489708,bias0_d0.8_mss1_fvg0_hall
2024-07-25 15:41:00,-1,19042.7535,19063.91351552939,bias0_d0.8_mss1_fvg0_hall
2024-07-25 23:21:00,1,18854.553,18845.639453868658,bias0_d0.8_mss1_fvg0_hall
2024-07-25 23:49:00,-1,18865.203999999998,18869.01106823282,bias0_d0.8_mss1_fvg0_hall
2024-07-25 23:49:00,-1,18865.203999999998,18868.76843478762,bias0_d0.8_mss1_fvg0_hall
2024-07-26 03:03:00,1,18915.658499999998,18911.860387437373,bias0_d0.8_mss1_fvg0_hall
2024-07-26 03:44:00,-1,18930.987,18934.564474207218,bias0_d0.8_mss1_fvg0_hall
2024-07-26 12:32:00,-1,19061.5135,19075.76943130392,bias0_d0.8_mss1_fvg0_hall
2024-07-26 17:09:00,-1,19122.9415,19142.831109776478,bias0_d0.8_mss1_fvg0_hall
2024-07-26 17:09:00,-1,19122.9415,19142.119744792442,bias0_d0.8_mss1_fvg0_hall
2024-07-26 17:34:00,-1,19130.4365,19144.279769024248,bias0_d0.8_mss1_fvg0_hall
2024-07-26 19:51:00,-1,19011.309,19041.238919156644,bias0_d0.8_mss1_fvg0_hall
2024-07-29 01:22:00,-1,19147.3255,19159.984163149413,bias0_d0.8_mss1_fvg0_hall
2024-07-29 04:28:00,-1,19157.1645,19159.817680018485,bias0_d0.8_mss1_fvg0_hall
2024-07-29 12:04:00,-1,19152.888,19159.383223544104,bias0_d0.8_mss1_fvg0_hall
2024-07-29 14:50:00,-1,19135.653,19178.088492867162,bias0_d0.8_mss1_fvg0_hall
2024-07-29 19:22:00,1,19085.02,19069.591875287937,bias0_d0.8_mss1_fvg0_hall
2024-07-30 01:11:00,1,19000.970999999998,18992.040590979366,bias0_d0.8_mss1_fvg0_hall
2024-07-30 03:39:00,1,18964.775,18961.754380749444,bias0_d0.8_mss1_fvg0_hall
2024-07-30 16:08:00,1,18800.999499999998,18781.153432038493,bias0_d0.8_mss1_fvg0_hall
2024-07-30 16:39:00,1,18782.760000000002,18756.462541134315,bias0_d0.8_mss1_fvg0_hall
2024-07-31 03:48:00,-1,18959.1435,18961.879994981475,bias0_d0.8_mss1_fvg0_hall
2024-07-31 04:18:00,-1,18959.887000000002,18966.714653723964,bias0_d0.8_mss1_fvg0_hall
2024-07-31 04:55:00,-1,18963.104,18972.97882870981,bias0_d0.8_mss1_fvg0_hall
2024-07-31 04:55:00,-1,18963.104,18972.767762373394,bias0_d0.8_mss1_fvg0_hall
2024-07-31 07:03:00,-1,19067.1025,19072.746209373756,bias0_d0.8_mss1_fvg0_hall
2024-07-31 18:00:00,-1,19277.1805,19309.737365709156,bias0_d0.8_mss1_fvg0_hall
2024-08-01 05:33:00,1,19521.8525,19515.75771440962,bias0_d0.8_mss1_fvg0_hall
2024-08-01 08:40:00,-1,19407.476499999997,19414.73313306738,bias0_d0.8_mss1_fvg0_hall
2024-08-01 11:00:00,1,19445.470999999998,19433.188063260306,bias0_d0.8_mss1_fvg0_hall
2024-08-01 11:00:00,1,19445.470999999998,19437.374065884567,bias0_d0.8_mss1_fvg0_hall
2024-08-02 07:59:00,1,18596.864500000003,18581.045097160975,bias0_d0.8_mss1_fvg0_hall
2024-08-02 08:26:00,1,18560.893,18552.863506777318,bias0_d0.8_mss1_fvg0_hall
2024-08-02 10:58:00,-1,18589.569499999998,18601.325435198112,bias0_d0.8_mss1_fvg0_hall
2024-08-02 13:39:00,1,18466.432,18418.49832533072,bias0_d0.8_mss1_fvg0_hall
2024-08-02 18:21:00,1,18350.247499999998,18329.232658665293,bias0_d0.8_mss1_fvg0_hall
2024-08-02 18:21:00,1,18350.247499999998,18334.437104474913,bias0_d0.8_mss1_fvg0_hall
2024-08-05 11:27:00,-1,17662.003,17688.350617205186,bias0_d0.8_mss1_fvg0_hall
2024-08-05 16:03:00,1,17987.426,17946.238880296358,bias0_d0.8_mss1_fvg0_hall
2024-08-06 02:08:00,-1,18258.215,18269.967213095028,bias0_d0.8_mss1_fvg0_hall
2024-08-06 04:30:00,-1,18277.376,18284.13669527404,bias0_d0.8_mss1_fvg0_hall
2024-08-06 15:12:00,-1,18186.825,18224.881954080607,bias0_d0.8_mss1_fvg0_hall
2024-08-06 15:12:00,-1,18186.825,18221.346578789133,bias0_d0.8_mss1_fvg0_hall
2024-08-06 15:10:00,-1,18194.9415,18221.082483875627,bias0_d0.8_mss1_fvg0_hall
2024-08-06 18:56:00,-1,18357.036500000002,18371.644685744253,bias0_d0.8_mss1_fvg0_hall
2024-08-06 18:56:00,-1,18357.036500000002,18369.62629033395,bias0_d0.8_mss1_fvg0_hall
2024-08-06 23:06:00,1,17983.742,17962.698601077158,bias0_d0.8_mss1_fvg0_hall
2024-08-07 06:46:00,-1,18205.8375,18213.187805156682,bias0_d0.8_mss1_fvg0_hall
2024-08-07 06:46:00,-1,18205.8375,18213.501923899137,bias0_d0.8_mss1_fvg0_hall
2024-08-07 08:47:00,1,18241.442499999997,18229.502953658557,bias0_d0.8_mss1_fvg0_hall
2024-08-07 18:47:00,-1,17948.977,17962.558571115373,bias0_d0.8_mss1_fvg0_hall
2024-08-08 00:17:00,1,17773.644,17754.442431218547,bias0_d0.8_mss1_fvg0_hall
2024-08-08 12:30:00,1,17866.0595,17857.472837198515,bias0_d0.8_mss1_fvg0_hall
2024-08-08 15:54:00,1,18263.332000000002,18246.070973106373,bias0_d0.8_mss1_fvg0_hall
2024-08-08 18:26:00,-1,18428.0085,18446.63479906396,bias0_d0.8_mss1_fvg0_hall
2024-08-08 19:56:00,-1,18388.875,18409.54195071591,bias0_d0.8_mss1_fvg0_hall
2024-08-08 19:59:00,1,18379.8315,18355.644506106906,bias0_d0.8_mss1_fvg0_hall
2024-08-09 15:56:00,-1,18420.015,18449.12384004101,bias0_d0.8_mss1_fvg0_hall
2024-08-09 16:26:00,1,18371.6865,18357.31136760912,bias0_d0.8_mss1_fvg0_hall
2024-08-09 16:49:00,1,18414.3145,18389.417159319462,bias0_d0.8_mss1_fvg0_hall
2024-08-09 16:49:00,1,18414.3145,18389.769740796644,bias0_d0.8_mss1_fvg0_hall
2024-08-09 18:39:00,1,18478.8205,18460.717954197182,bias0_d0.8_mss1_fvg0_hall
2024-08-12 01:30:00,1,18518.1695,18507.279694111898,bias0_d0.8_mss1_fvg0_hall
2024-08-12 10:37:00,-1,18562.686500000003,18567.721978893496,bias0_d0.8_mss1_fvg0_hall
2024-08-12 12:08:00,1,18562.919,18555.714011542706,bias0_d0.8_mss1_fvg0_hall
2024-08-12 13:34:00,1,18551.298000000003,18535.81240702798,bias0_d0.8_mss1_fvg0_hall
2024-08-12 13:39:00,-1,18563.7365,18573.003745849965,bias0_d0.8_mss1_fvg0_hall
2024-08-12 13:39:00,-1,18554.616,18569.811185432107,bias0_d0.8_mss1_fvg0_hall
2024-08-13 06:02:00,-1,18605.2805,18612.57070981684,bias0_d0.8_mss1_fvg0_hall
2024-08-13 06:02:00,-1,18605.2805,18611.041012687063,bias0_d0.8_mss1_fvg0_hall
2024-08-13 11:42:00,1,18598.3375,18589.089119430282,bias0_d0.8_mss1_fvg0_hall
2024-08-13 11:42:00,1,18598.3375,18588.80399022305,bias0_d0.8_mss1_fvg0_hall
2024-08-13 17:34:00,-1,18966.086,18984.691139307764,bias0_d0.8_mss1_fvg0_hall
2024-08-13 19:17:00,-1,18948.642,18962.606017042704,bias0_d0.8_mss1_fvg0_hall
2024-08-13 19:43:00,1,18961.392,18953.205334139573,bias0_d0.8_mss1_fvg0_hall
2024-08-13 23:02:00,1,18999.7875,18994.042921375254,bias0_d0.8_mss1_fvg0_hall
2024-08-14 00:05:00,1,19018.620499999997,19010.796952849985,bias0_d0.8_mss1_fvg0_hall
2024-08-14 00:05:00,1,19018.620499999997,19012.0823133607,bias0_d0.8_mss1_fvg0_hall
2024-08-14 00:05:00,1,19018.620499999997,19012.321037406364,bias0_d0.8_mss1_fvg0_hall
2024-08-14 01:05:00,1,19005.9195,19002.89023612183,bias0_d0.8_mss1_fvg0_hall
2024-08-14 05:26:00,-1,19012.759,19014.261173622835,bias0_d0.8_mss1_fvg0_hall
2024-08-14 05:49:00,-1,19017.8815,19018.96939697268,bias0_d0.8_mss1_fvg0_hall
2024-08-14 05:49:00,-1,19017.8815,19021.179275706036,bias0_d0.8_mss1_fvg0_hall
2024-08-14 13:33:00,-1,19052.7535,19071.1519147407,bias0_d0.8_mss1_fvg0_hall
2024-08-14 16:43:00,-1,18974.947,18994.558695094518,bias0_d0.8_mss1_fvg0_hall
2024-08-14 16:43:00,-1,18974.947,18992.88477401634,bias0_d0.8_mss1_fvg0_hall
2024-08-14 18:00:00,-1,18979.925499999998,18994.91832868875,bias0_d0.8_mss1_fvg0_hall
2024-08-14 18:20:00,1,18978.614999999998,18963.425970374235,bias0_d0.8_mss1_fvg0_hall
2024-08-14 18:32:00,-1,18987.42,18995.947548210348,bias0_d0.8_mss1_fvg0_hall
2024-08-15 15:59:00,-1,19439.127,19445.71417527675,bias0_d0.8_mss1_fvg0_hall
2024-08-15 15:59:00,-1,19439.127,19445.165184185553,bias0_d0.8_mss1_fvg0_hall
2024-08-15 18:41:00,-1,19482.125500000002,19487.580885201744,bias0_d0.8_mss1_fvg0_hall
2024-08-15 19:00:00,-1,19471.714500000002,19486.30372852592,bias0_d0.8_mss1_fvg0_hall
2024-08-15 19:27:00,-1,19475.7545,19487.18800938022,bias0_d0.8_mss1_fvg0_hall
2024-08-16 06:23:00,1,19569.148,19563.038900412725,bias0_d0.8_mss1_fvg0_hall
2024-08-19 05:55:00,-1,19491.6645,19505.78165656954,bias0_d0.8_mss1_fvg0_hall
2024-08-19 13:03:00,1,19528.3975,19520.682302683017,bias0_d0.8_mss1_fvg0_hall
2024-08-19 16:40:00,1,19563.3475,19556.178727883384,bias0_d0.8_mss1_fvg0_hall
2024-08-19 18:23:00,1,19632.7315,19625.794112787273,bias0_d0.8_mss1_fvg0_hall
2024-08-19 18:23:00,1,19632.7315,19629.28568330247,bias0_d0.8_mss1_fvg0_hall
2024-08-20 00:35:00,-1,19774.048499999997,19776.25812571353,bias0_d0.8_mss1_fvg0_hall
2024-08-20 00:45:00,-1,19771.137499999997,19773.722949524512,bias0_d0.8_mss1_fvg0_hall
2024-08-20 12:04:00,-1,19781.1925,19786.313743348855,bias0_d0.8_mss1_fvg0_hall
2024-08-20 16:53:00,-1,19718.998,19724.877108876703,bias0_d0.8_mss1_fvg0_hall
2024-08-20 19:52:00,-1,19738.1815,19751.12585374636,bias0_d0.8_mss1_fvg0_hall
2024-08-20 19:52:00,-1,19738.1815,19747.62433205019,bias0_d0.8_mss1_fvg0_hall
2024-08-21 13:24:00,1,19758.725,19750.70561079619,bias0_d0.8_mss1_fvg0_hall
2024-08-21 14:14:00,-1,19791.821,19825.887923536182,bias0_d0.8_mss1_fvg0_hall
2024-08-21 14:14:00,-1,19791.821,19824.66813256931,bias0_d0.8_mss1_fvg0_hall
2024-08-21 14:14:00,-1,19791.821,19826.748894528646,bias0_d0.8_mss1_fvg0_hall
2024-08-22 03:00:00,1,19792.908499999998,19789.19728768143,bias0_d0.8_mss1_fvg0_hall
2024-08-22 06:47:00,1,19819.7595,19815.721788236486,bias0_d0.8_mss1_fvg0_hall
2024-08-22 10:05:00,1,19831.998,19823.73249106519,bias0_d0.8_mss1_fvg0_hall
2024-08-22 14:24:00,1,19823.07,19794.841612555385,bias0_d0.8_mss1_fvg0_hall
2024-08-22 18:53:00,-1,19574.459000000003,19584.09965163921,bias0_d0.8_mss1_fvg0_hall
2024-08-22 23:40:00,-1,19549.103499999997,19553.899803607062,bias0_d0.8_mss1_fvg0_hall
2024-08-23 04:01:00,1,19589.858500000002,19586.083113335615,bias0_d0.8_mss1_fvg0_hall
2024-08-23 04:01:00,1,19589.858500000002,19585.616848097357,bias0_d0.8_mss1_fvg0_hall
2024-08-23 07:03:00,-1,19610.398,19614.38027739455,bias0_d0.8_mss1_fvg0_hall
2024-08-23 12:32:00,1,19648.442499999997,19643.080509109262,bias0_d0.8_mss1_fvg0_hall
2024-08-25 23:44:00,1,19664.870499999997,19656.28614767523,bias0_d0.8_mss1_fvg0_hall
2024-08-26 04:06:00,-1,19691.2925,19693.760295626995,bias0_d0.8_mss1_fvg0_hall
2024-08-26 05:36:00,1,19706.031499999997,19699.751325575307,bias0_d0.8_mss1_fvg0_hall
2024-08-26 06:55:00,1,19710.4985,19704.2797976414,bias0_d0.8_mss1_fvg0_hall
2024-08-26 06:55:00,1,19710.4985,19706.8188013813,bias0_d0.8_mss1_fvg0_hall
2024-08-26 09:04:00,-1,19762.626,19769.148110002512,bias0_d0.8_mss1_fvg0_hall
2024-08-26 13:29:00,-1,19698.047,19706.92021198027,bias0_d0.8_mss1_fvg0_hall
2024-08-26 13:33:00,1,19698.314,19677.96367215956,bias0_d0.8_mss1_fvg0_hall
2024-08-26 13:33:00,1,19698.314,19676.665844106967,bias0_d0.8_mss1_fvg0_hall
2024-08-27 05:50:00,1,19538.343500000003,19536.721849793892,bias0_d0.8_mss1_fvg0_hall
2024-08-27 06:48:00,-1,19540.364,19544.60323804764,bias0_d0.8_mss1_fvg0_hall
2024-08-27 07:04:00,1,19536.7265,19534.527945709924,bias0_d0.8_mss1_fvg0_hall
2024-08-27 07:06:00,-1,19539.658499999998,19547.74721447715,bias0_d0.8_mss1_fvg0_hall
2024-08-27 13:33:00,1,19444.8985,19421.257093811375,bias0_d0.8_mss1_fvg0_hall
2024-08-27 13:37:00,-1,19455.2925,19469.968066460864,bias0_d0.8_mss1_fvg0_hall
2024-08-27 13:37:00,-1,19432.9865,19453.30767599937,bias0_d0.8_mss1_fvg0_hall
2024-08-27 13:37:00,-1,19432.9865,19453.47158485656,bias0_d0.8_mss1_fvg0_hall
2024-08-27 19:51:00,-1,19585.3875,19593.62271546341,bias0_d0.8_mss1_fvg0_hall
2024-08-28 01:13:00,-1,19529.764499999997,19536.035327586935,bias0_d0.8_mss1_fvg0_hall
2024-08-28 03:15:00,-1,19551.658499999998,19555.080888606983,bias0_d0.8_mss1_fvg0_hall
2024-08-28 13:05:00,-1,19566.654000000002,19577.457434979373,bias0_d0.8_mss1_fvg0_hall
2024-08-28 18:43:00,-1,19260.559,19276.827679841725,bias0_d0.8_mss1_fvg0_hall
2024-08-28 18:43:00,-1,19260.559,19281.212349138743,bias0_d0.8_mss1_fvg0_hall
2024-08-29 05:37:00,1,19218.855,19214.2106280343,bias0_d0.8_mss1_fvg0_hall
2024-08-29 05:37:00,1,19218.855,19213.76060401937,bias0_d0.8_mss1_fvg0_hall
2024-08-29 10:34:00,-1,19405.0495,19413.26642011509,bias0_d0.8_mss1_fvg0_hall
2024-08-29 10:34:00,-1,19405.0495,19415.466104392584,bias0_d0.8_mss1_fvg0_hall
2024-08-29 15:20:00,-1,19592.841500000002,19610.49107378796,bias0_d0.8_mss1_fvg0_hall
2024-08-29 15:40:00,1,19572.532,19550.85224026165,bias0_d0.8_mss1_fvg0_hall
2024-08-30 02:59:00,1,19408.07,19404.809723006856,bias0_d0.8_mss1_fvg0_hall
2024-08-30 04:01:00,-1,19393.292,19397.3102765527,bias0_d0.8_mss1_fvg0_hall
2024-08-30 06:36:00,-1,19422.355,19427.644972056314,bias0_d0.8_mss1_fvg0_hall
2024-08-30 06:36:00,-1,19422.355,19428.85754197713,bias0_d0.8_mss1_fvg0_hall
2024-08-30 06:35:00,-1,19422.4755,19427.250763978762,bias0_d0.8_mss1_fvg0_hall
2024-08-30 13:06:00,1,19471.453,19458.410493394873,bias0_d0.8_mss1_fvg0_hall
2024-08-30 15:52:00,1,19403.108500000002,19390.250031759388,bias0_d0.8_mss1_fvg0_hall
2024-09-01 23:57:00,-1,19543.182,19548.99333304349,bias0_d0.8_mss1_fvg0_hall
2024-09-02 15:08:00,1,19606.61,19602.546167793647,bias0_d0.8_mss1_fvg0_hall
2024-09-03 06:00:00,-1,19510.182,19517.218419997997,bias0_d0.8_mss1_fvg0_hall
2024-09-03 16:16:00,1,19123.587,19090.108161503915,bias0_d0.8_mss1_fvg0_hall
2024-09-03 19:26:00,-1,19007.569499999998,19016.816257579132,bias0_d0.8_mss1_fvg0_hall
2024-09-04 02:40:00,-1,18874.4095,18885.66411305015,bias0_d0.8_mss1_fvg0_hall
2024-09-04 04:15:00,-1,18842.2425,18852.284552180998,bias0_d0.8_mss1_fvg0_hall
2024-09-04 08:03:00,-1,18851.281499999997,18858.748037502548,bias0_d0.8_mss1_fvg0_hall
2024-09-04 08:03:00,-1,18851.281499999997,18864.279366775154,bias0_d0.8_mss1_fvg0_hall
2024-09-04 12:33:00,-1,18825.9595,18835.639309392343,bias0_d0.8_mss1_fvg0_hall
2024-09-04 15:56:00,-1,18959.086499999998,18982.50576553583,bias0_d0.8_mss1_fvg0_hall
2024-09-04 17:16:00,-1,19005.036500000002,19021.79217029104,bias0_d0.8_mss1_fvg0_hall
2024-09-04 18:35:00,-1,18971.02,18987.108814295974,bias0_d0.8_mss1_fvg0_hall
2024-09-05 04:49:00,1,18867.697500000002,18860.2350207129,bias0_d0.8_mss1_fvg0_hall
2024-09-05 04:49:00,1,18867.697500000002,18861.22290494769,bias0_d0.8_mss1_fvg0_hall
2024-09-05 04:49:00,1,18867.697500000002,18859.905108165713,bias0_d0.8_mss1_fvg0_hall
2024-09-05 08:53:00,1,18930.410499999998,18920.295926726045,bias0_d0.8_mss1_fvg0_hall
2024-09-05 14:44:00,-1,19056.531000000003,19074.55615054545,bias0_d0.8_mss1_fvg0_hall
2024-09-05 16:42:00,1,18900.9035,18888.832711119492,bias0_d0.8_mss1_fvg0_hall
2024-09-05 18:14:00,-1,18960.8265,18977.130349251463,bias0_d0.8_mss1_fvg0_hall
2024-09-06 00:01:00,-1,18872.8705,18880.043921949647,bias0_d0.8_mss1_fvg0_hall
2024-09-06 04:41:00,1,18849.3315,18846.528359240252,bias0_d0.8_mss1_fvg0_hall
2024-09-06 09:18:00,1,18691.292999999998,18668.906355662446,bias0_d0.8_mss1_fvg0_hall
2024-09-06 19:26:00,1,18487.208,18457.675433658893,bias0_d0.8_mss1_fvg0_hall
2024-09-08 22:43:00,-1,18399.781000000003,18406.274313941503,bias0_d0.8_mss1_fvg0_hall
2024-09-08 23:20:00,1,18368.36,18353.814009461843,bias0_d0.8_mss1_fvg0_hall
2024-09-08 23:20:00,1,18368.36,18356.830358785995,bias0_d0.8_mss1_fvg0_hall
2024-09-09 02:18:00,-1,18481.143,18487.548355318577,bias0_d0.8_mss1_fvg0_hall
2024-09-09 09:09:00,1,18576.838000000003,18566.99142876956,bias0_d0.8_mss1_fvg0_hall
2024-09-09 09:56:00,1,18585.5755,18576.95400024199,bias0_d0.8_mss1_fvg0_hall
2024-09-09 11:10:00,1,18582.836,18567.929230320802,bias0_d0.8_mss1_fvg0_hall
2024-09-09 11:32:00,-1,18595.0705,18601.105317487458,bias0_d0.8_mss1_fvg0_hall
2024-09-09 11:46:00,-1,18578.843,18585.731005390808,bias0_d0.8_mss1_fvg0_hall
2024-09-09 12:33:00,1,18538.987,18532.77357163932,bias0_d0.8_mss1_fvg0_hall
2024-09-09 14:59:00,-1,18530.409,18548.44890541301,bias0_d0.8_mss1_fvg0_hall
2024-09-09 14:59:00,-1,18530.409,18543.439062169226,bias0_d0.8_mss1_fvg0_hall
2024-09-09 19:57:00,1,18623.792500000003,18593.670365950675,bias0_d0.8_mss1_fvg0_hall
2024-09-10 02:01:00,-1,18658.836499999998,18663.66262432142,bias0_d0.8_mss1_fvg0_hall
2024-09-10 03:06:00,-1,18640.2585,18646.542577719825,bias0_d0.8_mss1_fvg0_hall
2024-09-10 04:26:00,-1,18618.97,18625.799937265372,bias0_d0.8_mss1_fvg0_hall
2024-09-10 13:31:00,1,18736.582000000002,18717.84944162538,bias0_d0.8_mss1_fvg0_hall
2024-09-11 01:33:00,-1,18775.587,18795.014283992863,bias0_d0.8_mss1_fvg0_hall
2024-09-11 03:03:00,-1,18757.644,18765.73620938113,bias0_d0.8_mss1_fvg0_hall
2024-09-11 07:46:00,-1,18775.942499999997,18781.705967959322,bias0_d0.8_mss1_fvg0_hall
2024-09-11 10:25:00,-1,18780.453500000003,18786.63653121418,bias0_d0.8_mss1_fvg0_hall
2024-09-11 11:02:00,-1,18775.425000000003,18784.722102583393,bias0_d0.8_mss1_fvg0_hall
2024-09-11 23:58:00,1,19215.231,19210.395145644172,bias0_d0.8_mss1_fvg0_hall
2024-09-11 23:58:00,1,19215.231,19210.908210241018,bias0_d0.8_mss1_fvg0_hall
2024-09-12 00:04:00,1,19215.5145,19206.50113670312,bias0_d0.8_mss1_fvg0_hall
2024-09-12 00:04:00,1,19215.5145,19210.332409081468,bias0_d0.8_mss1_fvg0_hall
2024-09-12 01:16:00,1,19223.7705,19214.21913637701,bias0_d0.8_mss1_fvg0_hall
2024-09-12 10:10:00,1,19266.381,19260.72046314653,bias0_d0.8_mss1_fvg0_hall
2024-09-12 11:30:00,-1,19252.0085,19260.175806115574,bias0_d0.8_mss1_fvg0_hall
2024-09-12 13:37:00,1,19225.243000000002,19202.096164538263,bias0_d0.8_mss1_fvg0_hall
2024-09-13 01:43:00,-1,19432.248,19436.68491484109,bias0_d0.8_mss1_fvg0_hall
2024-09-13 01:43:00,-1,19432.248,19435.7112244953,bias0_d0.8_mss1_fvg0_hall
2024-09-13 04:37:00,1,19426.4655,19423.905145714714,bias0_d0.8_mss1_fvg0_hall
2024-09-13 07:00:00,1,19424.659,19421.08163331818,bias0_d0.8_mss1_fvg0_hall
2024-09-13 11:03:00,-1,19446.821,19453.253474418074,bias0_d0.8_mss1_fvg0_hall
2024-09-13 16:51:00,1,19468.615,19462.262710172385,bias0_d0.8_mss1_fvg0_hall
2024-09-16 03:38:00,-1,19506.4215,19511.9118795934,bias0_d0.8_mss1_fvg0_hall
2024-09-16 04:47:00,-1,19508.867,19510.78820466923,bias0_d0.8_mss1_fvg0_hall
2024-09-16 06:00:00,-1,19496.046499999997,19501.19571822585,bias0_d0.8_mss1_fvg0_hall
2024-09-16 06:00:00,-1,19496.046499999997,19499.70192763829,bias0_d0.8_mss1_fvg0_hall
2024-09-16 06:00:00,-1,19496.046499999997,19499.840622092695,bias0_d0.8_mss1_fvg0_hall
2024-09-16 09:45:00,-1,19509.3595,19512.226474591924,bias0_d0.8_mss1_fvg0_hall
2024-09-16 13:30:00,-1,19405.653,19421.60207324052,bias0_d0.8_mss1_fvg0_hall
2024-09-16 13:30:00,-1,19405.653,19424.406310866198,bias0_d0.8_mss1_fvg0_hall
2024-09-16 14:20:00,-1,19427.0035,19446.985489994917,bias0_d0.8_mss1_fvg0_hall
2024-09-16 16:50:00,1,19338.309,19326.35806199263,bias0_d0.8_mss1_fvg0_hall
2024-09-17 06:04:00,-1,19440.042500000003,19442.530298693382,bias0_d0.8_mss1_fvg0_hall
2024-09-17 13:30:00,1,19535.4255,19529.30989052296,bias0_d0.8_mss1_fvg0_hall
2024-09-17 13:30:00,1,19553.486,19534.07962320602,bias0_d0.8_mss1_fvg0_hall
2024-09-17 15:46:00,1,19516.0035,19498.684853936767,bias0_d0.8_mss1_fvg0_hall
2024-09-18 13:31:00,-1,19479.209000000003,19488.796159927864,bias0_d0.8_mss1_fvg0_hall
2024-09-18 13:31:00,-1,19479.209000000003,19491.050398504445,bias0_d0.8_mss1_fvg0_hall
2024-09-18 14:02:00,-1,19451.364,19468.89525235591,bias0_d0.8_mss1_fvg0_hall
2024-09-18 15:09:00,-1,19447.799,19461.01225161587,bias0_d0.8_mss1_fvg0_hall
2024-09-18 18:59:00,-1,19539.5985,19575.22342085369,bias0_d0.8_mss1_fvg0_hall
2024-09-19 00:56:00,-1,19476.6315,19494.861304937232,bias0_d0.8_mss1_fvg0_hall
2024-09-19 00:56:00,-1,19476.6315,19498.190293870284,bias0_d0.8_mss1_fvg0_hall
2024-09-19 04:33:00,1,19611.709,19607.41163337339,bias0_d0.8_mss1_fvg0_hall
2024-09-19 04:33:00,1,19611.709,19607.66723813243,bias0_d0.8_mss1_fvg0_hall
2024-09-19 05:51:00,1,19615.0815,19600.69423848841,bias0_d0.8_mss1_fvg0_hall
2024-09-19 10:03:00,-1,19731.96,19743.123989298656,bias0_d0.8_mss1_fvg0_hall
2024-09-19 13:09:00,1,19758.542999999998,19747.53067739933,bias0_d0.8_mss1_fvg0_hall
2024-09-19 18:48:00,-1,19887.136,19909.242221824148,bias0_d0.8_mss1_fvg0_hall
2024-09-20 00:55:00,1,19795.7765,19789.50489338078,bias0_d0.8_mss1_fvg0_hall
2024-09-20 04:16:00,-1,19813.387,19815.73962846714,bias0_d0.8_mss1_fvg0_hall
2024-09-20 05:48:00,1,19796.41,19787.98679764348,bias0_d0.8_mss1_fvg0_hall
2024-09-20 05:48:00,1,19796.41,19789.731544240374,bias0_d0.8_mss1_fvg0_hall
2024-09-23 09:44:00,1,19832.715,19822.59599884472,bias0_d0.8_mss1_fvg0_hall
2024-09-23 12:57:00,1,19851.103499999997,19836.86417828927,bias0_d0.8_mss1_fvg0_hall
2024-09-23 14:56:00,-1,19877.3805,19898.96991160391,bias0_d0.8_mss1_fvg0_hall
2024-09-23 16:00:00,-1,19883.8205,19898.196421561322,bias0_d0.8_mss1_fvg0_hall
2024-09-23 19:44:00,-1,19847.732,19857.981909156508,bias0_d0.8_mss1_fvg0_hall
2024-09-23 19:49:00,1,19851.1815,19841.65580526225,bias0_d0.8_mss1_fvg0_hall
2024-09-23 23:25:00,-1,19823.775,19828.23995920456,bias0_d0.8_mss1_fvg0_hall
2024-09-23 23:31:00,1,19825.459499999997,19823.321909595186,bias0_d0.8_mss1_fvg0_hall
2024-09-24 06:31:00,-1,19881.316,19882.879613564583,bias0_d0.8_mss1_fvg0_hall
2024-09-24 15:25:00,1,19896.448,19874.17636429866,bias0_d0.8_mss1_fvg0_hall
2024-09-25 08:36:00,1,19868.453,19863.86288198938,bias0_d0.8_mss1_fvg0_hall
2024-09-25 19:30:00,-1,19954.1705,19961.919886698674,bias0_d0.8_mss1_fvg0_hall
2024-09-26 06:47:00,1,20220.8475,20214.616968059774,bias0_d0.8_mss1_fvg0_hall
2024-09-26 06:47:00,1,20220.8475,20214.536580112763,bias0_d0.8_mss1_fvg0_hall
2024-09-26 07:30:00,-1,20238.148,20248.843766146736,bias0_d0.8_mss1_fvg0_hall
2024-09-26 11:02:00,-1,20261.0985,20274.13624734591,bias0_d0.8_mss1_fvg0_hall
2024-09-27 01:03:00,1,20118.6645,20107.605348868285,bias0_d0.8_mss1_fvg0_hall
2024-09-27 01:31:00,1,20109.481,20105.423368686545,bias0_d0.8_mss1_fvg0_hall
2024-09-27 01:32:00,-1,20109.7975,20118.426200469254,bias0_d0.8_mss1_fvg0_hall
2024-09-27 01:32:00,-1,20109.7975,20116.72887157808,bias0_d0.8_mss1_fvg0_hall
2024-09-27 03:48:00,-1,20090.538,20094.93312303307,bias0_d0.8_mss1_fvg0_hall
2024-09-27 12:52:00,-1,20162.1645,20177.34433965208,bias0_d0.8_mss1_fvg0_hall
2024-09-27 12:52:00,-1,20162.1645,20172.896843962644,bias0_d0.8_mss1_fvg0_hall
2024-09-27 13:18:00,-1,20165.887000000002,20173.585391356544,bias0_d0.8_mss1_fvg0_hall
2024-09-27 14:50:00,-1,20087.197,20112.027756278432,bias0_d0.8_mss1_fvg0_hall
2024-09-27 19:51:00,1,20005.693,19993.285186763143,bias0_d0.8_mss1_fvg0_hall
2024-09-30 02:31:00,-1,19957.143,19961.395295502232,bias0_d0.8_mss1_fvg0_hall
2024-09-30 02:31:00,-1,19957.143,19961.16222439493,bias0_d0.8_mss1_fvg0_hall
2024-09-30 13:56:00,-1,20022.2585,20045.515808033626,bias0_d0.8_mss1_fvg0_hall
2024-09-30 23:44:00,1,20018.909,20014.09607574333,bias0_d0.8_mss1_fvg0_hall
2024-09-30 23:52:00,1,20016.387499999997,20013.15742179813,bias0_d0.8_mss1_fvg0_hall
2024-09-30 23:52:00,1,20016.387499999997,20013.56721666969,bias0_d0.8_mss1_fvg0_hall
2024-10-01 06:30:00,1,20048.243000000002,20041.650950389274,bias0_d0.8_mss1_fvg0_hall
2024-10-01 06:30:00,1,20048.243000000002,20042.36446107575,bias0_d0.8_mss1_fvg0_hall
2024-10-01 07:08:00,-1,20049.709000000003,20066.22534698828,bias0_d0.8_mss1_fvg0_hall
2024-10-01 17:31:00,1,19656.108500000002,19643.75161200955,bias0_d0.8_mss1_fvg0_hall
2024-10-01 17:31:00,1,19678.82,19642.919406783745,bias0_d0.8_mss1_fvg0_hall
2024-10-01 22:44:00,-1,19732.559999999998,19737.516002599084,bias0_d0.8_mss1_fvg0_hall
2024-10-02 05:39:00,1,19695.1475,19683.22591385791,bias0_d0.8_mss1_fvg0_hall
2024-10-02 05:59:00,1,19687.9315,19677.70450148962,bias0_d0.8_mss1_fvg0_hall
2024-10-02 08:43:00,-1,19751.936999999998,19757.422535777037,bias0_d0.8_mss1_fvg0_hall
2024-10-02 09:28:00,1,19707.4375,19701.50411496196,bias0_d0.8_mss1_fvg0_hall
2024-10-02 13:32:00,1,19721.359,19703.553809207126,bias0_d0.8_mss1_fvg0_hall
2024-10-02 14:54:00,-1,19822.2265,19834.499934787586,bias0_d0.8_mss1_fvg0_hall
2024-10-03 12:35:00,-1,19770.0545,19779.93600531078,bias0_d0.8_mss1_fvg0_hall
2024-10-03 13:24:00,1,19710.470500000003,19700.31189345423,bias0_d0.8_mss1_fvg0_hall
2024-10-03 13:31:00,1,19707.7765,19696.12314534186,bias0_d0.8_mss1_fvg0_hall
2024-10-03 16:30:00,-1,19838.2425,19851.007858550285,bias0_d0.8_mss1_fvg0_hall
2024-10-03 18:22:00,-1,19756.281499999997,19766.53925370729,bias0_d0.8_mss1_fvg0_hall
2024-10-04 04:21:00,-1,19821.142,19825.11852953126,bias0_d0.8_mss1_fvg0_hall
2024-10-04 04:21:00,-1,19821.142,19826.61704944613,bias0_d0.8_mss1_fvg0_hall
2024-10-04 04:25:00,1,19822.1425,19814.690018371453,bias0_d0.8_mss1_fvg0_hall
2024-10-04 08:46:00,-1,19822.331,19830.45470188104,bias0_d0.8_mss1_fvg0_hall
2024-10-04 17:14:00,1,19944.875,19936.68360844824,bias0_d0.8_mss1_fvg0_hall
2024-10-06 22:34:00,-1,20052.1655,20067.367522243683,bias0_d0.8_mss1_fvg0_hall
2024-10-07 02:49:00,1,20022.271,20014.11568809808,bias0_d0.8_mss1_fvg0_hall
2024-10-07 13:31:00,1,19938.909,19930.033519765235,bias0_d0.8_mss1_fvg0_hall
2024-10-07 15:02:00,-1,19976.532,19989.471030056426,bias0_d0.8_mss1_fvg0_hall
2024-10-07 15:38:00,-1,19964.226499999997,19973.42589879557,bias0_d0.8_mss1_fvg0_hall
2024-10-08 07:29:00,1,19768.7765,19756.799262979708,bias0_d0.8_mss1_fvg0_hall
2024-10-08 12:06:00,-1,19903.61,19913.272021437126,bias0_d0.8_mss1_fvg0_hall
2024-10-08 12:06:00,-1,19903.61,19910.282534191614,bias0_d0.8_mss1_fvg0_hall
2024-10-08 13:09:00,1,19874.6135,19865.62121368769,bias0_d0.8_mss1_fvg0_hall
2024-10-08 15:50:00,1,20046.7305,20035.272662759555,bias0_d0.8_mss1_fvg0_hall
2024-10-08 15:50:00,1,20046.7305,20034.676761848154,bias0_d0.8_mss1_fvg0_hall
2024-10-09 00:33:00,1,20081.443,20078.91942211571,bias0_d0.8_mss1_fvg0_hall
2024-10-09 00:43:00,1,20080.06,20077.716479839342,bias0_d0.8_mss1_fvg0_hall
2024-10-09 01:45:00,-1,20082.626,20092.865712478644,bias0_d0.8_mss1_fvg0_hall
2024-10-09 02:00:00,-1,20082.6435,20089.12877383245,bias0_d0.8_mss1_fvg0_hall
2024-10-09 05:29:00,-1,20050.354,20052.819815493676,bias0_d0.8_mss1_fvg0_hall
2024-10-09 05:52:00,-1,20048.847999999998,20055.400634185997,bias0_d0.8_mss1_fvg0_hall
2024-10-09 07:05:00,1,20035.509,20029.896718055366,bias0_d0.8_mss1_fvg0_hall
2024-10-09 12:41:00,-1,20077.7985,20082.979239665765,bias0_d0.8_mss1_fvg0_hall
2024-10-09 16:50:00,-1,20224.091500000002,20231.749364036234,bias0_d0.8_mss1_fvg0_hall
2024-10-09 17:31:00,1,20225.92,20215.65901857727,bias0_d0.8_mss1_fvg0_hall
2024-10-09 17:50:00,-1,20220.8255,20233.28397573255,bias0_d0.8_mss1_fvg0_hall
2024-10-09 22:41:00,1,20254.931,20253.025233515742,bias0_d0.8_mss1_fvg0_hall
2024-10-10 05:49:00,-1,20270.115,20274.33811704466,bias0_d0.8_mss1_fvg0_hall
2024-10-10 11:50:00,1,20237.093,20232.01865523566,bias0_d0.8_mss1_fvg0_hall
2024-10-10 13:31:00,1,20171.22,20148.758079709543,bias0_d0.8_mss1_fvg0_hall
2024-10-10 22:43:00,1,20250.354,20246.136400114432,bias0_d0.8_mss1_fvg0_hall
2024-10-11 03:40:00,1,20272.6155,20266.868095637506,bias0_d0.8_mss1_fvg0_hall
2024-10-11 06:33:00,-1,20245.4815,20249.55017397051,bias0_d0.8_mss1_fvg0_hall
2024-10-11 06:53:00,1,20233.404,20229.570263659283,bias0_d0.8_mss1_fvg0_hall
2024-10-11 10:12:00,1,20188.4865,20181.746465722405,bias0_d0.8_mss1_fvg0_hall
2024-10-11 10:47:00,1,20200.470500000003,20189.179241657293,bias0_d0.8_mss1_fvg0_hall
2024-10-11 11:09:00,-1,20200.665,20203.67633567972,bias0_d0.8_mss1_fvg0_hall
2024-10-14 08:06:00,1,20283.905,20278.784303578177,bias0_d0.8_mss1_fvg0_hall
2024-10-14 13:32:00,1,20374.141499999998,20363.657798285796,bias0_d0.8_mss1_fvg0_hall
2024-10-14 13:32:00,1,20387.749499999998,20373.906698408242,bias0_d0.8_mss1_fvg0_hall
2024-10-14 23:57:00,-1,20453.57,20458.30735609555,bias0_d0.8_mss1_fvg0_hall
2024-10-14 23:57:00,-1,20453.57,20457.389044945867,bias0_d0.8_mss1_fvg0_hall
2024-10-14 23:57:00,-1,20453.57,20457.911438164017,bias0_d0.8_mss1_fvg0_hall
2024-10-15 02:09:00,-1,20452.3475,20454.92958627981,bias0_d0.8_mss1_fvg0_hall
2024-10-15 07:33:00,1,20419.1095,20411.238760689357,bias0_d0.8_mss1_fvg0_hall
2024-10-15 09:52:00,1,20401.354,20397.252945832035,bias0_d0.8_mss1_fvg0_hall
2024-10-15 17:10:00,-1,20197.881,20214.52601259123,bias0_d0.8_mss1_fvg0_hall
2024-10-15 18:21:00,1,20188.8085,20169.246584270997,bias0_d0.8_mss1_fvg0_hall
2024-10-16 01:39:00,1,20181.165,20177.438096394977,bias0_d0.8_mss1_fvg0_hall
2024-10-16 03:37:00,-1,20204.786500000002,20207.868582859894,bias0_d0.8_mss1_fvg0_hall
2024-10-16 05:54:00,-1,20216.1875,20218.74668314762,bias0_d0.8_mss1_fvg0_hall
2024-10-16 05:54:00,-1,20216.1875,20221.24237318707,bias0_d0.8_mss1_fvg0_hall
2024-10-16 11:05:00,-1,20189.214999999997,20193.142796729768,bias0_d0.8_mss1_fvg0_hall
2024-10-16 11:05:00,-1,20185.231,20190.629550534784,bias0_d0.8_mss1_fvg0_hall
2024-10-16 15:10:00,1,20107.41,20090.51271299235,bias0_d0.8_mss1_fvg0_hall
2024-10-17 02:22:00,1,20139.108500000002,20137.24136726854,bias0_d0.8_mss1_fvg0_hall
2024-10-17 07:26:00,1,20239.536500000002,20230.089596548238,bias0_d0.8_mss1_fvg0_hall
2024-10-17 19:03:00,-1,20249.648,20254.46300026882,bias0_d0.8_mss1_fvg0_hall
2024-10-18 02:01:00,1,20218.07,20212.369845863464,bias0_d0.8_mss1_fvg0_hall
2024-10-18 04:56:00,-1,20209.2765,20215.658722871212,bias0_d0.8_mss1_fvg0_hall
2024-10-18 07:45:00,-1,20265.891499999998,20276.977306016528,bias0_d0.8_mss1_fvg0_hall
2024-10-18 07:45:00,-1,20265.891499999998,20273.520809158203,bias0_d0.8_mss1_fvg0_hall
2024-10-18 08:24:00,-1,20296.065,20298.71924514863,bias0_d0.8_mss1_fvg0_hall
2024-10-18 19:55:00,1,20306.898999999998,20298.84339833892,bias0_d0.8_mss1_fvg0_hall
2024-10-21 10:31:00,1,20263.186999999998,20256.742277711142,bias0_d0.8_mss1_fvg0_hall
2024-10-21 10:31:00,1,20263.186999999998,20256.332897160344,bias0_d0.8_mss1_fvg0_hall
2024-10-21 10:31:00,1,20263.186999999998,20256.87791164889,bias0_d0.8_mss1_fvg0_hall
2024-10-21 23:29:00,1,20359.459499999997,20356.555881205994,bias0_d0.8_mss1_fvg0_hall
2024-10-22 01:39:00,-1,20313.588,20317.804173935187,bias0_d0.8_mss1_fvg0_hall
2024-10-22 06:29:00,-1,20291.375500000002,20298.435952936754,bias0_d0.8_mss1_fvg0_hall
2024-10-22 08:29:00,-1,20306.6375,20316.654915098705,bias0_d0.8_mss1_fvg0_hall
2024-10-22 08:29:00,-1,20306.6375,20312.919167591655,bias0_d0.8_mss1_fvg0_hall
2024-10-22 10:26:00,-1,20244.587,20253.1198726215,bias0_d0.8_mss1_fvg0_hall
2024-10-22 15:55:00,1,20325.881,20310.829005407722,bias0_d0.8_mss1_fvg0_hall
2024-10-22 19:47:00,1,20393.480499999998,20383.602966255654,bias0_d0.8_mss1_fvg0_hall
2024-10-22 23:00:00,1,20346.548,20343.489591539426,bias0_d0.8_mss1_fvg0_hall
2024-10-23 00:30:00,-1,20362.7265,20364.306329845578,bias0_d0.8_mss1_fvg0_hall
2024-10-23 02:05:00,-1,20352.637000000002,20355.57239219796,bias0_d0.8_mss1_fvg0_hall
2024-10-23 02:11:00,1,20349.398,20344.902571298004,bias0_d0.8_mss1_fvg0_hall
2024-10-23 22:56:00,1,20137.815000000002,20131.659126059505,bias0_d0.8_mss1_fvg0_hall
2024-10-24 00:23:00,1,20135.7635,20129.60822674055,bias0_d0.8_mss1_fvg0_hall
2024-10-24 02:48:00,1,20174.4145,20171.682553054743,bias0_d0.8_mss1_fvg0_hall
2024-10-24 06:00:00,1,20177.091500000002,20174.333117617898,bias0_d0.8_mss1_fvg0_hall
2024-10-24 07:03:00,1,20174.502500000002,20167.321794297524,bias0_d0.8_mss1_fvg0_hall
2024-10-24 10:14:00,1,20230.631999999998,20223.670790645152,bias0_d0.8_mss1_fvg0_hall
2024-10-24 19:10:00,1,20209.014499999997,20199.508887708085,bias0_d0.8_mss1_fvg0_hall
2024-10-25 03:31:00,-1,20243.2215,20245.98748221442,bias0_d0.8_mss1_fvg0_hall
2024-10-25 05:18:00,1,20226.6755,20224.64477193218,bias0_d0.8_mss1_fvg0_hall
2024-10-25 07:00:00,1,20245.1695,20240.853673020687,bias0_d0.8_mss1_fvg0_hall
2024-10-25 10:55:00,-1,20294.765,20299.510584066662,bias0_d0.8_mss1_fvg0_hall
2024-10-28 01:35:00,-1,20495.104,20499.70745006454,bias0_d0.8_mss1_fvg0_hall
2024-10-28 02:05:00,1,20479.631999999998,20475.428851303936,bias0_d0.8_mss1_fvg0_hall
2024-10-28 03:03:00,1,20483.765,20478.566969699463,bias0_d0.8_mss1_fvg0_hall
2024-10-28 08:02:00,-1,20487.542,20498.872775219268,bias0_d0.8_mss1_fvg0_hall
2024-10-28 09:05:00,-1,20513.4985,20523.292593818485,bias0_d0.8_mss1_fvg0_hall
2024-10-28 09:05:00,-1,20513.4985,20524.415465688595,bias0_d0.8_mss1_fvg0_hall
2024-10-28 09:05:00,-1,20513.4985,20521.70007171084,bias0_d0.8_mss1_fvg0_hall
2024-10-28 09:50:00,1,20517.675,20509.33562255025,bias0_d0.8_mss1_fvg0_hall
2024-10-28 14:34:00,-1,20449.735999999997,20456.50939077914,bias0_d0.8_mss1_fvg0_hall
2024-10-28 18:26:00,1,20392.654000000002,20383.563607734533,bias0_d0.8_mss1_fvg0_hall
2024-10-29 12:52:00,1,20352.648,20345.79227249106,bias0_d0.8_mss1_fvg0_hall
2024-10-29 12:52:00,1,20352.648,20345.95797908668,bias0_d0.8_mss1_fvg0_hall
2024-10-29 18:19:00,1,20524.631500000003,20517.899594726638,bias0_d0.8_mss1_fvg0_hall
2024-10-30 08:02:00,1,20611.7585,20602.566597034805,bias0_d0.8_mss1_fvg0_hall
2024-10-30 10:49:00,1,20590.247000000003,20579.411972859634,bias0_d0.8_mss1_fvg0_hall
2024-10-30 16:09:00,-1,20531.5095,20542.121894952907,bias0_d0.8_mss1_fvg0_hall
2024-10-30 16:09:00,-1,20531.5095,20545.213931027698,bias0_d0.8_mss1_fvg0_hall
2024-10-30 22:29:00,1,20298.631,20290.75041996263,bias0_d0.8_mss1_fvg0_hall
2024-10-30 23:05:00,1,20298.2595,20289.8343194717,bias0_d0.8_mss1_fvg0_hall
2024-10-30 23:16:00,1,20299.453500000003,20294.10986687682,bias0_d0.8_mss1_fvg0_hall
2024-10-31 05:12:00,-1,20267.071,20272.852211325695,bias0_d0.8_mss1_fvg0_hall
2024-10-31 05:12:00,-1,20267.071,20273.17240694529,bias0_d0.8_mss1_fvg0_hall
2024-10-31 05:56:00,-1,20255.839,20260.691848711507,bias0_d0.8_mss1_fvg0_hall
2024-10-31 12:37:00,-1,20255.4255,20265.452030221677,bias0_d0.8_mss1_fvg0_hall
2024-11-01 05:51:00,-1,19994.498,20001.964898941667,bias0_d0.8_mss1_fvg0_hall
2024-11-01 12:27:00,-1,19984.597999999998,19995.18182754298,bias0_d0.8_mss1_fvg0_hall
2024-11-01 12:32:00,1,19996.502999999997,19982.89446292596,bias0_d0.8_mss1_fvg0_hall
2024-11-01 18:23:00,1,20035.0925,20004.425295723748,bias0_d0.8_mss1_fvg0_hall
2024-11-01 18:23:00,1,20035.0925,20008.67298174348,bias0_d0.8_mss1_fvg0_hall
2024-11-04 04:24:00,1,20099.4655,20095.61069000696,bias0_d0.8_mss1_fvg0_hall
2024-11-04 07:04:00,-1,20118.9485,20122.74536805826,bias0_d0.8_mss1_fvg0_hall
2024-11-04 07:04:00,-1,20118.9485,20122.892483427782,bias0_d0.8_mss1_fvg0_hall
2024-11-04 08:15:00,1,20062.521,20044.537412698468,bias0_d0.8_mss1_fvg0_hall
2024-11-04 08:15:00,1,20062.521,20054.951815362863,bias0_d0.8_mss1_fvg0_hall
2024-11-05 00:50:00,1,19966.0095,19957.00851224325,bias0_d0.8_mss1_fvg0_hall
2024-11-05 03:20:00,1,19982.782,19978.974165757376,bias0_d0.8_mss1_fvg0_hall
2024-11-05 03:49:00,1,19983.5645,19980.681658191108,bias0_d0.8_mss1_fvg0_hall
2024-11-05 07:55:00,1,20000.904000000002,19997.411623233107,bias0_d0.8_mss1_fvg0_hall
2024-11-06 01:35:00,-1,20286.525,20301.280489064044,bias0_d0.8_mss1_fvg0_hall
2024-11-06 04:13:00,1,20463.958,20452.197860377513,bias0_d0.8_mss1_fvg0_hall
2024-11-06 12:44:00,1,20558.5585,20546.536881335513,bias0_d0.8_mss1_fvg0_hall
2024-11-06 14:01:00,-1,20566.1315,20580.583474796633,bias0_d0.8_mss1_fvg0_hall
2024-11-06 14:25:00,1,20553.676,20538.030475268828,bias0_d0.8_mss1_fvg0_hall
2024-11-06 14:25:00,1,20553.676,20534.315486583837,bias0_d0.8_mss1_fvg0_hall
2024-11-06 17:28:00,1,20673.832000000002,20665.541605029655,bias0_d0.8_mss1_fvg0_hall
2024-11-06 17:45:00,1,20675.653,20667.08871004888,bias0_d0.8_mss1_fvg0_hall
2024-11-07 00:22:00,-1,20774.576999999997,20785.132185064875,bias0_d0.8_mss1_fvg0_hall
2024-11-07 01:12:00,1,20752.582000000002,20742.166847677574,bias0_d0.8_mss1_fvg0_hall
2024-11-07 08:06:00,1,20801.3695,20795.996497301243,bias0_d0.8_mss1_fvg0_hall
2024-11-07 10:06:00,1,20819.792999999998,20813.312730861955,bias0_d0.8_mss1_fvg0_hall
2024-11-07 11:03:00,-1,20816.932,20821.580479949807,bias0_d0.8_mss1_fvg0_hall
2024-11-07 15:36:00,1,20981.8925,20969.622269625663,bias0_d0.8_mss1_fvg0_hall
2024-11-07 17:33:00,-1,21056.525999999998,21072.251013145327,bias0_d0.8_mss1_fvg0_hall
2024-11-07 18:50:00,1,21051.975,21031.528777817126,bias0_d0.8_mss1_fvg0_hall
2024-11-08 01:06:00,1,21105.4195,21101.79993459278,bias0_d0.8_mss1_fvg0_hall
2024-11-08 05:30:00,1,21113.542,21109.120193228955,bias0_d0.8_mss1_fvg0_hall
2024-11-08 07:24:00,1,21115.626,21107.737851345984,bias0_d0.8_mss1_fvg0_hall
2024-11-08 09:10:00,1,21116.1425,21111.540988810437,bias0_d0.8_mss1_fvg0_hall
2024-11-08 12:29:00,1,21044.964500000002,21041.18038180138,bias0_d0.8_mss1_fvg0_hall
2024-11-08 15:04:00,-1,21092.631999999998,21110.747176343393,bias0_d0.8_mss1_fvg0_hall
2024-11-08 20:25:00,1,21110.5085,21102.18923188517,bias0_d0.8_mss1_fvg0_hall
2024-11-11 00:05:00,-1,21191.8645,21198.813175155025,bias0_d0.8_mss1_fvg0_hall
2024-11-11 16:28:00,-1,21114.931,21123.890290577765,bias0_d0.8_mss1_fvg0_hall
2024-11-11 19:34:00,1,21054.676,21045.790351220134,bias0_d0.8_mss1_fvg0_hall
2024-11-12 04:19:00,1,21097.2705,21095.452206623228,bias0_d0.8_mss1_fvg0_hall
2024-11-12 04:19:00,1,21102.675,21098.172938293,bias0_d0.8_mss1_fvg0_hall
2024-11-12 08:07:00,1,21105.015,21093.838103355818,bias0_d0.8_mss1_fvg0_hall
2024-11-12 08:40:00,1,21104.054,21092.388540566248,bias0_d0.8_mss1_fvg0_hall
2024-11-12 14:35:00,1,21088.942,21073.733384061037,bias0_d0.8_mss1_fvg0_hall
2024-11-12 14:35:00,1,21096.120499999997,21084.31996734239,bias0_d0.8_mss1_fvg0_hall
2024-11-12 15:03:00,-1,21120.0645,21138.062247083166,bias0_d0.8_mss1_fvg0_hall
2024-11-13 01:38:00,-1,21041.2045,21046.90199622907,bias0_d0.8_mss1_fvg0_hall
2024-11-13 01:38:00,-1,21041.2045,21048.161496498422,bias0_d0.8_mss1_fvg0_hall
2024-11-13 07:18:00,1,21009.6485,21005.328921026212,bias0_d0.8_mss1_fvg0_hall
2024-11-13 10:02:00,-1,21065.326,21074.620201459562,bias0_d0.8_mss1_fvg0_hall
2024-11-13 18:40:00,-1,21115.0535,21129.330921512876,bias0_d0.8_mss1_fvg0_hall
2024-11-13 20:35:00,1,21073.9415,21055.194024011707,bias0_d0.8_mss1_fvg0_hall
2024-11-13 20:35:00,1,21073.9415,21055.45857586801,bias0_d0.8_mss1_fvg0_hall
2024-11-14 04:04:00,1,21015.203,21012.841695929987,bias0_d0.8_mss1_fvg0_hall
2024-11-14 10:06:00,-1,21045.898,21050.427869158833,bias0_d0.8_mss1_fvg0_hall
2024-11-14 11:19:00,1,21054.459499999997,21050.561311236946,bias0_d0.8_mss1_fvg0_hall
2024-11-14 12:03:00,-1,21065.3095,21069.80001420357,bias0_d0.8_mss1_fvg0_hall
2024-11-14 12:03:00,-1,21065.3095,21070.252685971445,bias0_d0.8_mss1_fvg0_hall
2024-11-14 12:03:00,-1,21061.231,21068.554826259202,bias0_d0.8_mss1_fvg0_hall
2024-11-14 13:30:00,-1,21051.965,21063.424177812052,bias0_d0.8_mss1_fvg0_hall
2024-11-14 20:32:00,-1,20902.904000000002,20932.203843065137,bias0_d0.8_mss1_fvg0_hall
2024-11-14 20:32:00,-1,20902.904000000002,20925.367368560484,bias0_d0.8_mss1_fvg0_hall
2024-11-15 00:21:00,-1,20841.0585,20850.91152212135,bias0_d0.8_mss1_fvg0_hall
2024-11-15 00:21:00,-1,20841.0585,20851.291538398396,bias0_d0.8_mss1_fvg0_hall
2024-11-15 08:00:00,1,20739.7425,20734.619310493177,bias0_d0.8_mss1_fvg0_hall
2024-11-15 08:00:00,1,20739.7425,20734.241734812997,bias0_d0.8_mss1_fvg0_hall
2024-11-15 08:00:00,1,20746.0755,20737.515912160186,bias0_d0.8_mss1_fvg0_hall
2024-11-15 17:44:00,1,20396.171000000002,20380.05971693889,bias0_d0.8_mss1_fvg0_hall
2024-11-15 17:50:00,-1,20403.976000000002,20409.566721355422,bias0_d0.8_mss1_fvg0_hall
2024-11-15 17:50:00,-1,20381.870499999997,20402.61601268718,bias0_d0.8_mss1_fvg0_hall
2024-11-18 02:36:00,1,20523.4375,20517.360685410506,bias0_d0.8_mss1_fvg0_hall
2024-11-18 12:38:00,1,20463.537,20458.93437733369,bias0_d0.8_mss1_fvg0_hall
2024-11-18 17:42:00,-1,20559.786999999997,20570.160844633316,bias0_d0.8_mss1_fvg0_hall
2024-11-18 17:42:00,-1,20559.786999999997,20569.66784501665,bias0_d0.8_mss1_fvg0_hall
2024-11-19 03:51:00,1,20581.502999999997,20577.868818766023,bias0_d0.8_mss1_fvg0_hall
2024-11-19 07:56:00,-1,20579.5475,20583.270590148346,bias0_d0.8_mss1_fvg0_hall
2024-11-19 07:56:00,-1,20579.5475,20582.84880156632,bias0_d0.8_mss1_fvg0_hall
2024-11-19 08:00:00,1,20577.964,20575.063159132216,bias0_d0.8_mss1_fvg0_hall
2024-11-19 17:21:00,-1,20587.5645,20599.749952179107,bias0_d0.8_mss1_fvg0_hall
2024-11-19 17:21:00,-1,20587.5645,20599.262544880603,bias0_d0.8_mss1_fvg0_hall
2024-11-19 20:24:00,-1,20651.8035,20659.89875782473,bias0_d0.8_mss1_fvg0_hall
2024-11-20 01:30:00,1,20718.754,20714.16039894775,bias0_d0.8_mss1_fvg0_hall
2024-11-20 01:38:00,1,20721.021500000003,20713.98659260336,bias0_d0.8_mss1_fvg0_hall
2024-11-20 04:56:00,1,20708.321,20705.950345235302,bias0_d0.8_mss1_fvg0_hall
2024-11-20 04:56:00,1,20708.321,20706.297552718494,bias0_d0.8_mss1_fvg0_hall
2024-11-20 08:52:00,1,20723.3265,20714.627175606827,bias0_d0.8_mss1_fvg0_hall
2024-11-20 18:19:00,-1,20528.714500000002,20541.76546770894,bias0_d0.8_mss1_fvg0_hall
2024-11-21 10:05:00,1,20570.499,20546.175702686614,bias0_d0.8_mss1_fvg0_hall
2024-11-21 14:33:00,-1,20795.347,20823.508988356425,bias0_d0.8_mss1_fvg0_hall
2024-11-21 19:23:00,1,20727.3425,20708.632202999946,bias0_d0.8_mss1_fvg0_hall
2024-11-21 19:23:00,1,20727.3425,20713.631599214237,bias0_d0.8_mss1_fvg0_hall
2024-11-21 23:39:00,-1,20721.2365,20727.01201727146,bias0_d0.8_mss1_fvg0_hall
2024-11-22 00:33:00,-1,20702.126,20708.795787576273,bias0_d0.8_mss1_fvg0_hall
2024-11-22 01:51:00,1,20721.759,20714.28210977164,bias0_d0.8_mss1_fvg0_hall
2024-11-22 11:12:00,-1,20666.37,20676.79555107119,bias0_d0.8_mss1_fvg0_hall
2024-11-22 14:32:00,1,20701.121,20690.503585912676,bias0_d0.8_mss1_fvg0_hall
2024-11-22 15:28:00,-1,20695.587,20719.327080520143,bias0_d0.8_mss1_fvg0_hall
2024-11-22 20:47:00,1,20742.893,20736.470100239436,bias0_d0.8_mss1_fvg0_hall
2024-11-24 23:59:00,-1,20864.409,20869.773005916417,bias0_d0.8_mss1_fvg0_hall
2024-11-25 05:17:00,-1,20887.353499999997,20890.86788927611,bias0_d0.8_mss1_fvg0_hall
2024-11-25 20:46:00,-1,20790.2805,20795.65312920008,bias0_d0.8_mss1_fvg0_hall
2024-11-26 06:23:00,1,20823.654,20817.53120644011,bias0_d0.8_mss1_fvg0_hall
2024-11-26 06:27:00,-1,20823.066,20826.607061793984,bias0_d0.8_mss1_fvg0_hall
2024-11-26 06:27:00,-1,20819.515,20825.0346288087,bias0_d0.8_mss1_fvg0_hall
2024-11-26 06:27:00,-1,20819.515,20826.20234460808,bias0_d0.8_mss1_fvg0_hall
2024-11-26 12:57:00,-1,20873.5315,20878.57929508844,bias0_d0.8_mss1_fvg0_hall
2024-11-26 13:02:00,-1,20870.892,20881.443086644686,bias0_d0.8_mss1_fvg0_hall
2024-11-26 13:32:00,1,20856.154000000002,20848.465279855725,bias0_d0.8_mss1_fvg0_hall
2024-11-26 13:32:00,1,20856.154000000002,20851.192077723175,bias0_d0.8_mss1_fvg0_hall
2024-11-26 16:02:00,1,20892.7035,20871.99496233382,bias0_d0.8_mss1_fvg0_hall
2024-11-26 18:41:00,1,20889.448,20873.76208400451,bias0_d0.8_mss1_fvg0_hall
2024-11-26 19:06:00,-1,20898.497499999998,20905.96042200686,bias0_d0.8_mss1_fvg0_hall
2024-11-27 00:52:00,1,20901.720999999998,20898.951905238122,bias0_d0.8_mss1_fvg0_hall
2024-11-27 07:05:00,1,20894.781,20892.054681105714,bias0_d0.8_mss1_fvg0_hall
2024-11-28 01:21:00,-1,20785.125500000002,20787.772827521138,bias0_d0.8_mss1_fvg0_hall
2024-11-28 01:45:00,1,20781.137,20777.994967202736,bias0_d0.8_mss1_fvg0_hall
2024-11-28 07:47:00,1,20793.1305,20791.312876281187,bias0_d0.8_mss1_fvg0_hall
2024-11-28 08:00:00,1,20799.292999999998,20797.035556578325,bias0_d0.8_mss1_fvg0_hall
2024-11-28 10:03:00,-1,20793.686999999998,20796.876134665108,bias0_d0.8_mss1_fvg0_hall
2024-11-28 10:03:00,-1,20793.686999999998,20797.3786286176,bias0_d0.8_mss1_fvg0_hall
2024-11-28 10:03:00,-1,20793.686999999998,20796.722430144917,bias0_d0.8_mss1_fvg0_hall
2024-11-29 08:44:00,-1,20836.637,20844.77339684683,bias0_d0.8_mss1_fvg0_hall
2024-12-02 05:05:00,1,20898.631,20894.455520614752,bias0_d0.8_mss1_fvg0_hall
2024-12-02 05:04:00,1,20898.631,20894.38286557084,bias0_d0.8_mss1_fvg0_hall
2024-12-03 06:44:00,-1,21171.243000000002,21173.674529990654,bias0_d0.8_mss1_fvg0_hall
2024-12-03 08:01:00,1,21170.515,21164.48068747653,bias0_d0.8_mss1_fvg0_hall
2024-12-03 08:52:00,-1,21163.548499999997,21165.96435580796,bias0_d0.8_mss1_fvg0_hall
2024-12-03 10:03:00,-1,21158.1315,21160.53948466927,bias0_d0.8_mss1_fvg0_hall
2024-12-03 14:34:00,1,21100.27,21088.817764563017,bias0_d0.8_mss1_fvg0_hall
2024-12-03 14:34:00,1,21115.693,21079.474531379947,bias0_d0.8_mss1_fvg0_hall
2024-12-03 15:58:00,1,21128.4315,21109.96205182349,bias0_d0.8_mss1_fvg0_hall
2024-12-03 15:58:00,1,21128.4315,21115.831862407525,bias0_d0.8_mss1_fvg0_hall
2024-12-04 08:00:00,1,21298.7305,21291.74935153492,bias0_d0.8_mss1_fvg0_hall
2024-12-04 10:13:00,-1,21342.876,21347.21887191359,bias0_d0.8_mss1_fvg0_hall
2024-12-04 10:13:00,-1,21342.876,21346.55692391976,bias0_d0.8_mss1_fvg0_hall
2024-12-04 17:24:00,1,21426.2975,21413.703698839152,bias0_d0.8_mss1_fvg0_hall
2024-12-05 03:35:00,-1,21460.209000000003,21462.132811495707,bias0_d0.8_mss1_fvg0_hall
2024-12-05 03:35:00,-1,21460.209000000003,21461.828160674584,bias0_d0.8_mss1_fvg0_hall
2024-12-05 10:45:00,-1,21459.2425,21462.414065840283,bias0_d0.8_mss1_fvg0_hall
2024-12-05 13:29:00,1,21471.735999999997,21467.424260926397,bias0_d0.8_mss1_fvg0_hall
2024-12-05 14:31:00,1,21483.2085,21467.0270388132,bias0_d0.8_mss1_fvg0_hall
2024-12-05 15:48:00,-1,21471.324999999997,21481.155673264297,bias0_d0.8_mss1_fvg0_hall
2024-12-05 19:09:00,1,21436.9525,21421.902164503168,bias0_d0.8_mss1_fvg0_hall
2024-12-06 00:42:00,1,21404.8105,21401.232935397686,bias0_d0.8_mss1_fvg0_hall
2024-12-06 03:15:00,-1,21427.2105,21430.106046968747,bias0_d0.8_mss1_fvg0_hall
2024-12-06 03:15:00,-1,21427.2105,21430.531178440353,bias0_d0.8_mss1_fvg0_hall
2024-12-06 07:24:00,-1,21433.815499999997,21436.425749693375,bias0_d0.8_mss1_fvg0_hall
2024-12-06 07:47:00,1,21429.321,21426.89225716415,bias0_d0.8_mss1_fvg0_hall
2024-12-06 09:51:00,-1,21429.014499999997,21430.14544890013,bias0_d0.8_mss1_fvg0_hall
2024-12-06 14:29:00,-1,21455.8425,21469.157505567877,bias0_d0.8_mss1_fvg0_hall
2024-12-06 14:29:00,-1,21455.8425,21466.925448027312,bias0_d0.8_mss1_fvg0_hall
2024-12-06 16:08:00,-1,21575.092,21585.38797058494,bias0_d0.8_mss1_fvg0_hall
2024-12-06 17:09:00,1,21563.7375,21554.45690993132,bias0_d0.8_mss1_fvg0_hall
2024-12-06 17:09:00,1,21563.7375,21556.068669936227,bias0_d0.8_mss1_fvg0_hall
2024-12-06 21:04:00,-1,21599.66,21615.740820305396,bias0_d0.8_mss1_fvg0_hall
2024-12-09 08:37:00,1,21646.621,21639.423055456446,bias0_d0.8_mss1_fvg0_hall
2024-12-09 08:57:00,1,21652.364999999998,21648.75062330996,bias0_d0.8_mss1_fvg0_hall
2024-12-09 09:00:00,-1,21650.72,21661.120325752803,bias0_d0.8_mss1_fvg0_hall
2024-12-09 13:50:00,-1,21578.931,21583.914418753884,bias0_d0.8_mss1_fvg0_hall
2024-12-09 17:05:00,-1,21470.665,21482.464565834154,bias0_d0.8_mss1_fvg0_hall
2024-12-09 17:57:00,-1,21473.214500000002,21480.264685454746,bias0_d0.8_mss1_fvg0_hall
2024-12-09 20:45:00,-1,21413.5585,21424.204732452145,bias0_d0.8_mss1_fvg0_hall
2024-12-09 20:50:00,1,21415.96,21406.490050054097,bias0_d0.8_mss1_fvg0_hall
2024-12-09 20:50:00,1,21415.96,21403.652680913994,bias0_d0.8_mss1_fvg0_hall
2024-12-10 00:30:00,1,21428.509,21423.649895893763,bias0_d0.8_mss1_fvg0_hall
2024-12-10 03:24:00,1,21430.442000000003,21426.82441035059,bias0_d0.8_mss1_fvg0_hall
2024-12-10 08:34:00,1,21414.298000000003,21409.027722929128,bias0_d0.8_mss1_fvg0_hall
2024-12-10 17:12:00,-1,21435.338,21453.10782574999,bias0_d0.8_mss1_fvg0_hall
2024-12-10 17:12:00,-1,21435.338,21453.661061998715,bias0_d0.8_mss1_fvg0_hall
2024-12-11 08:53:00,-1,21400.648,21405.610596332972,bias0_d0.8_mss1_fvg0_hall
2024-12-11 10:49:00,1,21402.059,21398.14250097467,bias0_d0.8_mss1_fvg0_hall
2024-12-11 10:49:00,1,21402.059,21398.84557947648,bias0_d0.8_mss1_fvg0_hall
2024-12-11 12:33:00,-1,21400.91,21407.46504415168,bias0_d0.8_mss1_fvg0_hall
2024-12-11 17:31:00,-1,21731.658499999998,21745.83102575544,bias0_d0.8_mss1_fvg0_hall
2024-12-12 05:40:00,-1,21725.143,21726.277863748757,bias0_d0.8_mss1_fvg0_hall
2024-12-12 05:45:00,1,21722.9925,21722.341410256555,bias0_d0.8_mss1_fvg0_hall
2024-12-12 07:05:00,1,21723.0145,21719.852667164523,bias0_d0.8_mss1_fvg0_hall
2024-12-12 07:05:00,1,21723.0145,21720.492262367057,bias0_d0.8_mss1_fvg0_hall
2024-12-12 08:30:00,-1,21726.937,21735.909411459303,bias0_d0.8_mss1_fvg0_hall
2024-12-12 11:08:00,-1,21705.815000000002,21713.507338426036,bias0_d0.8_mss1_fvg0_hall
2024-12-12 11:08:00,-1,21705.815000000002,21712.970027775507,bias0_d0.8_mss1_fvg0_hall
2024-12-12 14:12:00,-1,21653.137000000002,21662.874656999884,bias0_d0.8_mss1_fvg0_hall
2024-12-12 18:31:00,-1,21704.798000000003,21716.241973841665,bias0_d0.8_mss1_fvg0_hall
2024-12-13 05:08:00,-1,21692.342,21694.376483120242,bias0_d0.8_mss1_fvg0_hall
2024-12-13 05:08:00,-1,21692.342,21694.904720394494,bias0_d0.8_mss1_fvg0_hall
2024-12-13 11:11:00,-1,21768.171000000002,21772.04037222614,bias0_d0.8_mss1_fvg0_hall
2024-12-13 12:04:00,1,21763.8155,21755.98678213885,bias0_d0.8_mss1_fvg0_hall
2024-12-13 16:16:00,1,21662.4265,21642.044260695875,bias0_d0.8_mss1_fvg0_hall
2024-12-16 07:33:00,-1,21786.7475,21790.612603168545,bias0_d0.8_mss1_fvg0_hall
2024-12-16 07:33:00,-1,21786.7475,21789.619167227935,bias0_d0.8_mss1_fvg0_hall
2024-12-16 12:45:00,-1,21854.8925,21863.16909893228,bias0_d0.8_mss1_fvg0_hall
2024-12-16 14:30:00,1,21867.7585,21863.73808587108,bias0_d0.8_mss1_fvg0_hall
2024-12-17 01:21:00,1,22075.782,22072.00127255262,bias0_d0.8_mss1_fvg0_hall
2024-12-17 02:43:00,1,22096.5545,22092.842540932976,bias0_d0.8_mss1_fvg0_hall
2024-12-17 02:43:00,1,22096.5545,22094.56905315139,bias0_d0.8_mss1_fvg0_hall
2024-12-17 07:34:00,-1,22079.4765,22082.98225373137,bias0_d0.8_mss1_fvg0_hall
2024-12-17 17:29:00,1,22000.175,21983.497723280772,bias0_d0.8_mss1_fvg0_hall
2024-12-17 17:28:00,1,22000.175,21985.93758590357,bias0_d0.8_mss1_fvg0_hall
2024-12-18 01:03:00,1,21961.965,21959.78510990433,bias0_d0.8_mss1_fvg0_hall
2024-12-18 13:01:00,-1,22052.109,22058.663587063602,bias0_d0.8_mss1_fvg0_hall
2024-12-19 06:33:00,-1,21178.2985,21193.085105898084,bias0_d0.8_mss1_fvg0_hall
2024-12-19 11:16:00,-1,21280.6025,21285.773397548553,bias0_d0.8_mss1_fvg0_hall
2024-12-19 11:16:00,-1,21280.6025,21286.64811915223,bias0_d0.8_mss1_fvg0_hall
2024-12-19 14:36:00,-1,21374.765,21402.527764454317,bias0_d0.8_mss1_fvg0_hall
2024-12-19 16:04:00,-1,21249.126,21276.94053103603,bias0_d0.8_mss1_fvg0_hall
2024-12-19 17:55:00,1,21177.076500000003,21151.276340975477,bias0_d0.8_mss1_fvg0_hall
2024-12-20 01:52:00,1,21003.1375,20994.602902650782,bias0_d0.8_mss1_fvg0_hall
2024-12-20 10:25:00,1,20837.0535,20828.93481292606,bias0_d0.8_mss1_fvg0_hall
2024-12-20 14:02:00,-1,20931.703,20961.413954851512,bias0_d0.8_mss1_fvg0_hall
2024-12-20 14:38:00,1,20936.109,20911.98673226023,bias0_d0.8_mss1_fvg0_hall
2024-12-20 17:59:00,-1,21505.2975,21532.30273377224,bias0_d0.8_mss1_fvg0_hall
2024-12-23 00:03:00,-1,21389.893,21395.223714558604,bias0_d0.8_mss1_fvg0_hall
2024-12-23 13:31:00,-1,21384.765,21395.624066818367,bias0_d0.8_mss1_fvg0_hall
2024-12-23 18:17:00,-1,21463.154499999997,21473.009455043455,bias0_d0.8_mss1_fvg0_hall
2024-12-23 21:03:00,-1,21482.9195,21503.72134627481,bias0_d0.8_mss1_fvg0_hall
2024-12-23 21:03:00,-1,21482.9195,21505.587196540895,bias0_d0.8_mss1_fvg0_hall
2024-12-23 21:03:00,-1,21482.9195,21504.421625359402,bias0_d0.8_mss1_fvg0_hall
2024-12-24 01:02:00,-1,21471.5145,21476.33864377315,bias0_d0.8_mss1_fvg0_hall
2024-12-24 01:01:00,-1,21471.5145,21476.145222789353,bias0_d0.8_mss1_fvg0_hall
2024-12-24 01:01:00,-1,21471.5145,21477.41390687583,bias0_d0.8_mss1_fvg0_hall
2024-12-24 02:57:00,1,21486.337,21482.12020234639,bias0_d0.8_mss1_fvg0_hall
2024-12-24 02:57:00,1,21486.337,21481.831212893074,bias0_d0.8_mss1_fvg0_hall
2024-12-24 03:41:00,1,21478.1365,21476.301487748085,bias0_d0.8_mss1_fvg0_hall
2024-12-24 07:53:00,-1,21530.1535,21536.966402478163,bias0_d0.8_mss1_fvg0_hall
2024-12-24 07:53:00,-1,21530.1535,21534.370191586866,bias0_d0.8_mss1_fvg0_hall
2024-12-24 12:09:00,-1,21521.3535,21527.522420008714,bias0_d0.8_mss1_fvg0_hall
2024-12-24 13:36:00,-1,21541.7085,21549.486886419618,bias0_d0.8_mss1_fvg0_hall
2024-12-24 13:36:00,-1,21541.7085,21544.551315961075,bias0_d0.8_mss1_fvg0_hall
2024-12-24 17:34:00,-1,21735.925,21741.987437536947,bias0_d0.8_mss1_fvg0_hall
2024-12-26 01:51:00,-1,21817.72,21820.118150365237,bias0_d0.8_mss1_fvg0_hall
2024-12-26 06:27:00,-1,21844.3865,21846.106388363245,bias0_d0.8_mss1_fvg0_hall
2024-12-26 11:14:00,-1,21691.3255,21699.168370418796,bias0_d0.8_mss1_fvg0_hall
2024-12-26 15:41:00,-1,21760.4765,21771.942878905404,bias0_d0.8_mss1_fvg0_hall
2024-12-26 20:50:00,-1,21814.887,21820.284363967578,bias0_d0.8_mss1_fvg0_hall
2024-12-26 20:50:00,-1,21814.887,21824.51563678837,bias0_d0.8_mss1_fvg0_hall
2024-12-27 02:43:00,-1,21736.8985,21741.671982770356,bias0_d0.8_mss1_fvg0_hall
2024-12-27 03:14:00,1,21732.6035,21727.310197408908,bias0_d0.8_mss1_fvg0_hall
2024-12-27 03:14:00,1,21732.6035,21728.962269022555,bias0_d0.8_mss1_fvg0_hall
2024-12-27 07:44:00,-1,21706.3655,21710.066404653964,bias0_d0.8_mss1_fvg0_hall
2024-12-30 05:12:00,-1,21465.21,21470.219551436225,bias0_d0.8_mss1_fvg0_hall
2024-12-30 08:02:00,1,21417.438000000002,21399.262387965162,bias0_d0.8_mss1_fvg0_hall
2024-12-30 09:51:00,1,21425.181,21411.33826952434,bias0_d0.8_mss1_fvg0_hall
2024-12-30 10:50:00,1,21428.153,21423.95635461029,bias0_d0.8_mss1_fvg0_hall
2024-12-30 20:16:00,1,21293.665,21281.360384441803,bias0_d0.8_mss1_fvg0_hall
2024-12-31 07:03:00,1,21168.0265,21164.7214586336,bias0_d0.8_mss1_fvg0_hall
2024-12-31 07:03:00,1,21168.0265,21163.757530658564,bias0_d0.8_mss1_fvg0_hall
2024-12-31 08:14:00,-1,21185.0655,21190.54982901189,bias0_d0.8_mss1_fvg0_hall
2024-12-31 12:06:00,1,21292.031000000003,21279.581728240784,bias0_d0.8_mss1_fvg0_hall
2024-12-31 14:36:00,-1,21258.938000000002,21276.053856146777,bias0_d0.8_mss1_fvg0_hall
2024-12-31 14:36:00,-1,21258.938000000002,21275.965916422007,bias0_d0.8_mss1_fvg0_hall
2024-12-31 20:11:00,-1,21052.775,21072.30161629986,bias0_d0.8_mss1_fvg0_hall
2025-01-01 23:35:00,-1,21091.036,21098.89906842675,bias0_d0.8_mss1_fvg0_hall
2025-01-02 03:19:00,1,21110.66,21102.02529689669,bias0_d0.8_mss1_fvg0_hall
2025-01-02 06:32:00,1,21161.3315,21154.60080952311,bias0_d0.8_mss1_fvg0_hall
2025-01-02 07:31:00,-1,21171.07,21177.299088543776,bias0_d0.8_mss1_fvg0_hall
2025-01-02 09:03:00,-1,21159.2575,21170.928793308372,bias0_d0.8_mss1_fvg0_hall
2025-01-02 09:59:00,1,21186.497499999998,21176.678907238318,bias0_d0.8_mss1_fvg0_hall
2025-01-02 13:32:00,1,21221.837,21198.541906231465,bias0_d0.8_mss1_fvg0_hall
2025-01-02 17:13:00,1,21126.4375,21085.141997409894,bias0_d0.8_mss1_fvg0_hall
2025-01-02 19:48:00,1,20888.103,20867.25968318738,bias0_d0.8_mss1_fvg0_hall
2025-01-03 02:31:00,-1,21048.603499999997,21057.809728760556,bias0_d0.8_mss1_fvg0_hall
2025-01-06 04:19:00,1,21311.953,21309.705269895083,bias0_d0.8_mss1_fvg0_hall
2025-01-06 07:10:00,1,21349.2205,21345.297670884003,bias0_d0.8_mss1_fvg0_hall
2025-01-06 07:10:00,1,21354.66,21347.09139082086,bias0_d0.8_mss1_fvg0_hall
2025-01-06 11:05:00,1,21473.9865,21452.151028256332,bias0_d0.8_mss1_fvg0_hall
2025-01-06 11:05:00,1,21473.9865,21461.954151238024,bias0_d0.8_mss1_fvg0_hall
2025-01-06 12:10:00,-1,21529.7805,21541.20893734275,bias0_d0.8_mss1_fvg0_hall
2025-01-06 13:24:00,1,21527.8475,21519.24894112567,bias0_d0.8_mss1_fvg0_hall
2025-01-06 15:10:00,-1,21618.8925,21644.82121770616,bias0_d0.8_mss1_fvg0_hall
2025-01-07 08:32:00,1,21529.703999999998,21519.89141447807,bias0_d0.8_mss1_fvg0_hall
2025-01-07 11:03:00,-1,21576.797,21583.01222882581,bias0_d0.8_mss1_fvg0_hall
2025-01-07 11:03:00,-1,21576.797,21583.865089650826,bias0_d0.8_mss1_fvg0_hall
2025-01-07 12:33:00,1,21547.121,21535.30016189599,bias0_d0.8_mss1_fvg0_hall
2025-01-07 12:33:00,1,21547.121,21540.24145033199,bias0_d0.8_mss1_fvg0_hall
2025-01-07 13:34:00,1,21560.8105,21546.410504021773,bias0_d0.8_mss1_fvg0_hall
2025-01-07 13:46:00,1,21559.1925,21552.21008307221,bias0_d0.8_mss1_fvg0_hall
2025-01-07 13:46:00,1,21559.1925,21551.758962852768,bias0_d0.8_mss1_fvg0_hall
2025-01-07 19:02:00,1,21260.4655,21247.72420560904,bias0_d0.8_mss1_fvg0_hall
2025-01-08 01:05:00,-1,21224.8705,21231.787856422307,bias0_d0.8_mss1_fvg0_hall
2025-01-08 05:38:00,1,21226.86,21222.53658965465,bias0_d0.8_mss1_fvg0_hall
2025-01-08 13:00:00,1,21102.5495,21064.71132260069,bias0_d0.8_mss1_fvg0_hall
2025-01-08 13:00:00,1,21102.5495,21068.00954241493,bias0_d0.8_mss1_fvg0_hall
2025-01-08 14:34:00,1,21158.681,21132.673652153688,bias0_d0.8_mss1_fvg0_hall
2025-01-08 14:34:00,1,21164.447,21136.331373428427,bias0_d0.8_mss1_fvg0_hall
2025-01-08 14:53:00,-1,21153.6995,21197.646110434987,bias0_d0.8_mss1_fvg0_hall
2025-01-08 19:34:00,-1,21216.231,21237.120575766014,bias0_d0.8_mss1_fvg0_hall
2025-01-08 20:34:00,-1,21160.0425,21174.539186656602,bias0_d0.8_mss1_fvg0_hall
2025-01-08 20:54:00,1,21165.9755,21147.963622729916,bias0_d0.8_mss1_fvg0_hall
2025-01-09 06:38:00,-1,21133.5645,21142.76603652057,bias0_d0.8_mss1_fvg0_hall
2025-01-09 06:54:00,1,21130.631,21126.203788990482,bias0_d0.8_mss1_fvg0_hall
2025-01-09 11:03:00,-1,21138.2815,21146.87744055226,bias0_d0.8_mss1_fvg0_hall
2025-01-10 04:46:00,-1,21115.676,21120.25534950265,bias0_d0.8_mss1_fvg0_hall
2025-01-10 05:06:00,1,21127.336499999998,21122.176163628206,bias0_d0.8_mss1_fvg0_hall
2025-01-10 07:33:00,1,21106.459000000003,21088.937559315953,bias0_d0.8_mss1_fvg0_hall
2025-01-10 09:44:00,-1,21110.637000000002,21113.818670352266,bias0_d0.8_mss1_fvg0_hall
2025-01-10 20:38:00,1,20847.581,20826.011840267034,bias0_d0.8_mss1_fvg0_hall
2025-01-10 20:54:00,1,20840.464500000002,20820.302144299756,bias0_d0.8_mss1_fvg0_hall
2025-01-13 00:27:00,-1,20862.8875,20869.952022385623,bias0_d0.8_mss1_fvg0_hall
2025-01-13 07:05:00,-1,20738.737500000003,20748.803992782345,bias0_d0.8_mss1_fvg0_hall
2025-01-13 12:03:00,-1,20598.965,20619.1355682436,bias0_d0.8_mss1_fvg0_hall
2025-01-13 20:24:00,-1,20739.9485,20747.125685012066,bias0_d0.8_mss1_fvg0_hall
2025-01-14 10:04:00,1,20934.7485,20926.143265271912,bias0_d0.8_mss1_fvg0_hall
2025-01-14 11:46:00,-1,20892.8485,20898.991704487238,bias0_d0.8_mss1_fvg0_hall
2025-01-14 12:07:00,-1,20880.5315,20886.42049420382,bias0_d0.8_mss1_fvg0_hall
2025-01-14 17:56:00,-1,20695.343500000003,20722.56637023986,bias0_d0.8_mss1_fvg0_hall
2025-01-14 19:29:00,-1,20833.4535,20850.281199878977,bias0_d0.8_mss1_fvg0_hall
2025-01-15 02:31:00,-1,20790.9545,20793.25600898254,bias0_d0.8_mss1_fvg0_hall
2025-01-15 02:31:00,-1,20790.9545,20794.144660551272,bias0_d0.8_mss1_fvg0_hall
2025-01-15 02:31:00,-1,20790.9545,20793.25530979761,bias0_d0.8_mss1_fvg0_hall
2025-01-15 05:21:00,-1,20785.0315,20787.969669314494,bias0_d0.8_mss1_fvg0_hall
2025-01-15 06:08:00,-1,20785.9765,20788.86249467015,bias0_d0.8_mss1_fvg0_hall
2025-01-15 13:23:00,1,20830.054,20820.875180523053,bias0_d0.8_mss1_fvg0_hall
2025-01-15 13:23:00,1,20830.054,20821.39962477141,bias0_d0.8_mss1_fvg0_hall
2025-01-15 14:37:00,-1,21098.0215,21120.77233181496,bias0_d0.8_mss1_fvg0_hall
2025-01-15 14:37:00,-1,21098.0215,21127.408225971034,bias0_d0.8_mss1_fvg0_hall
2025-01-16 04:51:00,1,21218.309999999998,21215.136120885985,bias0_d0.8_mss1_fvg0_hall
2025-01-16 04:51:00,1,21220.586,21217.225287251273,bias0_d0.8_mss1_fvg0_hall
2025-01-16 05:38:00,-1,21216.4985,21223.033985054597,bias0_d0.8_mss1_fvg0_hall
2025-01-16 12:01:00,-1,21340.6985,21351.288979360572,bias0_d0.8_mss1_fvg0_hall
2025-01-16 12:00:00,-1,21340.6985,21346.668030834815,bias0_d0.8_mss1_fvg0_hall
2025-01-17 00:47:00,-1,21085.4145,21089.202230851275,bias0_d0.8_mss1_fvg0_hall
2025-01-17 00:47:00,-1,21085.4145,21088.779721504754,bias0_d0.8_mss1_fvg0_hall
2025-01-17 06:03:00,-1,21139.02,21146.326862258233,bias0_d0.8_mss1_fvg0_hall
2025-01-17 07:02:00,-1,21135.963499999998,21139.6679789545,bias0_d0.8_mss1_fvg0_hall
2025-01-17 10:50:00,-1,21183.3865,21190.847072946406,bias0_d0.8_mss1_fvg0_hall
2025-01-17 12:19:00,1,21186.0155,21170.61434236846,bias0_d0.8_mss1_fvg0_hall
2025-01-17 15:22:00,-1,21400.715,21419.310976567194,bias0_d0.8_mss1_fvg0_hall
2025-01-17 15:22:00,-1,21400.715,21418.802128240968,bias0_d0.8_mss1_fvg0_hall
2025-01-17 15:22:00,-1,21400.715,21417.5169690809,bias0_d0.8_mss1_fvg0_hall
2025-01-20 00:36:00,1,21397.487999999998,21390.00824323346,bias0_d0.8_mss1_fvg0_hall
2025-01-20 00:36:00,1,21397.487999999998,21390.81057943107,bias0_d0.8_mss1_fvg0_hall
2025-01-20 09:02:00,1,21465.6655,21457.100551253214,bias0_d0.8_mss1_fvg0_hall
2025-01-21 00:16:00,-1,21590.5595,21596.138949449403,bias0_d0.8_mss1_fvg0_hall
2025-01-21 07:04:00,1,21445.375500000002,21438.049037353067,bias0_d0.8_mss1_fvg0_hall
2025-01-21 08:00:00,-1,21482.7585,21493.433740776945,bias0_d0.8_mss1_fvg0_hall
2025-01-21 11:36:00,1,21526.932,21513.97835934497,bias0_d0.8_mss1_fvg0_hall
2025-01-21 11:36:00,1,21526.932,21523.33005867747,bias0_d0.8_mss1_fvg0_hall
2025-01-21 16:37:00,-1,21481.709499999997,21500.11037532493,bias0_d0.8_mss1_fvg0_hall
2025-01-21 19:55:00,1,21560.381,21553.410234312916,bias0_d0.8_mss1_fvg0_hall
2025-01-21 20:26:00,1,21581.686999999998,21565.18062407189,bias0_d0.8_mss1_fvg0_hall
2025-01-21 20:54:00,1,21560.3255,21548.65170824368,bias0_d0.8_mss1_fvg0_hall
2025-01-22 02:42:00,-1,21696.769500000002,21698.649950651063,bias0_d0.8_mss1_fvg0_hall
2025-01-22 12:05:00,-1,21737.152499999997,21747.053981747893,bias0_d0.8_mss1_fvg0_hall
2025-01-23 01:34:00,-1,21811.442499999997,21814.108738543175,bias0_d0.8_mss1_fvg0_hall
2025-01-23 12:01:00,-1,21745.426,21754.299583426047,bias0_d0.8_mss1_fvg0_hall
2025-01-23 14:33:00,1,21728.737999999998,21718.201794927743,bias0_d0.8_mss1_fvg0_hall
2025-01-23 14:33:00,1,21736.393,21716.758256004334,bias0_d0.8_mss1_fvg0_hall
2025-01-23 14:33:00,1,21736.393,21724.683394861167,bias0_d0.8_mss1_fvg0_hall
2025-01-23 14:56:00,-1,21753.948,21771.10789179824,bias0_d0.8_mss1_fvg0_hall
2025-01-23 16:28:00,1,21778.965,21766.463237571897,bias0_d0.8_mss1_fvg0_hall
2025-01-23 19:57:00,1,21813.443,21801.47695229584,bias0_d0.8_mss1_fvg0_hall
2025-01-23 20:50:00,1,21820.2535,21814.44182352187,bias0_d0.8_mss1_fvg0_hall
2025-01-24 00:30:00,-1,21870.8605,21874.468776679998,bias0_d0.8_mss1_fvg0_hall
2025-01-24 03:08:00,-1,21913.1365,21917.38237365066,bias0_d0.8_mss1_fvg0_hall
2025-01-24 06:36:00,-1,21875.287,21877.627531481932,bias0_d0.8_mss1_fvg0_hall
2025-01-24 06:36:00,-1,21875.287,21877.523795067715,bias0_d0.8_mss1_fvg0_hall
2025-01-24 11:09:00,-1,21868.9875,21874.471257243622,bias0_d0.8_mss1_fvg0_hall
2025-01-24 11:09:00,-1,21868.9875,21873.69847815479,bias0_d0.8_mss1_fvg0_hall
2025-01-24 11:29:00,-1,21864.4045,21870.79338340287,bias0_d0.8_mss1_fvg0_hall
2025-01-27 07:39:00,-1,21204.836499999998,21218.457434092394,bias0_d0.8_mss1_fvg0_hall
2025-01-27 14:30:00,1,21008.8145,20974.173307188157,bias0_d0.8_mss1_fvg0_hall
2025-01-27 16:46:00,1,21113.32,21064.36544918407,bias0_d0.8_mss1_fvg0_hall
2025-01-28 02:54:00,1,21150.393,21145.822903637316,bias0_d0.8_mss1_fvg0_hall
2025-01-28 02:54:00,1,21150.393,21143.07696002401,bias0_d0.8_mss1_fvg0_hall
2025-01-28 08:06:00,-1,21211.686,21230.911528223667,bias0_d0.8_mss1_fvg0_hall
2025-01-28 11:18:00,-1,21272.037,21283.438896948683,bias0_d0.8_mss1_fvg0_hall
2025-01-28 14:31:00,-1,21155.0045,21190.069449778024,bias0_d0.8_mss1_fvg0_hall
2025-01-29 04:42:00,1,21479.2935,21474.4940578735,bias0_d0.8_mss1_fvg0_hall
2025-01-29 05:17:00,1,21475.7085,21472.179777993413,bias0_d0.8_mss1_fvg0_hall
2025-01-29 10:58:00,-1,21545.525999999998,21549.84433592456,bias0_d0.8_mss1_fvg0_hall
2025-01-29 10:58:00,-1,21545.525999999998,21550.08606192995,bias0_d0.8_mss1_fvg0_hall
2025-01-29 14:29:00,-1,21490.786999999997,21499.945764771746,bias0_d0.8_mss1_fvg0_hall
2025-01-29 15:12:00,-1,21420.982,21445.75176888768,bias0_d0.8_mss1_fvg0_hall
2025-01-29 15:12:00,-1,21420.982,21445.32122110999,bias0_d0.8_mss1_fvg0_hall
2025-01-29 15:26:00,-1,21415.231,21429.64927172682,bias0_d0.8_mss1_fvg0_hall
2025-01-29 15:25:00,-1,21415.231,21437.49449628486,bias0_d0.8_mss1_fvg0_hall
2025-01-29 16:56:00,-1,21374.813499999997,21390.757234570203,bias0_d0.8_mss1_fvg0_hall
2025-01-29 19:39:00,1,21308.371,21262.719420137135,bias0_d0.8_mss1_fvg0_hall
2025-01-30 01:07:00,1,21464.3425,21457.632736991134,bias0_d0.8_mss1_fvg0_hall
2025-01-30 13:30:00,1,21511.2035,21494.412634979322,bias0_d0.8_mss1_fvg0_hall
2025-01-30 14:17:00,-1,21536.327,21546.46217365558,bias0_d0.8_mss1_fvg0_hall
2025-01-30 14:35:00,-1,21526.7375,21550.765213842675,bias0_d0.8_mss1_fvg0_hall
2025-01-30 14:35:00,-1,21526.7375,21552.048155711054,bias0_d0.8_mss1_fvg0_hall
2025-01-30 18:02:00,-1,21424.2315,21442.523498982555,bias0_d0.8_mss1_fvg0_hall
2025-01-31 04:12:00,1,21625.209,21620.80321795667,bias0_d0.8_mss1_fvg0_hall
2025-01-31 07:06:00,1,21645.6495,21643.032079812114,bias0_d0.8_mss1_fvg0_hall
2025-01-31 08:18:00,1,21659.237500000003,21650.971583760063,bias0_d0.8_mss1_fvg0_hall
2025-01-31 10:12:00,-1,21671.1865,21675.374470389736,bias0_d0.8_mss1_fvg0_hall
2025-01-31 10:12:00,-1,21671.1865,21676.395154647613,bias0_d0.8_mss1_fvg0_hall
2025-01-31 10:51:00,-1,21675.3095,21678.067620054815,bias0_d0.8_mss1_fvg0_hall
2025-01-31 11:56:00,1,21684.898,21680.30521369996,bias0_d0.8_mss1_fvg0_hall
2025-01-31 13:30:00,-1,21674.782,21680.360866113562,bias0_d0.8_mss1_fvg0_hall
2025-01-31 13:32:00,-1,21670.586499999998,21681.512662081448,bias0_d0.8_mss1_fvg0_hall
2025-02-03 14:25:00,-1,21101.076500000003,21108.75720345569,bias0_d0.8_mss1_fvg0_hall
2025-02-03 14:25:00,-1,21101.076500000003,21110.137456780285,bias0_d0.8_mss1_fvg0_hall
2025-02-03 14:25:00,-1,21087.3035,21108.267288438838,bias0_d0.8_mss1_fvg0_hall
2025-02-03 14:31:00,1,21099.6425,21084.12650977221,bias0_d0.8_mss1_fvg0_hall
2025-02-03 14:31:00,1,21102.2705,21063.32112693134,bias0_d0.8_mss1_fvg0_hall
2025-02-03 14:31:00,1,21102.2705,21081.029592864816,bias0_d0.8_mss1_fvg0_hall
2025-02-03 16:57:00,-1,21320.620000000003,21351.077275622643,bias0_d0.8_mss1_fvg0_hall
2025-02-03 23:50:00,-1,21456.7975,21468.274236286274,bias0_d0.8_mss1_fvg0_hall
2025-02-04 04:34:00,-1,21358.792,21365.581206996645,bias0_d0.8_mss1_fvg0_hall
2025-02-04 06:10:00,-1,21245.2365,21266.252660370898,bias0_d0.8_mss1_fvg0_hall
2025-02-04 06:31:00,-1,21239.747000000003,21260.650831895015,bias0_d0.8_mss1_fvg0_hall
2025-02-04 06:31:00,-1,21239.747000000003,21256.44060104537,bias0_d0.8_mss1_fvg0_hall
2025-02-04 06:42:00,1,21230.9205,21224.94056263172,bias0_d0.8_mss1_fvg0_hall
2025-02-04 13:00:00,-1,21336.32,21349.010655218906,bias0_d0.8_mss1_fvg0_hall
2025-02-05 04:52:00,-1,21453.2155,21457.26451643978,bias0_d0.8_mss1_fvg0_hall
2025-02-05 13:21:00,1,21402.908000000003,21378.751921270454,bias0_d0.8_mss1_fvg0_hall
2025-02-05 15:03:00,-1,21477.175499999998,21497.615265306496,bias0_d0.8_mss1_fvg0_hall
2025-02-05 17:54:00,1,21596.443,21582.916130293845,bias0_d0.8_mss1_fvg0_hall
2025-02-05 17:54:00,1,21596.443,21589.45050670143,bias0_d0.8_mss1_fvg0_hall
2025-02-05 18:58:00,1,21596.413999999997,21583.59989156725,bias0_d0.8_mss1_fvg0_hall
2025-02-06 02:11:00,1,21660.759,21657.798006927744,bias0_d0.8_mss1_fvg0_hall
2025-02-06 09:05:00,1,21701.7655,21691.956000249815,bias0_d0.8_mss1_fvg0_hall
2025-02-06 13:31:00,-1,21659.7655,21671.349528299874,bias0_d0.8_mss1_fvg0_hall
2025-02-06 14:30:00,-1,21662.282,21675.054171938806,bias0_d0.8_mss1_fvg0_hall
2025-02-07 07:33:00,1,21770.1815,21763.228104528753,bias0_d0.8_mss1_fvg0_hall
2025-02-07 15:53:00,-1,21625.9145,21712.848517825383,bias0_d0.8_mss1_fvg0_hall
2025-02-07 17:38:00,1,21537.775999999998,21511.222014467436,bias0_d0.8_mss1_fvg0_hall
2025-02-07 17:51:00,-1,21563.919,21586.632844858912,bias0_d0.8_mss1_fvg0_hall
2025-02-07 17:51:00,-1,21563.919,21591.444716654707,bias0_d0.8_mss1_fvg0_hall
2025-02-10 02:52:00,-1,21586.059500000003,21588.752938384765,bias0_d0.8_mss1_fvg0_hall
2025-02-10 09:00:00,-1,21596.3525,21606.444894551434,bias0_d0.8_mss1_fvg0_hall
2025-02-10 09:04:00,1,21596.737,21590.91915485518,bias0_d0.8_mss1_fvg0_hall
2025-02-10 09:35:00,-1,21616.535499999998,21621.40096264244,bias0_d0.8_mss1_fvg0_hall
2025-02-10 14:51:00,-1,21700.2655,21713.612510602063,bias0_d0.8_mss1_fvg0_hall
2025-02-11 04:02:00,1,21682.898,21678.827839265377,bias0_d0.8_mss1_fvg0_hall
2025-02-11 04:58:00,1,21686.147,21683.683900225562,bias0_d0.8_mss1_fvg0_hall
2025-02-12 07:00:00,1,21694.2095,21690.89305631028,bias0_d0.8_mss1_fvg0_hall
2025-02-12 12:04:00,1,21698.126,21693.332490170716,bias0_d0.8_mss1_fvg0_hall
2025-02-12 12:04:00,1,21698.126,21692.38381269822,bias0_d0.8_mss1_fvg0_hall
2025-02-13 07:28:00,-1,21799.9145,21802.854637578177,bias0_d0.8_mss1_fvg0_hall
2025-02-13 10:33:00,1,21734.2765,21729.80895297088,bias0_d0.8_mss1_fvg0_hall
2025-02-14 00:00:00,1,21999.959499999997,21996.998711263303,bias0_d0.8_mss1_fvg0_hall
2025-02-14 05:21:00,1,22055.3695,22051.96432111684,bias0_d0.8_mss1_fvg0_hall
2025-02-14 13:32:00,1,22008.1915,21997.285793263734,bias0_d0.8_mss1_fvg0_hall
2025-02-14 14:35:00,-1,22034.8865,22055.52093409149,bias0_d0.8_mss1_fvg0_hall
2025-02-17 08:05:00,1,22164.514000000003,22158.39764084211,bias0_d0.8_mss1_fvg0_hall
2025-02-17 09:42:00,-1,22160.271,22168.19848189779,bias0_d0.8_mss1_fvg0_hall
2025-02-17 14:14:00,-1,22178.9365,22181.99804992074,bias0_d0.8_mss1_fvg0_hall
2025-02-17 16:33:00,-1,22169.864,22174.797769588033,bias0_d0.8_mss1_fvg0_hall
2025-02-17 16:33:00,-1,22169.864,22175.00556104603,bias0_d0.8_mss1_fvg0_hall
2025-02-19 00:35:00,1,22190.2035,22184.39735805989,bias0_d0.8_mss1_fvg0_hall
2025-02-19 01:24:00,-1,22198.5645,22204.590826833166,bias0_d0.8_mss1_fvg0_hall
2025-02-19 03:28:00,-1,22206.714500000002,22209.243234499572,bias0_d0.8_mss1_fvg0_hall
2025-02-19 14:35:00,1,22117.347999999998,22099.261476388427,bias0_d0.8_mss1_fvg0_hall
2025-02-20 03:31:00,1,22100.0155,22097.297373437395,bias0_d0.8_mss1_fvg0_hall
2025-02-20 13:59:00,1,22119.8485,22111.096418344277,bias0_d0.8_mss1_fvg0_hall
2025-02-20 14:24:00,-1,22137.5705,22143.254812781903,bias0_d0.8_mss1_fvg0_hall
2025-02-20 18:58:00,1,21975.286,21968.529398961073,bias0_d0.8_mss1_fvg0_hall
2025-02-20 20:22:00,1,22019.5195,22006.922411830765,bias0_d0.8_mss1_fvg0_hall
2025-02-21 03:30:00,-1,22081.536500000002,22084.16346839396,bias0_d0.8_mss1_fvg0_hall
2025-02-21 05:03:00,-1,22053.160499999998,22057.346494356363,bias0_d0.8_mss1_fvg0_hall
2025-02-21 05:03:00,-1,22053.160499999998,22057.68156975948,bias0_d0.8_mss1_fvg0_hall
2025-02-21 09:06:00,-1,22082.3375,22084.459011857325,bias0_d0.8_mss1_fvg0_hall
2025-02-21 13:41:00,1,22149.8645,22145.076309194923,bias0_d0.8_mss1_fvg0_hall
2025-02-21 20:31:00,-1,21637.7415,21652.10501161298,bias0_d0.8_mss1_fvg0_hall
2025-02-21 20:31:00,-1,21637.7415,21654.390007212056,bias0_d0.8_mss1_fvg0_hall
2025-02-24 02:46:00,1,21707.3815,21702.102286447367,bias0_d0.8_mss1_fvg0_hall
2025-02-24 02:46:00,1,21707.3815,21703.6485731297,bias0_d0.8_mss1_fvg0_hall
2025-02-24 11:00:00,-1,21694.6525,21709.377983124938,bias0_d0.8_mss1_fvg0_hall
2025-02-24 12:17:00,1,21684.419,21676.67337604069,bias0_d0.8_mss1_fvg0_hall
2025-02-24 15:59:00,1,21396.814,21371.07890110039,bias0_d0.8_mss1_fvg0_hall
2025-02-24 23:32:00,-1,21364.6535,21369.19023719522,bias0_d0.8_mss1_fvg0_hall
2025-02-24 23:32:00,-1,21364.6535,21370.907532677804,bias0_d0.8_mss1_fvg0_hall
2025-02-25 04:39:00,-1,21371.548,21376.172258566046,bias0_d0.8_mss1_fvg0_hall
2025-02-25 20:03:00,-1,21139.582,21155.109669519545,bias0_d0.8_mss1_fvg0_hall
2025-02-25 20:03:00,-1,21139.582,21162.499310982435,bias0_d0.8_mss1_fvg0_hall
2025-02-26 01:29:00,-1,21172.370000000003,21174.876506625602,bias0_d0.8_mss1_fvg0_hall
2025-02-26 01:29:00,-1,21167.7585,21173.539734723774,bias0_d0.8_mss1_fvg0_hall
2025-02-26 06:42:00,-1,21206.198,21209.83100720602,bias0_d0.8_mss1_fvg0_hall
2025-02-26 11:22:00,-1,21259.3485,21266.43048829668,bias0_d0.8_mss1_fvg0_hall
2025-02-26 11:22:00,-1,21259.3485,21264.964267704057,bias0_d0.8_mss1_fvg0_hall
2025-02-26 17:18:00,-1,21324.069499999998,21347.89241900481,bias0_d0.8_mss1_fvg0_hall
2025-02-27 00:08:00,-1,21150.294,21164.673271877447,bias0_d0.8_mss1_fvg0_hall
2025-02-27 02:05:00,-1,21116.715,21126.246551129057,bias0_d0.8_mss1_fvg0_hall
2025-02-27 12:50:00,-1,21310.893,21317.979183807965,bias0_d0.8_mss1_fvg0_hall
2025-02-27 13:07:00,1,21295.997499999998,21287.366388515526,bias0_d0.8_mss1_fvg0_hall
2025-02-27 13:46:00,-1,21273.109,21310.783055355718,bias0_d0.8_mss1_fvg0_hall
2025-02-27 14:39:00,-1,21302.71,21327.80811380761,bias0_d0.8_mss1_fvg0_hall
2025-02-28 03:53:00,1,20481.6095,20471.498541745743,bias0_d0.8_mss1_fvg0_hall
2025-02-28 05:55:00,-1,20577.4535,20593.315538093942,bias0_d0.8_mss1_fvg0_hall
2025-02-28 09:31:00,-1,20622.510000000002,20634.26454710313,bias0_d0.8_mss1_fvg0_hall
2025-02-28 13:08:00,-1,20575.425,20582.56177354553,bias0_d0.8_mss1_fvg0_hall
2025-02-28 13:08:00,-1,20565.671000000002,20579.92881829228,bias0_d0.8_mss1_fvg0_hall
2025-03-03 01:47:00,1,20855.025999999998,20838.16127247359,bias0_d0.8_mss1_fvg0_hall
2025-03-03 06:22:00,-1,20916.754,20923.116695504752,bias0_d0.8_mss1_fvg0_hall
2025-03-03 07:56:00,-1,20922.038,20933.722456921616,bias0_d0.8_mss1_fvg0_hall
2025-03-03 08:06:00,1,20921.125500000002,20913.353008009733,bias0_d0.8_mss1_fvg0_hall
2025-03-03 12:45:00,1,21020.281000000003,21013.513760434307,bias0_d0.8_mss1_fvg0_hall
2025-03-03 16:13:00,1,20862.742,20818.254623427354,bias0_d0.8_mss1_fvg0_hall
2025-03-04 00:41:00,-1,20482.971,20493.41180451503,bias0_d0.8_mss1_fvg0_hall
2025-03-04 00:41:00,-1,20482.971,20493.644670506386,bias0_d0.8_mss1_fvg0_hall
2025-03-04 03:19:00,1,20471.6025,20466.473908600645,bias0_d0.8_mss1_fvg0_hall
2025-03-04 04:02:00,-1,20492.4695,20500.239452556187,bias0_d0.8_mss1_fvg0_hall
2025-03-04 05:03:00,1,20511.453999999998,20472.322531010574,bias0_d0.8_mss1_fvg0_hall
2025-03-04 08:13:00,1,20448.153,20424.96315107493,bias0_d0.8_mss1_fvg0_hall
2025-03-04 11:08:00,1,20429.6145,20408.04651727375,bias0_d0.8_mss1_fvg0_hall
2025-03-04 13:57:00,-1,20294.7825,20316.15394986539,bias0_d0.8_mss1_fvg0_hall
2025-03-05 08:01:00,-1,20507.487,20521.147226568664,bias0_d0.8_mss1_fvg0_hall
2025-03-05 11:25:00,-1,20499.509,20512.605808909426,bias0_d0.8_mss1_fvg0_hall
2025-03-05 11:51:00,-1,20502.5645,20517.08111805401,bias0_d0.8_mss1_fvg0_hall
2025-03-05 11:51:00,-1,20502.5645,20513.552397964937,bias0_d0.8_mss1_fvg0_hall
2025-03-05 13:04:00,1,20450.9375,20434.681348638846,bias0_d0.8_mss1_fvg0_hall
2025-03-05 14:31:00,-1,20391.048,20410.73939619663,bias0_d0.8_mss1_fvg0_hall
2025-03-06 14:04:00,1,20290.4205,20269.911610620587,bias0_d0.8_mss1_fvg0_hall
2025-03-07 04:04:00,1,20141.375,20133.30888871115,bias0_d0.8_mss1_fvg0_hall
2025-03-07 05:04:00,-1,20150.353000000003,20154.631214696557,bias0_d0.8_mss1_fvg0_hall
2025-03-07 05:04:00,-1,20145.009,20149.4024886468,bias0_d0.8_mss1_fvg0_hall
2025-03-07 05:04:00,-1,20145.009,20150.967096600598,bias0_d0.8_mss1_fvg0_hall
2025-03-07 12:00:00,-1,20142.92,20152.087336563378,bias0_d0.8_mss1_fvg0_hall
2025-03-10 03:55:00,1,20109.464500000002,20102.632246143206,bias0_d0.8_mss1_fvg0_hall
2025-03-10 03:55:00,1,20109.464500000002,20102.624692847265,bias0_d0.8_mss1_fvg0_hall
2025-03-10 05:32:00,-1,20088.858,20102.573884418747,bias0_d0.8_mss1_fvg0_hall
2025-03-10 05:31:00,-1,20090.1645,20103.147324817408,bias0_d0.8_mss1_fvg0_hall
2025-03-10 16:39:00,-1,19576.947500000002,19603.629332204462,bias0_d0.8_mss1_fvg0_hall
2025-03-11 03:35:00,1,19428.0755,19412.670146937468,bias0_d0.8_mss1_fvg0_hall
2025-03-11 09:41:00,-1,19522.743000000002,19533.655897724333,bias0_d0.8_mss1_fvg0_hall
2025-03-11 10:00:00,-1,19510.059,19526.54012129754,bias0_d0.8_mss1_fvg0_hall
2025-03-11 17:21:00,-1,19276.114999999998,19296.783666706957,bias0_d0.8_mss1_fvg0_hall
2025-03-11 19:51:00,-1,19496.031499999997,19532.14646492339,bias0_d0.8_mss1_fvg0_hall
2025-03-12 03:58:00,-1,19432.9375,19435.722815569214,bias0_d0.8_mss1_fvg0_hall
2025-03-12 04:58:00,-1,19429.631,19436.416598078886,bias0_d0.8_mss1_fvg0_hall
2025-03-12 10:05:00,-1,19527.536500000002,19537.902183659233,bias0_d0.8_mss1_fvg0_hall
2025-03-12 11:00:00,1,19522.393,19516.27085052602,bias0_d0.8_mss1_fvg0_hall
2025-03-12 11:00:00,1,19530.5815,19519.999129059874,bias0_d0.8_mss1_fvg0_hall
2025-03-12 16:40:00,-1,19681.593,19700.506699943562,bias0_d0.8_mss1_fvg0_hall
2025-03-13 00:16:00,-1,19664.7365,19673.895529202677,bias0_d0.8_mss1_fvg0_hall
2025-03-13 05:20:00,1,19449.914,19440.370638211978,bias0_d0.8_mss1_fvg0_hall
2025-03-13 16:31:00,1,19302.447999999997,19266.27746979373,bias0_d0.8_mss1_fvg0_hall
2025-03-13 16:31:00,1,19302.447999999997,19269.859436237035,bias0_d0.8_mss1_fvg0_hall
2025-03-13 16:31:00,1,19302.447999999997,19263.6920315003,bias0_d0.8_mss1_fvg0_hall
2025-03-13 23:37:00,-1,19350.51,19360.402241089767,bias0_d0.8_mss1_fvg0_hall
2025-03-14 00:00:00,-1,19343.9035,19363.063382919365,bias0_d0.8_mss1_fvg0_hall
2025-03-14 02:41:00,-1,19409.314,19414.75036458021,bias0_d0.8_mss1_fvg0_hall
2025-03-14 04:11:00,1,19433.0585,19428.787793742016,bias0_d0.8_mss1_fvg0_hall
2025-03-14 16:36:00,1,19616.07,19605.99520476618,bias0_d0.8_mss1_fvg0_hall
2025-03-14 18:30:00,1,19615.103000000003,19605.645590933884,bias0_d0.8_mss1_fvg0_hall
2025-03-17 03:03:00,-1,19588.404000000002,19593.48200832077,bias0_d0.8_mss1_fvg0_hall
2025-03-17 03:54:00,-1,19582.071,19586.001195835317,bias0_d0.8_mss1_fvg0_hall
2025-03-17 19:30:00,1,19901.487,19883.97345233561,bias0_d0.8_mss1_fvg0_hall
2025-03-18 01:16:00,-1,19789.1705,19793.605066540902,bias0_d0.8_mss1_fvg0_hall
2025-03-18 06:00:00,-1,19729.0925,19734.24691071148,bias0_d0.8_mss1_fvg0_hall
2025-03-18 06:00:00,-1,19729.0925,19735.07607066066,bias0_d0.8_mss1_fvg0_hall
2025-03-18 06:00:00,-1,19729.0925,19735.68788347061,bias0_d0.8_mss1_fvg0_hall
2025-03-18 07:13:00,-1,19750.815000000002,19760.071613950688,bias0_d0.8_mss1_fvg0_hall
2025-03-18 08:58:00,1,19792.8255,19785.230803437233,bias0_d0.8_mss1_fvg0_hall
2025-03-18 12:51:00,-1,19726.42,19739.178411205954,bias0_d0.8_mss1_fvg0_hall
2025-03-18 14:45:00,-1,19486.675499999998,19501.478132254455,bias0_d0.8_mss1_fvg0_hall
2025-03-18 18:21:00,1,19461.9535,19448.023376146724,bias0_d0.8_mss1_fvg0_hall
2025-03-18 18:38:00,1,19496.764499999997,19472.786934075084,bias0_d0.8_mss1_fvg0_hall
2025-03-19 02:30:00,-1,19563.7595,19567.471427157485,bias0_d0.8_mss1_fvg0_hall
2025-03-19 06:04:00,1,19524.697,19517.244568471917,bias0_d0.8_mss1_fvg0_hall
2025-03-19 06:04:00,1,19524.697,19517.268685009636,bias0_d0.8_mss1_fvg0_hall
2025-03-19 06:34:00,1,19521.5145,19511.71185563792,bias0_d0.8_mss1_fvg0_hall
2025-03-19 06:51:00,-1,19524.260000000002,19527.75754180847,bias0_d0.8_mss1_fvg0_hall
2025-03-19 07:01:00,-1,19522.3205,19527.30596441086,bias0_d0.8_mss1_fvg0_hall
2025-03-19 10:29:00,1,19551.1865,19544.71433112073,bias0_d0.8_mss1_fvg0_hall
2025-03-19 12:20:00,-1,19560.0645,19569.21374319848,bias0_d0.8_mss1_fvg0_hall
2025-03-19 16:33:00,-1,19685.936500000003,19695.646931965006,bias0_d0.8_mss1_fvg0_hall
2025-03-19 16:53:00,1,19649.8255,19642.43267037687,bias0_d0.8_mss1_fvg0_hall
2025-03-20 03:47:00,-1,19865.7995,19870.29252907941,bias0_d0.8_mss1_fvg0_hall
2025-03-20 12:11:00,-1,19632.031000000003,19645.625700505476,bias0_d0.8_mss1_fvg0_hall
2025-03-21 00:26:00,-1,19714.4755,19720.999374309034,bias0_d0.8_mss1_fvg0_hall
2025-03-21 01:22:00,1,19712.559,19706.316762950188,bias0_d0.8_mss1_fvg0_hall
2025-03-21 01:22:00,1,19712.559,19706.89077273946,bias0_d0.8_mss1_fvg0_hall
2025-03-21 08:43:00,-1,19589.2255,19597.298949464748,bias0_d0.8_mss1_fvg0_hall
2025-03-21 08:43:00,-1,19589.2255,19599.906390242002,bias0_d0.8_mss1_fvg0_hall
2025-03-21 19:02:00,-1,19663.442000000003,19672.599852645584,bias0_d0.8_mss1_fvg0_hall
2025-03-24 02:05:00,1,19903.466,19900.906527058818,bias0_d0.8_mss1_fvg0_hall
2025-03-24 05:56:00,-1,19914.1865,19917.547518205865,bias0_d0.8_mss1_fvg0_hall
2025-03-24 08:03:00,1,19967.759,19955.98207836674,bias0_d0.8_mss1_fvg0_hall
2025-03-24 13:38:00,1,20056.5585,20045.546627783653,bias0_d0.8_mss1_fvg0_hall
2025-03-24 16:25:00,-1,20155.748,20168.277486034687,bias0_d0.8_mss1_fvg0_hall
2025-03-24 16:25:00,-1,20155.748,20169.466803519706,bias0_d0.8_mss1_fvg0_hall
2025-03-24 17:11:00,-1,20132.5825,20143.227676905575,bias0_d0.8_mss1_fvg0_hall
2025-03-24 17:43:00,-1,20133.398,20144.12927066503,bias0_d0.8_mss1_fvg0_hall
2025-03-24 18:32:00,-1,20124.281,20133.59590154573,bias0_d0.8_mss1_fvg0_hall
2025-03-24 18:39:00,1,20136.031499999997,20115.591712264824,bias0_d0.8_mss1_fvg0_hall
2025-03-24 19:59:00,-1,20190.82,20203.05522138197,bias0_d0.8_mss1_fvg0_hall
2025-03-24 19:59:00,-1,20172.215,20186.428116283252,bias0_d0.8_mss1_fvg0_hall
2025-03-24 19:59:00,-1,20172.215,20190.20128297731,bias0_d0.8_mss1_fvg0_hall
2025-03-25 00:20:00,1,20141.2255,20128.822978156837,bias0_d0.8_mss1_fvg0_hall
2025-03-25 03:16:00,-1,20139.948,20142.164868250853,bias0_d0.8_mss1_fvg0_hall
2025-03-25 04:35:00,1,20125.798000000003,20124.154039808298,bias0_d0.8_mss1_fvg0_hall
2025-03-25 06:18:00,-1,20135.6425,20137.751164022713,bias0_d0.8_mss1_fvg0_hall
2025-03-25 06:18:00,-1,20135.6425,20138.192943213464,bias0_d0.8_mss1_fvg0_hall
2025-03-25 06:34:00,1,20133.658,20127.4926310295,bias0_d0.8_mss1_fvg0_hall
2025-03-25 06:34:00,1,20133.658,20129.254943336662,bias0_d0.8_mss1_fvg0_hall
2025-03-25 06:51:00,1,20134.8545,20133.06136210516,bias0_d0.8_mss1_fvg0_hall
2025-03-26 03:50:00,1,20274.6095,20272.664025892558,bias0_d0.8_mss1_fvg0_hall
2025-03-26 09:08:00,1,20256.5105,20248.941573906894,bias0_d0.8_mss1_fvg0_hall
2025-03-26 09:08:00,1,20256.5105,20244.270882603396,bias0_d0.8_mss1_fvg0_hall
2025-03-26 09:08:00,1,20256.5105,20247.882098131722,bias0_d0.8_mss1_fvg0_hall
2025-03-26 18:33:00,-1,19936.8925,19947.843951203824,bias0_d0.8_mss1_fvg0_hall
2025-03-27 00:52:00,-1,19885.203500000003,19894.14584383369,bias0_d0.8_mss1_fvg0_hall
2025-03-27 01:40:00,1,19882.3855,19874.530432058426,bias0_d0.8_mss1_fvg0_hall
2025-03-27 07:19:00,-1,19914.7465,19923.59082891838,bias0_d0.8_mss1_fvg0_hall
2025-03-27 08:55:00,1,19878.491,19872.33834683142,bias0_d0.8_mss1_fvg0_hall
2025-03-27 08:55:00,1,19878.491,19870.247687829135,bias0_d0.8_mss1_fvg0_hall
2025-03-27 10:39:00,-1,19917.7595,19924.177141173266,bias0_d0.8_mss1_fvg0_hall
2025-03-27 10:39:00,-1,19917.7595,19924.18919519532,bias0_d0.8_mss1_fvg0_hall
2025-03-27 22:36:00,1,19805.303,19801.25614096705,bias0_d0.8_mss1_fvg0_hall
2025-03-27 23:32:00,-1,19779.43,19782.46735587608,bias0_d0.8_mss1_fvg0_hall
2025-03-27 23:32:00,-1,19779.43,19782.625359027792,bias0_d0.8_mss1_fvg0_hall
2025-03-28 01:16:00,1,19791.0705,19786.43519788534,bias0_d0.8_mss1_fvg0_hall
2025-03-28 01:15:00,1,19791.2975,19787.16429653939,bias0_d0.8_mss1_fvg0_hall
2025-03-28 16:56:00,-1,19337.057,19349.492122959346,bias0_d0.8_mss1_fvg0_hall
2025-03-28 17:57:00,1,19280.697,19265.626215585668,bias0_d0.8_mss1_fvg0_hall
2025-03-28 17:57:00,1,19280.697,19267.42097058152,bias0_d0.8_mss1_fvg0_hall
2025-03-31 05:05:00,1,19049.792,19038.853144601086,bias0_d0.8_mss1_fvg0_hall
2025-03-31 06:28:00,-1,19047.493,19057.55770592248,bias0_d0.8_mss1_fvg0_hall
2025-03-31 07:07:00,-1,19038.9865,19048.112625680675,bias0_d0.8_mss1_fvg0_hall
2025-03-31 08:02:00,-1,19075.3695,19091.080292806157,bias0_d0.8_mss1_fvg0_hall
2025-03-31 12:01:00,1,18994.592,18984.293044856462,bias0_d0.8_mss1_fvg0_hall
2025-03-31 13:02:00,-1,19042.275,19050.203113391806,bias0_d0.8_mss1_fvg0_hall
2025-04-01 12:50:00,1,19187.345999999998,19178.68940829876,bias0_d0.8_mss1_fvg0_hall
2025-04-01 12:50:00,1,19187.345999999998,19179.417214848847,bias0_d0.8_mss1_fvg0_hall
2025-04-01 13:35:00,-1,19233.146999999997,19241.35242422222,bias0_d0.8_mss1_fvg0_hall
2025-04-01 13:35:00,-1,19233.146999999997,19260.751408206346,bias0_d0.8_mss1_fvg0_hall
2025-04-01 23:43:00,-1,19481.3305,19486.007209753498,bias0_d0.8_mss1_fvg0_hall
2025-04-01 23:43:00,-1,19481.3305,19485.112998342534,bias0_d0.8_mss1_fvg0_hall
2025-04-02 05:46:00,-1,19406.908499999998,19409.196588929743,bias0_d0.8_mss1_fvg0_hall
2025-04-02 07:01:00,1,19395.7915,19384.898351565334,bias0_d0.8_mss1_fvg0_hall
2025-04-02 23:29:00,1,18728.403,18693.576913600944,bias0_d0.8_mss1_fvg0_hall
2025-04-03 02:46:00,1,18900.574500000002,18890.08541861019,bias0_d0.8_mss1_fvg0_hall
2025-04-03 02:46:00,1,18916.5415,18896.713638709465,bias0_d0.8_mss1_fvg0_hall
2025-04-03 02:46:00,1,18916.5415,18900.586825230217,bias0_d0.8_mss1_fvg0_hall
2025-04-03 10:49:00,-1,18822.6865,18854.950308543237,bias0_d0.8_mss1_fvg0_hall
2025-04-03 13:25:00,1,18710.227,18684.824168397376,bias0_d0.8_mss1_fvg0_hall
2025-04-03 22:54:00,-1,18477.67,18494.334758033267,bias0_d0.8_mss1_fvg0_hall
2025-04-03 22:54:00,-1,18477.67,18490.47413245946,bias0_d0.8_mss1_fvg0_hall
2025-04-04 07:32:00,-1,18471.3925,18494.95133174037,bias0_d0.8_mss1_fvg0_hall
2025-04-04 09:38:00,1,18399.231,18389.352762733768,bias0_d0.8_mss1_fvg0_hall
2025-04-04 10:02:00,1,18413.6535,18402.382544767897,bias0_d0.8_mss1_fvg0_hall
2025-04-04 10:06:00,-1,18420.864500000003,18444.75552683476,bias0_d0.8_mss1_fvg0_hall
2025-04-04 10:06:00,-1,18420.864500000003,18446.32718920371,bias0_d0.8_mss1_fvg0_hall
2025-04-04 13:35:00,-1,18026.515,18068.284397724612,bias0_d0.8_mss1_fvg0_hall
2025-04-07 02:37:00,-1,16776.603000000003,16819.580307106837,bias0_d0.8_mss1_fvg0_hall
2025-04-07 06:09:00,-1,16659.375500000002,16678.98180946745,bias0_d0.8_mss1_fvg0_hall
2025-04-07 10:02:00,1,16793.1865,16712.933461793287,bias0_d0.8_mss1_fvg0_hall
2025-04-07 11:57:00,1,16911.0315,16861.40477934629,bias0_d0.8_mss1_fvg0_hall
2025-04-08 00:00:00,-1,17623.9925,17639.941928730903,bias0_d0.8_mss1_fvg0_hall
2025-04-08 00:10:00,1,17625.464500000002,17593.47551114169,bias0_d0.8_mss1_fvg0_hall
2025-04-08 03:15:00,-1,17684.942000000003,17699.086987456958,bias0_d0.8_mss1_fvg0_hall
2025-04-08 14:30:00,-1,18175.6545,18227.58984675484,bias0_d0.8_mss1_fvg0_hall
2025-04-08 18:05:00,-1,17505.287,17550.36404163697,bias0_d0.8_mss1_fvg0_hall
2025-04-09 10:59:00,-1,17166.837,17219.6383699546,bias0_d0.8_mss1_fvg0_hall
2025-04-10 12:00:00,-1,18762.120499999997,18783.535652793096,bias0_d0.8_mss1_fvg0_hall
2025-04-10 13:28:00,-1,18718.536,18740.43563484332,bias0_d0.8_mss1_fvg0_hall
2025-04-11 11:14:00,-1,18500.025999999998,18521.636623998755,bias0_d0.8_mss1_fvg0_hall
2025-04-14 07:38:00,1,18957.442000000003,18944.753818994603,bias0_d0.8_mss1_fvg0_hall
2025-04-14 17:47:00,-1,18734.2755,18767.237301980396,bias0_d0.8_mss1_fvg0_hall
2025-04-14 22:25:00,1,18726.475,18721.228737537538,bias0_d0.8_mss1_fvg0_hall
2025-04-14 23:38:00,-1,18730.521,18737.52695458116,bias0_d0.8_mss1_fvg0_hall
2025-04-15 04:34:00,1,18782.5485,18776.030290855226,bias0_d0.8_mss1_fvg0_hall
2025-04-15 06:06:00,1,18745.8695,18739.299345185176,bias0_d0.8_mss1_fvg0_hall
2025-04-15 06:06:00,1,18745.8695,18736.601215623847,bias0_d0.8_mss1_fvg0_hall
2025-04-15 08:25:00,-1,18865.953,18882.311257466525,bias0_d0.8_mss1_fvg0_hall
2025-04-15 10:33:00,-1,18860.3425,18866.13231125573,bias0_d0.8_mss1_fvg0_hall
2025-04-15 10:33:00,-1,18860.3425,18868.048223225607,bias0_d0.8_mss1_fvg0_hall
2025-04-15 15:52:00,1,18876.120000000003,18843.267366846907,bias0_d0.8_mss1_fvg0_hall
2025-04-15 16:23:00,1,18925.915,18896.79997123508,bias0_d0.8_mss1_fvg0_hall
2025-04-16 02:03:00,1,18576.9315,18566.09693213814,bias0_d0.8_mss1_fvg0_hall
2025-04-16 02:03:00,1,18576.9315,18567.154347699703,bias0_d0.8_mss1_fvg0_hall
2025-04-16 11:01:00,-1,18547.2585,18563.7710568721,bias0_d0.8_mss1_fvg0_hall
2025-04-16 17:18:00,1,18423.909,18405.673593201725,bias0_d0.8_mss1_fvg0_hall
2025-04-16 17:31:00,-1,18437.792,18468.086423285677,bias0_d0.8_mss1_fvg0_hall
2025-04-16 22:52:00,-1,18299.02,18304.962685300037,bias0_d0.8_mss1_fvg0_hall
2025-04-16 22:52:00,-1,18287.193,18301.346362580134,bias0_d0.8_mss1_fvg0_hall
2025-04-17 00:01:00,1,18285.265,18265.563014627092,bias0_d0.8_mss1_fvg0_hall
2025-04-17 01:32:00,1,18351.692000000003,18345.526424234307,bias0_d0.8_mss1_fvg0_hall
2025-04-17 01:32:00,1,18351.692000000003,18346.181879646145,bias0_d0.8_mss1_fvg0_hall
2025-04-17 01:54:00,1,18347.11,18343.38761108725,bias0_d0.8_mss1_fvg0_hall
2025-04-17 05:06:00,-1,18420.031499999997,18426.00028530181,bias0_d0.8_mss1_fvg0_hall
2025-04-17 16:07:00,1,18235.1765,18190.580150287642,bias0_d0.8_mss1_fvg0_hall
2025-04-21 16:32:00,1,17706.5205,17690.986409966095,bias0_d0.8_mss1_fvg0_hall
2025-04-21 16:32:00,1,17706.5205,17695.24735211137,bias0_d0.8_mss1_fvg0_hall
2025-04-21 18:06:00,1,17599.925499999998,17585.216686440483,bias0_d0.8_mss1_fvg0_hall
2025-04-22 00:37:00,-1,17882.393,17895.463101909034,bias0_d0.8_mss1_fvg0_hall
2025-04-22 03:03:00,-1,17918.6595,17924.524560980077,bias0_d0.8_mss1_fvg0_hall
2025-04-22 04:40:00,1,17869.387499999997,17864.314071179007,bias0_d0.8_mss1_fvg0_hall
2025-04-22 17:08:00,1,18349.225,18326.001263827126,bias0_d0.8_mss1_fvg0_hall
2025-04-22 19:42:00,1,18155.244,18133.3016864121,bias0_d0.8_mss1_fvg0_hall
2025-04-23 00:09:00,-1,18650.819499999998,18656.61488078523,bias0_d0.8_mss1_fvg0_hall
2025-04-23 02:20:00,-1,18543.998,18552.02164047814,bias0_d0.8_mss1_fvg0_hall
2025-04-23 04:31:00,1,18604.442000000003,18597.164636941074,bias0_d0.8_mss1_fvg0_hall
2025-04-23 07:02:00,1,18631.3045,18618.278665378617,bias0_d0.8_mss1_fvg0_hall
2025-04-23 07:07:00,-1,18642.8145,18652.78064490313,bias0_d0.8_mss1_fvg0_hall
2025-04-23 07:07:00,-1,18631.498,18636.568491695765,bias0_d0.8_mss1_fvg0_hall
2025-04-23 07:07:00,-1,18631.498,18636.642492288924,bias0_d0.8_mss1_fvg0_hall
2025-04-23 09:28:00,-1,18726.5145,18736.577552452676,bias0_d0.8_mss1_fvg0_hall
2025-04-23 12:10:00,1,18759.980499999998,18743.792984532927,bias0_d0.8_mss1_fvg0_hall
2025-04-23 13:36:00,-1,18857.815000000002,18881.564500088964,bias0_d0.8_mss1_fvg0_hall
2025-04-23 13:37:00,1,18881.965,18801.981873137578,bias0_d0.8_mss1_fvg0_hall
2025-04-23 16:55:00,1,18736.9985,18710.06480308872,bias0_d0.8_mss1_fvg0_hall
2025-04-23 16:55:00,1,18762.6595,18735.67719929667,bias0_d0.8_mss1_fvg0_hall
2025-04-24 04:07:00,-1,18640.2825,18649.877243545194,bias0_d0.8_mss1_fvg0_hall
2025-04-24 16:13:00,1,19059.665500000003,19027.440552248518,bias0_d0.8_mss1_fvg0_hall
2025-04-25 00:10:00,-1,19309.703,19315.0277784066,bias0_d0.8_mss1_fvg0_hall
2025-04-25 01:15:00,-1,19349.792,19358.054086111344,bias0_d0.8_mss1_fvg0_hall
2025-04-25 12:03:00,-1,19157.176,19168.8070502514,bias0_d0.8_mss1_fvg0_hall
2025-04-25 12:46:00,-1,19177.0825,19182.90409186611,bias0_d0.8_mss1_fvg0_hall
2025-04-25 13:06:00,1,19129.908,19114.961846885853,bias0_d0.8_mss1_fvg0_hall
2025-04-25 13:35:00,1,19191.504,19153.35304489365,bias0_d0.8_mss1_fvg0_hall
2025-04-25 14:56:00,-1,19226.075,19260.584095684226,bias0_d0.8_mss1_fvg0_hall
2025-04-27 23:10:00,1,19338.987,19333.408761037328,bias0_d0.8_mss1_fvg0_hall
2025-04-28 01:38:00,1,19307.942,19296.84591960113,bias0_d0.8_mss1_fvg0_hall
2025-04-28 03:19:00,1,19303.269500000002,19299.03779427892,bias0_d0.8_mss1_fvg0_hall
2025-04-28 05:43:00,-1,19308.108500000002,19316.497612710904,bias0_d0.8_mss1_fvg0_hall
2025-04-28 05:43:00,-1,19308.108500000002,19316.36201894584,bias0_d0.8_mss1_fvg0_hall
2025-04-28 13:33:00,-1,19448.559999999998,19469.525099853123,bias0_d0.8_mss1_fvg0_hall
2025-04-28 14:30:00,-1,19409.597500000003,19423.187172266003,bias0_d0.8_mss1_fvg0_hall
2025-04-29 04:03:00,-1,19468.6145,19473.606690452103,bias0_d0.8_mss1_fvg0_hall
2025-04-29 10:13:00,1,19456.1265,19450.563801334407,bias0_d0.8_mss1_fvg0_hall
2025-04-29 10:32:00,-1,19467.3265,19472.401686778914,bias0_d0.8_mss1_fvg0_hall
2025-04-29 12:05:00,1,19397.781000000003,19381.897935568537,bias0_d0.8_mss1_fvg0_hall
2025-04-29 12:50:00,-1,19423.809,19434.423202003763,bias0_d0.8_mss1_fvg0_hall
2025-04-29 16:38:00,-1,19469.4875,19482.868017463035,bias0_d0.8_mss1_fvg0_hall
2025-04-29 16:47:00,-1,19465.298000000003,19482.496827051553,bias0_d0.8_mss1_fvg0_hall
2025-04-29 19:11:00,1,19556.231,19534.234705922776,bias0_d0.8_mss1_fvg0_hall
2025-04-30 00:07:00,1,19453.3145,19443.82254265225,bias0_d0.8_mss1_fvg0_hall
2025-04-30 01:36:00,1,19426.608500000002,19421.628660360882,bias0_d0.8_mss1_fvg0_hall
2025-04-30 01:40:00,-1,19432.8715,19440.62301661339,bias0_d0.8_mss1_fvg0_hall
2025-04-30 05:15:00,-1,19411.5095,19419.61638178564,bias0_d0.8_mss1_fvg0_hall
2025-04-30 08:09:00,1,19476.1765,19461.424112294873,bias0_d0.8_mss1_fvg0_hall
2025-04-30 10:16:00,1,19485.059500000003,19477.469391975967,bias0_d0.8_mss1_fvg0_hall
2025-04-30 17:05:00,-1,19335.2535,19348.91084614323,bias0_d0.8_mss1_fvg0_hall
2025-04-30 19:25:00,-1,19411.9315,19425.378168666044,bias0_d0.8_mss1_fvg0_hall
2025-05-01 01:22:00,-1,19826.97,19838.62162596102,bias0_d0.8_mss1_fvg0_hall
2025-05-01 04:10:00,-1,19864.4925,19866.54347233465,bias0_d0.8_mss1_fvg0_hall
2025-05-01 11:17:00,-1,19923.114999999998,19929.481551036122,bias0_d0.8_mss1_fvg0_hall
2025-05-01 19:50:00,-1,19890.438000000002,19919.742948014224,bias0_d0.8_mss1_fvg0_hall
2025-05-02 00:07:00,-1,19700.2485,19708.608486674802,bias0_d0.8_mss1_fvg0_hall
2025-05-02 02:04:00,1,19837.775999999998,19823.560809150138,bias0_d0.8_mss1_fvg0_hall
2025-05-02 05:30:00,1,19870.42,19867.42343900348,bias0_d0.8_mss1_fvg0_hall
2025-05-02 07:30:00,-1,19851.0645,19865.750874004607,bias0_d0.8_mss1_fvg0_hall
2025-05-02 11:02:00,1,19837.942,19830.96255551952,bias0_d0.8_mss1_fvg0_hall
2025-05-02 11:02:00,1,19837.942,19831.186142004073,bias0_d0.8_mss1_fvg0_hall
2025-05-05 00:04:00,-1,19987.148500000003,20000.323471836113,bias0_d0.8_mss1_fvg0_hall
2025-05-05 05:38:00,-1,19966.976000000002,19976.890054103522,bias0_d0.8_mss1_fvg0_hall
2025-05-05 06:46:00,-1,19989.093,20003.07410989629,bias0_d0.8_mss1_fvg0_hall
2025-05-05 06:46:00,-1,19989.093,19996.973573584044,bias0_d0.8_mss1_fvg0_hall
2025-05-05 08:00:00,1,19964.654,19955.481786525073,bias0_d0.8_mss1_fvg0_hall
2025-05-05 13:28:00,1,19911.653,19898.62720373387,bias0_d0.8_mss1_fvg0_hall
2025-05-05 14:40:00,1,19949.7925,19929.9352278091,bias0_d0.8_mss1_fvg0_hall
2025-05-05 22:37:00,1,19938.61,19935.66336353403,bias0_d0.8_mss1_fvg0_hall
2025-05-05 23:07:00,1,19933.6695,19924.726127881706,bias0_d0.8_mss1_fvg0_hall
2025-05-05 23:22:00,1,19939.947999999997,19933.650701198778,bias0_d0.8_mss1_fvg0_hall
2025-05-06 01:28:00,-1,19904.970500000003,19914.141832213027,bias0_d0.8_mss1_fvg0_hall
2025-05-06 02:05:00,-1,19866.92,19882.13618691717,bias0_d0.8_mss1_fvg0_hall
2025-05-06 02:05:00,-1,19866.92,19880.046180708803,bias0_d0.8_mss1_fvg0_hall
2025-05-06 05:11:00,1,19873.436,19870.52386103342,bias0_d0.8_mss1_fvg0_hall
2025-05-06 06:25:00,1,19859.47,19846.292652036125,bias0_d0.8_mss1_fvg0_hall
2025-05-06 09:30:00,1,19754.997499999998,19739.936348586656,bias0_d0.8_mss1_fvg0_hall
2025-05-06 16:11:00,1,19819.9705,19795.01881910507,bias0_d0.8_mss1_fvg0_hall
2025-05-06 17:40:00,-1,19787.0365,19815.293954426503,bias0_d0.8_mss1_fvg0_hall
2025-05-06 17:39:00,-1,19786.3035,19810.976214824608,bias0_d0.8_mss1_fvg0_hall
2025-05-07 00:04:00,-1,19976.9365,19985.694336289114,bias0_d0.8_mss1_fvg0_hall
2025-05-07 00:04:00,-1,19976.9365,19987.86191583989,bias0_d0.8_mss1_fvg0_hall
2025-05-07 04:54:00,1,19922.788,19914.70284728487,bias0_d0.8_mss1_fvg0_hall
2025-05-07 04:54:00,1,19922.788,19915.98191533595,bias0_d0.8_mss1_fvg0_hall
2025-05-07 05:03:00,-1,19920.3605,19930.055341925,bias0_d0.8_mss1_fvg0_hall
2025-05-07 06:03:00,1,19890.1475,19880.651523205055,bias0_d0.8_mss1_fvg0_hall
2025-05-07 06:03:00,1,19890.1475,19883.965882261837,bias0_d0.8_mss1_fvg0_hall
2025-05-07 14:23:00,1,19861.293,19841.56881148176,bias0_d0.8_mss1_fvg0_hall
2025-05-07 16:21:00,-1,19750.1025,19774.094277489472,bias0_d0.8_mss1_fvg0_hall
2025-05-07 18:56:00,1,19720.408499999998,19656.60841104291,bias0_d0.8_mss1_fvg0_hall
2025-05-08 05:15:00,-1,20106.9035,20110.009427776324,bias0_d0.8_mss1_fvg0_hall
2025-05-08 07:05:00,1,20068.8485,20051.865436495675,bias0_d0.8_mss1_fvg0_hall
2025-05-08 08:14:00,1,20080.536500000002,20070.076312980273,bias0_d0.8_mss1_fvg0_hall
2025-05-08 09:20:00,1,20135.72,20131.143039667706,bias0_d0.8_mss1_fvg0_hall
2025-05-08 09:20:00,1,20135.72,20130.510676120015,bias0_d0.8_mss1_fvg0_hall
2025-05-08 09:20:00,1,20135.72,20129.985197011643,bias0_d0.8_mss1_fvg0_hall
2025-05-08 14:54:00,-1,19974.3865,20007.147663078267,bias0_d0.8_mss1_fvg0_hall
2025-05-08 17:24:00,1,20209.7085,20198.256120396585,bias0_d0.8_mss1_fvg0_hall
2025-05-08 19:19:00,1,20194.309,20180.14857594314,bias0_d0.8_mss1_fvg0_hall
2025-05-08 23:03:00,-1,20076.381,20087.772808334405,bias0_d0.8_mss1_fvg0_hall
2025-05-08 23:03:00,-1,20076.381,20082.926797024804,bias0_d0.8_mss1_fvg0_hall
2025-05-09 00:26:00,1,20040.4875,20031.72215326477,bias0_d0.8_mss1_fvg0_hall
2025-05-09 05:16:00,1,20101.275999999998,20090.709207236545,bias0_d0.8_mss1_fvg0_hall
2025-05-09 07:01:00,-1,20105.692,20115.711105203267,bias0_d0.8_mss1_fvg0_hall
2025-05-09 07:06:00,1,20103.82,20096.021605673624,bias0_d0.8_mss1_fvg0_hall
2025-05-09 07:06:00,1,20112.464500000002,20095.55114341246,bias0_d0.8_mss1_fvg0_hall
2025-05-09 07:14:00,-1,20107.1535,20120.724853785265,bias0_d0.8_mss1_fvg0_hall
2025-05-09 09:23:00,1,20108.3985,20101.15587607665,bias0_d0.8_mss1_fvg0_hall
2025-05-09 12:32:00,1,20123.8305,20117.357923319014,bias0_d0.8_mss1_fvg0_hall
2025-05-09 15:34:00,1,20036.653,20024.64671075955,bias0_d0.8_mss1_fvg0_hall
2025-05-09 17:25:00,1,20026.737,19983.62398405111,bias0_d0.8_mss1_fvg0_hall
2025-05-09 19:54:00,1,20075.409,20064.26612446946,bias0_d0.8_mss1_fvg0_hall
2025-05-09 19:54:00,1,20082.7365,20066.778115578785,bias0_d0.8_mss1_fvg0_hall
2025-05-11 23:03:00,1,20330.970999999998,20325.26911805962,bias0_d0.8_mss1_fvg0_hall
2025-05-11 23:03:00,1,20330.970999999998,20324.712002483928,bias0_d0.8_mss1_fvg0_hall
2025-05-12 04:06:00,-1,20447.887499999997,20452.327173172667,bias0_d0.8_mss1_fvg0_hall
2025-05-12 04:06:00,-1,20447.887499999997,20452.77792712337,bias0_d0.8_mss1_fvg0_hall
2025-05-12 05:00:00,-1,20451.292999999998,20455.794486015155,bias0_d0.8_mss1_fvg0_hall
2025-05-12 05:03:00,1,20454.0535,20450.33384898405,bias0_d0.8_mss1_fvg0_hall
2025-05-12 10:05:00,1,20827.275999999998,20811.586803742703,bias0_d0.8_mss1_fvg0_hall
2025-05-12 10:22:00,-1,20826.9485,20834.654186140462,bias0_d0.8_mss1_fvg0_hall
2025-05-12 10:27:00,1,20820.227,20809.863545233104,bias0_d0.8_mss1_fvg0_hall
2025-05-12 13:30:00,-1,20843.5475,20851.825113380746,bias0_d0.8_mss1_fvg0_hall
2025-05-12 14:58:00,-1,20719.176,20734.353197401357,bias0_d0.8_mss1_fvg0_hall
2025-05-12 15:22:00,-1,20700.6655,20717.234454133828,bias0_d0.8_mss1_fvg0_hall
2025-05-13 06:45:00,1,20790.359,20783.13901280515,bias0_d0.8_mss1_fvg0_hall
2025-05-13 23:09:00,1,21173.176,21169.517589055853,bias0_d0.8_mss1_fvg0_hall
2025-05-14 18:10:00,-1,21281.586499999998,21292.9813259492,bias0_d0.8_mss1_fvg0_hall
2025-05-14 18:10:00,-1,21281.586499999998,21288.97374195283,bias0_d0.8_mss1_fvg0_hall
2025-05-14 18:34:00,1,21272.2205,21263.80901120567,bias0_d0.8_mss1_fvg0_hall
2025-05-14 19:50:00,1,21272.293,21252.638185594522,bias0_d0.8_mss1_fvg0_hall
2025-05-14 22:48:00,1,21293.5545,21289.466479801053,bias0_d0.8_mss1_fvg0_hall
2025-05-15 00:31:00,1,21290.62,21285.81685245774,bias0_d0.8_mss1_fvg0_hall
2025-05-15 01:00:00,1,21300.676,21292.162329287337,bias0_d0.8_mss1_fvg0_hall
2025-05-15 04:37:00,-1,21298.17,21303.406662401634,bias0_d0.8_mss1_fvg0_hall
2025-05-15 07:09:00,-1,21260.331,21269.89294190768,bias0_d0.8_mss1_fvg0_hall
2025-05-15 08:31:00,-1,21191.986,21198.37607593104,bias0_d0.8_mss1_fvg0_hall
2025-05-15 12:30:00,1,21177.948,21156.747644393134,bias0_d0.8_mss1_fvg0_hall
2025-05-15 23:14:00,-1,21309.053,21312.55319621026,bias0_d0.8_mss1_fvg0_hall
2025-05-16 01:29:00,1,21281.6695,21267.26375405404,bias0_d0.8_mss1_fvg0_hall
2025-05-16 04:52:00,-1,21329.853000000003,21331.558912558652,bias0_d0.8_mss1_fvg0_hall
2025-05-16 06:01:00,1,21309.7545,21302.54743329398,bias0_d0.8_mss1_fvg0_hall
2025-05-19 23:07:00,1,21425.542,21421.06754152101,bias0_d0.8_mss1_fvg0_hall
2025-05-20 02:10:00,1,21381.2755,21370.955934756574,bias0_d0.8_mss1_fvg0_hall
2025-05-20 02:10:00,1,21381.2755,21375.11018966256,bias0_d0.8_mss1_fvg0_hall
2025-05-20 05:34:00,-1,21403.3535,21407.89856006371,bias0_d0.8_mss1_fvg0_hall
2025-05-20 06:52:00,-1,21347.203999999998,21353.504302894264,bias0_d0.8_mss1_fvg0_hall
2025-05-20 06:52:00,-1,21347.203999999998,21355.849778515974,bias0_d0.8_mss1_fvg0_hall
2025-05-20 07:01:00,-1,21342.521,21355.414874715767,bias0_d0.8_mss1_fvg0_hall
2025-05-20 13:24:00,-1,21368.7645,21382.07632200866,bias0_d0.8_mss1_fvg0_hall
2025-05-20 13:24:00,-1,21368.7645,21378.016381150897,bias0_d0.8_mss1_fvg0_hall
2025-05-20 13:24:00,-1,21368.7645,21377.790761068693,bias0_d0.8_mss1_fvg0_hall
2025-05-20 16:27:00,1,21348.186999999998,21337.78790209621,bias0_d0.8_mss1_fvg0_hall
2025-05-20 16:27:00,1,21348.186999999998,21331.15745551791,bias0_d0.8_mss1_fvg0_hall
2025-05-21 07:44:00,1,21243.709,21237.829630918062,bias0_d0.8_mss1_fvg0_hall
2025-05-21 14:52:00,1,21323.709499999997,21301.296264966226,bias0_d0.8_mss1_fvg0_hall
2025-05-21 19:54:00,-1,21114.853000000003,21150.67024080154,bias0_d0.8_mss1_fvg0_hall
2025-05-21 23:46:00,-1,21077.387,21083.49398551026,bias0_d0.8_mss1_fvg0_hall
2025-05-21 23:46:00,-1,21077.387,21083.570722259527,bias0_d0.8_mss1_fvg0_hall
2025-05-22 01:47:00,-1,21104.9535,21116.306519143844,bias0_d0.8_mss1_fvg0_hall
2025-05-22 02:37:00,1,21084.4145,21074.4657522271,bias0_d0.8_mss1_fvg0_hall
2025-05-22 02:37:00,1,21084.4145,21075.935344925165,bias0_d0.8_mss1_fvg0_hall
2025-05-22 03:00:00,1,21085.248,21078.84475506547,bias0_d0.8_mss1_fvg0_hall
2025-05-22 03:00:00,1,21085.248,21079.24330470365,bias0_d0.8_mss1_fvg0_hall
2025-05-22 04:32:00,1,21096.486,21093.112799331997,bias0_d0.8_mss1_fvg0_hall
2025-05-22 04:32:00,1,21096.486,21093.100136158708,bias0_d0.8_mss1_fvg0_hall
2025-05-22 05:25:00,1,21099.309,21090.18457022657,bias0_d0.8_mss1_fvg0_hall
2025-05-22 07:34:00,1,21114.8255,21100.38887198817,bias0_d0.8_mss1_fvg0_hall
2025-05-22 07:34:00,1,21114.8255,21104.43840613187,bias0_d0.8_mss1_fvg0_hall
2025-05-22 10:14:00,1,21110.7485,21103.17179433314,bias0_d0.8_mss1_fvg0_hall
2025-05-22 10:55:00,1,21127.5155,21121.60813671806,bias0_d0.8_mss1_fvg0_hall
2025-05-22 10:57:00,-1,21130.0035,21135.6985337618,bias0_d0.8_mss1_fvg0_hall
2025-05-22 11:02:00,1,21122.2755,21113.969347369046,bias0_d0.8_mss1_fvg0_hall
2025-05-22 15:00:00,1,21126.6985,21102.310869450823,bias0_d0.8_mss1_fvg0_hall
2025-05-23 00:39:00,-1,21127.676,21135.23074748353,bias0_d0.8_mss1_fvg0_hall
2025-05-23 01:01:00,-1,21132.031499999997,21136.962105905794,bias0_d0.8_mss1_fvg0_hall
2025-05-23 01:01:00,-1,21132.031499999997,21138.540969769667,bias0_d0.8_mss1_fvg0_hall
2025-05-23 10:22:00,1,21107.754500000003,21101.906403244604,bias0_d0.8_mss1_fvg0_hall
2025-05-23 11:05:00,-1,21108.998,21117.97289044747,bias0_d0.8_mss1_fvg0_hall
2025-05-23 14:51:00,-1,20903.364,20933.18205182485,bias0_d0.8_mss1_fvg0_hall
2025-05-23 17:33:00,-1,21003.847999999998,21013.87777612193,bias0_d0.8_mss1_fvg0_hall
2025-05-26 06:06:00,1,21152.716,21144.830642071287,bias0_d0.8_mss1_fvg0_hall
2025-05-26 07:56:00,1,21197.72,21189.852196286698,bias0_d0.8_mss1_fvg0_hall
2025-05-26 10:01:00,-1,21195.3035,21198.496347388987,bias0_d0.8_mss1_fvg0_hall
2025-05-26 10:02:00,1,21195.381,21190.32671922813,bias0_d0.8_mss1_fvg0_hall
2025-05-26 12:58:00,-1,21211.226,21217.730966249623,bias0_d0.8_mss1_fvg0_hall
2025-05-26 12:58:00,-1,21211.226,21218.443777276458,bias0_d0.8_mss1_fvg0_hall
2025-05-26 16:10:00,1,21218.370000000003,21213.845827354697,bias0_d0.8_mss1_fvg0_hall
2025-05-26 23:52:00,1,21175.597,21165.20874768732,bias0_d0.8_mss1_fvg0_hall
2025-05-27 00:04:00,-1,21175.436,21184.80796382784,bias0_d0.8_mss1_fvg0_hall
2025-05-27 00:03:00,-1,21178.703,21184.00158069728,bias0_d0.8_mss1_fvg0_hall
2025-05-27 10:30:00,-1,21284.658499999998,21293.726446113513,bias0_d0.8_mss1_fvg0_hall
2025-05-27 10:30:00,-1,21284.658499999998,21290.963474962547,bias0_d0.8_mss1_fvg0_hall
2025-05-27 10:30:00,-1,21284.658499999998,21298.72573529934,bias0_d0.8_mss1_fvg0_hall
2025-05-27 11:49:00,-1,21250.137000000002,21257.226018538568,bias0_d0.8_mss1_fvg0_hall
2025-05-28 00:49:00,-1,21405.8195,21411.267144971098,bias0_d0.8_mss1_fvg0_hall
2025-05-28 01:55:00,-1,21409.5585,21414.089611611875,bias0_d0.8_mss1_fvg0_hall
2025-05-28 03:09:00,1,21407.964,21405.904502478843,bias0_d0.8_mss1_fvg0_hall
2025-05-28 05:07:00,1,21383.5205,21377.89934716563,bias0_d0.8_mss1_fvg0_hall
2025-05-28 06:21:00,-1,21396.6535,21402.286083709514,bias0_d0.8_mss1_fvg0_hall
2025-05-28 13:32:00,1,21443.165,21437.269840594345,bias0_d0.8_mss1_fvg0_hall
2025-05-28 13:32:00,1,21449.7985,21441.774541266175,bias0_d0.8_mss1_fvg0_hall
2025-05-28 15:04:00,1,21384.5155,21372.846843875206,bias0_d0.8_mss1_fvg0_hall
2025-05-28 15:57:00,-1,21398.0605,21410.54980808005,bias0_d0.8_mss1_fvg0_hall
2025-05-29 04:31:00,1,21730.0215,21726.212870062594,bias0_d0.8_mss1_fvg0_hall
2025-05-29 15:52:00,1,21386.3145,21365.903725895045,bias0_d0.8_mss1_fvg0_hall
2025-05-29 15:57:00,-1,21380.0425,21408.303093496503,bias0_d0.8_mss1_fvg0_hall
2025-05-29 18:17:00,-1,21331.1485,21353.63249095321,bias0_d0.8_mss1_fvg0_hall
2025-05-30 03:51:00,1,21293.4985,21289.021215292083,bias0_d0.8_mss1_fvg0_hall
2025-05-30 07:04:00,1,21291.859,21277.9105002594,bias0_d0.8_mss1_fvg0_hall
2025-05-30 07:50:00,-1,21320.22,21326.513503518923,bias0_d0.8_mss1_fvg0_hall
2025-05-30 08:46:00,1,21319.370000000003,21304.516976634965,bias0_d0.8_mss1_fvg0_hall
2025-05-30 09:18:00,1,21325.8315,21314.55223974657,bias0_d0.8_mss1_fvg0_hall
2025-05-30 10:49:00,1,21335.254500000003,21329.594583167574,bias0_d0.8_mss1_fvg0_hall
2025-05-30 10:49:00,1,21335.254500000003,21329.652973655604,bias0_d0.8_mss1_fvg0_hall
2025-05-30 10:49:00,1,21335.254500000003,21328.945973713253,bias0_d0.8_mss1_fvg0_hall
2025-05-30 10:54:00,-1,21331.248,21341.093474409125,bias0_d0.8_mss1_fvg0_hall
2025-05-30 19:50:00,1,21319.5645,21297.70111247234,bias0_d0.8_mss1_fvg0_hall
2025-06-02 01:22:00,1,21260.0645,21252.828136528406,bias0_d0.8_mss1_fvg0_hall
2025-06-02 01:29:00,-1,21260.002999999997,21264.398975344367,bias0_d0.8_mss1_fvg0_hall
2025-06-02 02:46:00,1,21232.947500000002,21227.98092708368,bias0_d0.8_mss1_fvg0_hall
2025-06-02 02:46:00,1,21232.947500000002,21229.560885863415,bias0_d0.8_mss1_fvg0_hall
2025-06-02 04:07:00,1,21191.413500000002,21182.756193926933,bias0_d0.8_mss1_fvg0_hall
2025-06-02 04:07:00,1,21191.413500000002,21183.69899793215,bias0_d0.8_mss1_fvg0_hall
2025-06-02 04:46:00,-1,21197.4535,21202.54159301165,bias0_d0.8_mss1_fvg0_hall
2025-06-02 07:53:00,1,21176.3205,21165.460938865363,bias0_d0.8_mss1_fvg0_hall
2025-06-02 12:20:00,-1,21224.186500000003,21236.065037094686,bias0_d0.8_mss1_fvg0_hall
2025-06-02 13:26:00,1,21224.319499999998,21215.173655881594,bias0_d0.8_mss1_fvg0_hall
2025-06-02 18:09:00,-1,21409.087,21416.321144738566,bias0_d0.8_mss1_fvg0_hall
2025-06-02 18:09:00,-1,21409.087,21416.620634400097,bias0_d0.8_mss1_fvg0_hall
2025-06-02 18:14:00,1,21407.9535,21395.252705055755,bias0_d0.8_mss1_fvg0_hall
2025-06-02 19:53:00,-1,21476.353,21483.608360097896,bias0_d0.8_mss1_fvg0_hall
2025-06-03 01:44:00,1,21445.576,21437.393976720807,bias0_d0.8_mss1_fvg0_hall
2025-06-03 01:43:00,1,21445.576,21440.179903383607,bias0_d0.8_mss1_fvg0_hall
2025-06-03 04:45:00,1,21407.3485,21402.703317576717,bias0_d0.8_mss1_fvg0_hall
2025-06-03 09:45:00,-1,21411.2925,21422.101253757774,bias0_d0.8_mss1_fvg0_hall
2025-06-03 17:42:00,-1,21701.631500000003,21708.084203211107,bias0_d0.8_mss1_fvg0_hall
2025-06-04 00:33:00,1,21661.7815,21657.70410503435,bias0_d0.8_mss1_fvg0_hall
2025-06-04 00:33:00,1,21661.7815,21657.274636817612,bias0_d0.8_mss1_fvg0_hall
2025-06-04 04:04:00,-1,21637.315000000002,21640.936855677268,bias0_d0.8_mss1_fvg0_hall
2025-06-04 04:05:00,-1,21637.315000000002,21642.636778853117,bias0_d0.8_mss1_fvg0_hall
2025-06-04 04:11:00,1,21636.536,21633.83862420576,bias0_d0.8_mss1_fvg0_hall
2025-06-04 06:35:00,-1,21649.286,21655.97045925579,bias0_d0.8_mss1_fvg0_hall
2025-06-04 10:02:00,1,21698.905,21692.27285573277,bias0_d0.8_mss1_fvg0_hall
2025-06-04 19:34:00,-1,21750.11,21755.079956539765,bias0_d0.8_mss1_fvg0_hall
2025-06-04 22:42:00,-1,21722.836000000003,21728.157311581414,bias0_d0.8_mss1_fvg0_hall
2025-06-04 23:01:00,1,21714.155,21710.139261886205,bias0_d0.8_mss1_fvg0_hall
2025-06-04 23:07:00,-1,21716.7035,21718.4676184898,bias0_d0.8_mss1_fvg0_hall
2025-06-05 00:03:00,1,21704.1145,21701.275357662937,bias0_d0.8_mss1_fvg0_hall
2025-06-05 05:32:00,-1,21691.8085,21698.513093839727,bias0_d0.8_mss1_fvg0_hall
2025-06-05 06:01:00,-1,21693.27,21697.443665714523,bias0_d0.8_mss1_fvg0_hall
2025-06-05 10:35:00,-1,21758.781,21767.18700494918,bias0_d0.8_mss1_fvg0_hall
2025-06-05 13:31:00,-1,21772.802499999998,21802.47874277177,bias0_d0.8_mss1_fvg0_hall
2025-06-05 14:09:00,-1,21715.2755,21729.476247863877,bias0_d0.8_mss1_fvg0_hall
2025-06-06 02:23:00,-1,21548.515,21553.305700042525,bias0_d0.8_mss1_fvg0_hall
2025-06-06 06:28:00,1,21615.32,21607.125511841026,bias0_d0.8_mss1_fvg0_hall
2025-06-06 07:06:00,-1,21637.147,21643.965376287044,bias0_d0.8_mss1_fvg0_hall
2025-06-06 07:06:00,-1,21628.037,21638.377245837964,bias0_d0.8_mss1_fvg0_hall
2025-06-06 09:41:00,-1,21649.2315,21654.8561597882,bias0_d0.8_mss1_fvg0_hall
2025-06-06 19:45:00,1,21772.0085,21760.332011648483,bias0_d0.8_mss1_fvg0_hall
2025-06-09 02:08:00,-1,21714.464500000002,21718.493702212498,bias0_d0.8_mss1_fvg0_hall
2025-06-09 06:29:00,1,21704.6875,21701.565103080775,bias0_d0.8_mss1_fvg0_hall
2025-06-09 06:32:00,1,21709.8975,21701.2638340051,bias0_d0.8_mss1_fvg0_hall
2025-06-09 13:15:00,-1,21777.8805,21783.290863494927,bias0_d0.8_mss1_fvg0_hall
2025-06-09 13:31:00,-1,21767.143,21785.071841556153,bias0_d0.8_mss1_fvg0_hall
2025-06-09 13:31:00,-1,21767.143,21785.62801715928,bias0_d0.8_mss1_fvg0_hall
2025-06-09 17:55:00,-1,21837.759,21850.804932170366,bias0_d0.8_mss1_fvg0_hall
2025-06-10 07:29:00,-1,21792.7025,21800.646310750242,bias0_d0.8_mss1_fvg0_hall
2025-06-10 11:04:00,1,21810.565000000002,21803.034236476655,bias0_d0.8_mss1_fvg0_hall
2025-06-10 12:51:00,-1,21832.966,21839.762545680733,bias0_d0.8_mss1_fvg0_hall
2025-06-10 12:51:00,-1,21832.966,21839.080567417823,bias0_d0.8_mss1_fvg0_hall
2025-06-10 13:34:00,-1,21818.6045,21840.437486904993,bias0_d0.8_mss1_fvg0_hall
2025-06-10 22:30:00,-1,21931.6595,21936.674960428485,bias0_d0.8_mss1_fvg0_hall
2025-06-11 02:05:00,-1,21879.425,21886.04323814425,bias0_d0.8_mss1_fvg0_hall
2025-06-11 02:05:00,-1,21879.425,21886.321428297848,bias0_d0.8_mss1_fvg0_hall
2025-06-11 18:33:00,1,21847.597,21788.221814817403,bias0_d0.8_mss1_fvg0_hall
2025-06-12 13:06:00,-1,21814.4375,21826.700203901586,bias0_d0.8_mss1_fvg0_hall
2025-06-12 13:30:00,1,21818.675499999998,21801.533786610933,bias0_d0.8_mss1_fvg0_hall
2025-06-12 13:30:00,1,21818.675499999998,21800.240712567294,bias0_d0.8_mss1_fvg0_hall
2025-06-12 13:30:00,1,21818.675499999998,21795.145656754452,bias0_d0.8_mss1_fvg0_hall
2025-06-12 16:31:00,-1,21912.6705,21935.201936933412,bias0_d0.8_mss1_fvg0_hall
2025-06-12 16:31:00,-1,21912.6705,21934.416237866742,bias0_d0.8_mss1_fvg0_hall
2025-06-12 17:31:00,1,21924.759,21917.5501608501,bias0_d0.8_mss1_fvg0_hall
2025-06-12 17:31:00,1,21924.759,21916.242604259354,bias0_d0.8_mss1_fvg0_hall
2025-06-12 19:25:00,-1,21923.464,21928.815076367577,bias0_d0.8_mss1_fvg0_hall
2025-06-13 03:42:00,-1,21536.4925,21546.260519017684,bias0_d0.8_mss1_fvg0_hall
2025-06-13 09:03:00,1,21594.792,21577.940925094637,bias0_d0.8_mss1_fvg0_hall
2025-06-13 09:13:00,-1,21594.993000000002,21615.91036886684,bias0_d0.8_mss1_fvg0_hall
2025-06-13 10:27:00,1,21600.464500000002,21575.410843802274,bias0_d0.8_mss1_fvg0_hall
2025-06-13 19:36:00,1,21613.032,21595.892189152448,bias0_d0.8_mss1_fvg0_hall
2025-06-13 19:36:00,1,21613.032,21598.274382784413,bias0_d0.8_mss1_fvg0_hall
2025-06-15 23:06:00,1,21634.993000000002,21623.55809889906,bias0_d0.8_mss1_fvg0_hall
2025-06-15 23:05:00,1,21630.432500000003,21614.06510945016,bias0_d0.8_mss1_fvg0_hall
2025-06-16 00:18:00,-1,21669.6215,21686.803187611862,bias0_d0.8_mss1_fvg0_hall
2025-06-16 01:55:00,1,21671.754,21664.725171152586,bias0_d0.8_mss1_fvg0_hall
2025-06-16 09:02:00,-1,21764.7645,21772.55735475243,bias0_d0.8_mss1_fvg0_hall
2025-06-16 11:01:00,-1,21752.881,21763.4833181491,bias0_d0.8_mss1_fvg0_hall
2025-06-16 13:07:00,-1,21803.025,21810.36352632868,bias0_d0.8_mss1_fvg0_hall
2025-06-16 13:07:00,-1,21803.025,21809.838885162346,bias0_d0.8_mss1_fvg0_hall
2025-06-16 13:30:00,1,21801.7645,21793.137108344567,bias0_d0.8_mss1_fvg0_hall
2025-06-16 13:30:00,1,21801.7645,21776.7985765062,bias0_d0.8_mss1_fvg0_hall
2025-06-16 15:02:00,1,21950.354,21932.95303540455,bias0_d0.8_mss1_fvg0_hall
2025-06-16 15:51:00,-1,21951.9695,21964.523308141324,bias0_d0.8_mss1_fvg0_hall
2025-06-16 17:20:00,1,21926.532,21908.18265410359,bias0_d0.8_mss1_fvg0_hall
2025-06-16 19:58:00,-1,21921.432500000003,21945.32613239455,bias0_d0.8_mss1_fvg0_hall
2025-06-17 05:47:00,-1,21852.9375,21858.046551948057,bias0_d0.8_mss1_fvg0_hall
2025-06-17 08:40:00,-1,21817.0585,21830.04208148141,bias0_d0.8_mss1_fvg0_hall
2025-06-17 08:55:00,-1,21827.7825,21847.009909182747,bias0_d0.8_mss1_fvg0_hall
2025-06-17 10:17:00,-1,21802.264,21817.28990215705,bias0_d0.8_mss1_fvg0_hall
2025-06-17 12:30:00,-1,21837.342,21853.620288718706,bias0_d0.8_mss1_fvg0_hall
2025-06-17 13:20:00,1,21812.042500000003,21800.504722514896,bias0_d0.8_mss1_fvg0_hall
2025-06-17 16:41:00,-1,21879.9765,21891.47308732508,bias0_d0.8_mss1_fvg0_hall
2025-06-17 16:41:00,-1,21879.9765,21888.82398108758,bias0_d0.8_mss1_fvg0_hall
2025-06-17 18:34:00,1,21710.059,21696.574992938793,bias0_d0.8_mss1_fvg0_hall
2025-06-18 05:21:00,-1,21758.347999999998,21761.662131353372,bias0_d0.8_mss1_fvg0_hall
2025-06-18 05:35:00,-1,21757.41,21763.172927578962,bias0_d0.8_mss1_fvg0_hall
2025-06-18 14:00:00,-1,21767.476,21783.46975065266,bias0_d0.8_mss1_fvg0_hall
2025-06-18 14:00:00,-1,21767.476,21783.33791489176,bias0_d0.8_mss1_fvg0_hall
2025-06-18 15:58:00,-1,21827.8865,21838.073429016982,bias0_d0.8_mss1_fvg0_hall
2025-06-18 18:02:00,-1,21791.2925,21815.39062818912,bias0_d0.8_mss1_fvg0_hall
2025-06-19 09:23:00,1,21604.832000000002,21594.74341515099,bias0_d0.8_mss1_fvg0_hall
2025-06-19 11:37:00,-1,21578.504999999997,21586.57927630814,bias0_d0.8_mss1_fvg0_hall
2025-06-19 13:32:00,-1,21546.641499999998,21560.325235978933,bias0_d0.8_mss1_fvg0_hall
2025-06-19 13:33:00,-1,21539.059,21551.752494123295,bias0_d0.8_mss1_fvg0_hall
2025-06-19 13:33:00,-1,21539.059,21548.404587400204,bias0_d0.8_mss1_fvg0_hall
2025-06-20 04:17:00,1,21674.9145,21672.042547308276,bias0_d0.8_mss1_fvg0_hall
2025-06-20 10:05:00,-1,21678.181,21686.94040314912,bias0_d0.8_mss1_fvg0_hall
2025-06-20 10:15:00,-1,21672.015,21680.87299488853,bias0_d0.8_mss1_fvg0_hall
2025-06-20 10:15:00,-1,21672.015,21679.913298825064,bias0_d0.8_mss1_fvg0_hall
2025-06-20 10:55:00,1,21676.7265,21673.198982193084,bias0_d0.8_mss1_fvg0_hall
2025-06-20 12:24:00,-1,21761.592,21770.995019794707,bias0_d0.8_mss1_fvg0_hall
2025-06-20 13:19:00,1,21808.875500000002,21801.42536130108,bias0_d0.8_mss1_fvg0_hall
2025-06-22 22:57:00,1,21526.542999999998,21519.000174983696,bias0_d0.8_mss1_fvg0_hall
2025-06-22 23:25:00,1,21527.8875,21508.997278432144,bias0_d0.8_mss1_fvg0_hall
2025-06-23 04:06:00,-1,21548.176,21550.804770469997,bias0_d0.8_mss1_fvg0_hall
2025-06-23 05:51:00,-1,21583.404,21587.156305950753,bias0_d0.8_mss1_fvg0_hall
2025-06-23 19:27:00,1,21819.242,21811.272449808897,bias0_d0.8_mss1_fvg0_hall
2025-06-24 03:53:00,1,22025.7705,22023.123395906594,bias0_d0.8_mss1_fvg0_hall
2025-06-24 07:06:00,1,22129.514499999997,22115.86494971612,bias0_d0.8_mss1_fvg0_hall
2025-06-24 10:03:00,-1,22096.447999999997,22102.00025991515,bias0_d0.8_mss1_fvg0_hall
2025-06-24 10:03:00,-1,22096.447999999997,22104.876093498267,bias0_d0.8_mss1_fvg0_hall
2025-06-24 12:49:00,-1,22077.864999999998,22086.549870284973,bias0_d0.8_mss1_fvg0_hall
2025-06-24 13:31:00,1,22072.465,22068.47117135316,bias0_d0.8_mss1_fvg0_hall
2025-06-24 13:31:00,1,22072.465,22056.46039801855,bias0_d0.8_mss1_fvg0_hall
2025-06-24 18:37:00,1,22189.5095,22186.004296865165,bias0_d0.8_mss1_fvg0_hall
2025-06-24 18:57:00,1,22195.6095,22189.429911031948,bias0_d0.8_mss1_fvg0_hall
2025-06-24 18:57:00,1,22195.6095,22191.03783881538,bias0_d0.8_mss1_fvg0_hall
2025-06-24 18:57:00,1,22195.6095,22188.80437300918,bias0_d0.8_mss1_fvg0_hall
2025-06-25 00:35:00,-1,22199.3975,22206.846445056217,bias0_d0.8_mss1_fvg0_hall
2025-06-25 03:00:00,1,22182.3485,22177.988888446667,bias0_d0.8_mss1_fvg0_hall
2025-06-25 06:18:00,-1,22208.4485,22210.417550532,bias0_d0.8_mss1_fvg0_hall
2025-06-25 07:32:00,-1,22200.9025,22210.826846042506,bias0_d0.8_mss1_fvg0_hall
2025-06-25 08:06:00,-1,22196.9865,22206.10831017642,bias0_d0.8_mss1_fvg0_hall
2025-06-25 08:15:00,1,22195.2045,22188.925389006043,bias0_d0.8_mss1_fvg0_hall
2025-06-25 12:21:00,-1,22266.72,22270.24739493649,bias0_d0.8_mss1_fvg0_hall
2025-06-25 12:21:00,-1,22266.72,22269.750988155312,bias0_d0.8_mss1_fvg0_hall
2025-06-25 13:30:00,1,22289.097,22271.80028392983,bias0_d0.8_mss1_fvg0_hall
2025-06-25 14:40:00,1,22276.5815,22264.710473676732,bias0_d0.8_mss1_fvg0_hall
2025-06-25 14:50:00,-1,22269.042,22294.856957196193,bias0_d0.8_mss1_fvg0_hall
2025-06-25 16:51:00,1,22205.771,22198.111373705782,bias0_d0.8_mss1_fvg0_hall
2025-06-26 01:01:00,-1,22257.053,22259.525978745532,bias0_d0.8_mss1_fvg0_hall
2025-06-26 04:41:00,1,22275.248,22273.66405583111,bias0_d0.8_mss1_fvg0_hall
2025-06-26 05:31:00,1,22274.252999999997,22273.121762556704,bias0_d0.8_mss1_fvg0_hall
2025-06-26 08:05:00,1,22315.782,22308.492184714723,bias0_d0.8_mss1_fvg0_hall
2025-06-26 13:17:00,1,22318.337,22307.409336129338,bias0_d0.8_mss1_fvg0_hall
2025-06-26 13:32:00,-1,22327.497,22342.213032597665,bias0_d0.8_mss1_fvg0_hall
2025-06-26 17:02:00,1,22383.5495,22374.96830638637,bias0_d0.8_mss1_fvg0_hall
2025-06-26 18:00:00,-1,22419.2315,22422.92322153182,bias0_d0.8_mss1_fvg0_hall
2025-06-26 18:00:00,-1,22419.2315,22425.320434279543,bias0_d0.8_mss1_fvg0_hall
2025-06-26 18:03:00,1,22417.309,22411.915330826472,bias0_d0.8_mss1_fvg0_hall
2025-06-26 19:49:00,1,22447.32,22441.308701965558,bias0_d0.8_mss1_fvg0_hall
2025-06-26 19:49:00,1,22447.32,22441.64132325373,bias0_d0.8_mss1_fvg0_hall
2025-06-26 23:47:00,1,22465.0425,22461.162563501814,bias0_d0.8_mss1_fvg0_hall
2025-06-27 17:41:00,1,22553.7205,22545.711839527186,bias0_d0.8_mss1_fvg0_hall
2025-06-30 15:04:00,1,22605.597,22596.824093980107,bias0_d0.8_mss1_fvg0_hall
2025-07-01 06:53:00,1,22622.2485,22616.843436765314,bias0_d0.8_mss1_fvg0_hall
2025-07-01 08:41:00,-1,22632.1595,22644.45454812499,bias0_d0.8_mss1_fvg0_hall
2025-07-01 10:57:00,1,22617.142,22611.855748492184,bias0_d0.8_mss1_fvg0_hall
2025-07-01 14:13:00,1,22590.226499999997,22573.29800908267,bias0_d0.8_mss1_fvg0_hall
2025-07-01 16:33:00,1,22469.3205,22454.863046213093,bias0_d0.8_mss1_fvg0_hall
2025-07-02 03:36:00,1,22524.72,22520.74875625451,bias0_d0.8_mss1_fvg0_hall
2025-07-02 05:00:00,-1,22561.614999999998,22568.698327951548,bias0_d0.8_mss1_fvg0_hall
2025-07-02 08:24:00,-1,22518.97,22525.56376780633,bias0_d0.8_mss1_fvg0_hall
2025-07-02 16:02:00,-1,22608.4765,22622.06550267225,bias0_d0.8_mss1_fvg0_hall
2025-07-03 05:17:00,1,22656.459499999997,22653.871148663606,bias0_d0.8_mss1_fvg0_hall
2025-07-03 05:39:00,-1,22652.8435,22654.512246136434,bias0_d0.8_mss1_fvg0_hall
2025-07-03 06:41:00,1,22664.386,22659.827738370466,bias0_d0.8_mss1_fvg0_hall
2025-07-03 14:33:00,-1,22838.555,22855.68089112072,bias0_d0.8_mss1_fvg0_hall
2025-07-03 23:33:00,-1,22844.2645,22848.26395224127,bias0_d0.8_mss1_fvg0_hall
2025-07-04 05:05:00,-1,22810.732,22811.863350191426,bias0_d0.8_mss1_fvg0_hall
2025-07-04 07:02:00,1,22792.9155,22789.07622723799,bias0_d0.8_mss1_fvg0_hall
2025-07-04 07:02:00,1,22792.9155,22787.38716226133,bias0_d0.8_mss1_fvg0_hall
2025-07-04 12:16:00,-1,22726.0925,22732.9188045065,bias0_d0.8_mss1_fvg0_hall
2025-07-04 12:29:00,1,22728.004,22720.246006562207,bias0_d0.8_mss1_fvg0_hall
2025-07-04 13:22:00,1,22715.309,22712.31947211435,bias0_d0.8_mss1_fvg0_hall
2025-07-04 13:42:00,1,22710.4705,22699.88218871524,bias0_d0.8_mss1_fvg0_hall
2025-07-07 05:06:00,-1,22751.9595,22757.578601848632,bias0_d0.8_mss1_fvg0_hall
2025-07-07 07:07:00,-1,22748.3085,22750.666979138543,bias0_d0.8_mss1_fvg0_hall
2025-07-07 11:43:00,1,22774.059,22767.39765546717,bias0_d0.8_mss1_fvg0_hall
2025-07-07 11:43:00,1,22774.059,22768.29247307266,bias0_d0.8_mss1_fvg0_hall
2025-07-07 13:28:00,1,22741.714500000002,22735.483175615616,bias0_d0.8_mss1_fvg0_hall
2025-07-07 13:28:00,1,22750.393,22742.504938071645,bias0_d0.8_mss1_fvg0_hall
2025-07-07 17:26:00,-1,22702.331,22709.59305686319,bias0_d0.8_mss1_fvg0_hall
2025-07-07 17:26:00,-1,22693.7265,22701.141974230104,bias0_d0.8_mss1_fvg0_hall
2025-07-07 19:32:00,1,22657.2315,22648.19833273472,bias0_d0.8_mss1_fvg0_hall
2025-07-08 02:13:00,1,22695.253,22691.34613722367,bias0_d0.8_mss1_fvg0_hall
2025-07-08 02:13:00,1,22695.253,22689.327223850552,bias0_d0.8_mss1_fvg0_hall
2025-07-08 05:32:00,-1,22724.459499999997,22727.80315513397,bias0_d0.8_mss1_fvg0_hall
2025-07-08 05:31:00,-1,22722.8875,22728.74204048154,bias0_d0.8_mss1_fvg0_hall
2025-07-08 14:31:00,1,22685.854,22668.936932203083,bias0_d0.8_mss1_fvg0_hall
2025-07-09 03:05:00,-1,22687.242,22691.11462015206,bias0_d0.8_mss1_fvg0_hall
2025-07-09 05:10:00,-1,22695.11,22701.627326432572,bias0_d0.8_mss1_fvg0_hall
2025-07-09 12:26:00,-1,22745.714,22753.52289730901,bias0_d0.8_mss1_fvg0_hall
2025-07-09 12:26:00,-1,22745.714,22752.32794750122,bias0_d0.8_mss1_fvg0_hall
2025-07-09 12:43:00,1,22743.126,22738.234315690876,bias0_d0.8_mss1_fvg0_hall
2025-07-09 15:20:00,1,22752.4205,22726.660885149002,bias0_d0.8_mss1_fvg0_hall
2025-07-10 04:31:00,1,22799.898,22795.3566444194,bias0_d0.8_mss1_fvg0_hall
2025-07-10 04:31:00,1,22803.4815,22799.726752586117,bias0_d0.8_mss1_fvg0_hall
2025-07-10 07:19:00,1,22799.86,22792.505176994793,bias0_d0.8_mss1_fvg0_hall
2025-07-10 13:31:00,-1,22879.997499999998,22892.048983542816,bias0_d0.8_mss1_fvg0_hall
2025-07-11 05:02:00,1,22782.5315,22781.16047755507,bias0_d0.8_mss1_fvg0_hall
2025-07-11 07:02:00,-1,22774.192,22779.629260358102,bias0_d0.8_mss1_fvg0_hall
2025-07-11 09:42:00,-1,22720.0375,22724.45196187335,bias0_d0.8_mss1_fvg0_hall
2025-07-11 13:48:00,1,22731.2995,22691.731940448935,bias0_d0.8_mss1_fvg0_hall
2025-07-11 13:48:00,1,22731.2995,22696.594237559726,bias0_d0.8_mss1_fvg0_hall
2025-07-11 18:08:00,1,22818.3035,22811.453751196354,bias0_d0.8_mss1_fvg0_hall
2025-07-14 01:55:00,-1,22678.16,22683.62486233073,bias0_d0.8_mss1_fvg0_hall
2025-07-14 08:42:00,1,22690.632,22686.2564678954,bias0_d0.8_mss1_fvg0_hall
2025-07-14 08:42:00,1,22690.632,22686.895367726138,bias0_d0.8_mss1_fvg0_hall
2025-07-14 23:51:00,1,22827.298000000003,22824.17890951909,bias0_d0.8_mss1_fvg0_hall
2025-07-15 11:07:00,1,22992.292999999998,22983.164968639576,bias0_d0.8_mss1_fvg0_hall
2025-07-15 11:44:00,-1,22997.265,23001.609877556853,bias0_d0.8_mss1_fvg0_hall
2025-07-15 14:06:00,1,22966.859,22941.99160507492,bias0_d0.8_mss1_fvg0_hall
2025-07-15 16:08:00,-1,22985.659,22991.28737972727,bias0_d0.8_mss1_fvg0_hall
2025-07-15 16:26:00,-1,22971.065,22980.993017931105,bias0_d0.8_mss1_fvg0_hall
2025-07-16 00:32:00,1,22817.208,22806.661816404376,bias0_d0.8_mss1_fvg0_hall
2025-07-16 03:55:00,-1,22850.41,22852.66965210822,bias0_d0.8_mss1_fvg0_hall
2025-07-16 03:55:00,-1,22844.476,22850.71047273617,bias0_d0.8_mss1_fvg0_hall
2025-07-16 08:02:00,-1,22801.6985,22809.542197800165,bias0_d0.8_mss1_fvg0_hall
2025-07-16 08:02:00,-1,22801.6985,22812.009734837895,bias0_d0.8_mss1_fvg0_hall
2025-07-16 10:22:00,-1,22822.980499999998,22828.62893235252,bias0_d0.8_mss1_fvg0_hall
2025-07-16 12:02:00,-1,22841.499499999998,22845.135034641364,bias0_d0.8_mss1_fvg0_hall
2025-07-16 16:46:00,-1,22828.2205,22833.263008055972,bias0_d0.8_mss1_fvg0_hall
2025-07-17 12:26:00,1,22914.1035,22907.48853515932,bias0_d0.8_mss1_fvg0_hall
2025-07-17 19:03:00,1,23087.071,23079.60290715353,bias0_d0.8_mss1_fvg0_hall
2025-07-17 19:30:00,1,23091.064,23085.902879730354,bias0_d0.8_mss1_fvg0_hall
2025-07-17 22:30:00,-1,23091.4145,23095.899442052876,bias0_d0.8_mss1_fvg0_hall
2025-07-17 22:30:00,-1,23091.4145,23095.92826047767,bias0_d0.8_mss1_fvg0_hall
2025-07-18 05:27:00,-1,23127.6645,23129.797722473504,bias0_d0.8_mss1_fvg0_hall
2025-07-18 09:41:00,-1,23117.709499999997,23120.79733239377,bias0_d0.8_mss1_fvg0_hall
2025-07-18 09:40:00,-1,23118.641499999998,23121.1280265085,bias0_d0.8_mss1_fvg0_hall
2025-07-18 12:31:00,-1,23098.187,23102.418073051464,bias0_d0.8_mss1_fvg0_hall
2025-07-21 01:03:00,1,23093.5535,23090.645323600478,bias0_d0.8_mss1_fvg0_hall
2025-07-21 02:06:00,1,23103.214500000002,23101.21055664138,bias0_d0.8_mss1_fvg0_hall
2025-07-21 06:04:00,1,23109.953999999998,23105.24360834252,bias0_d0.8_mss1_fvg0_hall
2025-07-21 06:04:00,1,23109.953999999998,23105.260879175195,bias0_d0.8_mss1_fvg0_hall
2025-07-21 08:02:00,-1,23136.8045,23142.774992096933,bias0_d0.8_mss1_fvg0_hall
2025-07-21 10:11:00,1,23127.715,23125.738953535572,bias0_d0.8_mss1_fvg0_hall
2025-07-21 10:51:00,-1,23129.8655,23133.100523562796,bias0_d0.8_mss1_fvg0_hall
2025-07-21 12:38:00,-1,23118.1205,23121.825402638337,bias0_d0.8_mss1_fvg0_hall
2025-07-21 12:38:00,-1,23118.1205,23121.10877030703,bias0_d0.8_mss1_fvg0_hall
2025-07-21 12:38:00,-1,23118.1205,23119.618193856524,bias0_d0.8_mss1_fvg0_hall
2025-07-21 13:16:00,1,23070.392,23065.72539835593,bias0_d0.8_mss1_fvg0_hall
2025-07-21 13:16:00,1,23070.392,23062.76660204479,bias0_d0.8_mss1_fvg0_hall
2025-07-21 23:04:00,-1,23186.0815,23189.64693424646,bias0_d0.8_mss1_fvg0_hall
2025-07-21 23:04:00,-1,23186.0815,23190.168731800288,bias0_d0.8_mss1_fvg0_hall
2025-07-22 07:02:00,1,23157.5765,23151.787834140163,bias0_d0.8_mss1_fvg0_hall
2025-07-22 07:40:00,-1,23183.6815,23189.092394866446,bias0_d0.8_mss1_fvg0_hall
2025-07-22 08:51:00,1,23127.809,23121.704589786135,bias0_d0.8_mss1_fvg0_hall
2025-07-22 09:17:00,1,23123.166,23117.43725386392,bias0_d0.8_mss1_fvg0_hall
2025-07-22 19:33:00,1,23082.92,23076.187425485215,bias0_d0.8_mss1_fvg0_hall
2025-07-22 19:33:00,1,23082.92,23079.697509379133,bias0_d0.8_mss1_fvg0_hall
2025-07-22 19:59:00,-1,23076.387000000002,23092.832516061782,bias0_d0.8_mss1_fvg0_hall
2025-07-23 03:50:00,1,23084.494,23076.983697677977,bias0_d0.8_mss1_fvg0_hall
2025-07-23 06:27:00,1,23092.836000000003,23089.56732651432,bias0_d0.8_mss1_fvg0_hall
2025-07-24 05:12:00,-1,23231.8085,23232.90058952627,bias0_d0.8_mss1_fvg0_hall
2025-07-24 06:01:00,1,23227.66,23223.233589907417,bias0_d0.8_mss1_fvg0_hall
2025-07-24 10:01:00,-1,23240.9545,23244.328836688324,bias0_d0.8_mss1_fvg0_hall
2025-07-24 11:04:00,1,23221.109,23216.025089395305,bias0_d0.8_mss1_fvg0_hall
2025-07-24 17:42:00,-1,23242.898,23251.281771421476,bias0_d0.8_mss1_fvg0_hall
2025-07-24 17:42:00,-1,23242.898,23252.13328352158,bias0_d0.8_mss1_fvg0_hall
2025-07-25 04:25:00,-1,23284.436,23286.152525911013,bias0_d0.8_mss1_fvg0_hall
2025-07-25 10:25:00,1,23226.809999999998,23224.734747883907,bias0_d0.8_mss1_fvg0_hall
2025-07-25 10:25:00,1,23229.66,23225.17578732077,bias0_d0.8_mss1_fvg0_hall
2025-07-25 13:38:00,-1,23212.176,23231.362375808734,bias0_d0.8_mss1_fvg0_hall
2025-07-25 13:38:00,-1,23212.176,23234.444339600388,bias0_d0.8_mss1_fvg0_hall
2025-07-25 17:52:00,-1,23297.0035,23304.441593538846,bias0_d0.8_mss1_fvg0_hall
2025-07-28 04:19:00,1,23402.081,23400.719305429582,bias0_d0.8_mss1_fvg0_hall
2025-07-28 08:28:00,-1,23394.21,23399.115076022616,bias0_d0.8_mss1_fvg0_hall
2025-07-28 09:24:00,-1,23394.9485,23397.64376736194,bias0_d0.8_mss1_fvg0_hall
2025-07-28 12:14:00,-1,23348.1205,23357.814382273606,bias0_d0.8_mss1_fvg0_hall
2025-07-28 16:16:00,1,23341.6755,23336.862158549022,bias0_d0.8_mss1_fvg0_hall
2025-07-28 19:16:00,-1,23315.910499999998,23322.06431433121,bias0_d0.8_mss1_fvg0_hall
2025-07-28 19:16:00,-1,23315.910499999998,23321.80338097946,bias0_d0.8_mss1_fvg0_hall
2025-07-28 19:21:00,1,23317.8265,23309.828020737095,bias0_d0.8_mss1_fvg0_hall
2025-07-28 23:02:00,-1,23388.155,23391.044958625313,bias0_d0.8_mss1_fvg0_hall
2025-07-29 06:36:00,1,23408.8035,23404.338293168676,bias0_d0.8_mss1_fvg0_hall
2025-07-29 08:21:00,1,23448.204,23445.302800185076,bias0_d0.8_mss1_fvg0_hall
2025-07-29 08:21:00,1,23450.264499999997,23445.851318029,bias0_d0.8_mss1_fvg0_hall
2025-07-29 10:37:00,1,23456.7265,23452.369493812064,bias0_d0.8_mss1_fvg0_hall
2025-07-29 11:19:00,-1,23455.2085,23460.502287532425,bias0_d0.8_mss1_fvg0_hall
2025-07-29 12:42:00,-1,23455.464500000002,23458.52743579429,bias0_d0.8_mss1_fvg0_hall
2025-07-30 05:02:00,-1,23360.86,23364.006491911805,bias0_d0.8_mss1_fvg0_hall
2025-07-30 09:02:00,1,23345.909,23336.7035326779,bias0_d0.8_mss1_fvg0_hall
2025-07-30 10:59:00,1,23364.009,23360.724824633206,bias0_d0.8_mss1_fvg0_hall
2025-07-30 11:14:00,-1,23367.214500000002,23369.513771015532,bias0_d0.8_mss1_fvg0_hall
2025-07-30 11:14:00,-1,23367.214500000002,23370.341605875637,bias0_d0.8_mss1_fvg0_hall
2025-07-30 13:30:00,-1,23340.4265,23352.01834091255,bias0_d0.8_mss1_fvg0_hall
2025-07-30 13:30:00,-1,23340.4265,23353.84892915419,bias0_d0.8_mss1_fvg0_hall
2025-07-30 13:35:00,1,23330.9925,23313.367823304758,bias0_d0.8_mss1_fvg0_hall
2025-07-30 14:06:00,1,23344.021,23328.268156498456,bias0_d0.8_mss1_fvg0_hall
2025-07-30 17:34:00,1,23391.459499999997,23385.027367317354,bias0_d0.8_mss1_fvg0_hall
2025-07-30 17:34:00,1,23391.459499999997,23385.501780366114,bias0_d0.8_mss1_fvg0_hall
2025-07-31 04:29:00,-1,23663.6095,23666.200000579927,bias0_d0.8_mss1_fvg0_hall
2025-07-31 08:43:00,-1,23676.7415,23681.718767197486,bias0_d0.8_mss1_fvg0_hall
2025-07-31 08:49:00,1,23670.47,23666.178361734026,bias0_d0.8_mss1_fvg0_hall
2025-07-31 08:54:00,-1,23679.175499999998,23684.04369323515,bias0_d0.8_mss1_fvg0_hall
2025-07-31 10:15:00,1,23655.305,23647.584070978468,bias0_d0.8_mss1_fvg0_hall
2025-08-01 00:01:00,-1,23158.831,23174.23179147204,bias0_d0.8_mss1_fvg0_hall
2025-08-01 03:09:00,1,23202.442000000003,23196.26079332512,bias0_d0.8_mss1_fvg0_hall
2025-08-01 03:09:00,1,23202.442000000003,23199.782900944752,bias0_d0.8_mss1_fvg0_hall
2025-08-01 03:35:00,-1,23206.069499999998,23209.695683168808,bias0_d0.8_mss1_fvg0_hall
2025-08-01 13:29:00,1,22932.9545,22917.56817489136,bias0_d0.8_mss1_fvg0_hall
2025-08-01 13:29:00,1,22932.9545,22922.090348209298,bias0_d0.8_mss1_fvg0_hall
2025-08-03 23:15:00,1,22773.3645,22762.863174426027,bias0_d0.8_mss1_fvg0_hall
2025-08-04 06:13:00,1,22872.209499999997,22864.117117766476,bias0_d0.8_mss1_fvg0_hall
2025-08-04 09:46:00,-1,22953.6815,22958.274446261363,bias0_d0.8_mss1_fvg0_hall
2025-08-04 10:38:00,-1,22950.036,22954.822107674237,bias0_d0.8_mss1_fvg0_hall
2025-08-04 10:38:00,-1,22950.036,22955.55534284037,bias0_d0.8_mss1_fvg0_hall
2025-08-04 15:42:00,-1,23096.7045,23105.40986275529,bias0_d0.8_mss1_fvg0_hall
2025-08-04 15:42:00,-1,23096.7045,23106.307540415626,bias0_d0.8_mss1_fvg0_hall
2025-08-04 23:07:00,1,23214.1535,23207.828598679607,bias0_d0.8_mss1_fvg0_hall
2025-08-05 03:21:00,-1,23219.915,23224.004146219126,bias0_d0.8_mss1_fvg0_hall
2025-08-05 03:21:00,-1,23219.915,23223.68706791776,bias0_d0.8_mss1_fvg0_hall
2025-08-05 03:30:00,1,23214.754,23212.087562141194,bias0_d0.8_mss1_fvg0_hall
2025-08-05 05:56:00,-1,23247.909,23250.304843410235,bias0_d0.8_mss1_fvg0_hall
2025-08-05 15:35:00,-1,23057.8655,23066.821540148863,bias0_d0.8_mss1_fvg0_hall
2025-08-05 15:35:00,-1,23057.8655,23072.302027985497,bias0_d0.8_mss1_fvg0_hall
2025-08-05 17:18:00,1,23065.309999999998,23056.351370796707,bias0_d0.8_mss1_fvg0_hall
2025-08-06 01:13:00,1,22965.126,22952.830907919226,bias0_d0.8_mss1_fvg0_hall
2025-08-06 03:20:00,1,23043.2315,23037.649891924353,bias0_d0.8_mss1_fvg0_hall
2025-08-06 07:01:00,1,23086.798499999997,23079.34731524943,bias0_d0.8_mss1_fvg0_hall
2025-08-06 10:03:00,-1,23029.487,23039.436702115217,bias0_d0.8_mss1_fvg0_hall
2025-08-06 13:31:00,1,23076.626,23053.65121513763,bias0_d0.8_mss1_fvg0_hall
2025-08-06 13:40:00,-1,23082.1705,23104.46939709999,bias0_d0.8_mss1_fvg0_hall
2025-08-06 16:36:00,1,23254.1645,23238.793233009925,bias0_d0.8_mss1_fvg0_hall
2025-08-06 16:36:00,1,23254.1645,23246.31189493779,bias0_d0.8_mss1_fvg0_hall
2025-08-06 16:36:00,1,23254.1645,23238.750388156517,bias0_d0.8_mss1_fvg0_hall
2025-08-07 01:15:00,-1,23375.864999999998,23383.750669272726,bias0_d0.8_mss1_fvg0_hall
2025-08-07 01:37:00,1,23372.3045,23368.87101204312,bias0_d0.8_mss1_fvg0_hall
2025-08-07 12:07:00,1,23472.105,23466.650770976015,bias0_d0.8_mss1_fvg0_hall
2025-08-07 12:07:00,1,23472.105,23465.22933415789,bias0_d0.8_mss1_fvg0_hall
2025-08-07 15:20:00,1,23430.243000000002,23395.188182385486,bias0_d0.8_mss1_fvg0_hall
2025-08-08 12:42:00,1,23428.809,23416.299914505562,bias0_d0.8_mss1_fvg0_hall
2025-08-08 16:28:00,-1,23588.814,23596.60576300959,bias0_d0.8_mss1_fvg0_hall
2025-08-10 23:00:00,1,23626.376,23623.632120232967,bias0_d0.8_mss1_fvg0_hall
2025-08-10 23:00:00,1,23626.376,23625.01450807347,bias0_d0.8_mss1_fvg0_hall
2025-08-11 01:03:00,1,23630.286500000002,23623.972310865393,bias0_d0.8_mss1_fvg0_hall
2025-08-11 05:24:00,1,23635.1425,23633.242770024928,bias0_d0.8_mss1_fvg0_hall
2025-08-11 05:42:00,-1,23638.8865,23641.311259261693,bias0_d0.8_mss1_fvg0_hall
2025-08-11 05:42:00,-1,23633.659,23639.016030028717,bias0_d0.8_mss1_fvg0_hall
2025-08-11 06:00:00,1,23630.258500000004,23628.089965990766,bias0_d0.8_mss1_fvg0_hall
2025-08-11 10:14:00,1,23617.67,23613.244079366865,bias0_d0.8_mss1_fvg0_hall
2025-08-11 13:14:00,1,23612.021,23601.005280020818,bias0_d0.8_mss1_fvg0_hall
2025-08-11 13:57:00,1,23619.925499999998,23604.007968290956,bias0_d0.8_mss1_fvg0_hall
2025-08-11 18:43:00,-1,23590.898500000003,23595.896397756816,bias0_d0.8_mss1_fvg0_hall
2025-08-12 01:15:00,-1,23537.408499999998,23545.208936620285,bias0_d0.8_mss1_fvg0_hall
2025-08-12 01:30:00,-1,23539.7085,23544.863735778592,bias0_d0.8_mss1_fvg0_hall
2025-08-12 04:35:00,1,23553.042999999998,23548.57110663759,bias0_d0.8_mss1_fvg0_hall
2025-08-12 09:24:00,-1,23541.499499999998,23544.206373698395,bias0_d0.8_mss1_fvg0_hall
2025-08-12 09:24:00,-1,23540.203999999998,23546.578631086002,bias0_d0.8_mss1_fvg0_hall
2025-08-12 09:55:00,-1,23543.8255,23547.54190392805,bias0_d0.8_mss1_fvg0_hall
2025-08-12 15:42:00,1,23648.8035,23639.899367311307,bias0_d0.8_mss1_fvg0_hall
2025-08-13 00:45:00,1,23845.87,23834.48148620146,bias0_d0.8_mss1_fvg0_hall
2025-08-13 06:18:00,1,23843.6045,23839.631272197956,bias0_d0.8_mss1_fvg0_hall
2025-08-13 07:02:00,1,23857.759,23853.91021116337,bias0_d0.8_mss1_fvg0_hall
2025-08-13 07:56:00,1,23881.0655,23878.039216292585,bias0_d0.8_mss1_fvg0_hall
2025-08-13 08:00:00,-1,23881.6265,23888.501349278067,bias0_d0.8_mss1_fvg0_hall
2025-08-13 08:03:00,1,23880.797,23875.447175670368,bias0_d0.8_mss1_fvg0_hall
2025-08-13 11:26:00,1,23888.921000000002,23885.680894875215,bias0_d0.8_mss1_fvg0_hall
2025-08-14 02:42:00,1,23832.4025,23829.868434012187,bias0_d0.8_mss1_fvg0_hall
2025-08-14 02:41:00,1,23832.4025,23829.080059173775,bias0_d0.8_mss1_fvg0_hall
2025-08-14 03:30:00,-1,23835.7085,23837.28320687998,bias0_d0.8_mss1_fvg0_hall
2025-08-14 04:35:00,1,23827.603000000003,23823.338132618275,bias0_d0.8_mss1_fvg0_hall
2025-08-14 07:46:00,-1,23828.7535,23831.98964236577,bias0_d0.8_mss1_fvg0_hall
2025-08-14 23:51:00,-1,23812.326,23815.952448466876,bias0_d0.8_mss1_fvg0_hall
2025-08-14 23:50:00,-1,23812.326,23818.72827954542,bias0_d0.8_mss1_fvg0_hall
2025-08-15 06:03:00,1,23847.631999999998,23844.819795784028,bias0_d0.8_mss1_fvg0_hall
2025-08-15 13:25:00,-1,23814.22,23819.15193728145,bias0_d0.8_mss1_fvg0_hall
2025-08-15 13:25:00,-1,23814.22,23822.65582491157,bias0_d0.8_mss1_fvg0_hall
2025-08-15 19:03:00,-1,23717.893,23725.939337666678,bias0_d0.8_mss1_fvg0_hall
2025-08-18 03:18:00,-1,23788.0585,23789.571600825162,bias0_d0.8_mss1_fvg0_hall
2025-08-18 03:18:00,-1,23788.0585,23789.505354337653,bias0_d0.8_mss1_fvg0_hall
2025-08-18 07:30:00,-1,23718.275999999998,23724.591513309646,bias0_d0.8_mss1_fvg0_hall
2025-08-19 06:17:00,-1,23657.731,23663.904304191183,bias0_d0.8_mss1_fvg0_hall
2025-08-19 06:17:00,-1,23657.731,23663.566446748955,bias0_d0.8_mss1_fvg0_hall
2025-08-19 06:21:00,1,23659.625,23651.10541754466,bias0_d0.8_mss1_fvg0_hall
2025-08-19 18:01:00,-1,23420.3765,23431.687942153014,bias0_d0.8_mss1_fvg0_hall
2025-08-20 02:22:00,-1,23301.4085,23306.065290206363,bias0_d0.8_mss1_fvg0_hall
2025-08-20 04:36:00,-1,23282.3815,23286.617482388796,bias0_d0.8_mss1_fvg0_hall
2025-08-20 04:36:00,-1,23278.930500000002,23285.601897932454,bias0_d0.8_mss1_fvg0_hall
2025-08-20 05:48:00,-1,23270.2645,23275.959438781923,bias0_d0.8_mss1_fvg0_hall
2025-08-20 12:28:00,-1,23338.2375,23347.131363505865,bias0_d0.8_mss1_fvg0_hall
2025-08-20 17:51:00,-1,23225.86,23240.070109586137,bias0_d0.8_mss1_fvg0_hall
2025-08-20 17:51:00,-1,23208.975,23225.029458901412,bias0_d0.8_mss1_fvg0_hall
2025-08-20 23:08:00,1,23239.9705,23237.451346260812,bias0_d0.8_mss1_fvg0_hall
2025-08-21 00:17:00,-1,23226.959499999997,23241.844388344114,bias0_d0.8_mss1_fvg0_hall
2025-08-21 03:08:00,1,23276.180500000002,23270.277731488954,bias0_d0.8_mss1_fvg0_hall
2025-08-21 04:33:00,1,23254.360500000003,23251.68312507134,bias0_d0.8_mss1_fvg0_hall
2025-08-21 05:06:00,-1,23262.359,23268.6214846213,bias0_d0.8_mss1_fvg0_hall
2025-08-21 05:06:00,-1,23262.359,23268.534787760203,bias0_d0.8_mss1_fvg0_hall
2025-08-21 05:06:00,-1,23262.359,23265.64299934876,bias0_d0.8_mss1_fvg0_hall
2025-08-21 11:02:00,-1,23225.609,23231.564343711623,bias0_d0.8_mss1_fvg0_hall
2025-08-21 13:30:00,-1,23165.698,23190.628959908623,bias0_d0.8_mss1_fvg0_hall
2025-08-21 15:05:00,-1,23218.2095,23227.859473345754,bias0_d0.8_mss1_fvg0_hall
2025-08-21 15:05:00,-1,23194.0585,23215.34467524963,bias0_d0.8_mss1_fvg0_hall
2025-08-21 15:47:00,-1,23196.392,23219.162807289573,bias0_d0.8_mss1_fvg0_hall
2025-08-21 16:52:00,1,23110.876,23100.05100977234,bias0_d0.8_mss1_fvg0_hall
2025-08-22 12:32:00,-1,23199.265,23202.012205126437,bias0_d0.8_mss1_fvg0_hall
2025-08-22 13:30:00,-1,23181.709000000003,23193.111920102583,bias0_d0.8_mss1_fvg0_hall
2025-08-22 13:30:00,-1,23181.709000000003,23200.904540095256,bias0_d0.8_mss1_fvg0_hall
2025-08-22 17:17:00,-1,23550.2755,23564.505930689207,bias0_d0.8_mss1_fvg0_hall
2025-08-22 17:36:00,-1,23565.031000000003,23571.90407269386,bias0_d0.8_mss1_fvg0_hall
2025-08-24 23:35:00,1,23500.748,23489.202111586106,bias0_d0.8_mss1_fvg0_hall
2025-08-25 02:15:00,1,23466.565000000002,23460.461243818652,bias0_d0.8_mss1_fvg0_hall
2025-08-25 08:41:00,-1,23458.7255,23461.086805096562,bias0_d0.8_mss1_fvg0_hall
2025-08-25 11:47:00,1,23420.698,23418.51398228066,bias0_d0.8_mss1_fvg0_hall
2025-08-25 11:47:00,1,23420.698,23418.187458546327,bias0_d0.8_mss1_fvg0_hall
2025-08-25 11:53:00,1,23421.27,23418.399586194722,bias0_d0.8_mss1_fvg0_hall
2025-08-25 11:53:00,1,23421.27,23418.369037180815,bias0_d0.8_mss1_fvg0_hall
2025-08-25 12:40:00,1,23403.504500000003,23391.90868720854,bias0_d0.8_mss1_fvg0_hall
2025-08-25 13:03:00,1,23414.0305,23405.217937815207,bias0_d0.8_mss1_fvg0_hall
2025-08-25 13:31:00,-1,23410.2535,23437.004947904752,bias0_d0.8_mss1_fvg0_hall
2025-08-25 19:09:00,1,23492.1305,23481.773307279764,bias0_d0.8_mss1_fvg0_hall
2025-08-26 08:20:00,-1,23398.464500000002,23405.8294290502,bias0_d0.8_mss1_fvg0_hall
2025-08-26 13:41:00,1,23416.5605,23395.841851566787,bias0_d0.8_mss1_fvg0_hall
2025-08-26 14:59:00,-1,23472.1145,23485.561133334122,bias0_d0.8_mss1_fvg0_hall
2025-08-26 15:29:00,-1,23450.7545,23472.43721850975,bias0_d0.8_mss1_fvg0_hall
2025-08-26 23:04:00,-1,23551.376,23554.901667269904,bias0_d0.8_mss1_fvg0_hall
2025-08-27 01:00:00,1,23531.2195,23528.33879972538,bias0_d0.8_mss1_fvg0_hall
2025-08-27 06:14:00,1,23531.8495,23528.99510260883,bias0_d0.8_mss1_fvg0_hall
2025-08-27 09:23:00,1,23528.4595,23525.10178811175,bias0_d0.8_mss1_fvg0_hall
2025-08-27 10:06:00,-1,23532.343,23533.90508999689,bias0_d0.8_mss1_fvg0_hall
2025-08-27 10:06:00,-1,23529.9145,23532.73388713997,bias0_d0.8_mss1_fvg0_hall
2025-08-27 15:27:00,-1,23541.109,23543.21964558091,bias0_d0.8_mss1_fvg0_hall
2025-08-28 06:01:00,1,23483.076,23478.383313869235,bias0_d0.8_mss1_fvg0_hall
2025-08-28 09:40:00,-1,23563.0655,23566.81930723783,bias0_d0.8_mss1_fvg0_hall
2025-08-28 10:25:00,1,23554.7485,23551.618348328015,bias0_d0.8_mss1_fvg0_hall
2025-08-28 19:55:00,-1,23727.97,23740.211363322516,bias0_d0.8_mss1_fvg0_hall
2025-08-29 02:21:00,-1,23670.1425,23673.980692634083,bias0_d0.8_mss1_fvg0_hall
2025-08-29 02:25:00,-1,23670.608999999997,23674.305715542276,bias0_d0.8_mss1_fvg0_hall
2025-08-29 07:03:00,1,23670.559999999998,23660.709800221648,bias0_d0.8_mss1_fvg0_hall
2025-08-29 07:02:00,1,23665.214,23660.96965937479,bias0_d0.8_mss1_fvg0_hall
2025-08-29 12:04:00,-1,23583.8485,23591.997170557283,bias0_d0.8_mss1_fvg0_hall
2025-08-29 13:30:00,-1,23602.7945,23614.383771629316,bias0_d0.8_mss1_fvg0_hall
2025-08-29 19:50:00,-1,23414.2995,23433.264778615947,bias0_d0.8_mss1_fvg0_hall
2025-08-29 19:50:00,-1,23414.2995,23431.888340857666,bias0_d0.8_mss1_fvg0_hall
2025-09-01 00:00:00,-1,23489.128,23493.736398984056,bias0_d0.8_mss1_fvg0_hall
2025-09-01 00:05:00,1,23486.4805,23482.04957944742,bias0_d0.8_mss1_fvg0_hall
2025-09-01 10:47:00,-1,23441.805500000002,23450.368231263517,bias0_d0.8_mss1_fvg0_hall
2025-09-01 11:03:00,1,23440.745499999997,23436.08517929949,bias0_d0.8_mss1_fvg0_hall
2025-09-01 11:03:00,1,23440.745499999997,23434.180775773544,bias0_d0.8_mss1_fvg0_hall
2025-09-01 13:21:00,1,23432.2755,23428.63839304538,bias0_d0.8_mss1_fvg0_hall
2025-09-01 13:21:00,1,23432.2755,23429.36991497071,bias0_d0.8_mss1_fvg0_hall
2025-09-01 15:08:00,-1,23440.283499999998,23445.87424829076,bias0_d0.8_mss1_fvg0_hall
2025-09-01 16:55:00,-1,23456.511,23459.291651479813,bias0_d0.8_mss1_fvg0_hall
2025-09-01 16:55:00,-1,23456.511,23458.395737245348,bias0_d0.8_mss1_fvg0_hall
2025-09-02 03:05:00,-1,23377.8725,23386.735153796544,bias0_d0.8_mss1_fvg0_hall
2025-09-02 05:01:00,-1,23396.1555,23398.211751434766,bias0_d0.8_mss1_fvg0_hall
2025-09-02 11:16:00,1,23196.2345,23183.732423845275,bias0_d0.8_mss1_fvg0_hall
2025-09-03 04:17:00,1,23283.9055,23276.227424942073,bias0_d0.8_mss1_fvg0_hall
2025-09-03 05:03:00,-1,23287.137000000002,23288.888181604405,bias0_d0.8_mss1_fvg0_hall
2025-09-03 06:07:00,1,23272.489999999998,23266.922333460254,bias0_d0.8_mss1_fvg0_hall
2025-09-03 13:03:00,1,23380.0455,23374.56220992865,bias0_d0.8_mss1_fvg0_hall
2025-09-03 16:07:00,1,23381.417999999998,23359.745266938535,bias0_d0.8_mss1_fvg0_hall
2025-09-03 16:38:00,-1,23386.8955,23399.155681020315,bias0_d0.8_mss1_fvg0_hall
2025-09-04 05:04:00,-1,23446.911,23451.359579091048,bias0_d0.8_mss1_fvg0_hall
2025-09-04 05:04:00,-1,23446.911,23451.3899127274,bias0_d0.8_mss1_fvg0_hall
2025-09-04 06:15:00,-1,23433.417,23436.410668983503,bias0_d0.8_mss1_fvg0_hall
2025-09-04 08:09:00,1,23447.566,23434.42838681806,bias0_d0.8_mss1_fvg0_hall
2025-09-04 08:09:00,1,23447.566,23439.868512759625,bias0_d0.8_mss1_fvg0_hall
2025-09-04 09:16:00,-1,23457.705,23462.536165775215,bias0_d0.8_mss1_fvg0_hall
2025-09-04 11:48:00,-1,23459.940000000002,23466.81370029984,bias0_d0.8_mss1_fvg0_hall
2025-09-04 12:18:00,-1,23467.2735,23480.154540546842,bias0_d0.8_mss1_fvg0_hall
2025-09-04 18:32:00,1,23561.3765,23550.556920210107,bias0_d0.8_mss1_fvg0_hall
2025-09-04 19:11:00,1,23579.7315,23572.034607034282,bias0_d0.8_mss1_fvg0_hall
2025-09-05 01:54:00,1,23691.0225,23689.84553388559,bias0_d0.8_mss1_fvg0_hall
2025-09-05 03:15:00,1,23696.453,23692.39354476056,bias0_d0.8_mss1_fvg0_hall
2025-09-05 07:48:00,-1,23719.743499999997,23724.424233772326,bias0_d0.8_mss1_fvg0_hall
2025-09-05 12:31:00,1,23743.547,23707.805223258427,bias0_d0.8_mss1_fvg0_hall
2025-09-08 00:03:00,-1,23738.622000000003,23749.857743454657,bias0_d0.8_mss1_fvg0_hall
2025-09-08 00:06:00,1,23742.739999999998,23732.913682939605,bias0_d0.8_mss1_fvg0_hall
2025-09-08 00:06:00,1,23742.739999999998,23730.807260799967,bias0_d0.8_mss1_fvg0_hall
2025-09-08 00:06:00,1,23742.739999999998,23733.81068502854,bias0_d0.8_mss1_fvg0_hall
2025-09-08 06:03:00,1,23698.834,23695.813940218257,bias0_d0.8_mss1_fvg0_hall
2025-09-08 07:04:00,1,23719.29,23715.232242584738,bias0_d0.8_mss1_fvg0_hall
2025-09-08 08:08:00,1,23718.077,23713.82310028782,bias0_d0.8_mss1_fvg0_hall
2025-09-08 08:54:00,-1,23729.9845,23734.1765163092,bias0_d0.8_mss1_fvg0_hall
2025-09-08 11:59:00,-1,23739.661500000002,23744.916308774456,bias0_d0.8_mss1_fvg0_hall
2025-09-08 22:21:00,1,23781.0125,23776.05944355921,bias0_d0.8_mss1_fvg0_hall
2025-09-08 22:21:00,1,23781.0125,23776.788122590697,bias0_d0.8_mss1_fvg0_hall
2025-09-09 04:29:00,-1,23804.773,23806.81146700929,bias0_d0.8_mss1_fvg0_hall
2025-09-09 05:02:00,-1,23803.7805,23807.12794674812,bias0_d0.8_mss1_fvg0_hall
2025-09-09 09:14:00,1,23812.264499999997,23802.801474667922,bias0_d0.8_mss1_fvg0_hall
2025-09-09 16:45:00,-1,23784.682500000003,23789.477422638527,bias0_d0.8_mss1_fvg0_hall
2025-09-09 16:45:00,-1,23784.682500000003,23789.27258887863,bias0_d0.8_mss1_fvg0_hall
2025-09-09 18:10:00,-1,23807.199,23814.938936865903,bias0_d0.8_mss1_fvg0_hall
2025-09-09 18:10:00,-1,23807.199,23814.899330661196,bias0_d0.8_mss1_fvg0_hall
2025-09-09 18:10:00,-1,23807.199,23816.4923815395,bias0_d0.8_mss1_fvg0_hall
2025-09-09 23:20:00,-1,23858.1455,23865.57635907215,bias0_d0.8_mss1_fvg0_hall
2025-09-10 00:41:00,-1,23867.653,23870.070505138214,bias0_d0.8_mss1_fvg0_hall
2025-09-10 05:32:00,-1,23890.144500000002,23893.6629978683,bias0_d0.8_mss1_fvg0_hall
2025-09-10 06:09:00,1,23886.288500000002,23883.31864654487,bias0_d0.8_mss1_fvg0_hall
2025-09-10 16:39:00,-1,23885.2295,23896.929465346057,bias0_d0.8_mss1_fvg0_hall
2025-09-10 17:53:00,-1,23870.475,23879.694431425032,bias0_d0.8_mss1_fvg0_hall
2025-09-10 17:52:00,-1,23870.475,23877.30153275181,bias0_d0.8_mss1_fvg0_hall
2025-09-11 04:53:00,-1,23856.103499999997,23859.688257760856,bias0_d0.8_mss1_fvg0_hall
2025-09-11 05:14:00,-1,23857.5415,23859.556537397148,bias0_d0.8_mss1_fvg0_hall
2025-09-11 12:34:00,-1,23916.047,23938.996435736783,bias0_d0.8_mss1_fvg0_hall
2025-09-11 17:45:00,-1,23997.4155,24002.6352097879,bias0_d0.8_mss1_fvg0_hall
2025-09-11 18:16:00,-1,23997.8495,24005.79167825469,bias0_d0.8_mss1_fvg0_hall
2025-09-12 03:26:00,-1,23985.197500000002,23986.222885037645,bias0_d0.8_mss1_fvg0_hall
2025-09-12 05:30:00,1,24005.391,24003.11636984835,bias0_d0.8_mss1_fvg0_hall
2025-09-12 05:30:00,1,24005.391,24003.098204144895,bias0_d0.8_mss1_fvg0_hall
2025-09-12 13:32:00,-1,24018.669,24033.350950052332,bias0_d0.8_mss1_fvg0_hall
2025-09-12 14:13:00,-1,24023.864999999998,24038.04704710223,bias0_d0.8_mss1_fvg0_hall
2025-09-12 17:35:00,-1,24082.2555,24088.298750231228,bias0_d0.8_mss1_fvg0_hall
2025-09-14 22:02:00,-1,24087.269500000002,24090.514021319243,bias0_d0.8_mss1_fvg0_hall
2025-09-15 00:12:00,1,24086.6005,24081.757903179423,bias0_d0.8_mss1_fvg0_hall
2025-09-15 07:21:00,1,24124.852,24121.337005932884,bias0_d0.8_mss1_fvg0_hall
2025-09-15 15:09:00,-1,24244.163,24249.58585599839,bias0_d0.8_mss1_fvg0_hall
2025-09-15 19:50:00,-1,24263.265,24272.963957480802,bias0_d0.8_mss1_fvg0_hall
2025-09-16 01:05:00,1,24285.571,24282.682346228426,bias0_d0.8_mss1_fvg0_hall
2025-09-16 07:00:00,1,24332.1855,24326.9409590831,bias0_d0.8_mss1_fvg0_hall
2025-09-16 07:10:00,1,24330.9335,24326.244292400956,bias0_d0.8_mss1_fvg0_hall
2025-09-16 07:10:00,1,24330.9335,24323.55372865803,bias0_d0.8_mss1_fvg0_hall
2025-09-16 13:04:00,1,24343.5095,24334.72444400708,bias0_d0.8_mss1_fvg0_hall
2025-09-16 15:58:00,-1,24265.549,24271.07744419323,bias0_d0.8_mss1_fvg0_hall
2025-09-16 15:58:00,-1,24265.549,24270.54536591151,bias0_d0.8_mss1_fvg0_hall
2025-09-17 05:08:00,1,24263.7945,24259.270414104834,bias0_d0.8_mss1_fvg0_hall
2025-09-17 09:44:00,-1,24273.3535,24279.49850675531,bias0_d0.8_mss1_fvg0_hall
2025-09-17 13:33:00,-1,24274.4625,24277.843545928536,bias0_d0.8_mss1_fvg0_hall
2025-09-17 13:33:00,-1,24276.604,24285.54066884293,bias0_d0.8_mss1_fvg0_hall
2025-09-17 16:34:00,-1,24160.4855,24168.626897744503,bias0_d0.8_mss1_fvg0_hall
2025-09-18 01:05:00,1,24314.8305,24309.199074836408,bias0_d0.8_mss1_fvg0_hall
2025-09-18 09:13:00,-1,24469.167500000003,24482.882630439177,bias0_d0.8_mss1_fvg0_hall
2025-09-18 12:50:00,-1,24478.751,24487.611521647137,bias0_d0.8_mss1_fvg0_hall
2025-09-18 18:43:00,-1,24491.0915,24499.182820243615,bias0_d0.8_mss1_fvg0_hall
2025-09-18 18:43:00,-1,24491.0915,24499.3859009405,bias0_d0.8_mss1_fvg0_hall
2025-09-18 19:53:00,1,24456.6545,24446.62373072106,bias0_d0.8_mss1_fvg0_hall
2025-09-18 23:14:00,-1,24491.295,24495.382275640157,bias0_d0.8_mss1_fvg0_hall
2025-09-19 00:02:00,1,24494.964,24493.85863510628,bias0_d0.8_mss1_fvg0_hall
2025-09-19 00:02:00,1,24494.964,24492.866692515112,bias0_d0.8_mss1_fvg0_hall
2025-09-19 00:02:00,1,24499.262000000002,24494.565507335457,bias0_d0.8_mss1_fvg0_hall
2025-09-19 00:08:00,-1,24498.8835,24501.483094746356,bias0_d0.8_mss1_fvg0_hall
2025-09-19 01:14:00,1,24458.3575,24454.41985203306,bias0_d0.8_mss1_fvg0_hall
2025-09-19 03:02:00,1,24465.0345,24462.43462143646,bias0_d0.8_mss1_fvg0_hall
2025-09-19 11:28:00,1,24475.5775,24469.229374993807,bias0_d0.8_mss1_fvg0_hall
2025-09-19 18:17:00,-1,24569.787,24574.272624819387,bias0_d0.8_mss1_fvg0_hall
2025-09-19 18:17:00,-1,24569.787,24573.42400518943,bias0_d0.8_mss1_fvg0_hall
2025-09-22 01:54:00,1,24588.861,24586.189892283215,bias0_d0.8_mss1_fvg0_hall
2025-09-22 07:03:00,1,24574.2185,24566.003503805267,bias0_d0.8_mss1_fvg0_hall
2025-09-22 07:03:00,1,24574.2185,24564.453435676318,bias0_d0.8_mss1_fvg0_hall
2025-09-22 17:33:00,-1,24740.572,24746.591101691618,bias0_d0.8_mss1_fvg0_hall
2025-09-22 18:50:00,-1,24767.547,24770.8919609581,bias0_d0.8_mss1_fvg0_hall
2025-09-23 00:56:00,-1,24750.962,24754.113232737393,bias0_d0.8_mss1_fvg0_hall
2025-09-23 02:25:00,-1,24761.2725,24763.51310095077,bias0_d0.8_mss1_fvg0_hall
2025-09-23 02:25:00,-1,24761.2725,24763.58735088286,bias0_d0.8_mss1_fvg0_hall
2025-09-23 05:16:00,-1,24752.2615,24755.492892875416,bias0_d0.8_mss1_fvg0_hall
2025-09-23 07:02:00,-1,24766.864999999998,24771.75473841758,bias0_d0.8_mss1_fvg0_hall
2025-09-23 11:42:00,1,24750.4845,24744.87969867273,bias0_d0.8_mss1_fvg0_hall
2025-09-23 12:42:00,1,24755.6345,24749.410783348074,bias0_d0.8_mss1_fvg0_hall
2025-09-23 13:28:00,-1,24761.1695,24767.959455501506,bias0_d0.8_mss1_fvg0_hall
2025-09-23 13:35:00,-1,24757.114999999998,24769.087719357114,bias0_d0.8_mss1_fvg0_hall
2025-09-23 18:25:00,1,24563.821,24553.44631026181,bias0_d0.8_mss1_fvg0_hall
2025-09-24 03:51:00,-1,24596.447500000002,24597.157562264878,bias0_d0.8_mss1_fvg0_hall
2025-09-24 05:31:00,-1,24612.163999999997,24614.832867694786,bias0_d0.8_mss1_fvg0_hall
2025-09-24 09:34:00,-1,24664.14,24669.10986686151,bias0_d0.8_mss1_fvg0_hall
2025-09-24 13:30:00,-1,24639.854,24658.311394906577,bias0_d0.8_mss1_fvg0_hall
2025-09-24 14:32:00,-1,24572.8025,24586.254662159674,bias0_d0.8_mss1_fvg0_hall
2025-09-24 14:57:00,-1,24577.750500000002,24585.033014087905,bias0_d0.8_mss1_fvg0_hall
2025-09-24 17:01:00,1,24448.1065,24437.719974750755,bias0_d0.8_mss1_fvg0_hall
2025-09-24 22:30:00,1,24508.7945,24505.81152479442,bias0_d0.8_mss1_fvg0_hall
2025-09-25 01:24:00,-1,24538.79,24542.164102007617,bias0_d0.8_mss1_fvg0_hall
2025-09-25 01:28:00,1,24539.396999999997,24535.261149761423,bias0_d0.8_mss1_fvg0_hall
2025-09-25 04:10:00,-1,24546.072,24551.34767405755,bias0_d0.8_mss1_fvg0_hall
2025-09-25 04:10:00,-1,24546.072,24550.149650910582,bias0_d0.8_mss1_fvg0_hall
2025-09-25 15:11:00,1,24386.131,24365.023610073204,bias0_d0.8_mss1_fvg0_hall
2025-09-25 19:53:00,1,24366.5245,24356.761633494865,bias0_d0.8_mss1_fvg0_hall
2025-09-26 03:52:00,1,24357.305500000002,24351.31938929544,bias0_d0.8_mss1_fvg0_hall
2025-09-26 08:22:00,-1,24424.93,24430.603256096234,bias0_d0.8_mss1_fvg0_hall
2025-09-26 14:04:00,-1,24486.218,24503.63704717731,bias0_d0.8_mss1_fvg0_hall
2025-09-26 18:46:00,-1,24492.71,24506.86321912465,bias0_d0.8_mss1_fvg0_hall
2025-09-26 19:49:00,1,24488.1615,24481.0327292553,bias0_d0.8_mss1_fvg0_hall
2025-09-26 19:49:00,1,24488.1615,24482.28736645135,bias0_d0.8_mss1_fvg0_hall
2025-09-26 19:57:00,1,24481.2825,24471.99161865884,bias0_d0.8_mss1_fvg0_hall
2025-09-29 05:41:00,-1,24606.732,24611.12549574238,bias0_d0.8_mss1_fvg0_hall
2025-09-29 05:41:00,-1,24606.732,24609.320642475068,bias0_d0.8_mss1_fvg0_hall
2025-09-30 06:04:00,-1,24613.6575,24618.274217319897,bias0_d0.8_mss1_fvg0_hall
2025-09-30 08:27:00,1,24565.8105,24560.087797664364,bias0_d0.8_mss1_fvg0_hall
2025-09-30 08:27:00,1,24565.8105,24560.370268904477,bias0_d0.8_mss1_fvg0_hall
2025-09-30 11:50:00,-1,24583.8335,24587.35731829042,bias0_d0.8_mss1_fvg0_hall
2025-09-30 11:50:00,-1,24583.8335,24590.071522971593,bias0_d0.8_mss1_fvg0_hall
2025-09-30 23:55:00,-1,24617.989999999998,24622.48171560906,bias0_d0.8_mss1_fvg0_hall
2025-09-30 23:55:00,-1,24617.989999999998,24621.477357351272,bias0_d0.8_mss1_fvg0_hall
2025-10-01 06:11:00,-1,24541.059,24545.79275851568,bias0_d0.8_mss1_fvg0_hall
2025-10-01 06:11:00,-1,24541.059,24545.128365050274,bias0_d0.8_mss1_fvg0_hall
2025-10-01 06:11:00,-1,24541.059,24547.224899711717,bias0_d0.8_mss1_fvg0_hall
2025-10-01 12:53:00,-1,24558.574500000002,24572.177923779767,bias0_d0.8_mss1_fvg0_hall
2025-10-01 13:31:00,1,24553.699500000002,24520.491951270295,bias0_d0.8_mss1_fvg0_hall
2025-10-01 16:19:00,-1,24722.718,24730.905775055548,bias0_d0.8_mss1_fvg0_hall
2025-10-01 16:19:00,-1,24722.718,24730.695191123014,bias0_d0.8_mss1_fvg0_hall
2025-10-01 19:12:00,-1,24805.711000000003,24815.84280546018,bias0_d0.8_mss1_fvg0_hall
2025-10-01 19:59:00,-1,24802.574500000002,24813.450283808506,bias0_d0.8_mss1_fvg0_hall
2025-10-01 19:59:00,-1,24802.574500000002,24814.218259965044,bias0_d0.8_mss1_fvg0_hall
2025-10-01 22:38:00,-1,24800.3315,24804.28029294217,bias0_d0.8_mss1_fvg0_hall
2025-10-01 22:53:00,-1,24802.692499999997,24804.8531352697,bias0_d0.8_mss1_fvg0_hall
2025-10-02 03:13:00,1,24842.1095,24835.881817271424,bias0_d0.8_mss1_fvg0_hall
2025-10-02 05:53:00,1,24853.751,24850.73744041468,bias0_d0.8_mss1_fvg0_hall
2025-10-02 06:44:00,1,24847.374,24841.063472395275,bias0_d0.8_mss1_fvg0_hall
2025-10-02 06:44:00,1,24847.374,24841.071185081328,bias0_d0.8_mss1_fvg0_hall
2025-10-02 07:00:00,-1,24844.0325,24851.419953795008,bias0_d0.8_mss1_fvg0_hall
2025-10-02 07:02:00,1,24849.161500000002,24838.678666115527,bias0_d0.8_mss1_fvg0_hall
2025-10-02 07:36:00,1,24855.165,24848.11443504021,bias0_d0.8_mss1_fvg0_hall
2025-10-02 08:02:00,1,24866.2775,24858.628936969977,bias0_d0.8_mss1_fvg0_hall
2025-10-02 09:02:00,-1,24893.531,24898.155203685317,bias0_d0.8_mss1_fvg0_hall
2025-10-02 11:42:00,1,24918.908499999998,24915.88146628159,bias0_d0.8_mss1_fvg0_hall
2025-10-02 18:56:00,1,24893.269999999997,24885.354837050836,bias0_d0.8_mss1_fvg0_hall
2025-10-03 03:32:00,1,24948.3865,24946.89432224618,bias0_d0.8_mss1_fvg0_hall
2025-10-03 07:12:00,-1,24976.389499999997,24980.941957963943,bias0_d0.8_mss1_fvg0_hall
2025-10-03 09:04:00,-1,24974.1365,24977.84132346343,bias0_d0.8_mss1_fvg0_hall
2025-10-06 03:56:00,-1,24891.8465,24894.28209889674,bias0_d0.8_mss1_fvg0_hall
2025-10-06 03:56:00,-1,24890.0985,24891.48446326126,bias0_d0.8_mss1_fvg0_hall
2025-10-06 08:37:00,-1,24899.227,24900.949189516905,bias0_d0.8_mss1_fvg0_hall
2025-10-06 08:37:00,-1,24899.227,24902.031852138716,bias0_d0.8_mss1_fvg0_hall
2025-10-06 08:57:00,1,24895.5745,24893.042858275756,bias0_d0.8_mss1_fvg0_hall
2025-10-06 13:32:00,-1,24997.5555,25018.219437119744,bias0_d0.8_mss1_fvg0_hall
2025-10-06 13:32:00,-1,24979.0985,25007.826409468336,bias0_d0.8_mss1_fvg0_hall
2025-10-06 13:32:00,-1,24979.0985,24997.12324093488,bias0_d0.8_mss1_fvg0_hall
2025-10-06 16:55:00,1,24988.3595,24982.19497964101,bias0_d0.8_mss1_fvg0_hall
2025-10-07 07:01:00,-1,24952.855499999998,24956.669367079558,bias0_d0.8_mss1_fvg0_hall
2025-10-07 07:01:00,-1,24952.855499999998,24958.969419431018,bias0_d0.8_mss1_fvg0_hall
2025-10-07 07:01:00,-1,24952.855499999998,24957.850342264497,bias0_d0.8_mss1_fvg0_hall
2025-10-07 10:03:00,-1,24977.739999999998,24983.454835694436,bias0_d0.8_mss1_fvg0_hall
2025-10-07 19:23:00,-1,24839.3035,24845.46313380494,bias0_d0.8_mss1_fvg0_hall
2025-10-08 05:01:00,-1,24889.4415,24891.257380971405,bias0_d0.8_mss1_fvg0_hall
2025-10-08 17:16:00,1,25044.5095,25041.40979879716,bias0_d0.8_mss1_fvg0_hall
2025-10-09 01:01:00,1,25163.042500000003,25161.34973089162,bias0_d0.8_mss1_fvg0_hall
2025-10-09 01:01:00,1,25164.368499999997,25157.98397459532,bias0_d0.8_mss1_fvg0_hall
2025-10-09 01:08:00,-1,25168.059,25170.878171725246,bias0_d0.8_mss1_fvg0_hall
2025-10-09 01:08:00,-1,25160.968,25169.66432374487,bias0_d0.8_mss1_fvg0_hall
2025-10-09 02:37:00,-1,25133.762000000002,25138.302238439228,bias0_d0.8_mss1_fvg0_hall
2025-10-09 12:53:00,1,25121.999,25116.36734447327,bias0_d0.8_mss1_fvg0_hall
2025-10-09 12:53:00,1,25121.999,25116.253916296606,bias0_d0.8_mss1_fvg0_hall
2025-10-09 13:33:00,-1,25117.403,25134.083997805985,bias0_d0.8_mss1_fvg0_hall
2025-10-10 04:24:00,1,25131.743499999997,25126.711105739956,bias0_d0.8_mss1_fvg0_hall
2025-10-10 07:26:00,1,25121.889499999997,25108.903684124303,bias0_d0.8_mss1_fvg0_hall
2025-10-10 07:26:00,1,25121.889499999997,25113.00936740114,bias0_d0.8_mss1_fvg0_hall
2025-10-10 14:47:00,1,25138.137,25128.06460994627,bias0_d0.8_mss1_fvg0_hall
2025-10-10 16:23:00,1,24638.9735,24558.31522143801,bias0_d0.8_mss1_fvg0_hall
2025-10-12 23:08:00,1,24507.117,24484.03692322205,bias0_d0.8_mss1_fvg0_hall
2025-10-13 02:38:00,-1,24672.288999999997,24677.45236574415,bias0_d0.8_mss1_fvg0_hall
2025-10-13 06:44:00,-1,24658.756,24664.083610425096,bias0_d0.8_mss1_fvg0_hall
2025-10-13 09:50:00,1,24665.430500000002,24660.692601825096,bias0_d0.8_mss1_fvg0_hall
2025-10-13 10:15:00,-1,24674.033,24686.28445329827,bias0_d0.8_mss1_fvg0_hall
2025-10-13 11:05:00,-1,24669.1335,24692.017714350077,bias0_d0.8_mss1_fvg0_hall
2025-10-13 13:00:00,1,24643.822,24608.455621090397,bias0_d0.8_mss1_fvg0_hall
2025-10-13 19:06:00,1,24722.250999999997,24704.47677835788,bias0_d0.8_mss1_fvg0_hall
2025-10-14 19:31:00,-1,24739.3815,24745.62502358478,bias0_d0.8_mss1_fvg0_hall
2025-10-14 23:02:00,-1,24601.6475,24607.968574173865,bias0_d0.8_mss1_fvg0_hall
2025-10-14 23:02:00,-1,24601.6475,24608.959651018587,bias0_d0.8_mss1_fvg0_hall
2025-10-15 07:46:00,-1,24723.163500000002,24728.67837899458,bias0_d0.8_mss1_fvg0_hall
2025-10-15 08:18:00,-1,24748.555,24758.147208446364,bias0_d0.8_mss1_fvg0_hall
2025-10-15 19:58:00,1,24697.476499999997,24673.149725060208,bias0_d0.8_mss1_fvg0_hall
2025-10-16 02:15:00,-1,24767.917,24773.91019394779,bias0_d0.8_mss1_fvg0_hall
2025-10-16 04:43:00,-1,24760.572,24766.333651569053,bias0_d0.8_mss1_fvg0_hall
2025-10-16 12:08:00,-1,24888.5275,24902.002798441852,bias0_d0.8_mss1_fvg0_hall
2025-10-16 16:50:00,1,24623.5445,24561.34969817711,bias0_d0.8_mss1_fvg0_hall
2025-10-16 19:13:00,-1,24628.4225,24649.95968345382,bias0_d0.8_mss1_fvg0_hall
2025-10-16 22:40:00,-1,24642.161500000002,24659.22167043964,bias0_d0.8_mss1_fvg0_hall
2025-10-17 03:36:00,-1,24593.5935,24603.10961155341,bias0_d0.8_mss1_fvg0_hall
2025-10-17 03:36:00,-1,24593.5935,24601.63182858531,bias0_d0.8_mss1_fvg0_hall
2025-10-17 10:50:00,-1,24374.8975,24398.45801627578,bias0_d0.8_mss1_fvg0_hall
2025-10-17 10:49:00,-1,24374.8975,24389.4975115418,bias0_d0.8_mss1_fvg0_hall
2025-10-17 13:14:00,-1,24580.712,24606.710825086353,bias0_d0.8_mss1_fvg0_hall
2025-10-17 13:30:00,-1,24569.3705,24606.9213596978,bias0_d0.8_mss1_fvg0_hall
2025-10-17 13:34:00,1,24562.6095,24532.80290528062,bias0_d0.8_mss1_fvg0_hall
2025-10-20 05:42:00,-1,24947.751,24952.187474901035,bias0_d0.8_mss1_fvg0_hall
2025-10-20 05:44:00,1,24947.266499999998,24938.18515990676,bias0_d0.8_mss1_fvg0_hall
2025-10-20 05:44:00,1,24947.266499999998,24933.929117980828,bias0_d0.8_mss1_fvg0_hall
2025-10-20 05:44:00,1,24947.266499999998,24937.6226059822,bias0_d0.8_mss1_fvg0_hall
2025-10-20 09:04:00,1,24907.5855,24895.843940066934,bias0_d0.8_mss1_fvg0_hall
2025-10-20 09:04:00,1,24907.5855,24898.045903680162,bias0_d0.8_mss1_fvg0_hall
2025-10-20 10:07:00,-1,24916.189,24922.98838575843,bias0_d0.8_mss1_fvg0_hall
2025-10-20 10:44:00,-1,24929.602,24937.908276055765,bias0_d0.8_mss1_fvg0_hall
2025-10-20 11:51:00,1,24906.843,24897.507594941122,bias0_d0.8_mss1_fvg0_hall
2025-10-20 13:27:00,-1,24978.659,24982.53411577851,bias0_d0.8_mss1_fvg0_hall
2025-10-20 15:48:00,1,25149.6315,25138.749429952022,bias0_d0.8_mss1_fvg0_hall
2025-10-20 15:48:00,1,25149.6315,25139.159770669736,bias0_d0.8_mss1_fvg0_hall
2025-10-20 15:55:00,-1,25152.413999999997,25164.731382225124,bias0_d0.8_mss1_fvg0_hall
2025-10-21 00:00:00,1,25156.031,25153.26091499721,bias0_d0.8_mss1_fvg0_hall
2025-10-21 07:06:00,-1,25112.6305,25117.82245504224,bias0_d0.8_mss1_fvg0_hall
2025-10-21 12:31:00,-1,25146.528,25150.855005497764,bias0_d0.8_mss1_fvg0_hall
2025-10-21 15:16:00,-1,25115.686,25138.062670777,bias0_d0.8_mss1_fvg0_hall
2025-10-21 15:16:00,-1,25115.686,25135.305544292925,bias0_d0.8_mss1_fvg0_hall
2025-10-21 16:52:00,-1,25171.1535,25183.857539638397,bias0_d0.8_mss1_fvg0_hall
2025-10-21 16:52:00,-1,25171.1535,25179.920483235655,bias0_d0.8_mss1_fvg0_hall
2025-10-21 19:59:00,-1,25158.284,25166.546315050815,bias0_d0.8_mss1_fvg0_hall
2025-10-22 04:42:00,1,25160.403,25156.756933557488,bias0_d0.8_mss1_fvg0_hall
2025-10-22 04:42:00,1,25160.403,25156.55782401767,bias0_d0.8_mss1_fvg0_hall
2025-10-22 06:25:00,1,25162.604,25155.236352393975,bias0_d0.8_mss1_fvg0_hall
2025-10-22 06:30:00,-1,25162.9955,25167.24145201911,bias0_d0.8_mss1_fvg0_hall
2025-10-22 08:57:00,1,25101.2235,25090.06455631918,bias0_d0.8_mss1_fvg0_hall
2025-10-22 12:32:00,1,25088.911500000002,25083.561404199834,bias0_d0.8_mss1_fvg0_hall
2025-10-23 05:31:00,1,24907.381500000003,24904.345777558174,bias0_d0.8_mss1_fvg0_hall
2025-10-23 18:35:00,-1,25110.515,25120.03266959431,bias0_d0.8_mss1_fvg0_hall
2025-10-23 18:50:00,1,25100.5445,25094.71807752708,bias0_d0.8_mss1_fvg0_hall
2025-10-23 18:50:00,1,25100.5445,25093.951397714674,bias0_d0.8_mss1_fvg0_hall
2025-10-24 12:27:00,1,25220.6425,25216.03292897049,bias0_d0.8_mss1_fvg0_hall
2025-10-24 13:35:00,1,25319.375999999997,25311.348349049014,bias0_d0.8_mss1_fvg0_hall
2025-10-24 15:35:00,-1,25385.294,25396.327578098044,bias0_d0.8_mss1_fvg0_hall
2025-10-27 00:22:00,-1,25585.189,25588.80979206152,bias0_d0.8_mss1_fvg0_hall
2025-10-27 00:46:00,-1,25589.302499999998,25598.085047078584,bias0_d0.8_mss1_fvg0_hall
2025-10-27 00:46:00,-1,25589.302499999998,25596.134350858683,bias0_d0.8_mss1_fvg0_hall
2025-10-27 08:23:00,-1,25644.9885,25650.891012791486,bias0_d0.8_mss1_fvg0_hall
2025-10-27 09:33:00,1,25649.422,25645.58413474621,bias0_d0.8_mss1_fvg0_hall
2025-10-27 13:35:00,-1,25683.8735,25706.49838374071,bias0_d0.8_mss1_fvg0_hall
2025-10-27 14:46:00,-1,25736.097999999998,25746.707233030033,bias0_d0.8_mss1_fvg0_hall
2025-10-27 15:03:00,1,25717.208,25707.40514699147,bias0_d0.8_mss1_fvg0_hall
2025-10-27 16:51:00,1,25758.4225,25753.13611008566,bias0_d0.8_mss1_fvg0_hall
2025-10-27 23:03:00,1,25854.316,25850.85712814069,bias0_d0.8_mss1_fvg0_hall
2025-10-28 02:45:00,1,25830.072,25826.38038391035,bias0_d0.8_mss1_fvg0_hall
2025-10-28 02:56:00,1,25825.3595,25820.977205106326,bias0_d0.8_mss1_fvg0_hall
2025-10-28 07:04:00,1,25819.6095,25814.088629633985,bias0_d0.8_mss1_fvg0_hall
2025-10-28 07:04:00,1,25819.6095,25816.0650060887,bias0_d0.8_mss1_fvg0_hall
2025-10-28 07:04:00,1,25819.6095,25813.407240709133,bias0_d0.8_mss1_fvg0_hall
2025-10-28 10:04:00,-1,25832.251,25836.447739621664,bias0_d0.8_mss1_fvg0_hall
2025-10-28 11:57:00,-1,25857.163500000002,25860.67148317904,bias0_d0.8_mss1_fvg0_hall
2025-10-28 22:30:00,-1,26042.664,26045.755015587332,bias0_d0.8_mss1_fvg0_hall
2025-10-29 05:12:00,-1,26105.6315,26110.2662043659,bias0_d0.8_mss1_fvg0_hall
2025-10-29 05:48:00,-1,26113.574500000002,26119.39678501845,bias0_d0.8_mss1_fvg0_hall
2025-10-29 10:04:00,1,26093.1075,26086.21234632873,bias0_d0.8_mss1_fvg0_hall
2025-10-29 10:04:00,1,26093.1075,26087.78858587668,bias0_d0.8_mss1_fvg0_hall
2025-10-29 13:22:00,-1,26122.156,26131.584077324642,bias0_d0.8_mss1_fvg0_hall
2025-10-29 13:22:00,-1,26122.156,26129.996921801452,bias0_d0.8_mss1_fvg0_hall
2025-10-29 17:18:00,-1,26116.778,26122.108289760483,bias0_d0.8_mss1_fvg0_hall
2025-10-29 18:35:00,-1,26070.2105,26133.997080680823,bias0_d0.8_mss1_fvg0_hall
2025-10-29 20:05:00,-1,26160.628,26216.26237251276,bias0_d0.8_mss1_fvg0_hall
2025-10-29 23:20:00,1,26057.2235,26048.412247643093,bias0_d0.8_mss1_fvg0_hall
2025-10-30 06:58:00,-1,26098.3465,26106.868100283904,bias0_d0.8_mss1_fvg0_hall
2025-10-30 08:05:00,-1,26134.8925,26148.837333902222,bias0_d0.8_mss1_fvg0_hall
2025-10-30 08:04:00,-1,26141.963,26148.96052464018,bias0_d0.8_mss1_fvg0_hall
2025-10-30 13:30:00,-1,25976.521999999997,25983.202990871807,bias0_d0.8_mss1_fvg0_hall
2025-10-30 13:30:00,-1,25967.506500000003,25980.394430809534,bias0_d0.8_mss1_fvg0_hall
2025-10-31 08:01:00,-1,26078.0985,26082.387706836125,bias0_d0.8_mss1_fvg0_hall
2025-10-31 14:21:00,-1,25949.691,25982.257474369053,bias0_d0.8_mss1_fvg0_hall
2025-10-31 17:36:00,-1,25774.5315,25796.220674671724,bias0_d0.8_mss1_fvg0_hall
2025-11-03 04:23:00,1,25938.650999999998,25931.719244524757,bias0_d0.8_mss1_fvg0_hall
2025-11-03 07:23:00,1,25901.0665,25888.208684374596,bias0_d0.8_mss1_fvg0_hall
2025-11-04 11:15:00,1,25624.436,25616.8439869498,bias0_d0.8_mss1_fvg0_hall
2025-11-04 14:33:00,-1,25593.838,25628.998262133908,bias0_d0.8_mss1_fvg0_hall
2025-11-04 19:31:00,-1,25524.120499999997,25553.28312409555,bias0_d0.8_mss1_fvg0_hall
2025-11-04 19:31:00,-1,25524.120499999997,25545.285308276267,bias0_d0.8_mss1_fvg0_hall
2025-11-05 06:00:00,-1,25345.905,25361.628071170486,bias0_d0.8_mss1_fvg0_hall
2025-11-05 07:54:00,1,25365.15,25351.7277904168,bias0_d0.8_mss1_fvg0_hall
2025-11-05 07:54:00,1,25365.15,25351.372791101312,bias0_d0.8_mss1_fvg0_hall
2025-11-05 08:48:00,-1,25398.6985,25412.52268341914,bias0_d0.8_mss1_fvg0_hall
2025-11-05 12:07:00,1,25344.305,25336.714971355424,bias0_d0.8_mss1_fvg0_hall
2025-11-06 02:16:00,1,25527.016499999998,25517.089878052888,bias0_d0.8_mss1_fvg0_hall
2025-11-06 05:05:00,-1,25616.364999999998,25621.685883846083,bias0_d0.8_mss1_fvg0_hall
2025-11-06 13:06:00,1,25660.3105,25653.67115927983,bias0_d0.8_mss1_fvg0_hall
2025-11-06 20:15:00,-1,25278.8535,25299.672015622487,bias0_d0.8_mss1_fvg0_hall
2025-11-06 20:29:00,-1,25259.393,25287.311223023913,bias0_d0.8_mss1_fvg0_hall
2025-11-07 00:56:00,-1,25235.477,25238.13011795829,bias0_d0.8_mss1_fvg0_hall
2025-11-07 00:56:00,-1,25235.477,25239.675223818413,bias0_d0.8_mss1_fvg0_hall
2025-11-07 07:23:00,-1,25228.68,25238.127244842522,bias0_d0.8_mss1_fvg0_hall
2025-11-07 12:17:00,-1,25065.4955,25086.625991812325,bias0_d0.8_mss1_fvg0_hall
2025-11-07 12:17:00,-1,25065.4955,25086.380235254303,bias0_d0.8_mss1_fvg0_hall
2025-11-07 14:26:00,1,24976.93,24964.295387348207,bias0_d0.8_mss1_fvg0_hall
2025-11-10 06:06:00,1,25373.9625,25365.399890592114,bias0_d0.8_mss1_fvg0_hall
2025-11-10 06:57:00,-1,25386.4605,25392.55268363108,bias0_d0.8_mss1_fvg0_hall
2025-11-10 18:20:00,-1,25546.2365,25553.92766887128,bias0_d0.8_mss1_fvg0_hall
2025-11-10 18:32:00,1,25540.813000000002,25527.681075353772,bias0_d0.8_mss1_fvg0_hall
2025-11-10 18:55:00,-1,25570.324,25575.941678731062,bias0_d0.8_mss1_fvg0_hall
2025-11-11 02:35:00,1,25627.864999999998,25620.7036284005,bias0_d0.8_mss1_fvg0_hall
2025-11-11 02:35:00,1,25627.864999999998,25620.827201371896,bias0_d0.8_mss1_fvg0_hall
2025-11-11 08:22:00,-1,25555.658499999998,25576.16810521337,bias0_d0.8_mss1_fvg0_hall
2025-11-11 10:34:00,-1,25521.1535,25529.9638582527,bias0_d0.8_mss1_fvg0_hall
2025-11-11 10:34:00,-1,25521.1535,25529.340182626052,bias0_d0.8_mss1_fvg0_hall
2025-11-11 11:49:00,-1,25515.7435,25520.493460642127,bias0_d0.8_mss1_fvg0_hall
2025-11-11 12:18:00,-1,25528.115,25535.47229272528,bias0_d0.8_mss1_fvg0_hall
2025-11-11 14:00:00,1,25491.287,25483.23423740296,bias0_d0.8_mss1_fvg0_hall
2025-11-11 14:00:00,1,25491.287,25485.548145445606,bias0_d0.8_mss1_fvg0_hall
2025-11-11 19:48:00,1,25549.9585,25543.698417423962,bias0_d0.8_mss1_fvg0_hall
2025-11-11 19:48:00,1,25549.9585,25539.09339869719,bias0_d0.8_mss1_fvg0_hall
2025-11-12 00:02:00,1,25557.5515,25548.933787582107,bias0_d0.8_mss1_fvg0_hall
2025-11-12 09:17:00,1,25686.0955,25672.51005799172,bias0_d0.8_mss1_fvg0_hall
2025-11-12 15:34:00,-1,25487.0665,25522.16796162336,bias0_d0.8_mss1_fvg0_hall
2025-11-12 18:46:00,-1,25530.0375,25536.353700541265,bias0_d0.8_mss1_fvg0_hall
2025-11-12 19:06:00,-1,25512.103000000003,25525.267865477275,bias0_d0.8_mss1_fvg0_hall
2025-11-12 19:06:00,-1,25512.103000000003,25523.105435800324,bias0_d0.8_mss1_fvg0_hall
2025-11-12 19:58:00,-1,25486.6515,25499.963492361916,bias0_d0.8_mss1_fvg0_hall
2025-11-12 19:58:00,-1,25486.6515,25501.731435764636,bias0_d0.8_mss1_fvg0_hall
2025-11-12 19:58:00,-1,25486.6515,25500.406468924302,bias0_d0.8_mss1_fvg0_hall
2025-11-13 02:17:00,1,25572.798000000003,25568.304923899534,bias0_d0.8_mss1_fvg0_hall
2025-11-13 13:33:00,-1,25461.855499999998,25474.099705736066,bias0_d0.8_mss1_fvg0_hall
2025-11-13 20:20:00,-1,24962.552,24983.900799374078,bias0_d0.8_mss1_fvg0_hall
2025-11-14 01:23:00,-1,25035.0535,25049.88882242465,bias0_d0.8_mss1_fvg0_hall
2025-11-14 09:46:00,-1,24862.876,24878.131342641493,bias0_d0.8_mss1_fvg0_hall
2025-11-14 09:46:00,-1,24862.876,24880.958703881384,bias0_d0.8_mss1_fvg0_hall
2025-11-14 09:46:00,-1,24862.876,24877.761792889854,bias0_d0.8_mss1_fvg0_hall
2025-11-14 14:30:00,-1,24632.3705,24667.61815818159,bias0_d0.8_mss1_fvg0_hall
2025-11-14 20:07:00,-1,25145.790999999997,25156.777946475766,bias0_d0.8_mss1_fvg0_hall
2025-11-14 20:07:00,-1,25131.261,25150.53503958464,bias0_d0.8_mss1_fvg0_hall
2025-11-17 05:08:00,-1,25192.854,25199.30829572993,bias0_d0.8_mss1_fvg0_hall
2025-11-17 08:00:00,-1,25227.914,25236.628978974077,bias0_d0.8_mss1_fvg0_hall
2025-11-17 08:03:00,1,25225.126,25221.54398894656,bias0_d0.8_mss1_fvg0_hall
2025-11-17 09:01:00,-1,25265.326500000003,25274.520163862864,bias0_d0.8_mss1_fvg0_hall
2025-11-17 11:32:00,1,25127.977,25111.638093209698,bias0_d0.8_mss1_fvg0_hall
2025-11-17 17:37:00,-1,25057.949999999997,25077.353191426497,bias0_d0.8_mss1_fvg0_hall
2025-11-18 10:36:00,-1,24731.8925,24746.75304886332,bias0_d0.8_mss1_fvg0_hall
2025-11-18 10:36:00,-1,24731.8925,24742.99591323023,bias0_d0.8_mss1_fvg0_hall
2025-11-18 12:02:00,-1,24701.620499999997,24712.533853761022,bias0_d0.8_mss1_fvg0_hall
2025-11-18 12:02:00,-1,24701.620499999997,24718.29104865109,bias0_d0.8_mss1_fvg0_hall
2025-11-18 13:19:00,-1,24656.7235,24681.2643727178,bias0_d0.8_mss1_fvg0_hall
2025-11-18 13:19:00,-1,24656.7235,24675.270060380815,bias0_d0.8_mss1_fvg0_hall
2025-11-18 17:06:00,-1,24543.679,24604.15367410491,bias0_d0.8_mss1_fvg0_hall
2025-11-18 18:40:00,1,24663.148999999998,24625.131255194832,bias0_d0.8_mss1_fvg0_hall
2025-11-18 18:40:00,1,24663.148999999998,24626.858472680917,bias0_d0.8_mss1_fvg0_hall
2025-11-18 19:37:00,1,24625.688000000002,24598.204289799953,bias0_d0.8_mss1_fvg0_hall
2025-11-18 19:37:00,1,24625.688000000002,24599.927929814236,bias0_d0.8_mss1_fvg0_hall
2025-11-19 11:55:00,-1,24630.411500000002,24646.63177772805,bias0_d0.8_mss1_fvg0_hall
2025-11-19 14:05:00,-1,24579.99,24597.146665528704,bias0_d0.8_mss1_fvg0_hall
2025-11-19 17:33:00,-1,24521.386,24571.972485518614,bias0_d0.8_mss1_fvg0_hall
2025-11-20 05:05:00,1,25102.852,25093.829174853738,bias0_d0.8_mss1_fvg0_hall
2025-11-20 07:05:00,1,25092.9605,25079.72201502296,bias0_d0.8_mss1_fvg0_hall
2025-11-20 07:05:00,1,25092.9605,25083.06966037846,bias0_d0.8_mss1_fvg0_hall
2025-11-20 07:05:00,1,25092.9605,25081.84261678,bias0_d0.8_mss1_fvg0_hall
2025-11-20 07:36:00,-1,25109.413999999997,25121.286467285212,bias0_d0.8_mss1_fvg0_hall
2025-11-20 14:30:00,-1,25114.5225,25160.188955729336,bias0_d0.8_mss1_fvg0_hall
2025-11-20 15:18:00,1,25107.0445,25076.61500269733,bias0_d0.8_mss1_fvg0_hall
2025-11-20 20:26:00,-1,24230.283,24264.402124102533,bias0_d0.8_mss1_fvg0_hall
2025-11-20 23:38:00,-1,24057.7125,24070.104796624237,bias0_d0.8_mss1_fvg0_hall
2025-11-21 01:04:00,-1,24116.1095,24133.38039983664,bias0_d0.8_mss1_fvg0_hall
2025-11-21 01:04:00,-1,24116.1095,24134.79362127688,bias0_d0.8_mss1_fvg0_hall
2025-11-21 14:30:00,1,24153.713,24098.774554580366,bias0_d0.8_mss1_fvg0_hall
2025-11-24 02:08:00,-1,24388.2345,24399.4620987788,bias0_d0.8_mss1_fvg0_hall
2025-11-24 04:31:00,1,24382.538500000002,24363.65913751738,bias0_d0.8_mss1_fvg0_hall
2025-11-24 05:31:00,-1,24433.001,24442.021577748317,bias0_d0.8_mss1_fvg0_hall
2025-11-24 05:31:00,-1,24433.001,24438.797165052005,bias0_d0.8_mss1_fvg0_hall
2025-11-24 06:04:00,-1,24420.7785,24432.411133643345,bias0_d0.8_mss1_fvg0_hall
2025-11-24 06:04:00,-1,24420.7785,24431.989591954534,bias0_d0.8_mss1_fvg0_hall
2025-11-24 07:02:00,-1,24402.300000000003,24411.01058268055,bias0_d0.8_mss1_fvg0_hall
2025-11-24 07:02:00,-1,24402.300000000003,24409.41471248908,bias0_d0.8_mss1_fvg0_hall
2025-11-24 10:38:00,1,24315.053,24290.257554116783,bias0_d0.8_mss1_fvg0_hall
2025-11-24 11:44:00,1,24336.126,24324.293914593163,bias0_d0.8_mss1_fvg0_hall
2025-11-24 17:16:00,1,24775.6365,24753.750989483913,bias0_d0.8_mss1_fvg0_hall
2025-11-24 20:53:00,1,24879.461,24857.24469365303,bias0_d0.8_mss1_fvg0_hall
2025-11-25 05:05:00,-1,24861.055,24870.163441677043,bias0_d0.8_mss1_fvg0_hall
2025-11-25 05:05:00,-1,24861.055,24869.953531557254,bias0_d0.8_mss1_fvg0_hall
2025-11-25 05:08:00,1,24864.805,24859.01950481732,bias0_d0.8_mss1_fvg0_hall
2025-11-25 10:10:00,1,24786.363,24773.588856688966,bias0_d0.8_mss1_fvg0_hall
2025-11-25 16:52:00,1,24794.0715,24770.56032988421,bias0_d0.8_mss1_fvg0_hall
2025-11-25 23:57:00,1,25012.697,25006.988872364487,bias0_d0.8_mss1_fvg0_hall
2025-11-26 07:23:00,1,25154.4225,25146.589496507695,bias0_d0.8_mss1_fvg0_hall
2025-11-26 09:20:00,-1,25093.180500000002,25113.198920672014,bias0_d0.8_mss1_fvg0_hall
2025-11-26 14:02:00,-1,25134.2595,25154.254818996887,bias0_d0.8_mss1_fvg0_hall
2025-11-26 17:24:00,1,25262.692499999997,25245.872538096206,bias0_d0.8_mss1_fvg0_hall
2025-11-27 00:52:00,1,25256.813,25254.528284887412,bias0_d0.8_mss1_fvg0_hall
2025-11-27 02:44:00,1,25263.339500000002,25260.434114754742,bias0_d0.8_mss1_fvg0_hall
2025-11-27 15:09:00,1,25235.728,25230.751047645896,bias0_d0.8_mss1_fvg0_hall
2025-11-27 17:32:00,1,25233.997499999998,25232.674511104677,bias0_d0.8_mss1_fvg0_hall
2025-11-27 17:30:00,1,25234.016,25232.56530316863,bias0_d0.8_mss1_fvg0_hall
2025-12-01 14:34:00,1,25223.457,25180.92886293308,bias0_d0.8_mss1_fvg0_hall
2025-12-02 01:30:00,-1,25387.875500000002,25396.64972980565,bias0_d0.8_mss1_fvg0_hall
2025-12-02 05:36:00,1,25324.7785,25316.66721694222,bias0_d0.8_mss1_fvg0_hall
2025-12-02 10:29:00,1,25396.2705,25387.276337962452,bias0_d0.8_mss1_fvg0_hall
2025-12-02 10:29:00,1,25396.2705,25389.300081679423,bias0_d0.8_mss1_fvg0_hall
2025-12-02 11:29:00,1,25441.614999999998,25435.77394502448,bias0_d0.8_mss1_fvg0_hall
2025-12-02 11:29:00,1,25441.614999999998,25435.794023951305,bias0_d0.8_mss1_fvg0_hall
2025-12-02 11:29:00,1,25441.614999999998,25435.747647240496,bias0_d0.8_mss1_fvg0_hall
2025-12-02 14:26:00,-1,25457.522,25467.523281167378,bias0_d0.8_mss1_fvg0_hall
2025-12-03 04:09:00,1,25619.966,25616.455161773574,bias0_d0.8_mss1_fvg0_hall
2025-12-03 13:17:00,-1,25614.913500000002,25620.8665296049,bias0_d0.8_mss1_fvg0_hall
2025-12-04 10:30:00,-1,25631.7125,25637.709162038507,bias0_d0.8_mss1_fvg0_hall
2025-12-04 15:25:00,-1,25525.082000000002,25550.73671414224,bias0_d0.8_mss1_fvg0_hall
2025-12-04 15:25:00,-1,25525.082000000002,25555.657866275706,bias0_d0.8_mss1_fvg0_hall
2025-12-04 17:37:00,1,25552.89,25546.948082854266,bias0_d0.8_mss1_fvg0_hall
2025-12-04 20:49:00,1,25530.337,25517.151121759773,bias0_d0.8_mss1_fvg0_hall
2025-12-05 12:00:00,-1,25676.593,25681.892300514843,bias0_d0.8_mss1_fvg0_hall
2025-12-05 12:00:00,-1,25676.593,25681.58956119235,bias0_d0.8_mss1_fvg0_hall
2025-12-05 12:03:00,1,25677.167500000003,25672.582062033125,bias0_d0.8_mss1_fvg0_hall
2025-12-08 00:00:00,-1,25711.7945,25716.20246740618,bias0_d0.8_mss1_fvg0_hall
2025-12-08 06:09:00,1,25756.343,25753.904179610738,bias0_d0.8_mss1_fvg0_hall
2025-12-08 14:30:00,1,25768.778,25740.743563951124,bias0_d0.8_mss1_fvg0_hall
2025-12-09 01:25:00,-1,25690.678,25695.73609617514,bias0_d0.8_mss1_fvg0_hall
2025-12-09 02:15:00,1,25655.5585,25650.107735312464,bias0_d0.8_mss1_fvg0_hall
2025-12-09 03:05:00,1,25657.2705,25653.613517610414,bias0_d0.8_mss1_fvg0_hall
2025-12-09 05:49:00,-1,25642.9495,25646.033210771166,bias0_d0.8_mss1_fvg0_hall
2025-12-09 07:38:00,-1,25653.18,25656.839787639026,bias0_d0.8_mss1_fvg0_hall
2025-12-09 07:38:00,-1,25653.18,25657.834745664808,bias0_d0.8_mss1_fvg0_hall
2025-12-09 07:42:00,1,25654.6725,25644.47948263529,bias0_d0.8_mss1_fvg0_hall
2025-12-09 12:51:00,1,25634.680500000002,25622.100897404336,bias0_d0.8_mss1_fvg0_hall
2025-12-09 15:48:00,-1,25637.086,25644.15032526459,bias0_d0.8_mss1_fvg0_hall
2025-12-09 20:54:00,-1,25677.8145,25683.228589922448,bias0_d0.8_mss1_fvg0_hall
2025-12-09 23:51:00,-1,25648.9245,25651.426577288687,bias0_d0.8_mss1_fvg0_hall
2025-12-10 03:56:00,1,25639.022,25635.08822009251,bias0_d0.8_mss1_fvg0_hall
2025-12-10 04:30:00,1,25653.5315,25649.395434949638,bias0_d0.8_mss1_fvg0_hall
2025-12-10 23:47:00,1,25705.311,25700.316679215353,bias0_d0.8_mss1_fvg0_hall
2025-12-11 08:01:00,-1,25510.197,25516.914369740258,bias0_d0.8_mss1_fvg0_hall
2025-12-11 08:01:00,-1,25510.197,25515.41976013318,bias0_d0.8_mss1_fvg0_hall
2025-12-12 12:24:00,1,25550.33,25542.48740747586,bias0_d0.8_mss1_fvg0_hall
2025-12-12 15:54:00,-1,25360.581,25388.85952524213,bias0_d0.8_mss1_fvg0_hall
2025-12-15 04:10:00,-1,25240.1075,25243.530518422373,bias0_d0.8_mss1_fvg0_hall
2025-12-15 04:10:00,-1,25240.1075,25246.25786409888,bias0_d0.8_mss1_fvg0_hall
2025-12-15 06:01:00,-1,25261.648,25267.198635355537,bias0_d0.8_mss1_fvg0_hall
2025-12-15 06:01:00,-1,25261.648,25266.415350687286,bias0_d0.8_mss1_fvg0_hall
2025-12-15 06:32:00,-1,25254.4605,25259.359594728623,bias0_d0.8_mss1_fvg0_hall
2025-12-15 08:09:00,-1,25244.184,25249.25166545014,bias0_d0.8_mss1_fvg0_hall
2025-12-15 08:09:00,-1,25234.814,25244.886975060846,bias0_d0.8_mss1_fvg0_hall
2025-12-15 12:27:00,-1,25324.4195,25330.06392873708,bias0_d0.8_mss1_fvg0_hall
2025-12-15 14:22:00,-1,25371.1425,25383.445070459864,bias0_d0.8_mss1_fvg0_hall
2025-12-15 14:33:00,-1,25374.7455,25395.9911186111,bias0_d0.8_mss1_fvg0_hall
2025-12-15 18:19:00,-1,25119.358500000002,25144.747165255638,bias0_d0.8_mss1_fvg0_hall
2025-12-15 19:55:00,1,25097.709,25085.564988685423,bias0_d0.8_mss1_fvg0_hall
2025-12-16 14:30:00,1,24992.4355,24942.130310992612,bias0_d0.8_mss1_fvg0_hall
2025-12-16 14:50:00,1,25021.946,24982.41068666835,bias0_d0.8_mss1_fvg0_hall
2025-12-16 23:50:00,-1,25094.480499999998,25112.052306744827,bias0_d0.8_mss1_fvg0_hall
2025-12-17 01:37:00,-1,25083.3485,25096.8686871986,bias0_d0.8_mss1_fvg0_hall
2025-12-17 03:37:00,-1,25119.468,25127.38231496599,bias0_d0.8_mss1_fvg0_hall
2025-12-17 08:01:00,-1,25167.83,25173.070593635908,bias0_d0.8_mss1_fvg0_hall
2025-12-17 11:46:00,-1,25233.4715,25242.984427349173,bias0_d0.8_mss1_fvg0_hall
2025-12-17 12:32:00,1,25233.8245,25225.58941511006,bias0_d0.8_mss1_fvg0_hall
2025-12-17 14:28:00,-1,25187.3165,25202.526620562596,bias0_d0.8_mss1_fvg0_hall
2025-12-17 15:22:00,1,25064.946,25031.553059535636,bias0_d0.8_mss1_fvg0_hall
2025-12-18 01:35:00,-1,24745.4465,24754.208737619883,bias0_d0.8_mss1_fvg0_hall
2025-12-18 01:51:00,-1,24750.142,24760.609452522498,bias0_d0.8_mss1_fvg0_hall
2025-12-18 11:00:00,1,24847.4735,24833.506767952338,bias0_d0.8_mss1_fvg0_hall
2025-12-18 13:05:00,-1,24864.614999999998,24871.557858322296,bias0_d0.8_mss1_fvg0_hall
2025-12-18 15:23:00,1,24966.254,24930.186461050904,bias0_d0.8_mss1_fvg0_hall
2025-12-19 06:12:00,-1,25062.8,25070.193683294536,bias0_d0.8_mss1_fvg0_hall
2025-12-19 09:53:00,1,25145.772,25138.74206834497,bias0_d0.8_mss1_fvg0_hall
2025-12-19 16:44:00,-1,25319.614999999998,25327.58163243967,bias0_d0.8_mss1_fvg0_hall
2025-12-19 20:50:00,1,25327.088499999998,25321.208153838023,bias0_d0.8_mss1_fvg0_hall
2025-12-22 00:30:00,1,25419.249,25413.091647705987,bias0_d0.8_mss1_fvg0_hall
2025-12-22 00:50:00,1,25418.5985,25413.131627026378,bias0_d0.8_mss1_fvg0_hall
2025-12-22 01:01:00,1,25420.011,25415.15846860061,bias0_d0.8_mss1_fvg0_hall
2025-12-22 07:24:00,-1,25461.4245,25465.947035801186,bias0_d0.8_mss1_fvg0_hall
2025-12-22 17:50:00,1,25466.675,25451.68352421629,bias0_d0.8_mss1_fvg0_hall
2025-12-22 20:19:00,1,25451.201999999997,25445.542032202873,bias0_d0.8_mss1_fvg0_hall
2025-12-23 13:13:00,-1,25443.8315,25449.122137556657,bias0_d0.8_mss1_fvg0_hall
2025-12-23 20:55:00,1,25570.6045,25559.70194353896,bias0_d0.8_mss1_fvg0_hall
2025-12-24 02:09:00,1,25581.994,25579.625434478978,bias0_d0.8_mss1_fvg0_hall
2025-12-24 18:00:00,-1,25655.483,25666.073996789608,bias0_d0.8_mss1_fvg0_hall
2025-12-26 14:35:00,1,25675.686,25653.772710152858,bias0_d0.8_mss1_fvg0_hall
2025-12-26 16:08:00,-1,25680.7195,25688.98117866861,bias0_d0.8_mss1_fvg0_hall
2025-12-26 17:51:00,-1,25648.7195,25657.331435784938,bias0_d0.8_mss1_fvg0_hall
2025-12-26 17:50:00,-1,25650.214,25656.67917608601,bias0_d0.8_mss1_fvg0_hall
2025-12-26 17:50:00,-1,25650.214,25655.302177794158,bias0_d0.8_mss1_fvg0_hall
2025-12-29 02:39:00,1,25622.374,25617.75972153941,bias0_d0.8_mss1_fvg0_hall
2025-12-29 19:21:00,1,25480.531499999997,25473.83540184592,bias0_d0.8_mss1_fvg0_hall
2025-12-30 01:24:00,-1,25500.737999999998,25503.559151647572,bias0_d0.8_mss1_fvg0_hall
2025-12-30 08:32:00,1,25513.544,25507.67936197417,bias0_d0.8_mss1_fvg0_hall
2025-12-30 08:32:00,1,25513.544,25507.794628976015,bias0_d0.8_mss1_fvg0_hall
2025-12-30 12:22:00,-1,25527.555,25530.52508107243,bias0_d0.8_mss1_fvg0_hall
2025-12-30 14:48:00,1,25478.43,25459.573996766212,bias0_d0.8_mss1_fvg0_hall
2025-12-30 18:26:00,1,25522.3145,25514.161047722184,bias0_d0.8_mss1_fvg0_hall
2025-12-31 02:06:00,-1,25413.264499999997,25417.094416632615,bias0_d0.8_mss1_fvg0_hall
2025-12-31 04:43:00,-1,25419.463,25423.380106191344,bias0_d0.8_mss1_fvg0_hall
2025-12-31 04:43:00,-1,25419.463,25423.462823960905,bias0_d0.8_mss1_fvg0_hall
2025-12-31 05:25:00,1,25410.023,25406.29405398382,bias0_d0.8_mss1_fvg0_hall
2025-12-31 16:52:00,1,25378.363,25366.295157182714,bias0_d0.8_mss1_fvg0_hall
2025-12-31 18:08:00,1,25373.877,25368.75037637047,bias0_d0.8_mss1_fvg0_hall
2025-12-31 18:08:00,1,25373.877,25366.45721176842,bias0_d0.8_mss1_fvg0_hall
2026-01-02 01:57:00,1,25350.127,25346.885666469607,bias0_d0.8_mss1_fvg0_hall
2026-01-02 13:50:00,-1,25498.178,25504.145181232547,bias0_d0.8_mss1_fvg0_hall
2026-01-02 18:18:00,1,25136.234,25123.93483295962,bias0_d0.8_mss1_fvg0_hall
2026-01-02 18:38:00,1,25150.0395,25130.97304390143,bias0_d0.8_mss1_fvg0_hall
2026-01-02 18:48:00,-1,25160.414,25168.54189356301,bias0_d0.8_mss1_fvg0_hall
2026-01-02 18:48:00,-1,25160.414,25167.454127868106,bias0_d0.8_mss1_fvg0_hall
2026-01-05 02:40:00,-1,25282.6745,25289.750366867265,bias0_d0.8_mss1_fvg0_hall
2026-01-05 04:16:00,1,25282.6425,25276.330909628323,bias0_d0.8_mss1_fvg0_hall
2026-01-05 09:04:00,1,25332.9735,25324.138223299295,bias0_d0.8_mss1_fvg0_hall
2026-01-05 09:24:00,-1,25341.7565,25348.4695066145,bias0_d0.8_mss1_fvg0_hall
2026-01-05 11:09:00,-1,25375.689,25381.10121347258,bias0_d0.8_mss1_fvg0_hall
2026-01-05 23:50:00,-1,25386.824500000002,25391.863649984494,bias0_d0.8_mss1_fvg0_hall
2026-01-06 11:45:00,1,25410.1915,25407.70003177178,bias0_d0.8_mss1_fvg0_hall
2026-01-06 14:45:00,1,25469.550000000003,25424.03096963953,bias0_d0.8_mss1_fvg0_hall
2026-01-06 14:45:00,1,25469.550000000003,25439.828889665278,bias0_d0.8_mss1_fvg0_hall
2026-01-06 20:59:00,-1,25638.894500000002,25652.67348795249,bias0_d0.8_mss1_fvg0_hall
2026-01-06 20:59:00,-1,25638.894500000002,25651.11862095588,bias0_d0.8_mss1_fvg0_hall
2026-01-07 00:45:00,1,25644.5495,25636.32225385154,bias0_d0.8_mss1_fvg0_hall
2026-01-07 01:35:00,1,25635.739999999998,25628.684628497347,bias0_d0.8_mss1_fvg0_hall
2026-01-07 07:16:00,1,25593.394999999997,25587.28100636941,bias0_d0.8_mss1_fvg0_hall
2026-01-07 08:25:00,-1,25595.1205,25598.768906318954,bias0_d0.8_mss1_fvg0_hall
2026-01-07 08:50:00,-1,25586.8375,25593.58316094861,bias0_d0.8_mss1_fvg0_hall
2026-01-07 15:38:00,-1,25684.5265,25718.738047440165,bias0_d0.8_mss1_fvg0_hall
2026-01-07 17:32:00,-1,25798.089,25807.678896827714,bias0_d0.8_mss1_fvg0_hall
2026-01-08 01:03:00,-1,25661.214999999997,25664.51871482201,bias0_d0.8_mss1_fvg0_hall
2026-01-08 01:03:00,-1,25661.214999999997,25663.31319590615,bias0_d0.8_mss1_fvg0_hall
2026-01-08 02:14:00,-1,25658.271,25664.329645289432,bias0_d0.8_mss1_fvg0_hall
2026-01-08 03:36:00,-1,25609.481,25614.54180211942,bias0_d0.8_mss1_fvg0_hall
2026-01-08 03:36:00,-1,25609.481,25613.31764125375,bias0_d0.8_mss1_fvg0_hall
2026-01-08 04:18:00,-1,25604.177,25607.84920226584,bias0_d0.8_mss1_fvg0_hall
2026-01-08 04:18:00,-1,25604.177,25607.536180675423,bias0_d0.8_mss1_fvg0_hall
2026-01-08 14:30:00,-1,25596.6695,25626.56753725063,bias0_d0.8_mss1_fvg0_hall
2026-01-08 16:41:00,1,25436.7555,25418.829624218524,bias0_d0.8_mss1_fvg0_hall
2026-01-08 18:52:00,-1,25489.004999999997,25497.059587049876,bias0_d0.8_mss1_fvg0_hall
2026-01-09 00:25:00,-1,25515.5175,25519.344920986485,bias0_d0.8_mss1_fvg0_hall
2026-01-09 03:36:00,1,25502.515,25494.375908140235,bias0_d0.8_mss1_fvg0_hall
2026-01-09 04:03:00,-1,25502.523,25508.66599921724,bias0_d0.8_mss1_fvg0_hall
2026-01-09 04:52:00,1,25499.566,25494.354403386318,bias0_d0.8_mss1_fvg0_hall
2026-01-09 04:52:00,1,25499.566,25493.407017430152,bias0_d0.8_mss1_fvg0_hall
2026-01-09 10:04:00,-1,25548.756500000003,25553.617616607153,bias0_d0.8_mss1_fvg0_hall
2026-01-09 13:03:00,-1,25572.533499999998,25578.299456715817,bias0_d0.8_mss1_fvg0_hall
2026-01-09 15:06:00,-1,25516.365,25590.90223273572,bias0_d0.8_mss1_fvg0_hall
2026-01-12 02:31:00,1,25567.5285,25564.016561771856,bias0_d0.8_mss1_fvg0_hall
2026-01-12 05:06:00,1,25555.7945,25553.129003197668,bias0_d0.8_mss1_fvg0_hall
2026-01-12 11:48:00,-1,25551.093,25556.295735183034,bias0_d0.8_mss1_fvg0_hall
2026-01-12 16:52:00,1,25767.6,25753.96245534146,bias0_d0.8_mss1_fvg0_hall
2026-01-12 17:45:00,1,25781.591500000002,25776.573915257337,bias0_d0.8_mss1_fvg0_hall
2026-01-13 04:18:00,1,25715.637,25709.900754515627,bias0_d0.8_mss1_fvg0_hall
2026-01-13 04:18:00,1,25715.637,25709.04345776451,bias0_d0.8_mss1_fvg0_hall
2026-01-13 04:18:00,1,25715.637,25709.97163578133,bias0_d0.8_mss1_fvg0_hall
2026-01-13 04:41:00,-1,25717.9515,25720.80503327054,bias0_d0.8_mss1_fvg0_hall
2026-01-13 08:33:00,-1,25747.5765,25757.844595541057,bias0_d0.8_mss1_fvg0_hall
2026-01-13 09:00:00,1,25746.1475,25738.337794840823,bias0_d0.8_mss1_fvg0_hall
2026-01-13 13:15:00,-1,25738.7995,25743.60711698112,bias0_d0.8_mss1_fvg0_hall
2026-01-13 19:47:00,-1,25695.243499999997,25704.262032642113,bias0_d0.8_mss1_fvg0_hall
2026-01-14 00:01:00,1,25731.1095,25720.329870765032,bias0_d0.8_mss1_fvg0_hall
2026-01-14 07:18:00,-1,25695.0745,25699.675448860933,bias0_d0.8_mss1_fvg0_hall
2026-01-14 08:57:00,1,25683.612999999998,25676.309205167097,bias0_d0.8_mss1_fvg0_hall
2026-01-14 09:40:00,-1,25697.269999999997,25706.011234232352,bias0_d0.8_mss1_fvg0_hall
2026-01-14 14:28:00,-1,25598.434999999998,25607.91967733088,bias0_d0.8_mss1_fvg0_hall
2026-01-14 14:34:00,1,25556.7835,25521.652931356683,bias0_d0.8_mss1_fvg0_hall
2026-01-14 16:20:00,1,25347.913,25328.364466165265,bias0_d0.8_mss1_fvg0_hall
2026-01-14 18:29:00,1,25323.857,25304.3455985962,bias0_d0.8_mss1_fvg0_hall
2026-01-14 18:32:00,-1,25320.734,25334.36192008797,bias0_d0.8_mss1_fvg0_hall
2026-01-14 18:32:00,-1,25320.734,25348.545299463607,bias0_d0.8_mss1_fvg0_hall
2026-01-14 19:55:00,-1,25361.0595,25371.24428513165,bias0_d0.8_mss1_fvg0_hall
2026-01-14 20:03:00,1,25334.6675,25313.98598090807,bias0_d0.8_mss1_fvg0_hall
2026-01-15 14:30:00,-1,25759.4685,25786.974109760842,bias0_d0.8_mss1_fvg0_hall
2026-01-15 15:28:00,-1,25722.345,25736.352283150336,bias0_d0.8_mss1_fvg0_hall
2026-01-16 06:09:00,1,25654.536500000002,25649.60787738413,bias0_d0.8_mss1_fvg0_hall
2026-01-16 06:09:00,1,25654.536500000002,25650.32282185669,bias0_d0.8_mss1_fvg0_hall
2026-01-16 10:10:00,1,25663.389499999997,25655.239641568976,bias0_d0.8_mss1_fvg0_hall
2026-01-18 23:55:00,1,25285.7335,25264.525829301165,bias0_d0.8_mss1_fvg0_hall
2026-01-19 01:22:00,-1,25283.4185,25294.945729940762,bias0_d0.8_mss1_fvg0_hall
2026-01-19 05:21:00,1,25222.410499999998,25213.51346621148,bias0_d0.8_mss1_fvg0_hall
2026-01-19 10:32:00,-1,25134.479,25152.13570291632,bias0_d0.8_mss1_fvg0_hall
2026-01-19 14:03:00,-1,25172.467,25191.61900110198,bias0_d0.8_mss1_fvg0_hall
2026-01-19 15:37:00,-1,25156.821,25175.260682096985,bias0_d0.8_mss1_fvg0_hall
2026-01-20 14:29:00,1,25066.349,25048.563667619357,bias0_d0.8_mss1_fvg0_hall
2026-01-20 15:21:00,1,25152.852,25107.217092816332,bias0_d0.8_mss1_fvg0_hall
2026-01-20 15:21:00,1,25152.852,25113.39829332945,bias0_d0.8_mss1_fvg0_hall
2026-01-20 16:42:00,-1,25251.6065,25286.28220738866,bias0_d0.8_mss1_fvg0_hall
2026-01-21 05:08:00,1,25058.012499999997,25048.348772682944,bias0_d0.8_mss1_fvg0_hall
2026-01-21 08:53:00,-1,25075.581,25085.632484904978,bias0_d0.8_mss1_fvg0_hall
2026-01-21 12:50:00,1,24908.9095,24889.43708538245,bias0_d0.8_mss1_fvg0_hall
2026-01-21 12:50:00,1,24908.9095,24896.847129283702,bias0_d0.8_mss1_fvg0_hall
2026-01-21 18:02:00,-1,25086.4355,25112.929408799773,bias0_d0.8_mss1_fvg0_hall
2026-01-22 02:13:00,-1,25454.389,25461.071877291284,bias0_d0.8_mss1_fvg0_hall
2026-01-22 12:03:00,-1,25530.8905,25542.51602136692,bias0_d0.8_mss1_fvg0_hall
2026-01-22 14:30:00,-1,25589.2065,25595.764766768993,bias0_d0.8_mss1_fvg0_hall
2026-01-23 04:44:00,-1,25561.4175,25566.826157463267,bias0_d0.8_mss1_fvg0_hall
2026-01-23 04:44:00,-1,25561.4175,25564.397210501604,bias0_d0.8_mss1_fvg0_hall
2026-01-23 04:44:00,-1,25561.4175,25564.973249037204,bias0_d0.8_mss1_fvg0_hall
2026-01-23 04:53:00,1,25558.072500000002,25553.445061492213,bias0_d0.8_mss1_fvg0_hall
2026-01-23 13:03:00,1,25495.526,25479.49459685617,bias0_d0.8_mss1_fvg0_hall
2026-01-26 00:55:00,1,25440.216,25434.83031689545,bias0_d0.8_mss1_fvg0_hall
2026-01-26 00:55:00,1,25440.216,25431.804087117205,bias0_d0.8_mss1_fvg0_hall
2026-01-26 02:25:00,-1,25526.863,25535.28426199865,bias0_d0.8_mss1_fvg0_hall
2026-01-26 06:50:00,1,25542.0065,25538.542841484872,bias0_d0.8_mss1_fvg0_hall
2026-01-26 13:10:00,1,25561.769999999997,25546.03464539116,bias0_d0.8_mss1_fvg0_hall
2026-01-26 13:25:00,-1,25564.3955,25575.132228909715,bias0_d0.8_mss1_fvg0_hall
2026-01-26 19:48:00,-1,25770.179,25778.852830463173,bias0_d0.8_mss1_fvg0_hall
2026-01-27 03:36:00,1,25839.311,25835.70850544192,bias0_d0.8_mss1_fvg0_hall
2026-01-27 05:00:00,-1,25860.0175,25863.473521516207,bias0_d0.8_mss1_fvg0_hall
2026-01-27 09:05:00,1,25853.875999999997,25849.200897916526,bias0_d0.8_mss1_fvg0_hall
2026-01-27 14:35:00,-1,25857.352,25884.997609827933,bias0_d0.8_mss1_fvg0_hall
2026-01-27 16:45:00,-1,25961.648,25966.884968492493,bias0_d0.8_mss1_fvg0_hall
2026-01-27 19:00:00,-1,25959.949,25963.263666413317,bias0_d0.8_mss1_fvg0_hall
2026-01-27 20:49:00,1,25962.3145,25950.199995250092,bias0_d0.8_mss1_fvg0_hall
2026-01-27 20:49:00,1,25962.3145,25951.874306303656,bias0_d0.8_mss1_fvg0_hall
2026-01-27 20:51:00,-1,25960.684500000003,25971.049962044777,bias0_d0.8_mss1_fvg0_hall
2026-01-28 17:23:00,-1,26024.160499999998,26033.360508049103,bias0_d0.8_mss1_fvg0_hall
2026-01-28 21:00:00,-1,26039.0295,26051.44473833777,bias0_d0.8_mss1_fvg0_hall
2026-01-29 00:55:00,1,26015.1595,25998.57023063158,bias0_d0.8_mss1_fvg0_hall
2026-01-29 07:29:00,1,26112.561999999998,26104.578587146887,bias0_d0.8_mss1_fvg0_hall
2026-01-29 07:28:00,1,26112.561999999998,26106.462113064965,bias0_d0.8_mss1_fvg0_hall
2026-01-29 10:54:00,-1,26085.5435,26094.54707080812,bias0_d0.8_mss1_fvg0_hall
2026-01-29 10:54:00,-1,26085.5435,26094.683294321825,bias0_d0.8_mss1_fvg0_hall
2026-01-29 14:31:00,-1,26014.9965,26042.502378314373,bias0_d0.8_mss1_fvg0_hall
2026-01-29 14:31:00,-1,26014.9965,26049.16767629192,bias0_d0.8_mss1_fvg0_hall
2026-01-30 09:25:00,-1,25598.843,25614.90510636654,bias0_d0.8_mss1_fvg0_hall
2026-01-30 12:40:00,-1,25760.686,25770.88913479981,bias0_d0.8_mss1_fvg0_hall
2026-01-30 14:30:00,1,25700.0455,25691.705496286922,bias0_d0.8_mss1_fvg0_hall
2026-01-30 14:30:00,1,25700.0455,25684.951892980713,bias0_d0.8_mss1_fvg0_hall
2026-01-30 16:06:00,1,25728.864999999998,25706.0254133891,bias0_d0.8_mss1_fvg0_hall
2026-02-02 01:07:00,-1,25504.055500000002,25525.516512165126,bias0_d0.8_mss1_fvg0_hall
2026-02-02 16:09:00,1,25700.408499999998,25686.525532206637,bias0_d0.8_mss1_fvg0_hall
2026-02-02 18:42:00,1,25800.650999999998,25793.423711715837,bias0_d0.8_mss1_fvg0_hall
2026-02-02 18:42:00,1,25800.650999999998,25794.221507307564,bias0_d0.8_mss1_fvg0_hall
2026-02-02 18:42:00,1,25800.650999999998,25792.042181785593,bias0_d0.8_mss1_fvg0_hall
2026-02-02 19:59:00,-1,25761.586499999998,25797.661794299645,bias0_d0.8_mss1_fvg0_hall
2026-02-03 04:25:00,-1,25849.167999999998,25854.382354436962,bias0_d0.8_mss1_fvg0_hall
2026-02-04 00:01:00,-1,25313.5,25331.957949864653,bias0_d0.8_mss1_fvg0_hall
2026-02-04 12:05:00,-1,25377.722,25385.553672888618,bias0_d0.8_mss1_fvg0_hall
2026-02-05 04:31:00,1,24826.6315,24814.34142259403,bias0_d0.8_mss1_fvg0_hall
2026-02-05 07:58:00,-1,24967.9845,24986.27343419769,bias0_d0.8_mss1_fvg0_hall
2026-02-05 12:03:00,1,24927.071,24899.794525054855,bias0_d0.8_mss1_fvg0_hall
2026-02-05 14:01:00,1,24697.501,24633.170185721134,bias0_d0.8_mss1_fvg0_hall
2026-02-05 14:34:00,1,24656.6095,24593.047733613996,bias0_d0.8_mss1_fvg0_hall
2026-02-05 16:15:00,1,24496.856,24450.080865058266,bias0_d0.8_mss1_fvg0_hall
2026-02-05 17:23:00,1,24650.7235,24622.703338576765,bias0_d0.8_mss1_fvg0_hall
2026-02-05 20:43:00,-1,24532.040500000003,24567.52637873226,bias0_d0.8_mss1_fvg0_hall
2026-02-05 20:43:00,-1,24532.040500000003,24561.455255251385,bias0_d0.8_mss1_fvg0_hall
2026-02-06 06:26:00,-1,24497.576500000003,24520.677384969407,bias0_d0.8_mss1_fvg0_hall
2026-02-06 06:30:00,1,24502.843,24487.965669429108,bias0_d0.8_mss1_fvg0_hall
2026-02-06 06:35:00,-1,24503.631,24523.139167086247,bias0_d0.8_mss1_fvg0_hall
2026-02-06 08:44:00,1,24459.1785,24435.756338090312,bias0_d0.8_mss1_fvg0_hall
2026-02-06 11:26:00,-1,24724.017,24742.746958416425,bias0_d0.8_mss1_fvg0_hall
2026-02-06 14:32:00,1,24675.718,24605.633451820602,bias0_d0.8_mss1_fvg0_hall
2026-02-06 15:50:00,-1,24847.9415,24872.405112277997,bias0_d0.8_mss1_fvg0_hall
2026-02-06 15:50:00,-1,24797.097,24843.62419711528,bias0_d0.8_mss1_fvg0_hall
2026-02-06 19:48:00,1,25003.934,24997.378554479306,bias0_d0.8_mss1_fvg0_hall
2026-02-06 20:05:00,1,25001.819499999998,24980.810277287423,bias0_d0.8_mss1_fvg0_hall
2026-02-09 02:32:00,1,25145.523,25125.375564525493,bias0_d0.8_mss1_fvg0_hall
2026-02-09 03:58:00,-1,25121.7615,25131.688807886603,bias0_d0.8_mss1_fvg0_hall
2026-02-09 03:58:00,-1,25121.7615,25126.87830018042,bias0_d0.8_mss1_fvg0_hall
2026-02-09 04:52:00,-1,25105.158499999998,25117.674945497034,bias0_d0.8_mss1_fvg0_hall
2026-02-09 05:11:00,1,25097.974,25092.19960236228,bias0_d0.8_mss1_fvg0_hall
2026-02-09 05:11:00,1,25097.974,25089.2837343364,bias0_d0.8_mss1_fvg0_hall
2026-02-09 05:35:00,1,25124.512,25114.143276337523,bias0_d0.8_mss1_fvg0_hall
2026-02-09 12:44:00,-1,25004.186,25012.414072598734,bias0_d0.8_mss1_fvg0_hall
2026-02-09 12:59:00,1,25009.0065,24987.967070191127,bias0_d0.8_mss1_fvg0_hall
2026-02-09 12:59:00,1,25009.0065,24992.976954463193,bias0_d0.8_mss1_fvg0_hall
2026-02-09 23:48:00,-1,25272.1,25280.06362496305,bias0_d0.8_mss1_fvg0_hall
2026-02-10 08:02:00,-1,25256.153,25272.434246814057,bias0_d0.8_mss1_fvg0_hall
2026-02-10 10:31:00,-1,25271.4515,25282.58181779947,bias0_d0.8_mss1_fvg0_hall
2026-02-10 13:33:00,1,25248.458,25223.844321333396,bias0_d0.8_mss1_fvg0_hall
2026-02-10 14:29:00,-1,25306.5825,25313.32830174752,bias0_d0.8_mss1_fvg0_hall
2026-02-11 05:08:00,1,25224.3865,25219.43290476355,bias0_d0.8_mss1_fvg0_hall
2026-02-11 07:04:00,1,25187.675,25182.932376859986,bias0_d0.8_mss1_fvg0_hall
2026-02-11 07:04:00,1,25196.012,25185.02651372111,bias0_d0.8_mss1_fvg0_hall
2026-02-11 12:01:00,1,25136.5775,25125.66946987975,bias0_d0.8_mss1_fvg0_hall
2026-02-11 12:01:00,1,25145.4225,25127.284082745482,bias0_d0.8_mss1_fvg0_hall
2026-02-11 12:59:00,1,25150.2345,25142.136862372805,bias0_d0.8_mss1_fvg0_hall
2026-02-11 14:30:00,1,25349.963,25315.966598060542,bias0_d0.8_mss1_fvg0_hall
2026-02-12 00:01:00,1,25153.051,25142.542401944545,bias0_d0.8_mss1_fvg0_hall
2026-02-12 00:01:00,1,25153.051,25143.305551805646,bias0_d0.8_mss1_fvg0_hall
2026-02-12 06:02:00,-1,25255.969,25261.870576716727,bias0_d0.8_mss1_fvg0_hall
2026-02-12 06:20:00,-1,25249.985,25264.494789854507,bias0_d0.8_mss1_fvg0_hall
2026-02-12 15:32:00,-1,25155.4905,25175.275415320066,bias0_d0.8_mss1_fvg0_hall
2026-02-12 17:02:00,1,24783.466,24757.35082808409,bias0_d0.8_mss1_fvg0_hall
2026-02-12 17:23:00,1,24777.4095,24753.856963558075,bias0_d0.8_mss1_fvg0_hall
2026-02-13 01:55:00,-1,24725.576500000003,24745.11777926591,bias0_d0.8_mss1_fvg0_hall
2026-02-13 01:55:00,-1,24725.576500000003,24742.25027717549,bias0_d0.8_mss1_fvg0_hall
2026-02-13 03:08:00,-1,24739.207000000002,24743.79480438669,bias0_d0.8_mss1_fvg0_hall
2026-02-13 05:04:00,1,24689.6475,24673.441054588246,bias0_d0.8_mss1_fvg0_hall
2026-02-13 06:22:00,-1,24647.8105,24658.800787721306,bias0_d0.8_mss1_fvg0_hall
2026-02-13 06:22:00,-1,24647.8105,24658.51845288407,bias0_d0.8_mss1_fvg0_hall
2026-02-13 09:54:00,-1,24725.9025,24735.26481294575,bias0_d0.8_mss1_fvg0_hall
2026-02-13 12:55:00,1,24630.838,24620.14943172184,bias0_d0.8_mss1_fvg0_hall
2026-02-13 12:58:00,-1,24621.712,24655.942442990185,bias0_d0.8_mss1_fvg0_hall
2026-02-13 14:32:00,1,24681.9035,24631.482423872352,bias0_d0.8_mss1_fvg0_hall
2026-02-13 14:32:00,1,24681.9035,24638.303797167187,bias0_d0.8_mss1_fvg0_hall
2026-02-13 19:29:00,-1,24879.016,24899.218679991878,bias0_d0.8_mss1_fvg0_hall
2026-02-13 19:29:00,-1,24879.016,24897.925074278173,bias0_d0.8_mss1_fvg0_hall
2026-02-15 23:33:00,-1,24749.457000000002,24761.560716044023,bias0_d0.8_mss1_fvg0_hall
2026-02-15 23:59:00,1,24746.769500000002,24731.50119058897,bias0_d0.8_mss1_fvg0_hall
2026-02-16 01:42:00,1,24766.669,24762.0916175155,bias0_d0.8_mss1_fvg0_hall
2026-02-16 04:25:00,1,24760.707000000002,24752.958977558614,bias0_d0.8_mss1_fvg0_hall
2026-02-16 04:25:00,1,24760.707000000002,24755.640989875854,bias0_d0.8_mss1_fvg0_hall
2026-02-16 12:42:00,-1,24794.832000000002,24799.57180090044,bias0_d0.8_mss1_fvg0_hall
2026-02-17 05:54:00,-1,24522.397,24539.976387282426,bias0_d0.8_mss1_fvg0_hall
2026-02-17 07:01:00,-1,24554.489999999998,24567.877317610517,bias0_d0.8_mss1_fvg0_hall
2026-02-17 07:53:00,1,24565.7065,24551.588975738447,bias0_d0.8_mss1_fvg0_hall
2026-02-17 11:26:00,1,24523.9605,24511.713263437076,bias0_d0.8_mss1_fvg0_hall
2026-02-17 13:49:00,-1,24522.468,24541.259761721827,bias0_d0.8_mss1_fvg0_hall
2026-02-17 13:49:00,-1,24522.468,24537.618296598837,bias0_d0.8_mss1_fvg0_hall
2026-02-17 13:49:00,-1,24522.468,24537.38779684178,bias0_d0.8_mss1_fvg0_hall
2026-02-17 14:31:00,1,24575.7775,24565.59954991392,bias0_d0.8_mss1_fvg0_hall
2026-02-17 14:30:00,-1,24579.394999999997,24609.911050839528,bias0_d0.8_mss1_fvg0_hall
2026-02-17 14:31:00,1,24589.544,24534.262752791867,bias0_d0.8_mss1_fvg0_hall
2026-02-17 16:29:00,-1,24697.754,24724.4607519087,bias0_d0.8_mss1_fvg0_hall
2026-02-17 19:29:00,-1,24777.771,24796.12552726996,bias0_d0.8_mss1_fvg0_hall
2026-02-17 19:34:00,1,24778.4015,24757.700508320107,bias0_d0.8_mss1_fvg0_hall
2026-02-17 19:34:00,1,24778.4015,24762.51137201153,bias0_d0.8_mss1_fvg0_hall
2026-02-18 01:42:00,1,24653.92,24644.772591899313,bias0_d0.8_mss1_fvg0_hall
2026-02-18 01:42:00,1,24653.92,24646.275831763647,bias0_d0.8_mss1_fvg0_hall
2026-02-18 01:57:00,1,24662.282,24653.204861376573,bias0_d0.8_mss1_fvg0_hall
2026-02-18 01:57:00,1,24662.282,24650.819919503265,bias0_d0.8_mss1_fvg0_hall
2026-02-18 07:29:00,1,24748.050499999998,24740.514300634575,bias0_d0.8_mss1_fvg0_hall
2026-02-18 10:40:00,-1,24867.388,24875.351490665224,bias0_d0.8_mss1_fvg0_hall
2026-02-18 10:51:00,-1,24860.648,24866.981690451168,bias0_d0.8_mss1_fvg0_hall
2026-02-18 15:40:00,1,24996.1875,24960.82579079125,bias0_d0.8_mss1_fvg0_hall
2026-02-19 03:56:00,1,24905.1535,24901.166072936772,bias0_d0.8_mss1_fvg0_hall
2026-02-19 04:24:00,-1,24921.9355,24925.904767230924,bias0_d0.8_mss1_fvg0_hall
2026-02-19 04:38:00,1,24909.699500000002,24904.848008066296,bias0_d0.8_mss1_fvg0_hall
2026-02-19 12:01:00,-1,24802.642,24815.060814947763,bias0_d0.8_mss1_fvg0_hall
2026-02-19 15:32:00,1,24817.889499999997,24781.151191316898,bias0_d0.8_mss1_fvg0_hall
2026-02-19 16:27:00,-1,24869.6095,24886.685012795777,bias0_d0.8_mss1_fvg0_hall
2026-02-19 19:28:00,-1,24769.413,24784.229092573805,bias0_d0.8_mss1_fvg0_hall
2026-02-20 03:00:00,1,24840.6345,24835.050715344296,bias0_d0.8_mss1_fvg0_hall
2026-02-20 03:30:00,-1,24847.9715,24851.22192073855,bias0_d0.8_mss1_fvg0_hall
2026-02-20 07:24:00,1,24890.0475,24880.324862698802,bias0_d0.8_mss1_fvg0_hall
2026-02-20 07:24:00,1,24890.0475,24883.253720643355,bias0_d0.8_mss1_fvg0_hall
2026-02-20 11:37:00,-1,24816.1455,24829.667657181726,bias0_d0.8_mss1_fvg0_hall
2026-02-20 11:37:00,-1,24816.1455,24830.54814238303,bias0_d0.8_mss1_fvg0_hall
2026-02-20 18:31:00,1,24934.105,24864.58582604057,bias0_d0.8_mss1_fvg0_hall
2026-02-23 04:08:00,1,24777.6785,24771.53382184219,bias0_d0.8_mss1_fvg0_hall
2026-02-23 08:03:00,-1,24840.897,24857.466064116914,bias0_d0.8_mss1_fvg0_hall
2026-02-23 08:47:00,1,24829.055500000002,24825.72199706576,bias0_d0.8_mss1_fvg0_hall
2026-02-23 13:34:00,-1,24871.83,24886.376558859953,bias0_d0.8_mss1_fvg0_hall
2026-02-23 15:04:00,-1,24834.305,24899.879370110873,bias0_d0.8_mss1_fvg0_hall
2026-02-24 00:23:00,-1,24758.5935,24765.7546559169,bias0_d0.8_mss1_fvg0_hall
2026-02-24 01:20:00,1,24760.6095,24742.019570670196,bias0_d0.8_mss1_fvg0_hall
2026-02-24 04:21:00,1,24820.6635,24814.799111502158,bias0_d0.8_mss1_fvg0_hall
2026-02-24 04:31:00,-1,24824.2885,24832.218723992024,bias0_d0.8_mss1_fvg0_hall
2026-02-25 02:16:00,-1,25043.453999999998,25053.40737537688,bias0_d0.8_mss1_fvg0_hall
2026-02-25 02:42:00,-1,25054.790500000003,25064.12413876613,bias0_d0.8_mss1_fvg0_hall
2026-02-25 04:01:00,-1,25013.2535,25022.82426866022,bias0_d0.8_mss1_fvg0_hall
2026-02-25 06:28:00,-1,24997.144500000002,25007.998952277125,bias0_d0.8_mss1_fvg0_hall
2026-02-25 07:03:00,-1,24993.1165,24999.99853932933,bias0_d0.8_mss1_fvg0_hall
2026-02-25 10:22:00,1,25019.894,25014.162072671712,bias0_d0.8_mss1_fvg0_hall
2026-02-25 21:06:00,1,25329.127,25320.154864060576,bias0_d0.8_mss1_fvg0_hall
2026-02-25 21:05:00,1,25329.127,25320.784198770536,bias0_d0.8_mss1_fvg0_hall
2026-02-26 05:18:00,1,25239.864999999998,25235.459304553537,bias0_d0.8_mss1_fvg0_hall
2026-02-26 09:11:00,1,25305.094,25298.139784815976,bias0_d0.8_mss1_fvg0_hall
2026-02-26 14:23:00,-1,25329.7675,25338.367726426077,bias0_d0.8_mss1_fvg0_hall
2026-02-26 14:23:00,-1,25329.7675,25337.411663824216,bias0_d0.8_mss1_fvg0_hall
2026-02-26 17:36:00,-1,24938.870499999997,24948.712989475716,bias0_d0.8_mss1_fvg0_hall
2026-02-26 18:50:00,-1,24961.8835,24970.695065888023,bias0_d0.8_mss1_fvg0_hall
2026-02-26 19:46:00,1,25022.146999999997,25007.820367721364,bias0_d0.8_mss1_fvg0_hall
2026-02-27 00:09:00,1,24953.165500000003,24939.036149098418,bias0_d0.8_mss1_fvg0_hall
2026-02-27 01:09:00,-1,24950.433,24958.77961997113,bias0_d0.8_mss1_fvg0_hall
2026-02-27 01:14:00,1,24949.633,24934.377647801528,bias0_d0.8_mss1_fvg0_hall
2026-02-27 09:05:00,1,25018.3455,25006.960144558492,bias0_d0.8_mss1_fvg0_hall
2026-02-27 14:48:00,1,24788.0175,24750.40566091313,bias0_d0.8_mss1_fvg0_hall
2026-02-27 14:48:00,1,24842.827,24770.798670847907,bias0_d0.8_mss1_fvg0_hall
2026-02-27 17:13:00,-1,24967.862,24987.64040323839,bias0_d0.8_mss1_fvg0_hall
2026-02-27 19:02:00,1,24872.427499999998,24847.680373930023,bias0_d0.8_mss1_fvg0_hall
2026-02-27 19:30:00,-1,24857.886,24881.610458368756,bias0_d0.8_mss1_fvg0_hall
2026-03-02 07:22:00,1,24512.692000000003,24493.955352499175,bias0_d0.8_mss1_fvg0_hall
2026-03-02 07:22:00,1,24512.692000000003,24491.245816606377,bias0_d0.8_mss1_fvg0_hall
2026-03-02 07:22:00,1,24512.692000000003,24494.703172563066,bias0_d0.8_mss1_fvg0_hall
2026-03-02 11:19:00,1,24605.029000000002,24594.891118338026,bias0_d0.8_mss1_fvg0_hall
2026-03-02 14:30:00,1,24606.763,24567.03671567891,bias0_d0.8_mss1_fvg0_hall
2026-03-02 15:03:00,1,24801.964,24760.259423454387,bias0_d0.8_mss1_fvg0_hall
2026-03-02 23:45:00,1,24915.8595,24909.409820529727,bias0_d0.8_mss1_fvg0_hall
2026-03-03 01:28:00,-1,24911.957000000002,24922.560324145983,bias0_d0.8_mss1_fvg0_hall
2026-03-03 01:28:00,-1,24911.957000000002,24925.17346170698,bias0_d0.8_mss1_fvg0_hall
2026-03-03 08:14:00,-1,24619.582000000002,24660.52364753157,bias0_d0.8_mss1_fvg0_hall
2026-03-03 09:03:00,1,24486.912,24466.455114905828,bias0_d0.8_mss1_fvg0_hall
2026-03-03 09:38:00,1,24491.751,24465.378261174374,bias0_d0.8_mss1_fvg0_hall
2026-03-03 14:11:00,-1,24449.4095,24471.31817488724,bias0_d0.8_mss1_fvg0_hall
2026-03-03 14:11:00,-1,24449.4095,24472.040374009914,bias0_d0.8_mss1_fvg0_hall
2026-03-03 17:33:00,-1,24653.6525,24677.00871956786,bias0_d0.8_mss1_fvg0_hall
2026-03-03 18:13:00,-1,24641.088499999998,24668.508222711145,bias0_d0.8_mss1_fvg0_hall
2026-03-04 02:02:00,-1,24630.245499999997,24670.537111265152,bias0_d0.8_mss1_fvg0_hall
2026-03-04 05:04:00,-1,24557.229,24576.24703599467,bias0_d0.8_mss1_fvg0_hall
2026-03-04 05:17:00,1,24537.4085,24525.064375769613,bias0_d0.8_mss1_fvg0_hall
2026-03-04 05:17:00,1,24537.4085,24523.895581071785,bias0_d0.8_mss1_fvg0_hall
2026-03-04 05:22:00,-1,24531.2345,24557.434351926127,bias0_d0.8_mss1_fvg0_hall
2026-03-04 08:21:00,-1,24622.4845,24655.60437141854,bias0_d0.8_mss1_fvg0_hall
2026-03-04 09:03:00,1,24604.54,24590.8302899388,bias0_d0.8_mss1_fvg0_hall
2026-03-04 14:25:00,-1,24860.593,24877.98465577226,bias0_d0.8_mss1_fvg0_hall
2026-03-04 14:25:00,-1,24860.593,24872.083251788525,bias0_d0.8_mss1_fvg0_hall
2026-03-05 07:54:00,-1,25023.642,25034.44445542479,bias0_d0.8_mss1_fvg0_hall
2026-03-05 07:59:00,1,25021.4225,25017.051496645305,bias0_d0.8_mss1_fvg0_hall
2026-03-05 08:03:00,-1,25027.5055,25042.87552891298,bias0_d0.8_mss1_fvg0_hall
2026-03-05 08:03:00,-1,25027.5055,25040.839394704908,bias0_d0.8_mss1_fvg0_hall
2026-03-05 19:25:00,-1,24808.571,24837.153515988048,bias0_d0.8_mss1_fvg0_hall
2026-03-06 03:40:00,1,25056.8045,25046.689189902834,bias0_d0.8_mss1_fvg0_hall
2026-03-06 07:00:00,1,25082.152000000002,25072.39067945456,bias0_d0.8_mss1_fvg0_hall
2026-03-06 07:47:00,-1,25101.1145,25106.771417876775,bias0_d0.8_mss1_fvg0_hall
2026-03-06 16:37:00,1,24805.675499999998,24767.782943029215,bias0_d0.8_mss1_fvg0_hall
2026-03-06 17:07:00,-1,24864.5725,24896.10278871678,bias0_d0.8_mss1_fvg0_hall
2026-03-06 17:07:00,-1,24864.5725,24875.20191809415,bias0_d0.8_mss1_fvg0_hall
2026-03-06 17:25:00,-1,24794.7735,24838.245055339947,bias0_d0.8_mss1_fvg0_hall
2026-03-09 01:33:00,1,24053.1425,24032.55717719374,bias0_d0.8_mss1_fvg0_hall
2026-03-09 01:33:00,1,24053.1425,24032.44473594766,bias0_d0.8_mss1_fvg0_hall
2026-03-09 05:04:00,1,24079.756,24068.241136825192,bias0_d0.8_mss1_fvg0_hall
2026-03-09 08:04:00,-1,24258.589,24273.380268143934,bias0_d0.8_mss1_fvg0_hall
2026-03-09 08:04:00,-1,24258.589,24278.745747787372,bias0_d0.8_mss1_fvg0_hall
2026-03-09 08:04:00,-1,24241.2565,24268.52579080256,bias0_d0.8_mss1_fvg0_hall
2026-03-09 13:30:00,1,24398.326500000003,24369.675341750615,bias0_d0.8_mss1_fvg0_hall
2026-03-09 13:29:00,1,24380.196,24368.000609723742,bias0_d0.8_mss1_fvg0_hall
2026-03-10 01:09:00,1,24908.803999999996,24898.251724234782,bias0_d0.8_mss1_fvg0_hall
2026-03-10 16:45:00,-1,25120.862999999998,25136.773686762688,bias0_d0.8_mss1_fvg0_hall
2026-03-10 16:45:00,-1,25120.862999999998,25136.61016627964,bias0_d0.8_mss1_fvg0_hall
2026-03-11 04:32:00,-1,25088.5925,25093.487536794677,bias0_d0.8_mss1_fvg0_hall
2026-03-11 07:05:00,-1,25015.5775,25022.08353808777,bias0_d0.8_mss1_fvg0_hall
2026-03-11 07:05:00,-1,25009.111,25015.476113938646,bias0_d0.8_mss1_fvg0_hall
2026-03-11 08:14:00,1,24994.967,24980.502064043034,bias0_d0.8_mss1_fvg0_hall
2026-03-11 08:38:00,-1,24985.9185,25006.35494578119,bias0_d0.8_mss1_fvg0_hall
2026-03-11 23:50:00,1,24739.409,24712.89400613146,bias0_d0.8_mss1_fvg0_hall
2026-03-12 00:17:00,1,24742.376,24718.50169850644,bias0_d0.8_mss1_fvg0_hall
2026-03-12 04:54:00,1,24696.8275,24688.882262490122,bias0_d0.8_mss1_fvg0_hall
2026-03-12 10:30:00,1,24883.201999999997,24862.392240998284,bias0_d0.8_mss1_fvg0_hall
2026-03-12 10:30:00,1,24883.201999999997,24867.151116641267,bias0_d0.8_mss1_fvg0_hall
2026-03-12 11:30:00,1,24850.364999999998,24837.397281541394,bias0_d0.8_mss1_fvg0_hall
2026-03-12 13:31:00,-1,24746.6995,24793.751761307147,bias0_d0.8_mss1_fvg0_hall
2026-03-12 17:44:00,-1,24648.0775,24673.899745868144,bias0_d0.8_mss1_fvg0_hall
2026-03-12 19:30:00,1,24601.238,24579.56716062971,bias0_d0.8_mss1_fvg0_hall
2026-03-13 03:14:00,-1,24596.4605,24603.430589158943,bias0_d0.8_mss1_fvg0_hall
2026-03-13 05:57:00,1,24561.814,24550.620441971987,bias0_d0.8_mss1_fvg0_hall
2026-03-13 06:08:00,1,24561.957000000002,24547.18624174278,bias0_d0.8_mss1_fvg0_hall
2026-03-13 08:30:00,1,24409.9735,24393.775294181713,bias0_d0.8_mss1_fvg0_hall
2026-03-13 08:30:00,1,24409.9735,24396.655691025873,bias0_d0.8_mss1_fvg0_hall
2026-03-13 11:44:00,1,24623.406,24606.913583466,bias0_d0.8_mss1_fvg0_hall
2026-03-13 14:35:00,-1,24680.903,24693.313449906644,bias0_d0.8_mss1_fvg0_hall
2026-03-16 08:52:00,1,24504.0985,24483.237525960678,bias0_d0.8_mss1_fvg0_hall
2026-03-16 09:48:00,1,24475.8815,24462.390933272538,bias0_d0.8_mss1_fvg0_hall
2026-03-16 11:34:00,1,24577.451,24565.669890763682,bias0_d0.8_mss1_fvg0_hall
2026-03-16 13:31:00,1,24653.696,24632.484842857684,bias0_d0.8_mss1_fvg0_hall
2026-03-16 22:24:00,1,24623.108500000002,24616.111539757603,bias0_d0.8_mss1_fvg0_hall
2026-03-17 00:00:00,-1,24644.474000000002,24656.908002116983,bias0_d0.8_mss1_fvg0_hall
2026-03-17 02:06:00,-1,24607.636,24614.995281176118,bias0_d0.8_mss1_fvg0_hall
2026-03-17 06:46:00,-1,24536.521,24547.61745607282,bias0_d0.8_mss1_fvg0_hall
2026-03-17 07:02:00,1,24526.605,24518.281884019558,bias0_d0.8_mss1_fvg0_hall
2026-03-17 07:02:00,1,24526.605,24515.720295149516,bias0_d0.8_mss1_fvg0_hall
2026-03-17 07:43:00,-1,24574.7345,24583.46756227964,bias0_d0.8_mss1_fvg0_hall
2026-03-17 14:35:00,1,24826.949,24804.412650318674,bias0_d0.8_mss1_fvg0_hall
2026-03-17 17:02:00,1,24771.4845,24761.98724890102,bias0_d0.8_mss1_fvg0_hall
2026-03-17 19:45:00,1,24773.343999999997,24765.462799476183,bias0_d0.8_mss1_fvg0_hall
2026-03-18 00:01:00,1,24779.7075,24771.3215396192,bias0_d0.8_mss1_fvg0_hall
2026-03-18 00:01:00,1,24779.7075,24768.558614773698,bias0_d0.8_mss1_fvg0_hall
2026-03-18 01:57:00,1,24858.593,24854.60258573353,bias0_d0.8_mss1_fvg0_hall
2026-03-18 03:46:00,1,24891.287,24886.925209177614,bias0_d0.8_mss1_fvg0_hall
2026-03-18 09:07:00,1,24943.446,24935.119240236887,bias0_d0.8_mss1_fvg0_hall
2026-03-18 09:20:00,1,24936.4735,24930.882024359613,bias0_d0.8_mss1_fvg0_hall
2026-03-18 13:21:00,1,24664.386,24650.02583092014,bias0_d0.8_mss1_fvg0_hall
2026-03-18 14:07:00,1,24715.674,24683.626983198923,bias0_d0.8_mss1_fvg0_hall
2026-03-18 16:00:00,-1,24680.2455,24691.701878005202,bias0_d0.8_mss1_fvg0_hall
2026-03-18 16:13:00,1,24658.9365,24646.865235057725,bias0_d0.8_mss1_fvg0_hall
2026-03-19 07:01:00,-1,24378.754999999997,24393.054898870367,bias0_d0.8_mss1_fvg0_hall
2026-03-19 12:48:00,-1,24257.999,24282.012957404717,bias0_d0.8_mss1_fvg0_hall
2026-03-19 23:46:00,1,24394.6095,24388.51400337555,bias0_d0.8_mss1_fvg0_hall
2026-03-20 03:30:00,1,24391.1095,24388.502054183726,bias0_d0.8_mss1_fvg0_hall
2026-03-20 09:09:00,1,24348.344,24326.848252970834,bias0_d0.8_mss1_fvg0_hall
2026-03-20 13:06:00,-1,24268.815499999997,24293.37603976412,bias0_d0.8_mss1_fvg0_hall
2026-03-20 14:30:00,1,24071.300000000003,24037.470188239018,bias0_d0.8_mss1_fvg0_hall
2026-03-23 02:12:00,-1,23832.648,23847.211090014607,bias0_d0.8_mss1_fvg0_hall
2026-03-23 09:20:00,1,23731.514499999997,23711.389838753592,bias0_d0.8_mss1_fvg0_hall
2026-03-23 12:42:00,1,24311.0645,24237.652994712746,bias0_d0.8_mss1_fvg0_hall
2026-03-23 18:07:00,-1,24229.781,24265.577431773352,bias0_d0.8_mss1_fvg0_hall
2026-03-23 19:38:00,1,24262.0035,24249.379451778295,bias0_d0.8_mss1_fvg0_hall
2026-03-23 19:38:00,1,24262.0035,24246.65448736556,bias0_d0.8_mss1_fvg0_hall
2026-03-23 19:38:00,1,24262.0035,24246.96696326802,bias0_d0.8_mss1_fvg0_hall
2026-03-24 00:01:00,-1,24234.681,24242.59571380484,bias0_d0.8_mss1_fvg0_hall
2026-03-24 03:31:00,-1,24047.836499999998,24058.7337802531,bias0_d0.8_mss1_fvg0_hall
2026-03-24 09:54:00,1,24168.788500000002,24148.347380936117,bias0_d0.8_mss1_fvg0_hall
2026-03-24 11:46:00,1,24165.1525,24148.986502234693,bias0_d0.8_mss1_fvg0_hall
2026-03-24 11:46:00,1,24165.1525,24150.188702075073,bias0_d0.8_mss1_fvg0_hall
2026-03-24 12:52:00,1,24074.637000000002,24049.89806226557,bias0_d0.8_mss1_fvg0_hall
2026-03-24 14:13:00,-1,24041.3475,24054.661884592937,bias0_d0.8_mss1_fvg0_hall
2026-03-25 04:40:00,-1,24203.258500000004,24210.43522372197,bias0_d0.8_mss1_fvg0_hall
2026-03-25 05:48:00,-1,24202.792,24214.343948130998,bias0_d0.8_mss1_fvg0_hall
2026-03-25 13:30:00,1,24238.3375,24212.853158453527,bias0_d0.8_mss1_fvg0_hall
2026-03-25 17:05:00,-1,24208.898,24231.05902083664,bias0_d0.8_mss1_fvg0_hall
2026-03-26 02:22:00,-1,24146.0705,24152.695919612495,bias0_d0.8_mss1_fvg0_hall
2026-03-26 07:05:00,-1,24069.408499999998,24087.800550392636,bias0_d0.8_mss1_fvg0_hall
2026-03-26 07:22:00,1,24025.637000000002,24013.219090356688,bias0_d0.8_mss1_fvg0_hall
2026-03-26 08:11:00,-1,24060.124,24076.36059740151,bias0_d0.8_mss1_fvg0_hall
2026-03-26 08:11:00,-1,24060.124,24072.213876158552,bias0_d0.8_mss1_fvg0_hall
2026-03-26 13:43:00,1,23911.7325,23867.927353461302,bias0_d0.8_mss1_fvg0_hall
2026-03-26 13:43:00,1,23911.7325,23876.099806785493,bias0_d0.8_mss1_fvg0_hall
2026-03-27 01:05:00,1,23629.887499999997,23611.034094832296,bias0_d0.8_mss1_fvg0_hall
2026-03-27 13:32:00,-1,23432.359,23468.230049571186,bias0_d0.8_mss1_fvg0_hall
2026-03-27 13:32:00,-1,23432.359,23471.512938887532,bias0_d0.8_mss1_fvg0_hall
2026-03-27 19:16:00,1,23137.8205,23130.369505887415,bias0_d0.8_mss1_fvg0_hall
2026-03-30 02:31:00,1,23027.1525,23012.793160689896,bias0_d0.8_mss1_fvg0_hall
2026-03-30 05:51:00,1,23154.364999999998,23140.132331096134,bias0_d0.8_mss1_fvg0_hall
2026-03-30 05:51:00,1,23165.620499999997,23146.381168160697,bias0_d0.8_mss1_fvg0_hall
2026-03-30 13:30:00,-1,23313.184,23340.90784260963,bias0_d0.8_mss1_fvg0_hall
2026-03-30 13:31:00,1,23329.68,23318.45215739037,bias0_d0.8_mss1_fvg0_hall
2026-03-30 13:31:00,1,23329.637000000002,23302.52106167516,bias0_d0.8_mss1_fvg0_hall
2026-03-30 13:34:00,-1,23316.3595,23358.553585587353,bias0_d0.8_mss1_fvg0_hall
2026-03-30 15:56:00,-1,23214.064,23231.779839533516,bias0_d0.8_mss1_fvg0_hall
2026-03-31 00:00:00,1,22855.989999999998,22840.643129532862,bias0_d0.8_mss1_fvg0_hall
2026-03-31 09:16:00,-1,23151.9305,23166.38677626106,bias0_d0.8_mss1_fvg0_hall
2026-03-31 14:36:00,-1,23386.2675,23400.744970515265,bias0_d0.8_mss1_fvg0_hall
2026-03-31 23:03:00,1,23771.425499999998,23763.21910059637,bias0_d0.8_mss1_fvg0_hall
2026-04-01 01:01:00,-1,23850.71,23863.227667094234,bias0_d0.8_mss1_fvg0_hall
2026-04-01 01:01:00,-1,23840.6085,23853.668037301788,bias0_d0.8_mss1_fvg0_hall
2026-04-01 03:47:00,-1,23803.188000000002,23808.81129932064,bias0_d0.8_mss1_fvg0_hall
2026-04-01 08:54:00,-1,23908.555500000002,23915.691399629566,bias0_d0.8_mss1_fvg0_hall
2026-04-01 08:54:00,-1,23908.555500000002,23916.07808894174,bias0_d0.8_mss1_fvg0_hall
2026-04-01 08:54:00,-1,23883.999499999998,23920.68723292821,bias0_d0.8_mss1_fvg0_hall
2026-04-01 23:50:00,-1,24009.47,24022.41451079435,bias0_d0.8_mss1_fvg0_hall
2026-04-02 00:16:00,1,24000.392,23982.79669672973,bias0_d0.8_mss1_fvg0_hall
2026-04-02 00:33:00,1,23997.8765,23977.80651923943,bias0_d0.8_mss1_fvg0_hall
2026-04-02 00:33:00,1,23997.8765,23981.18993572233,bias0_d0.8_mss1_fvg0_hall
2026-04-02 01:00:00,-1,24036.3015,24066.613605045546,bias0_d0.8_mss1_fvg0_hall
2026-04-02 03:02:00,-1,23705.5935,23720.489086288,bias0_d0.8_mss1_fvg0_hall
2026-04-02 03:02:00,-1,23705.5935,23716.576347981714,bias0_d0.8_mss1_fvg0_hall
2026-04-02 05:29:00,1,23628.135000000002,23617.92838403253,bias0_d0.8_mss1_fvg0_hall
2026-04-02 10:06:00,-1,23647.191,23666.603728635422,bias0_d0.8_mss1_fvg0_hall
2026-04-02 10:32:00,1,23611.561,23598.643963036015,bias0_d0.8_mss1_fvg0_hall
2026-04-06 13:30:00,1,24124.0775,24089.106678464286,bias0_d0.8_mss1_fvg0_hall
2026-04-06 19:45:00,1,24168.203,24155.10115636688,bias0_d0.8_mss1_fvg0_hall
2026-04-07 02:25:00,1,24006.864999999998,23994.96452471161,bias0_d0.8_mss1_fvg0_hall
2026-04-07 04:04:00,-1,24051.499,24061.22648768139,bias0_d0.8_mss1_fvg0_hall
2026-04-07 04:23:00,1,24042.881,24029.33766609472,bias0_d0.8_mss1_fvg0_hall
2026-04-07 04:23:00,1,24042.881,24030.886454230815,bias0_d0.8_mss1_fvg0_hall
2026-04-07 11:29:00,-1,24075.1705,24087.588914646574,bias0_d0.8_mss1_fvg0_hall
2026-04-07 13:31:00,-1,24058.428,24090.44842101241,bias0_d0.8_mss1_fvg0_hall
2026-04-07 22:35:00,1,24392.4335,24265.186619592063,bias0_d0.8_mss1_fvg0_hall
2026-04-08 00:28:00,-1,24879.561,24901.336039087073,bias0_d0.8_mss1_fvg0_hall
2026-04-08 11:24:00,1,25023.88,25009.72579191295,bias0_d0.8_mss1_fvg0_hall
2026-04-08 13:30:00,-1,25037.616,25068.497619610695,bias0_d0.8_mss1_fvg0_hall
2026-04-08 18:01:00,1,24925.17,24901.218413186714,bias0_d0.8_mss1_fvg0_hall
2026-04-09 10:21:00,1,24837.7085,24832.338803138085,bias0_d0.8_mss1_fvg0_hall
2026-04-09 12:31:00,-1,24855.4655,24875.306622984775,bias0_d0.8_mss1_fvg0_hall
2026-04-09 13:34:00,-1,24897.672,24921.29544295291,bias0_d0.8_mss1_fvg0_hall
2026-04-10 08:42:00,1,25062.0685,25057.14908544351,bias0_d0.8_mss1_fvg0_hall
2026-04-10 08:42:00,1,25062.0685,25057.119793626116,bias0_d0.8_mss1_fvg0_hall
2026-04-10 13:30:00,1,25138.1415,25131.54073905318,bias0_d0.8_mss1_fvg0_hall
2026-04-10 14:58:00,1,25165.7015,25143.99693569257,bias0_d0.8_mss1_fvg0_hall
2026-04-12 23:51:00,1,24766.764499999997,24761.34099199046,bias0_d0.8_mss1_fvg0_hall
2026-04-13 04:45:00,-1,24907.112999999998,24912.469937216003,bias0_d0.8_mss1_fvg0_hall
2026-04-13 09:01:00,1,24940.667,24933.2111136915,bias0_d0.8_mss1_fvg0_hall
2026-04-13 09:00:00,1,24945.5285,24932.41532991767,bias0_d0.8_mss1_fvg0_hall
2026-04-13 16:06:00,1,25151.665999999997,25122.21957919263,bias0_d0.8_mss1_fvg0_hall
2026-04-14 01:24:00,-1,25425.3485,25431.027434781703,bias0_d0.8_mss1_fvg0_hall
2026-04-14 03:00:00,-1,25431.0225,25436.81027338575,bias0_d0.8_mss1_fvg0_hall
2026-04-14 04:15:00,1,25423.696,25420.128611781925,bias0_d0.8_mss1_fvg0_hall
2026-04-14 04:15:00,1,25423.696,25419.908414511785,bias0_d0.8_mss1_fvg0_hall
2026-04-14 04:15:00,1,25423.696,25420.298370618086,bias0_d0.8_mss1_fvg0_hall
2026-04-14 05:24:00,-1,25432.968,25435.7593962928,bias0_d0.8_mss1_fvg0_hall
2026-04-14 05:24:00,-1,25432.968,25437.430189405524,bias0_d0.8_mss1_fvg0_hall
2026-04-14 07:42:00,-1,25472.8155,25482.65890864275,bias0_d0.8_mss1_fvg0_hall
2026-04-14 13:25:00,-1,25511.6745,25518.926149090865,bias0_d0.8_mss1_fvg0_hall
2026-04-14 13:30:00,1,25501.2775,25490.68437586022,bias0_d0.8_mss1_fvg0_hall
2026-04-14 23:01:00,1,25834.6485,25831.37941450125,bias0_d0.8_mss1_fvg0_hall
2026-04-14 23:01:00,1,25834.6485,25831.370888465448,bias0_d0.8_mss1_fvg0_hall
2026-04-15 13:44:00,-1,25870.4335,25888.812712883297,bias0_d0.8_mss1_fvg0_hall
2026-04-16 13:28:00,1,26250.4085,26241.280397049224,bias0_d0.8_mss1_fvg0_hall
2026-04-16 13:30:00,-1,26258.766499999998,26291.892024528286,bias0_d0.8_mss1_fvg0_hall
2026-04-16 15:29:00,-1,26316.2215,26343.935261103197,bias0_d0.8_mss1_fvg0_hall
2026-04-16 16:54:00,-1,26344.614999999998,26358.18278033083,bias0_d0.8_mss1_fvg0_hall
2026-04-16 23:02:00,1,26322.417500000003,26318.39008536239,bias0_d0.8_mss1_fvg0_hall
2026-04-17 01:01:00,-1,26331.376,26338.117409355575,bias0_d0.8_mss1_fvg0_hall
2026-04-17 01:51:00,-1,26337.8815,26342.857264213155,bias0_d0.8_mss1_fvg0_hall
2026-04-17 18:25:00,1,26611.3675,26597.72701302686,bias0_d0.8_mss1_fvg0_hall
2026-04-17 18:25:00,1,26611.3675,26593.686701382085,bias0_d0.8_mss1_fvg0_hall
2026-04-17 18:25:00,1,26611.3675,26594.60836199765,bias0_d0.8_mss1_fvg0_hall
2026-04-17 19:32:00,1,26622.071,26612.471247381534,bias0_d0.8_mss1_fvg0_hall
2026-04-20 03:20:00,1,26528.5665,26524.52003244427,bias0_d0.8_mss1_fvg0_hall
2026-04-20 10:02:00,1,26538.022,26533.756235162495,bias0_d0.8_mss1_fvg0_hall
2026-04-20 10:24:00,-1,26560.4845,26571.35171348754,bias0_d0.8_mss1_fvg0_hall
2026-04-20 11:33:00,1,26543.050000000003,26528.477264786474,bias0_d0.8_mss1_fvg0_hall
2026-04-21 05:31:00,-1,26684.6305,26689.32926663772,bias0_d0.8_mss1_fvg0_hall
2026-04-21 10:30:00,1,26693.479,26688.474444023752,bias0_d0.8_mss1_fvg0_hall
2026-04-21 13:30:00,-1,26645.3685,26664.58333958069,bias0_d0.8_mss1_fvg0_hall
2026-04-21 13:30:00,-1,26645.3685,26664.526140324928,bias0_d0.8_mss1_fvg0_hall
2026-04-21 13:30:00,-1,26645.3685,26673.247638341392,bias0_d0.8_mss1_fvg0_hall
2026-04-21 18:17:00,-1,26558.787,26579.221700818653,bias0_d0.8_mss1_fvg0_hall
2026-04-22 03:06:00,1,26666.009,26663.979901618834,bias0_d0.8_mss1_fvg0_hall
2026-04-22 10:41:00,-1,26685.6285,26690.81323154663,bias0_d0.8_mss1_fvg0_hall
2026-04-22 11:04:00,-1,26676.0795,26684.666486267182,bias0_d0.8_mss1_fvg0_hall
2026-04-22 12:29:00,-1,26731.58,26748.961320975435,bias0_d0.8_mss1_fvg0_hall
2026-04-22 13:32:00,-1,26722.123,26743.04100592346,bias0_d0.8_mss1_fvg0_hall
2026-04-22 15:08:00,1,26812.839,26787.355135705857,bias0_d0.8_mss1_fvg0_hall
2026-04-22 15:08:00,1,26812.839,26789.654783155438,bias0_d0.8_mss1_fvg0_hall
2026-04-22 15:08:00,1,26812.839,26789.880652215765,bias0_d0.8_mss1_fvg0_hall
2026-04-22 17:01:00,1,26816.4935,26803.26658647629,bias0_d0.8_mss1_fvg0_hall
2026-04-22 17:01:00,1,26816.4935,26806.83823387084,bias0_d0.8_mss1_fvg0_hall
2026-04-23 04:09:00,1,26755.180500000002,26744.76118767449,bias0_d0.8_mss1_fvg0_hall
2026-04-23 05:31:00,1,26798.801,26791.8344544459,bias0_d0.8_mss1_fvg0_hall
2026-04-23 19:34:00,-1,26769.0,26783.02284868407,bias0_d0.8_mss1_fvg0_hall
2026-04-23 19:34:00,-1,26769.0,26783.13563662045,bias0_d0.8_mss1_fvg0_hall
2026-04-23 22:41:00,-1,26893.729,26899.27278936887,bias0_d0.8_mss1_fvg0_hall
2026-04-24 05:09:00,-1,26905.398,26914.60145144293,bias0_d0.8_mss1_fvg0_hall
2026-04-24 13:25:00,-1,27117.4225,27124.588974291724,bias0_d0.8_mss1_fvg0_hall
2026-04-24 13:24:00,-1,27104.1095,27116.462504699455,bias0_d0.8_mss1_fvg0_hall
2026-04-26 23:45:00,1,27238.955,27232.113739230925,bias0_d0.8_mss1_fvg0_hall
2026-04-27 02:41:00,-1,27390.205,27395.61589610274,bias0_d0.8_mss1_fvg0_hall
2026-04-27 08:01:00,-1,27293.8375,27299.68070414908,bias0_d0.8_mss1_fvg0_hall
2026-04-27 08:01:00,-1,27287.2565,27296.516389567,bias0_d0.8_mss1_fvg0_hall
2026-04-27 13:30:00,-1,27260.078,27294.42933031261,bias0_d0.8_mss1_fvg0_hall
2026-04-27 14:35:00,1,27214.001,27196.34424888656,bias0_d0.8_mss1_fvg0_hall
2026-04-27 17:17:00,-1,27268.605499999998,27276.460464821987,bias0_d0.8_mss1_fvg0_hall
2026-04-27 23:09:00,-1,27349.612999999998,27355.60696967312,bias0_d0.8_mss1_fvg0_hall
2026-04-27 23:09:00,-1,27349.612999999998,27354.57093969647,bias0_d0.8_mss1_fvg0_hall
2026-04-27 23:09:00,-1,27349.612999999998,27355.022044003865,bias0_d0.8_mss1_fvg0_hall
2026-04-27 23:36:00,1,27358.8325,27352.767855153463,bias0_d0.8_mss1_fvg0_hall
2026-04-28 00:01:00,1,27356.2185,27348.150503233333,bias0_d0.8_mss1_fvg0_hall
2026-04-28 00:08:00,1,27358.516499999998,27346.263845982074,bias0_d0.8_mss1_fvg0_hall
2026-04-28 00:08:00,1,27358.516499999998,27347.763103411926,bias0_d0.8_mss1_fvg0_hall
2026-04-28 09:04:00,-1,27211.343,27217.24722246391,bias0_d0.8_mss1_fvg0_hall
2026-04-29 05:05:00,1,27162.741,27158.666655533627,bias0_d0.8_mss1_fvg0_hall
2026-04-29 06:40:00,1,27154.898999999998,27144.660832134374,bias0_d0.8_mss1_fvg0_hall
2026-04-29 12:30:00,-1,27102.6775,27119.682483520777,bias0_d0.8_mss1_fvg0_hall
2026-04-29 15:51:00,-1,27152.286500000002,27166.991161265218,bias0_d0.8_mss1_fvg0_hall
2026-04-29 18:36:00,1,27083.6285,27063.88048732189,bias0_d0.8_mss1_fvg0_hall
2026-04-29 18:50:00,1,27082.0065,27064.789675811204,bias0_d0.8_mss1_fvg0_hall
2026-04-29 20:02:00,1,27181.2655,27111.32346201821,bias0_d0.8_mss1_fvg0_hall
2026-04-29 22:46:00,1,27343.642,27317.709360930214,bias0_d0.8_mss1_fvg0_hall
2026-04-30 10:01:00,1,27233.818,27222.81561743223,bias0_d0.8_mss1_fvg0_hall
2026-04-30 12:06:00,1,27316.1335,27303.92631624494,bias0_d0.8_mss1_fvg0_hall
2026-04-30 13:25:00,1,27372.481,27362.385164313557,bias0_d0.8_mss1_fvg0_hall
2026-05-01 00:18:00,1,27478.1835,27469.157279519924,bias0_d0.8_mss1_fvg0_hall
2026-05-01 07:24:00,-1,27488.0965,27497.911846713567,bias0_d0.8_mss1_fvg0_hall
2026-05-01 11:45:00,1,27417.993499999997,27409.177867592363,bias0_d0.8_mss1_fvg0_hall
2026-05-01 11:45:00,1,27417.993499999997,27409.973644907193,bias0_d0.8_mss1_fvg0_hall
2026-05-01 12:13:00,1,27436.3815,27420.435747288837,bias0_d0.8_mss1_fvg0_hall
2026-05-01 12:13:00,1,27436.3815,27418.269375978638,bias0_d0.8_mss1_fvg0_hall
2026-05-01 15:50:00,-1,27775.237999999998,27792.324532103263,bias0_d0.8_mss1_fvg0_hall
2026-05-03 22:21:00,-1,27744.176,27761.14718730578,bias0_d0.8_mss1_fvg0_hall
2026-05-04 05:03:00,-1,27820.904000000002,27823.801026795947,bias0_d0.8_mss1_fvg0_hall
2026-05-04 05:06:00,1,27817.8425,27813.575381417028,bias0_d0.8_mss1_fvg0_hall
2026-05-04 07:00:00,-1,27769.718999999997,27781.500373248433,bias0_d0.8_mss1_fvg0_hall
2026-05-04 13:30:00,-1,27735.366,27754.73270619164,bias0_d0.8_mss1_fvg0_hall
2026-05-05 05:34:00,1,27716.9515,27711.128897288738,bias0_d0.8_mss1_fvg0_hall
2026-05-05 06:05:00,-1,27745.2345,27757.16714660898,bias0_d0.8_mss1_fvg0_hall
2026-05-05 06:05:00,-1,27732.1185,27748.734196851197,bias0_d0.8_mss1_fvg0_hall
2026-05-05 10:13:00,1,27810.7345,27806.517167966857,bias0_d0.8_mss1_fvg0_hall
2026-05-05 13:33:00,1,27881.3275,27853.612190238782,bias0_d0.8_mss1_fvg0_hall
2026-05-05 14:14:00,-1,27950.707000000002,27991.9302518242,bias0_d0.8_mss1_fvg0_hall
2026-05-05 18:51:00,-1,28051.658499999998,28061.35473247622,bias0_d0.8_mss1_fvg0_hall
2026-05-06 04:27:00,1,28208.1805,28199.30066525032,bias0_d0.8_mss1_fvg0_hall
2026-05-06 04:46:00,1,28205.1075,28192.98446939768,bias0_d0.8_mss1_fvg0_hall
2026-05-06 04:46:00,1,28205.1075,28198.827314440707,bias0_d0.8_mss1_fvg0_hall
2026-05-06 06:42:00,-1,28211.5135,28224.69331536341,bias0_d0.8_mss1_fvg0_hall
2026-05-06 22:22:00,-1,28569.786500000002,28574.285931881797,bias0_d0.8_mss1_fvg0_hall
2026-05-06 22:22:00,-1,28569.786500000002,28577.508004604526,bias0_d0.8_mss1_fvg0_hall
2026-05-06 22:22:00,-1,28569.786500000002,28574.70355427563,bias0_d0.8_mss1_fvg0_hall
2026-05-07 05:05:00,-1,28594.463,28598.206672447315,bias0_d0.8_mss1_fvg0_hall
2026-05-07 06:06:00,-1,28604.343,28614.60472650413,bias0_d0.8_mss1_fvg0_hall
2026-05-07 06:48:00,-1,28619.673000000003,28627.914581751917,bias0_d0.8_mss1_fvg0_hall
2026-05-07 09:51:00,-1,28636.8275,28639.39472520542,bias0_d0.8_mss1_fvg0_hall
2026-05-07 09:51:00,-1,28636.8275,28645.7775022144,bias0_d0.8_mss1_fvg0_hall
2026-05-07 13:30:00,-1,28629.940499999997,28648.289875592774,bias0_d0.8_mss1_fvg0_hall
2026-05-07 15:32:00,1,28741.265,28715.65960767344,bias0_d0.8_mss1_fvg0_hall
2026-05-07 19:54:00,-1,28566.495499999997,28586.880755564427,bias0_d0.8_mss1_fvg0_hall
2026-05-07 23:01:00,1,28508.205,28499.504825938096,bias0_d0.8_mss1_fvg0_hall
2026-05-08 03:25:00,1,28636.0985,28631.098464711748,bias0_d0.8_mss1_fvg0_hall
2026-05-08 07:02:00,-1,28715.989999999998,28723.581546593323,bias0_d0.8_mss1_fvg0_hall
2026-05-11 02:33:00,-1,29233.877,29243.4854368793,bias0_d0.8_mss1_fvg0_hall
2026-05-11 02:58:00,-1,29244.105,29249.769364871932,bias0_d0.8_mss1_fvg0_hall
2026-05-11 05:18:00,1,29225.534,29220.46743633998,bias0_d0.8_mss1_fvg0_hall
2026-05-11 05:59:00,-1,29218.8165,29225.478527108527,bias0_d0.8_mss1_fvg0_hall
2026-05-11 08:02:00,-1,29209.2225,29221.504435401122,bias0_d0.8_mss1_fvg0_hall
2026-05-11 08:07:00,-1,29208.4145,29222.66555433904,bias0_d0.8_mss1_fvg0_hall
2026-05-11 16:16:00,-1,29359.551,29370.45625084244,bias0_d0.8_mss1_fvg0_hall
2026-05-12 01:15:00,-1,29269.857,29278.744709605715,bias0_d0.8_mss1_fvg0_hall
2026-05-13 08:40:00,1,29328.593500000003,29318.39460528464,bias0_d0.8_mss1_fvg0_hall
2026-05-13 11:03:00,-1,29279.4525,29291.150781262633,bias0_d0.8_mss1_fvg0_hall
2026-05-13 11:31:00,1,29260.6565,29249.344676437042,bias0_d0.8_mss1_fvg0_hall
2026-05-13 13:30:00,-1,29165.8875,29195.79699035874,bias0_d0.8_mss1_fvg0_hall
2026-05-13 19:50:00,-1,29421.972,29430.1878255153,bias0_d0.8_mss1_fvg0_hall
2026-05-14 12:19:00,-1,29450.305,29461.467799123744,bias0_d0.8_mss1_fvg0_hall
2026-05-14 16:26:00,-1,29667.771,29677.82245137545,bias0_d0.8_mss1_fvg0_hall
2026-05-14 17:09:00,-1,29633.2305,29642.113463791222,bias0_d0.8_mss1_fvg0_hall
2026-05-14 20:01:00,1,29601.9805,29584.19551869233,bias0_d0.8_mss1_fvg0_hall
2026-05-14 23:24:00,-1,29613.474000000002,29617.025572733484,bias0_d0.8_mss1_fvg0_hall
2026-05-15 11:23:00,-1,29204.408499999998,29232.117804461166,bias0_d0.8_mss1_fvg0_hall
2026-05-15 11:23:00,-1,29204.408499999998,29233.170914856793,bias0_d0.8_mss1_fvg0_hall
2026-05-15 19:44:00,-1,29219.0565,29237.32883519533,bias0_d0.8_mss1_fvg0_hall
2026-05-18 01:42:00,1,28848.5875,28835.218531786522,bias0_d0.8_mss1_fvg0_hall
2026-05-18 01:42:00,1,28875.7255,28850.165911658914,bias0_d0.8_mss1_fvg0_hall
2026-05-18 03:13:00,-1,28950.1965,28962.97451232034,bias0_d0.8_mss1_fvg0_hall
2026-05-18 03:29:00,1,28926.285,28910.842783941465,bias0_d0.8_mss1_fvg0_hall
2026-05-18 03:37:00,1,28943.133,28909.068965472,bias0_d0.8_mss1_fvg0_hall
2026-05-18 07:25:00,1,28984.28,28970.455098147402,bias0_d0.8_mss1_fvg0_hall
2026-05-18 09:05:00,-1,29136.912,29150.240287802757,bias0_d0.8_mss1_fvg0_hall
2026-05-18 09:04:00,-1,29136.912,29148.734070816845,bias0_d0.8_mss1_fvg0_hall
2026-05-18 09:51:00,-1,29108.838,29117.443679566055,bias0_d0.8_mss1_fvg0_hall
2026-05-18 16:01:00,-1,28887.076999999997,28949.661488031023,bias0_d0.8_mss1_fvg0_hall
2026-05-18 16:24:00,-1,28938.956,28966.401015676256,bias0_d0.8_mss1_fvg0_hall
2026-05-18 18:01:00,-1,28892.531000000003,28926.24411765812,bias0_d0.8_mss1_fvg0_hall
2026-05-18 18:01:00,-1,28892.531000000003,28923.814466396827,bias0_d0.8_mss1_fvg0_hall
2026-05-19 06:38:00,1,28896.979,28868.285944645544,bias0_d0.8_mss1_fvg0_hall
2026-05-19 11:32:00,1,28810.3375,28796.157990648284,bias0_d0.8_mss1_fvg0_hall
2026-05-19 11:32:00,1,28810.3375,28800.567216316264,bias0_d0.8_mss1_fvg0_hall
2026-05-19 12:31:00,1,28762.262,28753.57497824099,bias0_d0.8_mss1_fvg0_hall
2026-05-20 01:09:00,1,28829.8345,28804.976589963608,bias0_d0.8_mss1_fvg0_hall
2026-05-20 01:24:00,-1,28872.928,28893.619477606204,bias0_d0.8_mss1_fvg0_hall
2026-05-20 02:27:00,-1,28887.0545,28917.139901053448,bias0_d0.8_mss1_fvg0_hall
2026-05-20 13:38:00,-1,29007.091500000002,29051.502535455224,bias0_d0.8_mss1_fvg0_hall
2026-05-20 14:15:00,1,28959.7,28925.13297487358,bias0_d0.8_mss1_fvg0_hall
2026-05-20 16:41:00,1,29148.0665,29130.40296486402,bias0_d0.8_mss1_fvg0_hall
2026-05-20 18:00:00,1,29205.313000000002,29195.80158444369,bias0_d0.8_mss1_fvg0_hall
2026-05-21 00:07:00,-1,29100.6375,29118.969079909115,bias0_d0.8_mss1_fvg0_hall
2026-05-21 12:19:00,1,29162.947,29140.86895607526,bias0_d0.8_mss1_fvg0_hall
2026-05-21 12:19:00,1,29162.947,29147.068255641312,bias0_d0.8_mss1_fvg0_hall
2026-05-21 13:54:00,1,29149.0615,29093.934564525036,bias0_d0.8_mss1_fvg0_hall
2026-05-21 19:56:00,1,29340.3475,29310.226784820017,bias0_d0.8_mss1_fvg0_hall
2026-05-21 19:56:00,1,29340.3475,29311.898246618584,bias0_d0.8_mss1_fvg0_hall
2026-05-21 23:41:00,1,29458.055,29452.732368272205,bias0_d0.8_mss1_fvg0_hall
2026-05-21 23:41:00,1,29458.055,29452.836656252763,bias0_d0.8_mss1_fvg0_hall
2026-05-22 03:08:00,-1,29465.5275,29472.758391357984,bias0_d0.8_mss1_fvg0_hall
2026-05-22 07:17:00,1,29466.89,29459.008561185154,bias0_d0.8_mss1_fvg0_hall
2026-05-25 00:06:00,1,29773.751,29752.638313776333,bias0_d0.8_mss1_fvg0_hall
2026-05-25 02:44:00,1,29831.173000000003,29827.488287759923,bias0_d0.8_mss1_fvg0_hall
2026-05-25 07:00:00,-1,29897.124,29909.03854020291,bias0_d0.8_mss1_fvg0_hall
2026-05-25 07:00:00,-1,29889.1855,29903.97747304556,bias0_d0.8_mss1_fvg0_hall
2026-05-25 08:00:00,-1,29889.055500000002,29898.972609343193,bias0_d0.8_mss1_fvg0_hall
2026-05-25 11:09:00,1,29894.864999999998,29888.744766869597,bias0_d0.8_mss1_fvg0_hall
2026-05-25 11:49:00,-1,29902.0445,29909.219923109875,bias0_d0.8_mss1_fvg0_hall
2026-05-25 12:05:00,1,29897.0275,29894.582757111006,bias0_d0.8_mss1_fvg0_hall
2026-05-25 12:05:00,1,29900.928,29897.26237088879,bias0_d0.8_mss1_fvg0_hall
2026-05-25 13:30:00,1,29868.237999999998,29860.910628052254,bias0_d0.8_mss1_fvg0_hall
2026-05-26 08:39:00,1,29705.953999999998,29699.318856219772,bias0_d0.8_mss1_fvg0_hall
2026-05-26 11:21:00,1,29778.112,29766.01629897619,bias0_d0.8_mss1_fvg0_hall
2026-05-26 11:21:00,1,29781.2585,29768.17555262075,bias0_d0.8_mss1_fvg0_hall
2026-05-26 11:34:00,-1,29781.9875,29794.147647601134,bias0_d0.8_mss1_fvg0_hall
2026-05-26 11:34:00,-1,29781.9875,29800.91786356767,bias0_d0.8_mss1_fvg0_hall
2026-05-26 13:27:00,-1,29843.672,29852.893609639956,bias0_d0.8_mss1_fvg0_hall
2026-05-26 13:30:00,-1,29833.508,29861.516518672604,bias0_d0.8_mss1_fvg0_hall
2026-05-27 00:15:00,-1,30025.2945,30035.11464844796,bias0_d0.8_mss1_fvg0_hall
2026-05-27 00:15:00,-1,30025.2945,30037.087862844535,bias0_d0.8_mss1_fvg0_hall
2026-05-27 00:15:00,-1,30025.2945,30036.882760820034,bias0_d0.8_mss1_fvg0_hall
2026-05-27 02:36:00,-1,30074.854,30085.809614691007,bias0_d0.8_mss1_fvg0_hall
2026-05-27 05:33:00,-1,30021.0315,30032.462703312038,bias0_d0.8_mss1_fvg0_hall
2026-05-27 05:33:00,-1,30021.0315,30033.580528075465,bias0_d0.8_mss1_fvg0_hall
2026-05-27 07:00:00,1,30003.697,29993.940202826463,bias0_d0.8_mss1_fvg0_hall
2026-05-27 17:42:00,-1,29896.017,29915.634554106702,bias0_d0.8_mss1_fvg0_hall
2026-05-27 23:16:00,1,29987.523500000003,29969.876197847778,bias0_d0.8_mss1_fvg0_hall
2026-05-28 06:44:00,1,29835.718,29826.07531662873,bias0_d0.8_mss1_fvg0_hall
2026-05-28 07:47:00,-1,29877.5855,29890.531726690675,bias0_d0.8_mss1_fvg0_hall
2026-05-28 11:27:00,-1,29833.816,29844.6037487333,bias0_d0.8_mss1_fvg0_hall
2026-05-28 13:33:00,-1,30000.7775,30030.547739610513,bias0_d0.8_mss1_fvg0_hall
2026-05-28 16:07:00,1,30182.839500000002,30166.673336969336,bias0_d0.8_mss1_fvg0_hall
2026-05-28 17:39:00,1,30219.894500000002,30209.53312955294,bias0_d0.8_mss1_fvg0_hall
2026-05-28 19:15:00,-1,30220.8075,30234.206712474403,bias0_d0.8_mss1_fvg0_hall
2026-05-29 03:03:00,1,30163.203,30158.271195126243,bias0_d0.8_mss1_fvg0_hall
2026-05-29 03:03:00,1,30166.936999999998,30161.797631188652,bias0_d0.8_mss1_fvg0_hall
2026-05-29 03:40:00,1,30183.779000000002,30176.814372413286,bias0_d0.8_mss1_fvg0_hall
2026-05-29 03:40:00,1,30183.779000000002,30177.792088669477,bias0_d0.8_mss1_fvg0_hall
2026-05-29 03:52:00,-1,30184.940000000002,30197.301010517196,bias0_d0.8_mss1_fvg0_hall
2026-05-29 08:25:00,-1,30234.4675,30246.206862802956,bias0_d0.8_mss1_fvg0_hall
2026-05-29 09:47:00,1,30261.951,30254.926866384838,bias0_d0.8_mss1_fvg0_hall
2026-05-29 09:47:00,1,30266.898500000003,30261.926025928777,bias0_d0.8_mss1_fvg0_hall
2026-05-31 22:02:00,-1,30351.925499999998,30367.48209260204,bias0_d0.8_mss1_fvg0_hall
2026-05-31 22:02:00,-1,30330.5205,30353.305268130465,bias0_d0.8_mss1_fvg0_hall
2026-06-01 00:21:00,1,30443.124499999998,30437.41050567053,bias0_d0.8_mss1_fvg0_hall
2026-06-01 04:26:00,1,30493.733500000002,30488.84466250103,bias0_d0.8_mss1_fvg0_hall
2026-06-01 06:33:00,1,30507.766499999998,30495.493601477363,bias0_d0.8_mss1_fvg0_hall
2026-06-01 10:10:00,1,30397.733500000002,30392.113688532845,bias0_d0.8_mss1_fvg0_hall
2026-06-01 11:31:00,1,30404.7935,30390.765264339316,bias0_d0.8_mss1_fvg0_hall
2026-06-01 11:31:00,1,30404.7935,30393.43590974365,bias0_d0.8_mss1_fvg0_hall
2026-06-01 11:31:00,1,30404.7935,30389.55924119053,bias0_d0.8_mss1_fvg0_hall
2026-06-01 15:11:00,-1,30368.066,30396.156762078776,bias0_d0.8_mss1_fvg0_hall
2026-06-01 16:51:00,1,30458.9845,30453.29441199932,bias0_d0.8_mss1_fvg0_hall
2026-06-02 12:21:00,1,30478.0095,30469.883668594244,bias0_d0.8_mss1_fvg0_hall
2026-06-02 18:35:00,-1,30589.068,30603.280049903708,bias0_d0.8_mss1_fvg0_hall
2026-06-03 02:03:00,1,30635.014499999997,30626.505164458864,bias0_d0.8_mss1_fvg0_hall
2026-06-03 02:03:00,1,30635.014499999997,30624.01063842609,bias0_d0.8_mss1_fvg0_hall
2026-06-03 02:20:00,-1,30642.639499999997,30646.08817569049,bias0_d0.8_mss1_fvg0_hall
2026-06-03 03:12:00,1,30633.794,30624.785034441375,bias0_d0.8_mss1_fvg0_hall
2026-06-03 07:05:00,1,30648.216,30640.531568178507,bias0_d0.8_mss1_fvg0_hall
2026-06-03 07:32:00,-1,30659.7015,30673.485517491186,bias0_d0.8_mss1_fvg0_hall
2026-06-03 09:47:00,-1,30707.8925,30718.974270507097,bias0_d0.8_mss1_fvg0_hall
2026-06-03 23:34:00,-1,30345.620499999997,30364.247276499565,bias0_d0.8_mss1_fvg0_hall
2026-06-03 23:34:00,-1,30345.620499999997,30367.270578178166,bias0_d0.8_mss1_fvg0_hall
2026-06-04 11:35:00,-1,30210.784,30232.944722718643,bias0_d0.8_mss1_fvg0_hall
2026-06-04 13:33:00,1,30236.477,30190.586719730316,bias0_d0.8_mss1_fvg0_hall
2026-06-04 17:09:00,1,30415.0605,30404.265523804086,bias0_d0.8_mss1_fvg0_hall
2026-06-05 08:03:00,-1,30094.5285,30108.502706067975,bias0_d0.8_mss1_fvg0_hall
2026-06-05 09:15:00,1,30103.7875,30095.63460263271,bias0_d0.8_mss1_fvg0_hall
2026-06-05 16:00:00,-1,29591.677000000003,29626.361246058706,bias0_d0.8_mss1_fvg0_hall
2026-06-05 18:03:00,-1,29399.720999999998,29421.3464968928,bias0_d0.8_mss1_fvg0_hall
2026-06-07 23:43:00,1,28946.9735,28919.291344680325,bias0_d0.8_mss1_fvg0_hall
2026-06-08 05:32:00,-1,29040.925000000003,29060.99003133666,bias0_d0.8_mss1_fvg0_hall
2026-06-08 05:32:00,-1,29040.925000000003,29057.99474666273,bias0_d0.8_mss1_fvg0_hall
2026-06-08 08:40:00,-1,29178.903,29207.754430021545,bias0_d0.8_mss1_fvg0_hall
2026-06-08 08:40:00,-1,29178.903,29195.726192162863,bias0_d0.8_mss1_fvg0_hall
2026-06-08 17:27:00,1,29476.444499999998,29445.701979713805,bias0_d0.8_mss1_fvg0_hall
2026-06-09 05:03:00,1,29566.055500000002,29555.670062999896,bias0_d0.8_mss1_fvg0_hall
2026-06-09 05:26:00,1,29566.0715,29553.801636770004,bias0_d0.8_mss1_fvg0_hall
2026-06-09 05:29:00,-1,29569.4845,29581.36637648189,bias0_d0.8_mss1_fvg0_hall
2026-06-09 05:29:00,-1,29569.4845,29578.024590435914,bias0_d0.8_mss1_fvg0_hall
2026-06-09 05:31:00,1,29575.468,29551.602227883493,bias0_d0.8_mss1_fvg0_hall
2026-06-09 10:07:00,-1,29636.8595,29657.707779175198,bias0_d0.8_mss1_fvg0_hall
2026-06-10 01:12:00,1,29036.1705,29001.987208542992,bias0_d0.8_mss1_fvg0_hall
2026-06-10 01:34:00,1,29042.447999999997,28997.546953895326,bias0_d0.8_mss1_fvg0_hall
2026-06-10 01:34:00,1,29042.447999999997,29005.855192902804,bias0_d0.8_mss1_fvg0_hall
2026-06-10 02:53:00,-1,28971.752,28985.963007042443,bias0_d0.8_mss1_fvg0_hall
2026-06-10 09:56:00,1,28724.3375,28696.827474623777,bias0_d0.8_mss1_fvg0_hall
2026-06-10 09:56:00,1,28724.3375,28694.03692643636,bias0_d0.8_mss1_fvg0_hall
2026-06-10 16:34:00,1,28727.131500000003,28661.092136573596,bias0_d0.8_mss1_fvg0_hall
2026-06-10 17:46:00,1,28606.5415,28576.307528118763,bias0_d0.8_mss1_fvg0_hall
2026-06-10 19:03:00,1,28566.891499999998,28533.87285150291,bias0_d0.8_mss1_fvg0_hall
2026-06-11 00:04:00,-1,28350.472,28375.599333910362,bias0_d0.8_mss1_fvg0_hall
2026-06-11 00:04:00,-1,28350.472,28387.07618148819,bias0_d0.8_mss1_fvg0_hall
2026-06-11 00:04:00,-1,28350.472,28384.845479239033,bias0_d0.8_mss1_fvg0_hall
2026-06-11 05:36:00,1,28692.5205,28680.811246269863,bias0_d0.8_mss1_fvg0_hall
2026-06-12 05:02:00,-1,29509.3695,29521.154189012173,bias0_d0.8_mss1_fvg0_hall
2026-06-12 11:00:00,1,29534.324999999997,29506.042570162655,bias0_d0.8_mss1_fvg0_hall
2026-06-12 19:30:00,-1,29651.942,29674.341165887312,bias0_d0.8_mss1_fvg0_hall
2026-06-12 19:30:00,-1,29651.942,29675.334632609643,bias0_d0.8_mss1_fvg0_hall
2026-06-12 19:30:00,-1,29651.942,29670.315937423242,bias0_d0.8_mss1_fvg0_hall
2026-06-14 23:45:00,-1,30019.987500000003,30028.82427318795,bias0_d0.8_mss1_fvg0_hall
2026-06-15 03:00:00,-1,30169.686500000003,30181.054712310004,bias0_d0.8_mss1_fvg0_hall
2026-06-15 06:23:00,1,30208.1095,30196.316817331848,bias0_d0.8_mss1_fvg0_hall
2026-06-15 15:33:00,-1,30506.3595,30520.396801947107,bias0_d0.8_mss1_fvg0_hall
2026-06-15 20:00:00,1,30507.8935,30490.72814513235,bias0_d0.8_mss1_fvg0_hall
2026-06-15 20:00:00,1,30507.8935,30487.471727622895,bias0_d0.8_mss1_fvg0_hall
2026-06-16 19:03:00,1,30101.324,30089.161217939713,bias0_d0.8_mss1_fvg0_hall
2026-06-17 01:02:00,1,30051.74,30031.601625725292,bias0_d0.8_mss1_fvg0_hall
2026-06-17 06:34:00,1,30167.941,30148.95592847112,bias0_d0.8_mss1_fvg0_hall
2026-06-17 08:08:00,1,30232.773,30215.07479298789,bias0_d0.8_mss1_fvg0_hall
2026-06-17 12:22:00,1,30122.7565,30105.206319017834,bias0_d0.8_mss1_fvg0_hall
2026-06-17 13:30:00,-1,30163.665,30195.780257682665,bias0_d0.8_mss1_fvg0_hall
2026-06-17 16:33:00,-1,30128.394500000002,30144.10050871065,bias0_d0.8_mss1_fvg0_hall
2026-06-18 03:35:00,-1,30088.4035,30093.586423444856,bias0_d0.8_mss1_fvg0_hall
2026-06-18 05:37:00,-1,30039.574999999997,30057.59670397866,bias0_d0.8_mss1_fvg0_hall
2026-06-18 06:03:00,1,30034.341999999997,30008.029540187606,bias0_d0.8_mss1_fvg0_hall
2026-06-18 06:07:00,-1,30018.764,30042.072903291642,bias0_d0.8_mss1_fvg0_hall
2026-06-18 07:58:00,1,30105.2975,30086.934396966273,bias0_d0.8_mss1_fvg0_hall
2026-06-18 10:16:00,1,30151.9265,30141.82967784664,bias0_d0.8_mss1_fvg0_hall
2026-06-18 11:06:00,-1,30117.782,30132.01218539027,bias0_d0.8_mss1_fvg0_hall
2026-06-18 13:49:00,1,30116.726000000002,30076.736856287556,bias0_d0.8_mss1_fvg0_hall
2026-06-18 14:28:00,-1,30285.6425,30321.35237762126,bias0_d0.8_mss1_fvg0_hall
2026-06-18 17:25:00,-1,30393.5615,30417.404562775733,bias0_d0.8_mss1_fvg0_hall
2026-06-18 17:24:00,-1,30393.9755,30410.753565607643,bias0_d0.8_mss1_fvg0_hall
2026-06-18 19:30:00,-1,30359.8865,30374.61714461521,bias0_d0.8_mss1_fvg0_hall
2026-06-19 01:07:00,-1,30339.1325,30346.249352651783,bias0_d0.8_mss1_fvg0_hall
2026-06-19 05:47:00,1,30111.27,30088.324365305474,bias0_d0.8_mss1_fvg0_hall
2026-06-19 06:25:00,1,30200.6545,30183.453223420216,bias0_d0.8_mss1_fvg0_hall
2026-06-19 11:33:00,1,30254.639499999997,30237.269262189155,bias0_d0.8_mss1_fvg0_hall
2026-06-19 15:32:00,-1,30379.525,30385.274689290243,bias0_d0.8_mss1_fvg0_hall
2026-06-21 22:58:00,-1,30240.800000000003,30256.3074053885,bias0_d0.8_mss1_fvg0_hall
2026-06-21 22:58:00,-1,30240.800000000003,30254.281805003608,bias0_d0.8_mss1_fvg0_hall
2026-06-22 00:00:00,1,30033.762,30018.713658682682,bias0_d0.8_mss1_fvg0_hall
2026-06-22 00:00:00,1,30063.503,30035.292868776778,bias0_d0.8_mss1_fvg0_hall
2026-06-22 07:41:00,-1,30463.5535,30470.266719366573,bias0_d0.8_mss1_fvg0_hall
2026-06-22 10:02:00,1,30394.5305,30387.208188434648,bias0_d0.8_mss1_fvg0_hall
2026-06-22 10:02:00,1,30394.5305,30387.93804997503,bias0_d0.8_mss1_fvg0_hall
2026-06-22 13:32:00,-1,30546.944,30588.043329133645,bias0_d0.8_mss1_fvg0_hall
2026-06-22 23:47:00,-1,30253.245499999997,30269.196306936912,bias0_d0.8_mss1_fvg0_hall
2026-06-23 01:16:00,-1,30293.2235,30308.351371012173,bias0_d0.8_mss1_fvg0_hall
2026-06-23 12:06:00,-1,29575.033,29585.271663806867,bias0_d0.8_mss1_fvg0_hall
2026-06-23 13:34:00,1,29368.8105,29303.007353822453,bias0_d0.8_mss1_fvg0_hall
2026-06-23 16:20:00,-1,29567.3095,29590.735371397994,bias0_d0.8_mss1_fvg0_hall
2026-06-23 17:11:00,1,29524.968,29508.292633167603,bias0_d0.8_mss1_fvg0_hall
2026-06-23 17:35:00,1,29579.3085,29529.56944247785,bias0_d0.8_mss1_fvg0_hall
2026-06-23 17:35:00,1,29579.3085,29549.665393015144,bias0_d0.8_mss1_fvg0_hall
2026-06-23 20:00:00,-1,29364.514,29412.5405951622,bias0_d0.8_mss1_fvg0_hall
2026-06-24 04:03:00,-1,29428.198,29443.901237002374,bias0_d0.8_mss1_fvg0_hall
2026-06-24 06:33:00,1,29516.085,29493.08167116626,bias0_d0.8_mss1_fvg0_hall
2026-06-24 12:19:00,1,29530.824,29516.53461109261,bias0_d0.8_mss1_fvg0_hall
2026-06-24 13:32:00,1,29429.8015,29353.268245605028,bias0_d0.8_mss1_fvg0_hall
2026-06-24 15:50:00,1,29446.117,29401.037839137683,bias0_d0.8_mss1_fvg0_hall
2026-06-24 19:42:00,-1,29110.197999999997,29122.179812284623,bias0_d0.8_mss1_fvg0_hall
2026-06-24 19:42:00,-1,29110.197999999997,29136.947850050772,bias0_d0.8_mss1_fvg0_hall
2026-06-25 02:40:00,-1,29680.019999999997,29695.193562731994,bias0_d0.8_mss1_fvg0_hall
2026-06-25 03:18:00,1,29707.0875,29681.418967756636,bias0_d0.8_mss1_fvg0_hall
2026-06-25 03:35:00,-1,29733.014499999997,29739.700154291306,bias0_d0.8_mss1_fvg0_hall
2026-06-25 08:44:00,-1,29873.2985,29882.666507873484,bias0_d0.8_mss1_fvg0_hall
2026-06-25 19:52:00,1,29345.214,29306.44716484849,bias0_d0.8_mss1_fvg0_hall
2026-06-25 23:11:00,1,29384.2575,29373.386574364056,bias0_d0.8_mss1_fvg0_hall
2026-06-25 23:11:00,1,29384.2575,29374.818064885334,bias0_d0.8_mss1_fvg0_hall
2026-06-26 04:22:00,-1,29070.105000000003,29088.545777637777,bias0_d0.8_mss1_fvg0_hall
2026-06-26 17:28:00,1,29311.913999999997,29277.76328623123,bias0_d0.8_mss1_fvg0_hall
2026-06-28 23:03:00,1,29279.412,29256.503967859953,bias0_d0.8_mss1_fvg0_hall
2026-06-29 03:32:00,-1,29257.003,29274.576518809987,bias0_d0.8_mss1_fvg0_hall
2026-06-29 03:32:00,-1,29257.003,29278.086171037845,bias0_d0.8_mss1_fvg0_hall
2026-06-29 04:25:00,1,29254.352,29228.053810569985,bias0_d0.8_mss1_fvg0_hall
2026-06-29 04:25:00,1,29254.352,29239.685581243557,bias0_d0.8_mss1_fvg0_hall
2026-06-29 12:38:00,-1,29413.057,29441.335253182504,bias0_d0.8_mss1_fvg0_hall
2026-06-29 13:20:00,-1,29426.405,29443.53204698479,bias0_d0.8_mss1_fvg0_hall
2026-06-29 13:32:00,1,29406.841500000002,29364.502677306384,bias0_d0.8_mss1_fvg0_hall
2026-06-29 19:58:00,1,29732.684,29704.050393529396,bias0_d0.8_mss1_fvg0_hall
2026-06-30 08:33:00,-1,29830.253,29851.928008293708,bias0_d0.8_mss1_fvg0_hall
2026-06-30 10:03:00,-1,29808.7455,29817.78535380245,bias0_d0.8_mss1_fvg0_hall
2026-06-30 10:03:00,-1,29808.7455,29816.717846387994,bias0_d0.8_mss1_fvg0_hall
2026-06-30 19:59:00,-1,30299.0755,30318.261663949135,bias0_d0.8_mss1_fvg0_hall
2026-06-30 19:59:00,-1,30299.0755,30321.911895956142,bias0_d0.8_mss1_fvg0_hall
2026-06-30 19:59:00,-1,30299.0755,30319.315274816418,bias0_d0.8_mss1_fvg0_hall
2026-06-30 23:48:00,-1,30254.1815,30268.736467704737,bias0_d0.8_mss1_fvg0_hall
2026-07-01 00:00:00,1,30253.209000000003,30243.689274352768,bias0_d0.8_mss1_fvg0_hall
2026-07-01 00:30:00,1,30244.447999999997,30234.098997503803,bias0_d0.8_mss1_fvg0_hall
2026-07-01 01:31:00,-1,30217.309500000003,30238.878697617663,bias0_d0.8_mss1_fvg0_hall
2026-07-01 05:40:00,1,30158.3035,30150.333762081627,bias0_d0.8_mss1_fvg0_hall
2026-07-01 05:40:00,1,30158.3035,30146.358507100995,bias0_d0.8_mss1_fvg0_hall
2026-07-01 05:40:00,1,30158.3035,30152.06026730807,bias0_d0.8_mss1_fvg0_hall
2026-07-01 09:25:00,-1,30084.287,30087.975027831864,bias0_d0.8_mss1_fvg0_hall
2026-07-01 09:25:00,-1,30084.287,30089.871555375434,bias0_d0.8_mss1_fvg0_hall
2026-07-01 10:42:00,-1,30114.6705,30124.00640370068,bias0_d0.8_mss1_fvg0_hall
2026-07-01 12:34:00,-1,30071.336499999998,30122.294917656138,bias0_d0.8_mss1_fvg0_hall
2026-07-01 12:58:00,1,29991.016499999998,29958.75698034204,bias0_d0.8_mss1_fvg0_hall
2026-07-01 12:58:00,1,29991.016499999998,29964.97955674618,bias0_d0.8_mss1_fvg0_hall
2026-07-01 23:38:00,1,29795.925,29785.31044643425,bias0_d0.8_mss1_fvg0_hall
2026-07-01 23:38:00,1,29795.925,29787.44778954609,bias0_d0.8_mss1_fvg0_hall
2026-07-02 04:05:00,-1,29913.3375,29926.864501057855,bias0_d0.8_mss1_fvg0_hall
2026-07-02 04:05:00,-1,29913.3375,29923.876275982297,bias0_d0.8_mss1_fvg0_hall
2026-07-02 05:51:00,1,29797.626,29787.39308419218,bias0_d0.8_mss1_fvg0_hall
2026-07-02 07:30:00,1,29582.643,29566.226940923803,bias0_d0.8_mss1_fvg0_hall
2026-07-02 09:32:00,1,29703.393,29687.63248092909,bias0_d0.8_mss1_fvg0_hall
2026-07-02 10:56:00,1,29721.6475,29708.934878175165,bias0_d0.8_mss1_fvg0_hall
2026-07-02 18:51:00,1,29217.1625,29196.720340864646,bias0_d0.8_mss1_fvg0_hall
2026-07-03 00:02:00,-1,29353.875,29401.330744892366,bias0_d0.8_mss1_fvg0_hall
2026-07-03 01:02:00,1,29326.436,29290.504632900815,bias0_d0.8_mss1_fvg0_hall
2026-07-03 05:03:00,1,29576.081,29555.528834555476,bias0_d0.8_mss1_fvg0_hall
2026-07-03 07:59:00,-1,29615.714,29625.548949383458,bias0_d0.8_mss1_fvg0_hall
2026-07-03 11:00:00,-1,29641.525999999998,29650.732752965545,bias0_d0.8_mss1_fvg0_hall
2026-07-03 14:42:00,1,29675.1045,29666.145956557815,bias0_d0.8_mss1_fvg0_hall
2026-07-03 14:42:00,1,29675.1045,29666.945531089397,bias0_d0.8_mss1_fvg0_hall
2026-07-05 22:04:00,-1,29678.8045,29692.236710204084,bias0_d0.8_mss1_fvg0_hall
2026-07-05 23:12:00,1,29726.4975,29701.17338151223,bias0_d0.8_mss1_fvg0_hall
2026-07-06 07:22:00,-1,29616.726499999997,29631.750427001676,bias0_d0.8_mss1_fvg0_hall
2026-07-06 10:44:00,-1,29640.3205,29652.83715250112,bias0_d0.8_mss1_fvg0_hall
2026-07-06 11:02:00,-1,29640.593,29660.189311735372,bias0_d0.8_mss1_fvg0_hall
2026-07-06 11:57:00,-1,29662.903,29678.404062468584,bias0_d0.8_mss1_fvg0_hall
2026-07-06 19:45:00,1,29771.932500000003,29756.940656840623,bias0_d0.8_mss1_fvg0_hall
2026-07-06 22:45:00,-1,29725.5605,29729.27436645234,bias0_d0.8_mss1_fvg0_hall
2026-07-07 05:31:00,1,29343.338499999998,29329.197181612406,bias0_d0.8_mss1_fvg0_hall
2026-07-07 13:33:00,-1,29389.0875,29450.417160745947,bias0_d0.8_mss1_fvg0_hall
2026-07-07 13:30:00,1,29389.5175,29328.617839254053,bias0_d0.8_mss1_fvg0_hall
2026-07-07 13:33:00,-1,29389.0875,29424.82778140695,bias0_d0.8_mss1_fvg0_hall
2026-07-07 13:33:00,-1,29389.0875,29427.5850791636,bias0_d0.8_mss1_fvg0_hall
2026-07-07 15:17:00,-1,29093.002500000002,29125.398195945138,bias0_d0.8_mss1_fvg0_hall
2026-07-07 15:44:00,1,29076.644500000002,29025.149429994613,bias0_d0.8_mss1_fvg0_hall
2026-07-07 16:57:00,-1,29293.798499999997,29314.5221079983,bias0_d0.8_mss1_fvg0_hall
2026-07-07 18:27:00,-1,29308.856,29330.37594663555,bias0_d0.8_mss1_fvg0_hall
2026-07-08 01:05:00,-1,29285.65,29310.526772818772,bias0_d0.8_mss1_fvg0_hall
2026-07-08 05:00:00,1,29158.8305,29147.698380245467,bias0_d0.8_mss1_fvg0_hall
2026-07-08 06:24:00,1,29106.3175,29088.750317185422,bias0_d0.8_mss1_fvg0_hall
2026-07-08 06:24:00,1,29106.3175,29094.604237386466,bias0_d0.8_mss1_fvg0_hall
2026-07-08 06:24:00,1,29106.3175,29088.706470430287,bias0_d0.8_mss1_fvg0_hall
2026-07-08 11:34:00,1,28767.2325,28740.643641742892,bias0_d0.8_mss1_fvg0_hall
2026-07-08 12:58:00,-1,28971.286500000002,29010.24507044279,bias0_d0.8_mss1_fvg0_hall
2026-07-08 14:21:00,1,29068.875500000002,29015.738939838175,bias0_d0.8_mss1_fvg0_hall
2026-07-08 19:51:00,1,29193.7955,29161.538758816,bias0_d0.8_mss1_fvg0_hall
2026-07-09 00:49:00,1,29310.5535,29289.511088425807,bias0_d0.8_mss1_fvg0_hall
2026-07-09 00:54:00,-1,29316.239,29345.950792576135,bias0_d0.8_mss1_fvg0_hall
2026-07-09 01:09:00,1,29273.7955,29262.546352024667,bias0_d0.8_mss1_fvg0_hall
2026-07-09 04:19:00,-1,29282.694499999998,29303.635101975615,bias0_d0.8_mss1_fvg0_hall
2026-07-09 10:17:00,1,29428.932,29415.708797341915,bias0_d0.8_mss1_fvg0_hall
2026-07-09 10:17:00,1,29428.932,29414.674297531776,bias0_d0.8_mss1_fvg0_hall
2026-07-09 12:08:00,1,29489.9945,29462.629874522936,bias0_d0.8_mss1_fvg0_hall
2026-07-09 13:34:00,1,29501.944000000003,29469.795620420395,bias0_d0.8_mss1_fvg0_hall
2026-07-09 16:34:00,-1,29683.332000000002,29695.34923172876,bias0_d0.8_mss1_fvg0_hall
2026-07-09 19:50:00,-1,29721.713000000003,29730.831795829487,bias0_d0.8_mss1_fvg0_hall
2026-07-09 19:57:00,1,29700.074,29677.31519256672,bias0_d0.8_mss1_fvg0_hall
2026-07-09 23:02:00,-1,29705.394500000002,29720.002765540914,bias0_d0.8_mss1_fvg0_hall
2026-07-10 05:30:00,-1,29661.3505,29672.74642610512,bias0_d0.8_mss1_fvg0_hall
2026-07-10 15:08:00,1,29614.8175,29568.496007390735,bias0_d0.8_mss1_fvg0_hall
2026-07-10 15:38:00,-1,29755.2105,29777.23041735677,bias0_d0.8_mss1_fvg0_hall
2026-07-10 17:15:00,1,29791.6255,29780.269038870138,bias0_d0.8_mss1_fvg0_hall
2026-07-10 19:01:00,1,29829.3135,29816.095478829524,bias0_d0.8_mss1_fvg0_hall
2026-07-13 02:54:00,-1,29545.512000000002,29562.92288852126,bias0_d0.8_mss1_fvg0_hall
2026-07-13 10:48:00,1,29538.316,29523.150940461142,bias0_d0.8_mss1_fvg0_hall
2026-07-13 13:36:00,-1,29480.1265,29533.49060378958,bias0_d0.8_mss1_fvg0_hall
2026-07-13 13:36:00,-1,29480.1265,29509.86349637604,bias0_d0.8_mss1_fvg0_hall
2026-07-13 14:16:00,-1,29366.8615,29453.48750948037,bias0_d0.8_mss1_fvg0_hall
2026-07-13 19:10:00,-1,29294.067,29317.70718867636,bias0_d0.8_mss1_fvg0_hall
2026-07-14 14:02:00,-1,29546.235500000003,29603.96349853896,bias0_d0.8_mss1_fvg0_hall
2026-07-14 15:33:00,-1,29667.227,29679.9607056045,bias0_d0.8_mss1_fvg0_hall
2026-07-14 18:00:00,-1,29648.964500000002,29661.652884596835,bias0_d0.8_mss1_fvg0_hall
2026-07-14 18:00:00,-1,29648.964500000002,29661.011632125632,bias0_d0.8_mss1_fvg0_hall
2026-07-15 01:03:00,-1,29708.3475,29729.445324011675,bias0_d0.8_mss1_fvg0_hall
2026-07-15 06:31:00,-1,29831.431,29846.343950234448,bias0_d0.8_mss1_fvg0_hall
2026-07-15 07:04:00,1,29822.597,29809.18591487344,bias0_d0.8_mss1_fvg0_hall
2026-07-15 07:04:00,1,29822.597,29809.61769037061,bias0_d0.8_mss1_fvg0_hall
2026-07-15 11:46:00,-1,29731.230499999998,29743.385004749154,bias0_d0.8_mss1_fvg0_hall
2026-07-16 00:16:00,-1,29545.004,29569.518363879808,bias0_d0.8_mss1_fvg0_hall
2026-07-16 13:00:00,1,29211.6425,29194.79366588049,bias0_d0.8_mss1_fvg0_hall
2026-07-16 13:00:00,1,29211.6425,29190.46430760331,bias0_d0.8_mss1_fvg0_hall
2026-07-16 17:27:00,1,29096.66,29077.078720371403,bias0_d0.8_mss1_fvg0_hall
2026-07-16 19:52:00,1,28915.703500000003,28894.849957142236,bias0_d0.8_mss1_fvg0_hall
2026-07-17 05:17:00,1,28620.387000000002,28597.931660910104,bias0_d0.8_mss1_fvg0_hall
2026-07-17 07:02:00,1,28566.9985,28539.173778354227,bias0_d0.8_mss1_fvg0_hall
2026-07-17 07:02:00,1,28566.9985,28539.171444186068,bias0_d0.8_mss1_fvg0_hall
2026-07-17 08:10:00,-1,28526.592,28548.509953057004,bias0_d0.8_mss1_fvg0_hall
2026-07-17 12:46:00,1,28478.747,28464.062635397397,bias0_d0.8_mss1_fvg0_hall
2026-07-17 12:46:00,1,28478.747,28471.354947154727,bias0_d0.8_mss1_fvg0_hall
2026-07-17 18:48:00,1,28657.0435,28621.34034389671,bias0_d0.8_mss1_fvg0_hall
2026-07-19 22:16:00,1,28553.5255,28531.38951158223,bias0_d0.8_mss1_fvg0_hall
2026-07-20 00:05:00,1,28670.847999999998,28626.519345220848,bias0_d0.8_mss1_fvg0_hall
2026-07-20 04:55:00,-1,28748.254,28764.90664480405,bias0_d0.8_mss1_fvg0_hall
2026-07-20 08:08:00,-1,28728.002999999997,28745.707343788927,bias0_d0.8_mss1_fvg0_hall
2026-07-20 23:45:00,1,28645.408499999998,28632.39908948198,bias0_d0.8_mss1_fvg0_hall
2026-07-21 01:41:00,-1,28738.081,28751.703684968412,bias0_d0.8_mss1_fvg0_hall
2026-07-21 02:23:00,1,28713.676,28707.256228139457,bias0_d0.8_mss1_fvg0_hall
2026-07-21 04:51:00,-1,28899.625500000002,28906.895707218893,bias0_d0.8_mss1_fvg0_hall
2026-07-21 10:40:00,-1,29010.559500000003,29020.862469701835,bias0_d0.8_mss1_fvg0_hall
2026-07-21 12:45:00,1,28958.6645,28939.921272844986,bias0_d0.8_mss1_fvg0_hall
2026-07-21 12:45:00,1,28958.6645,28943.180489070346,bias0_d0.8_mss1_fvg0_hall
2026-07-21 13:18:00,1,28990.847999999998,28985.090265387273,bias0_d0.8_mss1_fvg0_hall
2026-07-21 15:07:00,1,29043.671,29028.959864977427,bias0_d0.8_mss1_fvg0_hall
2026-07-22 04:30:00,-1,29055.3545,29069.67866082127,bias0_d0.8_mss1_fvg0_hall
2026-07-22 04:59:00,1,29031.798,29024.390357076212,bias0_d0.8_mss1_fvg0_hall
2026-07-22 10:20:00,1,28955.9265,28950.6483997574,bias0_d0.8_mss1_fvg0_hall
2026-07-22 17:33:00,-1,29135.0915,29150.815938941003,bias0_d0.8_mss1_fvg0_hall
2026-07-22 17:33:00,-1,29135.0915,29151.845310872595,bias0_d0.8_mss1_fvg0_hall
2026-07-23 01:17:00,-1,29094.5105,29105.918070132237,bias0_d0.8_mss1_fvg0_hall
2026-07-23 01:17:00,-1,29094.5105,29107.67258655136,bias0_d0.8_mss1_fvg0_hall
2026-07-23 05:26:00,1,28958.4315,28929.891365805473,bias0_d0.8_mss1_fvg0_hall
2026-07-23 06:46:00,1,28936.8865,28912.877088046276,bias0_d0.8_mss1_fvg0_hall
2026-07-24 00:04:00,-1,28534.697500000002,28571.299119448813,bias0_d0.8_mss1_fvg0_hall
2026-07-24 00:04:00,-1,28534.697500000002,28556.77417163104,bias0_d0.8_mss1_fvg0_hall
2026-07-24 09:02:00,1,28467.998,28455.910840655582,bias0_d0.8_mss1_fvg0_hall
2026-07-24 09:02:00,1,28467.998,28455.071637751615,bias0_d0.8_mss1_fvg0_hall
2026-07-24 19:02:00,-1,28142.4875,28174.61388159994,bias0_d0.8_mss1_fvg0_hall
2026-07-26 23:34:00,1,28466.809999999998,28456.43474224056,bias0_d0.8_mss1_fvg0_hall
2026-07-27 03:00:00,1,28472.531000000003,28456.622347163553,bias0_d0.8_mss1_fvg0_hall
2026-07-27 03:03:00,-1,28468.103499999997,28480.87323740221,bias0_d0.8_mss1_fvg0_hall
2026-07-27 04:00:00,1,28451.2815,28438.704212543224,bias0_d0.8_mss1_fvg0_hall
2026-07-27 09:35:00,1,28570.481,28564.560864119503,bias0_d0.8_mss1_fvg0_hall
2026-07-27 10:43:00,1,28585.131,28580.383057954044,bias0_d0.8_mss1_fvg0_hall
2026-07-27 10:43:00,1,28588.0755,28579.351135957328,bias0_d0.8_mss1_fvg0_hall
2026-07-27 11:00:00,-1,28597.6365,28603.581683505094,bias0_d0.8_mss1_fvg0_hall
2026-07-27 18:43:00,1,27892.4755,27865.794542089647,bias0_d0.8_mss1_fvg0_hall
2026-07-27 19:37:00,-1,28090.858500000002,28104.520576129842,bias0_d0.8_mss1_fvg0_hall
2026-07-27 19:37:00,-1,28057.253,28091.970899263426,bias0_d0.8_mss1_fvg0_hall
2026-07-27 19:37:00,-1,28057.253,28087.81356717318,bias0_d0.8_mss1_fvg0_hall
2026-07-27 23:06:00,1,27973.0595,27956.79385776227,bias0_d0.8_mss1_fvg0_hall
2026-07-27 23:51:00,1,28000.942499999997,27977.978240880533,bias0_d0.8_mss1_fvg0_hall
2026-07-28 07:39:00,1,27791.703999999998,27774.393350615723,bias0_d0.8_mss1_fvg0_hall
2026-07-28 07:39:00,1,27791.703999999998,27778.35425414317,bias0_d0.8_mss1_fvg0_hall
2026-07-28 09:30:00,-1,27851.698,27863.359219478865,bias0_d0.8_mss1_fvg0_hall
2026-07-28 11:01:00,-1,27777.987,27802.39353687752,bias0_d0.8_mss1_fvg0_hall
2026-07-28 13:23:00,-1,27852.3485,27878.397681094688,bias0_d0.8_mss1_fvg0_hall
2026-07-29 07:22:00,-1,27779.364500000003,27806.470146025345,bias0_d0.8_mss1_fvg0_hall
2026-07-29 13:23:00,1,27726.8205,27714.0468785249,bias0_d0.8_mss1_fvg0_hall
2026-07-29 13:33:00,1,27725.4035,27687.18758916418,bias0_d0.8_mss1_fvg0_hall
2026-07-29 15:14:00,-1,27463.77,27512.457195176095,bias0_d0.8_mss1_fvg0_hall
2026-07-30 00:06:00,1,27375.3655,27330.496412974335,bias0_d0.8_mss1_fvg0_hall
2026-07-30 00:06:00,1,27375.3655,27352.07570490474,bias0_d0.8_mss1_fvg0_hall
2026-07-30 05:14:00,1,27297.609,27277.211460966413,bias0_d0.8_mss1_fvg0_hall
2026-07-30 08:38:00,-1,27364.470999999998,27386.985936115256,bias0_d0.8_mss1_fvg0_hall
2026-07-30 10:54:00,-1,27491.5265,27507.708175656513,bias0_d0.8_mss1_fvg0_hall
2026-07-30 10:54:00,-1,27491.5265,27507.492766681047,bias0_d0.8_mss1_fvg0_hall
2026-07-31 02:03:00,-1,28349.009,28373.89019708588,bias0_d0.8_mss1_fvg0_hall
2026-07-31 02:37:00,-1,28273.7255,28306.37137349223,bias0_d0.8_mss1_fvg0_hall
2026-07-31 03:12:00,-1,28293.0265,28308.778313438124,bias0_d0.8_mss1_fvg0_hall
2026-07-31 03:12:00,-1,28284.247499999998,28309.947568904357,bias0_d0.8_mss1_fvg0_hall
2026-07-31 08:03:00,-1,28437.47,28460.06867376128,bias0_d0.8_mss1_fvg0_hall
2026-07-31 10:49:00,-1,28441.292,28457.425428922386,bias0_d0.8_mss1_fvg0_hall
2026-07-31 10:49:00,-1,28441.292,28452.914023285073,bias0_d0.8_mss1_fvg0_hall
2026-08-02 23:44:00,1,28474.281000000003,28455.203304328872,bias0_d0.8_mss1_fvg0_hall
2026-08-03 07:38:00,-1,28475.1645,28493.71099154767,bias0_d0.8_mss1_fvg0_hall
2026-08-03 09:58:00,1,28423.1705,28413.683149749377,bias0_d0.8_mss1_fvg0_hall
2026-08-03 19:54:00,-1,28792.809,28807.843473657264,bias0_d0.8_mss1_fvg0_hall
2026-08-04 04:17:00,1,28871.5255,28850.286253238086,bias0_d0.8_mss1_fvg0_hall
2026-08-04 08:01:00,1,28962.237500000003,28948.343595842372,bias0_d0.8_mss1_fvg0_hall
2026-08-04 13:30:00,1,29134.8135,29085.014891288494,bias0_d0.8_mss1_fvg0_hall
2026-08-04 15:01:00,1,29415.5415,29396.32206641964,bias0_d0.8_mss1_fvg0_hall
2026-08-04 23:33:00,-1,29694.875500000002,29708.87920616987,bias0_d0.8_mss1_fvg0_hall
2026-08-05 01:39:00,1,29702.647,29687.329710182585,bias0_d0.8_mss1_fvg0_hall
2026-08-05 09:23:00,1,29702.632,29688.523187151528,bias0_d0.8_mss1_fvg0_hall
2026-08-05 12:31:00,-1,29792.3085,29817.78997751307,bias0_d0.8_mss1_fvg0_hall
2026-08-05 12:35:00,1,29786.27,29768.651545537094,bias0_d0.8_mss1_fvg0_hall
2026-08-06 05:48:00,-1,29451.905,29460.71907078758,bias0_d0.8_mss1_fvg0_hall
2026-08-06 08:53:00,1,29387.964,29375.10269169957,bias0_d0.8_mss1_fvg0_hall
2026-08-06 13:31:00,-1,29206.332000000002,29249.331752887934,bias0_d0.8_mss1_fvg0_hall
2026-08-06 15:46:00,1,29446.9915,29418.638603659023,bias0_d0.8_mss1_fvg0_hall
2026-08-06 18:16:00,1,29418.103,29383.469051979955,bias0_d0.8_mss1_fvg0_hall
2026-08-06 23:47:00,1,29462.809999999998,29456.40531452378,bias0_d0.8_mss1_fvg0_hall
2026-08-07 04:54:00,1,29387.9755,29375.843426278585,bias0_d0.8_mss1_fvg0_hall
2026-08-07 04:54:00,1,29387.9755,29378.40562083012,bias0_d0.8_mss1_fvg0_hall
2026-08-07 07:06:00,1,29430.442,29418.985917488146,bias0_d0.8_mss1_fvg0_hall
2026-08-07 18:50:00,1,29575.053,29566.463389295925,bias0_d0.8_mss1_fvg0_hall
2026-08-10 03:53:00,-1,29778.2195,29786.586495941116,bias0_d0.8_mss1_fvg0_hall
2026-08-10 04:45:00,1,29762.927,29753.717751208133,bias0_d0.8_mss1_fvg0_hall
2026-08-10 12:13:00,-1,29755.6365,29772.34583859329,bias0_d0.8_mss1_fvg0_hall
2026-08-10 13:30:00,1,29688.1365,29678.217666168002,bias0_d0.8_mss1_fvg0_hall
2026-08-10 13:30:00,1,29688.1365,29676.381793584573,bias0_d0.8_mss1_fvg0_hall
2026-08-10 13:30:00,1,29701.010000000002,29675.63733400915,bias0_d0.8_mss1_fvg0_hall
2026-08-10 13:34:00,-1,29709.47,29729.65819011731,bias0_d0.8_mss1_fvg0_hall
2026-08-10 16:15:00,-1,29703.9375,29712.327287675613,bias0_d0.8_mss1_fvg0_hall
2026-08-10 16:15:00,-1,29703.9375,29716.071405638966,bias0_d0.8_mss1_fvg0_hall
2026-08-10 18:15:00,-1,29651.1935,29660.3061834108,bias0_d0.8_mss1_fvg0_hall
2026-08-11 05:08:00,1,29727.016,29722.890479056143,bias0_d0.8_mss1_fvg0_hall
2026-08-11 05:08:00,1,29727.016,29719.21262224739,bias0_d0.8_mss1_fvg0_hall
2026-08-11 05:08:00,1,29727.016,29723.42949565829,bias0_d0.8_mss1_fvg0_hall
2026-08-11 06:01:00,1,29688.909,29675.495499313405,bias0_d0.8_mss1_fvg0_hall
2026-08-11 13:30:00,-1,29695.892,29732.066745331253,bias0_d0.8_mss1_fvg0_hall
2026-08-11 22:31:00,-1,29545.9025,29555.307417429216,bias0_d0.8_mss1_fvg0_hall
2026-08-11 23:05:00,-1,29538.6695,29546.410003439705,bias0_d0.8_mss1_fvg0_hall
2026-08-12 11:39:00,1,29711.22,29699.57828519909,bias0_d0.8_mss1_fvg0_hall
2026-08-13 01:52:00,1,29731.2485,29723.788501786647,bias0_d0.8_mss1_fvg0_hall
2026-08-13 01:52:00,1,29731.2485,29723.250615944744,bias0_d0.8_mss1_fvg0_hall
2026-08-13 02:26:00,1,29759.459,29753.507371653384,bias0_d0.8_mss1_fvg0_hall
2026-08-13 05:33:00,-1,29811.997,29820.843612403336,bias0_d0.8_mss1_fvg0_hall
2026-08-13 05:33:00,-1,29811.997,29819.70677676614,bias0_d0.8_mss1_fvg0_hall
2026-08-13 08:21:00,1,29734.0595,29723.47059089929,bias0_d0.8_mss1_fvg0_hall
2026-08-13 15:28:00,-1,30120.4925,30132.40809070261,bias0_d0.8_mss1_fvg0_hall
2026-08-14 06:19:00,1,30056.947500000002,30051.222590909867,bias0_d0.8_mss1_fvg0_hall
2026-08-14 06:19:00,1,30056.947500000002,30050.2457699682,bias0_d0.8_mss1_fvg0_hall
2026-08-14 17:52:00,1,29967.215,29954.790604266203,bias0_d0.8_mss1_fvg0_hall
2026-08-17 02:09:00,1,30096.787,30090.01408095783,bias0_d0.8_mss1_fvg0_hall
2026-08-17 02:09:00,1,30096.787,30090.365782560577,bias0_d0.8_mss1_fvg0_hall
2026-08-17 03:31:00,-1,30134.209499999997,30140.183788340997,bias0_d0.8_mss1_fvg0_hall
2026-08-17 11:00:00,-1,30214.07,30227.81184350535,bias0_d0.8_mss1_fvg0_hall
2026-08-17 11:15:00,-1,30215.6365,30220.941523654725,bias0_d0.8_mss1_fvg0_hall
2026-08-17 15:32:00,-1,30173.6095,30184.151143664294,bias0_d0.8_mss1_fvg0_hall
2026-08-17 17:42:00,1,30014.5765,29990.50439398785,bias0_d0.8_mss1_fvg0_hall
2026-08-18 00:55:00,-1,30016.982,30023.147855420633,bias0_d0.8_mss1_fvg0_hall
2026-08-18 00:54:00,-1,30015.037,30022.31494431916,bias0_d0.8_mss1_fvg0_hall
2026-08-18 04:23:00,-1,29803.509,29812.638427664984,bias0_d0.8_mss1_fvg0_hall
2026-08-18 06:47:00,1,29778.847999999998,29769.118500918343,bias0_d0.8_mss1_fvg0_hall
2026-08-18 09:56:00,1,29609.947,29593.12593379413,bias0_d0.8_mss1_fvg0_hall
2026-08-18 09:56:00,1,29609.947,29603.385724237403,bias0_d0.8_mss1_fvg0_hall
2026-08-18 10:19:00,-1,29631.0085,29651.527265601413,bias0_d0.8_mss1_fvg0_hall
2026-08-18 13:30:00,1,29596.076,29592.527508928586,bias0_d0.8_mss1_fvg0_hall
2026-08-18 13:30:00,1,29596.076,29565.848178872096,bias0_d0.8_mss1_fvg0_hall
2026-08-18 13:33:00,-1,29597.6415,29654.716222809264,bias0_d0.8_mss1_fvg0_hall
2026-08-19 11:01:00,1,29449.8425,29435.72078651996,bias0_d0.8_mss1_fvg0_hall
2026-08-19 19:36:00,-1,29481.7975,29503.296129462917,bias0_d0.8_mss1_fvg0_hall
2026-08-19 19:36:00,-1,29481.7975,29493.499238924654,bias0_d0.8_mss1_fvg0_hall
2026-08-20 04:55:00,-1,29534.255,29538.703337541137,bias0_d0.8_mss1_fvg0_hall
2026-08-20 04:54:00,-1,29536.982,29546.380412747043,bias0_d0.8_mss1_fvg0_hall
2026-08-20 05:16:00,1,29516.798000000003,29502.9208523269,bias0_d0.8_mss1_fvg0_hall
2026-08-20 11:00:00,-1,29454.7425,29492.229846306444,bias0_d0.8_mss1_fvg0_hall
2026-08-20 14:23:00,1,29260.842,29214.798599447087,bias0_d0.8_mss1_fvg0_hall
2026-08-21 05:34:00,1,29274.6705,29269.452549628037,bias0_d0.8_mss1_fvg0_hall
2026-08-21 05:34:00,1,29274.6705,29266.84453536889,bias0_d0.8_mss1_fvg0_hall
2026-08-21 08:06:00,-1,29361.453,29374.563720380935,bias0_d0.8_mss1_fvg0_hall
2026-08-21 14:46:00,1,29203.175499999998,29175.219407404526,bias0_d0.8_mss1_fvg0_hall
2026-08-21 18:21:00,1,29299.3425,29293.288064716464,bias0_d0.8_mss1_fvg0_hall
2026-08-21 18:21:00,1,29299.3425,29290.150345808146,bias0_d0.8_mss1_fvg0_hall
2026-08-21 18:21:00,1,29299.3425,29292.813896107564,bias0_d0.8_mss1_fvg0_hall
2026-08-23 23:16:00,1,29312.908499999998,29307.981537120388,bias0_d0.8_mss1_fvg0_hall
2026-08-24 02:48:00,-1,29287.0545,29300.501987029882,bias0_d0.8_mss1_fvg0_hall
2026-08-24 02:48:00,-1,29287.0545,29296.991170099176,bias0_d0.8_mss1_fvg0_hall
2026-08-24 05:05:00,1,29201.976499999997,29185.84871728936,bias0_d0.8_mss1_fvg0_hall
2026-08-24 06:42:00,-1,29094.7645,29104.38891518972,bias0_d0.8_mss1_fvg0_hall
2026-08-24 06:42:00,-1,29094.7645,29104.26442839046,bias0_d0.8_mss1_fvg0_hall
2026-08-24 07:02:00,-1,29085.997,29105.35137060607,bias0_d0.8_mss1_fvg0_hall
2026-08-24 07:34:00,1,29116.192000000003,29094.880214707395,bias0_d0.8_mss1_fvg0_hall
2026-08-24 07:34:00,1,29116.192000000003,29102.16663508544,bias0_d0.8_mss1_fvg0_hall
2026-08-24 07:42:00,-1,29117.3755,29131.19854305073,bias0_d0.8_mss1_fvg0_hall
2026-08-24 10:34:00,1,29136.5475,29127.21197460139,bias0_d0.8_mss1_fvg0_hall
2026-08-24 13:28:00,1,29132.8765,29118.677730948257,bias0_d0.8_mss1_fvg0_hall
2026-08-24 23:00:00,1,29041.242,29038.6725544971,bias0_d0.8_mss1_fvg0_hall
2026-08-24 23:18:00,-1,29047.9985,29050.361207087877,bias0_d0.8_mss1_fvg0_hall
2026-08-25 13:32:00,1,29246.2365,29220.05376118473,bias0_d0.8_mss1_fvg0_hall
2026-08-25 18:01:00,-1,29152.7825,29162.021201203675,bias0_d0.8_mss1_fvg0_hall
2026-08-26 10:02:00,-1,29159.853499999997,29169.54058115571,bias0_d0.8_mss1_fvg0_hall
2026-08-26 10:34:00,1,29130.532,29125.8305559526,bias0_d0.8_mss1_fvg0_hall
2026-08-26 11:51:00,1,29133.7935,29123.09746239882,bias0_d0.8_mss1_fvg0_hall
2026-08-26 12:21:00,1,29141.8095,29125.512556276306,bias0_d0.8_mss1_fvg0_hall
2026-08-27 03:06:00,-1,29492.714500000002,29498.978577445265,bias0_d0.8_mss1_fvg0_hall
2026-08-27 03:06:00,-1,29483.259,29492.282257627743,bias0_d0.8_mss1_fvg0_hall
2026-08-27 04:28:00,-1,29479.703999999998,29487.73047712947,bias0_d0.8_mss1_fvg0_hall
2026-08-27 07:37:00,-1,29469.265,29480.73514992754,bias0_d0.8_mss1_fvg0_hall
2026-08-27 13:31:00,-1,29472.275500000003,29527.34012033479,bias0_d0.8_mss1_fvg0_hall
2026-08-27 22:58:00,1,29576.032,29573.95132955051,bias0_d0.8_mss1_fvg0_hall
2026-08-27 23:00:00,-1,29578.981,29582.180122131023,bias0_d0.8_mss1_fvg0_hall
2026-08-28 03:33:00,-1,29633.786500000002,29647.25163127277,bias0_d0.8_mss1_fvg0_hall
2026-08-28 06:45:00,1,29550.076,29537.556489596216,bias0_d0.8_mss1_fvg0_hall
2026-08-28 07:40:00,-1,29554.453999999998,29564.491085033806,bias0_d0.8_mss1_fvg0_hall
2026-08-28 09:51:00,1,29556.958,29542.40024110523,bias0_d0.8_mss1_fvg0_hall
2026-08-28 14:03:00,-1,29610.665,29655.321007137733,bias0_d0.8_mss1_fvg0_hall
2026-08-28 14:00:00,1,29609.2535,29563.18599286227,bias0_d0.8_mss1_fvg0_hall
2026-08-28 17:39:00,-1,29419.726,29450.967444585425,bias0_d0.8_mss1_fvg0_hall
2026-08-28 19:50:00,1,29430.104,29420.980398303596,bias0_d0.8_mss1_fvg0_hall
2026-08-31 04:36:00,1,29290.32,29282.426549205262,bias0_d0.8_mss1_fvg0_hall
2026-08-31 07:40:00,-1,29459.8425,29469.13242645588,bias0_d0.8_mss1_fvg0_hall
2026-08-31 10:20:00,1,29397.2035,29391.366086844013,bias0_d0.8_mss1_fvg0_hall
2026-08-31 10:20:00,1,29397.2035,29392.01357054407,bias0_d0.8_mss1_fvg0_hall
2026-08-31 12:25:00,-1,29407.698,29415.938416275003,bias0_d0.8_mss1_fvg0_hall
2026-08-31 15:21:00,1,29358.7485,29342.05348409798,bias0_d0.8_mss1_fvg0_hall
2026-08-31 15:44:00,1,29347.837,29327.88855514165,bias0_d0.8_mss1_fvg0_hall
2026-09-01 00:32:00,-1,29451.230499999998,29470.660916407618,bias0_d0.8_mss1_fvg0_hall
2026-09-01 01:00:00,1,29451.953,29442.811687104306,bias0_d0.8_mss1_fvg0_hall
2026-09-01 17:30:00,1,29091.1985,29067.994795167644,bias0_d0.8_mss1_fvg0_hall
2026-09-01 19:31:00,-1,29069.165,29080.997914064315,bias0_d0.8_mss1_fvg0_hall
2026-09-01 19:53:00,-1,29064.325,29085.666410897764,bias0_d0.8_mss1_fvg0_hall
2026-09-01 22:26:00,1,29063.643,29059.102705847785,bias0_d0.8_mss1_fvg0_hall
2026-09-02 03:30:00,-1,29025.887000000002,29034.61374538859,bias0_d0.8_mss1_fvg0_hall
2026-09-02 06:59:00,1,29013.6705,29005.02033903472,bias0_d0.8_mss1_fvg0_hall
2026-09-02 06:59:00,1,29027.481,29013.94272910367,bias0_d0.8_mss1_fvg0_hall
2026-09-02 11:00:00,-1,28924.582,28944.38912976366,bias0_d0.8_mss1_fvg0_hall
2026-09-02 16:53:00,1,29104.5085,29089.753344009736,bias0_d0.8_mss1_fvg0_hall
2026-09-02 18:36:00,-1,29119.826500000003,29129.85290933068,bias0_d0.8_mss1_fvg0_hall
2026-09-03 01:02:00,1,29108.843,29103.12055436848,bias0_d0.8_mss1_fvg0_hall
2026-09-03 04:08:00,1,29186.442000000003,29183.102985433874,bias0_d0.8_mss1_fvg0_hall
2026-09-03 07:00:00,1,29130.615,29112.99627145754,bias0_d0.8_mss1_fvg0_hall
2026-09-03 09:20:00,-1,29172.405,29179.157468603316,bias0_d0.8_mss1_fvg0_hall
2026-09-03 14:58:00,1,29281.97,29225.914261503596,bias0_d0.8_mss1_fvg0_hall
2026-09-03 16:24:00,-1,29469.597500000003,29484.140229652177,bias0_d0.8_mss1_fvg0_hall
2026-09-03 17:02:00,-1,29492.203999999998,29499.600280607116,bias0_d0.8_mss1_fvg0_hall
2026-09-03 17:02:00,-1,29475.0315,29489.422939135176,bias0_d0.8_mss1_fvg0_hall
2026-09-03 17:02:00,-1,29475.0315,29490.44823633981,bias0_d0.8_mss1_fvg0_hall
2026-09-04 11:00:00,-1,29632.625,29644.361416272517,bias0_d0.8_mss1_fvg0_hall
2026-09-04 15:18:00,-1,29487.2995,29506.67748866661,bias0_d0.8_mss1_fvg0_hall
2026-09-04 15:18:00,-1,29487.2995,29496.292389476137,bias0_d0.8_mss1_fvg0_hall
2026-09-07 01:04:00,1,29513.760000000002,29506.623895891575,bias0_d0.8_mss1_fvg0_hall
2026-09-07 01:24:00,1,29514.759,29508.38976248928,bias0_d0.8_mss1_fvg0_hall
2026-09-07 12:11:00,-1,29524.521,29530.243338786837,bias0_d0.8_mss1_fvg0_hall
2026-09-07 14:04:00,-1,29586.875,29598.803277711988,bias0_d0.8_mss1_fvg0_hall
2026-09-07 14:37:00,1,29572.5085,29567.630510362367,bias0_d0.8_mss1_fvg0_hall
2026-09-07 14:37:00,1,29572.5085,29567.362698907917,bias0_d0.8_mss1_fvg0_hall
2026-09-07 14:37:00,1,29572.5085,29565.445566843064,bias0_d0.8_mss1_fvg0_hall
2026-09-07 14:37:00,1,29572.5085,29566.802919211415,bias0_d0.8_mss1_fvg0_hall
2026-09-07 16:25:00,-1,29572.381,29576.17652462411,bias0_d0.8_mss1_fvg0_hall
2026-09-08 01:02:00,-1,29604.7485,29609.74581172732,bias0_d0.8_mss1_fvg0_hall
2026-09-08 08:46:00,1,29477.299,29454.619149068894,bias0_d0.8_mss1_fvg0_hall
2026-09-08 09:04:00,1,29461.6595,29452.624384420953,bias0_d0.8_mss1_fvg0_hall
2026-09-08 12:11:00,-1,29547.32,29556.460834934805,bias0_d0.8_mss1_fvg0_hall
2026-09-08 16:09:00,-1,29564.9145,29593.398145672916,bias0_d0.8_mss1_fvg0_hall
2026-09-09 06:46:00,-1,29577.414,29588.37946869515,bias0_d0.8_mss1_fvg0_hall
2026-09-09 09:05:00,-1,29539.6025,29548.543704950727,bias0_d0.8_mss1_fvg0_hall
2026-09-09 15:02:00,-1,29500.591500000002,29533.730916423126,bias0_d0.8_mss1_fvg0_hall
2026-09-09 18:57:00,-1,29441.4095,29448.78410447483,bias0_d0.8_mss1_fvg0_hall
2026-09-09 18:57:00,-1,29441.4095,29446.615247012345,bias0_d0.8_mss1_fvg0_hall
2026-09-09 19:59:00,1,29412.3595,29396.265800406436,bias0_d0.8_mss1_fvg0_hall
2026-09-09 22:50:00,-1,29408.321,29411.742340322395,bias0_d0.8_mss1_fvg0_hall
2026-09-09 23:18:00,1,29397.737999999998,29390.07469041115,bias0_d0.8_mss1_fvg0_hall
2026-09-10 04:22:00,1,29403.442000000003,29396.882986544406,bias0_d0.8_mss1_fvg0_hall
2026-09-10 08:33:00,-1,29418.782,29426.79601763995,bias0_d0.8_mss1_fvg0_hall
2026-09-10 10:27:00,-1,29375.6365,29384.94012825644,bias0_d0.8_mss1_fvg0_hall
2026-09-10 13:27:00,1,29035.536500000002,29017.733234429303,bias0_d0.8_mss1_fvg0_hall
2026-09-10 13:27:00,1,29035.536500000002,29024.493821255783,bias0_d0.8_mss1_fvg0_hall
2026-09-10 22:21:00,1,29126.025,29120.34791754399,bias0_d0.8_mss1_fvg0_hall
2026-09-11 04:04:00,1,29035.989,29025.90606132396,bias0_d0.8_mss1_fvg0_hall
2026-09-11 04:04:00,1,29035.989,29020.90926537627,bias0_d0.8_mss1_fvg0_hall
2026-09-11 05:09:00,1,29109.676,29098.435275200678,bias0_d0.8_mss1_fvg0_hall
2026-09-11 10:02:00,1,29292.159,29266.29890232901,bias0_d0.8_mss1_fvg0_hall
2026-09-14 01:16:00,-1,29004.004,29014.243142130283,bias0_d0.8_mss1_fvg0_hall
2026-09-14 05:07:00,1,28998.032,28989.496620959668,bias0_d0.8_mss1_fvg0_hall
2026-09-14 05:42:00,-1,28985.5475,29000.86426175254,bias0_d0.8_mss1_fvg0_hall
2026-09-14 06:49:00,-1,28988.6755,28998.676765730317,bias0_d0.8_mss1_fvg0_hall
2026-09-14 06:49:00,-1,28988.6755,28998.724811035292,bias0_d0.8_mss1_fvg0_hall
2026-09-14 12:35:00,-1,28901.787,28913.380638986626,bias0_d0.8_mss1_fvg0_hall
2026-09-15 00:05:00,-1,29139.565000000002,29146.418641561184,bias0_d0.8_mss1_fvg0_hall
2026-09-15 04:52:00,-1,29067.287,29082.953285062424,bias0_d0.8_mss1_fvg0_hall
2026-09-15 06:27:00,-1,29069.680500000002,29079.959843939156,bias0_d0.8_mss1_fvg0_hall
2026-09-15 06:26:00,-1,29069.680500000002,29077.855544372076,bias0_d0.8_mss1_fvg0_hall
2026-09-15 16:52:00,1,28965.7935,28960.0025070171,bias0_d0.8_mss1_fvg0_hall
2026-09-15 22:30:00,1,28967.6985,28957.6129272919,bias0_d0.8_mss1_fvg0_hall
2026-09-15 23:57:00,-1,28977.6595,28983.41473995959,bias0_d0.8_mss1_fvg0_hall
2026-09-15 23:57:00,-1,28977.6595,28982.742301391045,bias0_d0.8_mss1_fvg0_hall
2026-09-15 23:57:00,-1,28977.6595,28983.541890577402,bias0_d0.8_mss1_fvg0_hall
2026-09-16 01:30:00,-1,28975.832,28985.76085295461,bias0_d0.8_mss1_fvg0_hall
2026-09-16 04:28:00,-1,29029.464,29037.404302749022,bias0_d0.8_mss1_fvg0_hall
2026-09-16 10:59:00,1,29074.842,29067.951122058003,bias0_d0.8_mss1_fvg0_hall
2026-09-16 14:02:00,-1,29158.0765,29175.725351351208,bias0_d0.8_mss1_fvg0_hall
2026-09-17 01:39:00,-1,29151.321,29163.036665671352,bias0_d0.8_mss1_fvg0_hall
2026-09-17 04:50:00,-1,29156.925,29164.728533734447,bias0_d0.8_mss1_fvg0_hall
2026-09-17 14:45:00,-1,29428.2365,29443.82180732568,bias0_d0.8_mss1_fvg0_hall
2026-09-17 14:44:00,-1,29428.2365,29436.857767516703,bias0_d0.8_mss1_fvg0_hall
2026-09-17 16:00:00,1,29426.6695,29419.9516049071,bias0_d0.8_mss1_fvg0_hall
2026-09-17 16:00:00,1,29426.6695,29420.039869027038,bias0_d0.8_mss1_fvg0_hall
2026-09-17 18:08:00,-1,29433.6535,29439.925494561223,bias0_d0.8_mss1_fvg0_hall
2026-09-18 00:07:00,-1,29390.9025,29406.179085719556,bias0_d0.8_mss1_fvg0_hall
2026-09-18 05:27:00,-1,29520.9495,29525.78504728005,bias0_d0.8_mss1_fvg0_hall
2026-09-18 06:00:00,1,29546.9595,29540.50517787651,bias0_d0.8_mss1_fvg0_hall
2026-09-18 06:00:00,1,29546.9595,29540.23527588533,bias0_d0.8_mss1_fvg0_hall
2026-09-18 12:06:00,-1,29536.1985,29556.317202290553,bias0_d0.8_mss1_fvg0_hall
2026-09-18 13:29:00,1,29477.0815,29445.96123447112,bias0_d0.8_mss1_fvg0_hall
2026-09-18 14:42:00,-1,29425.847999999998,29461.46010810697,bias0_d0.8_mss1_fvg0_hall
2026-09-18 15:11:00,-1,29464.915,29479.689780621575,bias0_d0.8_mss1_fvg0_hall
2026-09-18 15:11:00,-1,29464.915,29477.57633200575,bias0_d0.8_mss1_fvg0_hall
2026-09-18 16:23:00,-1,29422.448,29433.676078677196,bias0_d0.8_mss1_fvg0_hall
2026-09-21 02:31:00,-1,29796.07,29801.485517528054,bias0_d0.8_mss1_fvg0_hall
2026-09-21 05:23:00,1,29794.9205,29789.701425233307,bias0_d0.8_mss1_fvg0_hall
2026-09-21 10:31:00,1,29963.137,29948.19691477952,bias0_d0.8_mss1_fvg0_hall
