time,dir,entry,stop,target,exit,r,reason,bars_held,mfe,mae,entry_signal,symbol
2023-08-01 13:47:00,-1,15688.974,15709.25312415638,15658.555313765431,15702.114,-0.6479569777606016,sl,19,0.19157632105024278,-0.6462310649583544,15688.984,NAS100
2023-08-01 15:34:00,1,15710.119,15699.541227439628,15725.98565884056,15725.97565884056,1.4990546213824183,tp,6,1.6627319125662479,-0.02079832958645188,15710.084,NAS100
2023-08-02 07:28:00,1,15573.848,15565.070360944124,15587.014458583813,15587.004458583813,1.4988607414890769,tp,11,1.8240668017993849,-0.4909064923460147,15573.813,NAS100
2023-08-02 17:43:00,1,15390.194,15385.34323250423,15397.470151243653,15401.569,2.3449897382056357,tp,1,2.6418499775917725,-0.16183006105416112,15390.159,NAS100
2023-08-03 03:50:00,-1,15381.214,15382.856084817513,15378.75087277373,15378.914,1.400658465061919,sl,1,0.0,0.0,15381.224,NAS100
2023-08-03 11:00:00,-1,15326.393999999998,15332.195254204342,15317.692118693483,15331.432,-0.868432897877551,sl,2,0.0,-0.7627660923198428,15326.403999999999,NAS100
2023-08-03 11:05:00,1,15325.984,15312.672413545,15345.951379682501,15312.662413545,-1.0007512252603417,sl,19,0.7147908351994714,-1.1031742947876526,15325.949,NAS100
2023-08-03 15:49:00,-1,15377.669,15386.863087061536,15363.877869407695,15381.942,-0.4647552248961673,sl,3,0.0,-0.339348537719793,15377.679,NAS100
2023-08-04 12:41:00,-1,15377.484,15404.98890152848,15336.22664770728,15394.904,-0.6333416602841604,sl,6,0.0,-0.6204348698478458,15377.494,NAS100
2023-08-07 05:50:00,-1,15348.948999999999,15354.192735584928,15341.083396622606,15351.753999999999,-0.5349239973240142,sl,5,0.0,-0.5110860295291757,15348.958999999999,NAS100
2023-08-07 13:31:00,1,15366.214,15349.49664783403,15391.290028248954,15349.48664783403,-1.0005981808542967,sl,2,1.4999384921162373,-1.6452964397070673,15366.179,NAS100
2023-08-07 17:16:00,-1,15342.049,15357.751030544494,15318.495954183261,15355.064,-0.8288736901332804,sl,6,0.0,-0.5056670841073727,15342.059000000001,NAS100
2023-08-08 00:04:00,1,15400.868999999999,15399.221467170244,15403.340299244632,15399.211467170244,-1.006069681780913,sl,1,3.1198164353219586,-1.9422981698491169,15400.833999999999,NAS100
2023-08-08 06:50:00,-1,15330.579,15335.705428423424,15322.889357364864,15326.294,0.8358645915001212,tp,6,0.7783196546290349,0.0,15330.589,NAS100
2023-08-08 09:48:00,1,15327.399,15320.634803899056,15337.545294151414,15337.535294151414,1.4985216277217592,tp,10,1.6114257832474357,-0.6046542617872813,15327.364,NAS100
2023-08-09 06:35:00,-1,15306.384,15309.59196162437,15301.572057563444,15308.204,-0.5673384575967713,sl,5,0.0,-0.3725106905648819,15306.394,NAS100
2023-08-09 09:14:00,1,15340.639,15333.941077294776,15350.685884057835,15333.931077294776,-1.001493000209217,sl,5,0.5762980807452961,-1.2511341752964746,15340.604,NAS100
2023-08-10 19:21:00,-1,15164.429,15178.357451483726,15143.536322774413,15153.724,0.7685707210530961,tp,5,0.6418516811037008,0.0,15164.439,NAS100
2023-08-10 19:50:00,1,15117.294,15105.842592249799,15134.471111625302,15134.461111625302,1.4991267449192758,tp,2,1.6500154751427036,-0.3113154362997853,15117.259,NAS100
2023-08-11 07:04:00,-1,15150.854,15157.004265215437,15141.628602176843,15153.673999999999,-0.4585168120752372,sl,3,0.0,-0.041461626623994545,15150.864,NAS100
2023-08-11 09:22:00,-1,15107.319,15113.89968847347,15097.447967289794,15111.794,-0.680020034080195,sl,4,0.0,-0.5789667776192676,15107.329,NAS100
2023-08-13 22:46:00,1,15071.629,15069.027795500317,15075.530806749528,15069.017795500316,-1.0038443728670439,sl,2,0.5997221672455586,-1.8145439932055505,15071.594000000001,NAS100
2023-08-14 00:16:00,1,15066.258,15060.3364405036,15075.140339244597,15075.130339244597,1.4983112556739133,tp,10,1.6770919900475285,-0.4608583265369453,15066.223,NAS100
2023-08-14 13:03:00,1,15004.934000000001,14987.354969047974,15031.302546428042,14987.344969047974,-1.000568859570673,sl,21,0.5162400603744566,-1.275098727635844,15004.899000000001,NAS100
2023-08-14 15:34:00,1,15141.839,15126.345740097924,15165.078889853114,15165.068889853113,1.4993545580424377,tp,13,1.687830718988715,-0.6680324260624878,15141.804,NAS100
2023-08-14 18:11:00,-1,15144.979,15159.55991660294,15123.107625095588,15138.324,0.45641849420196334,tp,22,0.9231244075070026,0.0,15144.989,NAS100
2023-08-15 00:01:00,-1,15231.759,15234.973437689223,15226.937343466165,15229.264,0.7761855233236674,tp,1,0.0,0.0,15231.769,NAS100
2023-08-15 01:03:00,1,15227.794,15221.846757610248,15236.714863584628,15236.704863584628,1.4983185484390982,tp,21,1.5511390650391774,-0.9710382764878409,15227.759,NAS100
2023-08-15 11:08:00,-1,15110.294,15115.484712557496,15102.507931163756,15113.454,-0.6087796164779544,sl,4,0.0,-0.23985146282138461,15110.304,NAS100
2023-08-15 12:09:00,1,15104.694,15092.200171173514,15123.434743239728,15123.424743239728,1.4991996048497944,tp,18,1.697878232094092,-0.13166500220583927,15104.659,NAS100
2023-08-15 12:34:00,-1,15111.383,15130.069469000582,15083.353296499126,15120.824,-0.5052318872926994,sl,3,0.0,-0.19993076272913665,15111.393,NAS100
2023-08-15 14:43:00,-1,15077.994,15088.318985568887,15062.506521646672,15064.044,1.351091476780175,tp,1,0.0,0.0,15078.004,NAS100
2023-08-16 01:15:00,-1,15042.244,15050.572368548343,15029.751447177488,15047.862,-0.6745618865674442,sl,13,0.40284000167947354,-0.6561909416326301,15042.254,NAS100
2023-08-16 06:12:00,-1,15038.934,15047.372733390603,15026.275899914093,15045.404,-0.7667027384945687,sl,6,0.20796959908147022,-0.7033045986036245,15038.944,NAS100
2023-08-16 12:15:00,1,15033.979,15026.996124019008,15044.453313971488,15026.986124019008,-1.001432074696363,sl,8,0.6315449410822299,-1.6096519586767257,15033.944,NAS100
2023-08-17 11:31:00,1,14898.594000000001,14895.27272951302,14903.575905730471,14903.565905730471,1.4969891040072107,tp,5,2.4102222421750303,-0.3838892390727019,14898.559000000001,NAS100
2023-08-17 13:32:00,-1,14921.314,14935.686875168076,14899.754687247887,14903.944,1.2085264636947757,tp,5,0.9201360093473293,0.0,14921.324,NAS100
2023-08-18 04:08:00,1,14702.639,14697.897977740584,14709.750533389122,14697.887977740584,-1.0021092497467943,sl,45,1.3246088409580916,-1.2718775972889997,14702.604,NAS100
2023-08-18 07:14:00,1,14701.114000000001,14691.173112509794,14716.025331235312,14691.163112509794,-1.0010059464016738,sl,15,1.3665781866439488,-1.5878863950076116,14701.079000000002,NAS100
2023-08-21 04:22:00,1,14705.249,14703.521520100376,14707.840219849437,14703.511520100375,-1.0057887793672124,sl,3,1.3661519306326735,-1.1288119765811717,14705.214,NAS100
2023-08-21 15:38:00,1,14763.889,14748.958961844475,14786.284057233286,14748.948961844475,-1.000669790652646,sl,4,0.5224367090525581,-1.013393257431241,14763.854,NAS100
2023-08-22 01:53:00,1,14899.728,14893.778984327435,14908.651523508845,14908.641523508844,1.4983190496459362,tp,4,1.5264710163531898,-0.3225743729084384,14899.693,NAS100
2023-08-22 09:24:00,-1,15001.899,15004.668242965985,14997.74513555102,15001.964,-0.023472118842189273,tp,3,0.0,0.0,15001.909,NAS100
2023-08-22 14:54:00,-1,14982.124,15006.826774905141,14945.069837642288,14951.824,1.226582848135538,tp,58,1.2126168058053082,-0.48719223027430286,14982.134,NAS100
2023-08-22 18:01:00,1,14888.734,14880.102570735735,14901.6811438964,14901.6711438964,1.4988414433237947,tp,2,1.8623798571286516,-0.12338628602445395,14888.699,NAS100
2023-08-23 16:03:00,1,15130.284,15119.111838968252,15147.04224154762,15119.101838968252,-1.0008950819784823,sl,13,0.36832623413737425,-1.1622639490336824,15130.249,NAS100
2023-08-24 04:45:00,-1,15330.838,15334.052530792853,15326.01620381072,15332.624,-0.5556020816384415,sl,8,0.2267827085744988,-0.5447140229277674,15330.848,NAS100
2023-08-24 07:14:00,1,15335.159,15330.652668613058,15341.918497080413,15330.642668613058,-1.0022191000043177,sl,2,0.9408984018100873,-1.0917972021004567,15335.124,NAS100
2023-08-24 18:19:00,1,14926.214,14917.872890731576,14938.725663902635,14938.715663902634,1.4988011186906538,tp,4,1.6011059884512724,-0.10969763979269544,14926.179,NAS100
2023-08-24 22:23:00,1,14806.348999999998,14803.680470030475,14810.351794954284,14810.341794954284,1.4962526184399558,tp,3,1.9748700821010317,-0.37473815599555865,14806.313999999998,NAS100
2023-08-25 01:31:00,1,14817.254,14813.265427143675,14823.23685928449,14813.255427143675,-1.0025071624263697,sl,1,1.355121291422958,-1.8690895888178036,14817.219000000001,NAS100
2023-08-25 05:18:00,1,14801.239,14796.969391208528,14807.643413187208,14796.959391208527,-1.0023421349562966,sl,4,0.24826630536234304,-1.1991730975975217,14801.204,NAS100
2023-08-25 08:57:00,-1,14836.163999999999,14843.35650217093,14825.375246743602,14827.064,1.2652064307714361,tp,8,1.1810910581762395,0.0,14836.173999999999,NAS100
2023-08-25 11:07:00,1,14833.844000000001,14829.381775881962,14840.537336177058,14829.371775881962,-1.0022410349044981,sl,7,1.0925045159186149,-1.036478643308198,14833.809000000001,NAS100
2023-08-25 17:14:00,-1,14842.109,14855.316526068973,14822.297710896542,14852.253999999999,-0.7681226557509115,sl,2,0.0,-0.6768867957037433,14842.119,NAS100
2023-08-28 05:32:00,-1,14947.014000000001,14949.303956041742,14943.579065937389,14949.154,-0.934515755321023,sl,5,0.0,-0.6004482072733908,14947.024000000001,NAS100
2023-08-28 13:37:00,1,15048.704000000002,15023.88213245024,15085.936801324642,15023.87213245024,-1.0004028705729,sl,3,0.2548156373535966,-1.0424276073558756,15048.669000000002,NAS100
2023-08-28 23:59:00,-1,15057.008,15057.984192123364,15055.543711814953,15055.832,1.2046808941123157,tp,1,0.0,0.0,15057.018,NAS100
2023-08-29 04:35:00,1,15071.754,15069.65764612235,15074.898530816477,15069.64764612235,-1.004770186993155,sl,7,0.6320497765787174,-1.7244225979886467,15071.719000000001,NAS100
2023-08-30 00:13:00,-1,15392.704,15395.113330479406,15389.09000428089,15394.584,-0.7802997621416103,sl,8,0.006225795974289159,-0.7657729048677657,15392.714,NAS100
2023-08-30 13:39:00,-1,15374.959,15409.218516825102,15323.56972476235,15404.604,-0.8653070080159039,sl,16,0.030648418229640272,-0.7755509260577969,15374.969000000001,NAS100
2023-08-30 16:44:00,-1,15475.419,15480.707055848834,15467.48691622675,15476.502,-0.20480116529769862,sl,3,0.0,0.0,15475.429,NAS100
2023-08-30 17:46:00,1,15462.028999999999,15454.375573311194,15473.509140033206,15454.365573311194,-1.0013066042711098,sl,6,0.8597456103717316,-1.4647033878820368,15461.993999999999,NAS100
2023-08-30 19:59:00,-1,15461.724,15471.954586330763,15446.378120503856,15471.144,-0.9207683406839134,sl,15,0.10996437189696334,-0.8499024121280571,15461.734,NAS100
2023-08-31 07:07:00,-1,15457.844,15466.102515049364,15445.456227425952,15464.984,-0.8645622072881199,sl,24,0.598775926476017,-0.753767470639766,15457.854,NAS100
2023-08-31 11:00:00,-1,15443.939,15447.502153770292,15438.594269344561,15443.542,0.11141814964901296,tp,2,0.07296906526122444,0.0,15443.949,NAS100
2023-08-31 16:16:00,1,15525.089,15521.561892957921,15530.379660563118,15531.309,1.7634848973377968,tp,1,2.2766533320940763,-0.019846293056775807,15525.054,NAS100
2023-08-31 19:26:00,-1,15541.139000000001,15551.976783946913,15524.882324079634,15549.614,-0.7819864320522082,sl,17,0.0,-0.6818737147924904,15541.149000000001,NAS100
2023-09-01 00:07:00,1,15505.243999999999,15501.769670540138,15510.455494189791,15501.759670540137,-1.0028782532329614,sl,9,1.1959142182695464,-1.6161391902719635,15505.208999999999,NAS100
2023-09-01 03:40:00,1,15511.719000000001,15509.864716680879,15514.500424978683,15509.854716680878,-1.005392919138674,sl,3,0.619107117105839,-1.7095553669223633,15511.684000000001,NAS100
2023-09-01 03:51:00,-1,15511.869,15515.245929053275,15506.80360642009,15515.280929053275,-1.0103644463498322,sl,10,0.0,-0.7403175964196733,15511.879,NAS100
2023-09-01 11:01:00,-1,15532.549,15535.460625554204,15528.181561668696,15528.216561668696,1.4879792235133633,tp,1,0.0,0.0,15532.559000000001,NAS100
2023-09-04 05:00:00,1,15503.399,15502.000666349819,15505.49650047527,15501.990666349819,-1.0071513690591132,sl,4,0.8581642870753803,-1.594755300147136,15503.364,NAS100
2023-09-04 09:01:00,1,15525.269,15520.400650547384,15532.571524178924,15532.561524178924,1.4979459157364217,tp,23,1.533990128006592,-0.7435785033992878,15525.234,NAS100
2023-09-04 11:26:00,1,15527.938,15525.05845006871,15532.257324896937,15525.048450068709,-1.0034727649246682,sl,1,0.21565870181691096,-1.1769200329441238,15527.903,NAS100
2023-09-04 16:30:00,-1,15498.288999999999,15502.814689334056,15491.500465998914,15500.923999999999,-0.5822317453765294,sl,5,0.0,-0.5656596843129238,15498.298999999999,NAS100
2023-09-05 02:06:00,1,15470.004,15466.357055119974,15475.474417320042,15466.347055119973,-1.0027420211517273,sl,2,0.07814760282248434,-1.1694720211865353,15469.969000000001,NAS100
2023-09-05 02:12:00,1,15470.669,15465.348780853106,15478.649328720341,15478.639328720341,1.4981203781793184,tp,7,1.5864008167649521,-0.2612674330926809,15470.634,NAS100
2023-09-05 10:56:00,1,15456.239,15451.227188430943,15463.756717353584,15451.217188430943,-1.0019952865071702,sl,2,0.7921287433295235,-1.063487708298505,15456.204,NAS100
2023-09-06 05:46:00,1,15480.139,15476.724740775775,15485.260388836336,15485.250388836335,1.4970711069829532,tp,12,2.1234474373126484,-0.4715517757338948,15480.104,NAS100
2023-09-06 08:51:00,-1,15447.144,15453.46931739596,15437.65602390606,15446.314,0.1312187117329528,sl,1,0.0,0.0,15447.154,NAS100
2023-09-06 13:31:00,-1,15463.864,15477.08960482456,15444.025592763159,15460.184,0.27824814432429873,tp,3,0.1387460176181535,0.0,15463.874,NAS100
2023-09-06 16:15:00,-1,15350.394,15365.60992652621,15327.570110210687,15329.304,1.3860477022988587,tp,7,1.2490202267515904,0.0,15350.404,NAS100
2023-09-06 19:55:00,-1,15356.194,15361.26278156195,15348.590827657074,15354.132,0.40680387876216156,sl,1,0.0,0.0,15356.204,NAS100
2023-09-07 03:06:00,1,15354.444,15350.898335766327,15359.762496350508,15359.752496350507,1.4971796539826723,tp,6,1.5920853267468233,-0.314468580925106,15354.409,NAS100
2023-09-07 05:07:00,-1,15337.439,15339.325840276326,15334.608739585512,15335.734,0.903627096258661,tp,9,0.8119394202165909,0.0,15337.449,NAS100
2023-09-07 07:12:00,-1,15308.774,15320.132127077366,15291.73680938395,15295.423999999999,1.1753698395048768,tp,17,1.1458755401614136,-0.2143839370184147,15308.784,NAS100
2023-09-07 17:44:00,-1,15252.294,15258.84614810847,15242.465777837293,15255.902,-0.5506591029796375,sl,3,0.0,-0.4296300928181499,15252.304,NAS100
2023-09-07 19:55:00,1,15258.194,15250.784242601638,15269.308636097543,15250.774242601638,-1.001349571850008,sl,2,1.4916817657813755,-1.2409313160553204,15258.159,NAS100
2023-09-08 05:15:00,1,15264.604,15262.520732021298,15267.728901968052,15267.718901968052,1.4951998494181002,tp,3,3.5785122587280687,-0.37681182067083036,15264.569,NAS100
2023-09-08 07:05:00,-1,15309.639,15312.557469833293,15305.261295250059,15308.444,0.40946114514092213,sl,2,0.0,0.0,15309.649,NAS100
2023-09-08 18:41:00,-1,15281.108999999999,15283.836394809958,15277.017907785059,15277.052907785059,1.4871672411082026,tp,1,0.0,0.0,15281.118999999999,NAS100
2023-09-11 03:20:00,1,15307.379,15305.97110785999,15309.490838210017,15305.96110785999,-1.0071028168394658,sl,2,0.2755892933645556,-1.505797169934455,15307.344000000001,NAS100
2023-09-11 19:20:00,-1,15462.518999999998,15466.489978866155,15456.562531700763,15461.114,0.3538170429395099,sl,2,0.0,0.0,15462.528999999999,NAS100
2023-09-12 01:50:00,1,15430.729,15427.074757382652,15436.21036392602,15436.20036392602,1.4972634548257013,tp,9,1.8964258057476413,-0.3064930595144787,15430.694,NAS100
2023-09-12 06:37:00,-1,15457.499,15463.370950372107,15448.691074441838,15461.202,-0.6306252208106394,sl,16,0.2912149952972678,-0.5483697572266026,15457.509,NAS100
2023-09-12 08:54:00,1,15410.819,15408.616180100524,15414.123229849214,15414.113229849214,1.4954603642350932,tp,3,1.9475037432800373,-0.7263417224354625,15410.784,NAS100
2023-09-12 16:23:00,-1,15360.439,15369.422775973313,15346.963336040031,15351.834,0.9578377761824913,tp,11,0.9617336881134907,-0.20036118502357642,15360.449,NAS100
2023-09-13 01:30:00,1,15295.469000000001,15293.346387479362,15298.652918780961,15293.336387479361,-1.0047111754514695,sl,1,2.6476806036675606,-1.2814397227722691,15295.434000000001,NAS100
2023-09-13 02:10:00,1,15282.394,15278.143249747764,15288.770125378356,15278.133249747763,-1.0023525258852732,sl,3,0.7281067614760005,-2.2548960609853412,15282.359,NAS100
2023-09-13 08:26:00,1,15291.829,15285.0316160966,15302.025075855101,15285.0216160966,-1.0014711542179067,sl,14,1.11660605136682,-1.6185638705056618,15291.794,NAS100
2023-09-13 12:30:00,-1,15303.189,15307.799280128951,15296.273579806573,15285.072,3.929696134131306,sl,1,0.0,0.0,15303.199,NAS100
2023-09-13 15:59:00,-1,15379.969,15388.964454028937,15366.475818956591,15370.324,1.0722082475182306,tp,4,0.9137948983515207,0.0,15379.979,NAS100
2023-09-14 01:27:00,-1,15391.224,15395.022293888314,15385.526559167529,15388.324,0.7635006888018164,tp,12,0.7727153522873184,0.0,15391.234,NAS100
2023-09-14 13:30:00,-1,15431.889000000001,15438.489805232142,15421.98779215179,15422.022792151789,1.494697616613587,tp,1,0.0,0.0,15431.899000000001,NAS100
2023-09-14 17:28:00,-1,15493.959,15504.44962618522,15478.223060722172,15502.434,-0.807864073160794,sl,4,0.004766159723767355,-0.5633600793369905,15493.969000000001,NAS100
2023-09-14 17:50:00,1,15489.634,15482.757868266988,15499.948197599519,15482.747868266988,-1.0014543060529526,sl,8,1.3474145580310588,-1.1569004650985049,15489.599,NAS100
2023-09-15 00:07:00,-1,15486.009,15488.6110199759,15482.10597003615,15486.324,-0.12105979312918147,sl,3,0.0,-0.05764752053747244,15486.019,NAS100
2023-09-15 02:54:00,1,15500.349,15498.19608079269,15503.578378810966,15503.568378810965,1.495355143859434,tp,20,1.5188679579321906,-0.571317305276967,15500.314,NAS100
2023-09-15 06:00:00,1,15509.319,15506.88220546662,15512.97419180007,15506.87220546662,-1.0041037518195466,sl,1,1.8261695596586784,-2.363761048007341,15509.284,NAS100
2023-09-15 06:51:00,-1,15506.469,15513.237541987455,15496.316187018816,15501.264,0.7689987015883496,tp,22,0.7741696822906514,0.0,15506.479,NAS100
2023-09-15 12:24:00,1,15452.934,15449.291114084126,15458.398328873809,15449.281114084126,-1.0027450763573587,sl,7,0.8792479572431476,-2.5872344667538445,15452.899,NAS100
2023-09-15 18:57:00,-1,15188.909,15199.909931055801,15172.407603416297,15177.054,1.0776360600630723,tp,6,0.9717359326929749,0.0,15188.919,NAS100
2023-09-18 05:15:00,1,15222.104,15221.062217375422,15223.666673936867,15223.656673936866,1.4904010685498197,tp,1,1.6174199494684522,-0.46554817536474125,15222.069,NAS100
2023-09-18 06:10:00,-1,15227.064,15227.86325895862,15225.86511156207,15222.814,5.317425540455681,sl,1,0.0,0.0,15227.074,NAS100
2023-09-18 13:25:00,1,15171.504,15162.516821658513,15184.984767512233,15162.399,-1.0131099722334544,sl,4,0.2776177244064858,-1.0531670386807621,15171.469000000001,NAS100
2023-09-18 18:16:00,1,15255.833999999999,15244.972503541972,15272.126244687039,15244.962503541972,-1.0009206834471531,sl,9,0.3540027854227907,-1.1513146506398892,15255.798999999999,NAS100
2023-09-20 04:54:00,-1,15162.349,15164.723381138667,15158.787428292,15163.923999999999,-0.663330740945559,sl,2,0.0,-0.4085275039474309,15162.359,NAS100
2023-09-20 07:12:00,-1,15187.529,15191.391331326375,15181.735503010439,15188.894,-0.35341349165949654,tp,2,0.0,0.0,15187.539,NAS100
2023-09-20 07:45:00,-1,15197.828,15203.021738364103,15190.037392453843,15201.423999999999,-0.6923721889522486,sl,3,0.0,-0.2735986875699277,15197.838,NAS100
2023-09-20 12:16:00,-1,15220.399,15224.798686207201,15213.799470689197,15220.734,-0.07614179380624748,sl,3,0.0,-0.05227645544923205,15220.409,NAS100
2023-09-20 12:36:00,1,15218.654,15215.310178263497,15223.669732604756,15215.300178263496,-1.00299059004583,sl,5,0.9136252589812281,-1.3502514056631694,15218.619,NAS100
2023-09-20 14:02:00,-1,15234.034000000001,15249.818477446013,15210.357283830985,15214.794,1.218919033956546,tp,3,0.8327801819833791,0.0,15234.044000000002,NAS100
2023-09-20 16:50:00,-1,15187.609,15193.886777926951,15178.192333109575,15193.054,-0.867345112133387,sl,5,0.0669026532775216,-0.12743362529037935,15187.619,NAS100
2023-09-20 23:06:00,-1,14947.054,14949.658102050034,14943.147846924949,14947.644,-0.22656562172453298,sl,19,1.0541061553116458,-0.30144747975200265,14947.064,NAS100
2023-09-21 01:34:00,-1,14928.448999999999,14934.74396995899,14919.006545061511,14921.762,1.0622767135602276,tp,24,1.0678367083223728,-0.13820558408830771,14928.458999999999,NAS100
2023-09-21 09:33:00,1,14881.548999999999,14875.979568819594,14889.903146770608,14875.969568819593,-1.0017955154981357,sl,14,1.0862868763485936,-2.03431905934335,14881.514,NAS100
2023-09-21 15:37:00,1,14785.188999999998,14774.353090533272,14801.44286420009,14801.43286420009,1.499077142529659,tp,11,1.8189520741681677,-0.6801459556883257,14785.153999999999,NAS100
2023-09-22 03:04:00,-1,14713.409,14719.535522572836,14704.219216140744,14716.624,-0.5247675107335121,sl,10,0.0,-0.48314520428355273,14713.419,NAS100
2023-09-22 07:04:00,-1,14740.614,14743.956682100787,14735.599976848818,14735.634976848818,1.4895293662563052,tp,1,0.0,0.0,14740.624,NAS100
2023-09-22 11:47:00,-1,14750.669,14755.39204109888,14743.584438351681,14754.844,-0.8839643595288027,sl,2,0.0,-0.4001659016788536,14750.679,NAS100
2023-09-24 23:28:00,-1,14733.104000000001,14735.432662105413,14729.611006841882,14730.844,0.970514354465368,tp,2,0.9597785762073926,0.0,14733.114000000001,NAS100
2023-09-26 02:19:00,-1,14699.357999999998,14701.526090097972,14696.105864853038,14696.834,1.164158261852975,tp,7,0.7559648934936274,0.0,14699.367999999999,NAS100
2023-09-26 05:11:00,-1,14711.278,14713.87864389418,14707.37703415873,14712.714,-0.5521709462849228,sl,6,0.0,-0.39259508088954015,14711.288,NAS100
2023-09-26 18:26:00,1,14553.534,14542.537755800207,14570.028366299688,14542.527755800207,-1.0009094014118392,sl,4,0.6506767101567114,-1.0362629087680406,14553.499,NAS100
2023-09-27 03:32:00,-1,14579.858999999999,14582.58362967233,14575.772055491501,14577.804,0.7542309403978489,sl,1,0.0,0.0,14579.868999999999,NAS100
2023-09-27 03:54:00,-1,14578.154,14583.128306397633,14570.69254040355,14582.794,-0.9327933643587708,sl,41,0.7146725022189909,-0.8493646475035863,14578.164,NAS100
2023-09-27 12:11:00,-1,14600.059,14607.14196335252,14589.434554971218,14592.304,1.0948807178621254,tp,12,0.9826395610986747,0.0,14600.069,NAS100
2023-09-27 13:22:00,1,14604.044,14593.386613249028,14620.030080126458,14593.376613249027,-1.0009383163278096,sl,7,0.45367594448609155,-1.0072825778815935,14604.009,NAS100
2023-09-28 10:36:00,-1,14577.949,14586.265352715742,14565.474470926389,14568.084,1.1862171239234796,tp,17,1.190425699629222,-0.323459104242542,14577.959,NAS100
2023-09-28 13:35:00,1,14540.699,14522.912409126831,14567.378886309754,14522.902409126831,-1.0005622212863345,sl,3,0.8877474111027109,-1.6596772372231783,14540.664,NAS100
2023-09-29 04:18:00,-1,14728.544,14730.583832024411,14725.484251963382,14726.314,1.0932272723011238,tp,7,0.9486075210325254,0.0,14728.554,NAS100
2023-09-29 04:45:00,1,14726.144,14724.151034191493,14729.13344871276,14724.141034191493,-1.0050176475469528,sl,1,0.775226545987306,-2.2805208100402568,14726.109,NAS100
2023-09-29 09:25:00,-1,14802.584,14808.405329555162,14793.852005667259,14796.744,1.0032072475302891,tp,8,1.0092196197329284,-0.2963240585596311,14802.594000000001,NAS100
2023-09-29 14:52:00,1,14844.699,14828.244444286873,14869.380833569692,14869.370833569692,1.4993922655722487,tp,3,1.5874023252514755,-0.3330384664004831,14844.664,NAS100
2023-09-29 16:01:00,1,14775.519,14753.800841511924,14808.096237732116,14808.086237732115,1.4995395558051205,tp,22,1.5830071421052754,-0.7113862811381101,14775.484,NAS100
2023-09-29 18:40:00,-1,14690.288999999999,14700.719640433515,14674.643039349725,14692.351999999999,-0.1977826781729623,sl,3,0.0,-0.0747796844280332,14690.298999999999,NAS100
2023-09-29 19:55:00,1,14721.649000000001,14703.480656528876,14748.90151520669,14703.470656528876,-1.000550407912318,sl,1,0.7287400758930173,-1.4228044533110014,14721.614000000001,NAS100
2023-10-02 01:52:00,-1,14839.038999999999,14841.728829127536,14835.004256308694,14836.122,1.0844555031902665,tp,7,1.066982274307691,0.0,14839.048999999999,NAS100
2023-10-02 04:32:00,1,14827.438999999998,14825.438877299317,14830.439184051022,14825.428877299317,-1.0049996932672236,sl,1,1.0249371197590222,-1.15492914470229,14827.403999999999,NAS100
2023-10-02 10:58:00,1,14739.359,14732.728266343562,14749.305100484658,14749.295100484658,1.4984918712591466,tp,23,2.1324940395198912,-0.7616050141144429,14739.324,NAS100
2023-10-02 12:51:00,-1,14717.044,14721.255451468212,14710.726822797682,14710.761822797682,1.491689326051852,tp,1,0.0,0.0,14717.054,NAS100
2023-10-02 18:07:00,-1,14771.864,14777.444878554365,14763.492682168453,14767.344,0.8099083246427589,tp,1,0.0,0.0,14771.874,NAS100
2023-10-03 03:14:00,-1,14828.123000000001,14832.148931880994,14822.084102178513,14825.902,0.5516735170028534,tp,10,0.8634025867181676,0.0,14828.133000000002,NAS100
2023-10-03 05:50:00,1,14797.689,14790.573072826197,14808.362890760705,14808.352890760705,1.498594701750598,tp,11,1.9688228473693166,-0.4876384925320281,14797.654,NAS100
2023-10-04 02:32:00,-1,14532.329,14536.127381244069,14526.631428133896,14531.274,0.2777498971825589,tp,3,0.2738008465113923,0.0,14532.339,NAS100
2023-10-04 05:34:00,1,14518.383999999998,14515.626449225192,14522.520326162208,14522.510326162208,1.4963735935197742,tp,1,1.6365972446400454,-0.20851837262700815,14518.348999999998,NAS100
2023-10-04 09:57:00,-1,14552.749,14559.035603552467,14543.319094671298,14555.423999999999,-0.4255079833926067,sl,7,0.0,0.0,14552.759,NAS100
2023-10-04 17:56:00,-1,14685.464,14699.60164589229,14664.257531161566,14668.224,1.2194392285212183,tp,6,0.9418116779443648,0.0,14685.474,NAS100
2023-10-05 00:01:00,-1,14765.838999999998,14770.846027659174,14758.328458511234,14762.024,0.7619290844154355,tp,1,0.0,0.0,14765.848999999998,NAS100
2023-10-05 05:39:00,-1,14779.619,14784.057462734372,14772.961305898443,14775.634,0.8978333802693982,tp,6,0.9057189933959462,-0.16897742414101638,14779.629,NAS100
2023-10-05 17:13:00,-1,14662.413999999999,14671.475532467011,14648.82170129948,14663.414,-0.11035660950752053,sl,6,0.10781840748853581,-0.03255519980486811,14662.423999999999,NAS100
2023-10-05 23:18:00,1,14718.394,14716.991454632569,14720.497818051146,14716.981454632569,-1.0071298941427709,sl,1,0.13903293578078874,-2.292260966850888,14718.474,NAS100
2023-10-05 23:49:00,1,14716.188999999998,14713.643517179267,14720.007224231096,14713.633517179267,-1.0039285277900032,sl,3,0.7503488078748936,-1.0332028087479794,14716.153999999999,NAS100
2023-10-06 08:03:00,1,14744.249,14732.922998533208,14761.238002200189,14732.912998533207,-1.0008829241307746,sl,22,0.9959384194919654,-1.0144798262377483,14744.214,NAS100
2023-10-06 14:21:00,1,14617.054,14576.04152620028,14678.57271069958,14678.56271069958,1.4997561717430619,tp,4,1.7642193531982129,-0.1744591178513502,14617.019,NAS100
2023-10-06 17:55:00,-1,14952.688,14960.660825184212,14940.728762223684,14958.054,-0.6730362043590445,sl,15,0.037502390067825624,-0.54572875981487,14952.698,NAS100
2023-10-09 02:04:00,1,14863.354,14858.165159038344,14871.137261442482,14871.127261442482,1.4980727873384216,tp,5,1.7412366396980927,-0.2360835510379263,14863.319,NAS100
2023-10-09 07:52:00,-1,14866.829,14873.429120979603,14856.928818530596,14861.824,0.7583194331538041,tp,3,0.4863547213633243,0.0,14866.839,NAS100
2023-10-09 08:10:00,-1,14863.134,14874.90767793879,14845.473483091813,14854.734,0.7134559008382823,tp,15,0.6884000090826449,0.0,14863.144,NAS100
2023-10-09 13:00:00,-1,14871.444,14878.77142912342,14860.452856314867,14849.292,3.0231612789258224,sl,1,0.0,0.0,14871.454,NAS100
2023-10-09 18:40:00,-1,15050.393999999998,15057.638063973991,15039.527904039009,15055.812,-0.7479227156818419,sl,4,0.0,-0.39963755295312403,15050.403999999999,NAS100
2023-10-09 19:01:00,-1,15051.358999999999,15070.425542165436,15022.759186751842,15048.752,0.1367316620589931,time,60,0.8942366084032932,-0.5344440492452803,15051.368999999999,NAS100
2023-10-10 04:01:00,1,15072.149,15070.433792204556,15074.721811693165,15070.423792204556,-1.0058301973829553,sl,3,0.5177215275956104,-1.218511253011138,15072.114,NAS100
2023-10-10 05:40:00,-1,15072.787999999999,15075.136349054668,15069.265476417993,15073.834,-0.44541930337066654,sl,3,0.0,-0.41348197282281074,15072.797999999999,NAS100
2023-10-10 08:14:00,1,15070.243999999999,15056.25351799133,15091.229723013003,15091.219723013002,1.49928522834359,tp,13,1.5356869039028394,-0.677246144495079,15070.208999999999,NAS100
2023-10-10 09:32:00,-1,15078.084,15085.244299141417,15067.343551287875,15082.784,-0.6563971570423932,sl,12,0.07751072811889444,-0.5760932495320215,15078.094000000001,NAS100
2023-10-10 19:21:00,-1,15141.899,15160.808549200197,15113.534676199703,15141.114,0.0415134169349546,time,60,0.7203767713223325,-0.46854633636151605,15141.909,NAS100
2023-10-11 00:17:00,1,15149.344,15146.472840549673,15153.650739175488,15146.462840549673,-1.0034829134965264,sl,1,1.2381757479881794,-1.1336883430942906,15149.309,NAS100
2023-10-11 03:19:00,-1,15154.598,15157.248854340647,15150.62171848903,15156.704,-0.7944608527549833,sl,12,0.0,-0.5435983327733257,15154.608,NAS100
2023-10-11 04:27:00,1,15159.298999999999,15156.308962389927,15163.784056415108,15156.298962389927,-1.003344439536992,sl,4,0.2708996024908654,-1.765864075492767,15159.264,NAS100
2023-10-11 07:18:00,1,15154.099,15148.628199569224,15162.305200646164,15164.039,1.8169187719009607,tp,1,1.9083130763225336,-0.19558381146211262,15154.064,NAS100
2023-10-11 11:40:00,1,15194.109,15190.469163217955,15199.56875517307,15190.459163217954,-1.0027473759399173,sl,1,0.3956221353395946,-2.4726383458715917,15194.074,NAS100
2023-10-11 12:24:00,1,15193.902,15184.522972958493,15207.970540562259,15184.512972958493,-1.0010662086755868,sl,4,0.29501994052843244,-1.0302774431971666,15193.867,NAS100
2023-10-11 13:03:00,-1,15188.709,15196.088771600298,15177.639342599556,15194.894,-0.8381018187270604,sl,3,0.0,-0.7601861282228228,15188.719000000001,NAS100
2023-10-12 01:20:00,1,15289.819,15284.865406781293,15297.249389828059,15284.855406781293,-1.0020187366137483,sl,50,1.368703424091663,-1.0053308336246645,15289.784,NAS100
2023-10-12 03:39:00,1,15286.938999999998,15284.325469921168,15290.859295118244,15290.849295118243,1.4961737574473624,tp,6,1.511365808259189,-0.16070218720660842,15286.903999999999,NAS100
2023-10-12 10:12:00,1,15307.169,15300.647160733988,15316.951758899017,15305.679,-0.22846315881546594,time,60,1.2159146640315281,-0.9905181247972663,15307.134,NAS100
2023-10-13 01:06:00,1,15202.184000000001,15195.237428694018,15212.603856958976,15195.227428694017,-1.0014395591090535,sl,7,0.5664665094001157,-1.2171472266784211,15202.149000000001,NAS100
2023-10-13 06:06:00,-1,15188.393999999998,15192.742680717112,15181.870978924328,15183.152,1.2054230560935155,tp,4,1.0129508893727934,0.0,15188.403999999999,NAS100
2023-10-13 14:01:00,-1,15191.697999999999,15232.699531469583,15130.195702795621,15138.364,1.300780680340258,tp,48,1.2789522274039484,0.0,15191.707999999999,NAS100
2023-10-16 03:29:00,1,15034.809,15030.248009720412,15041.65048541938,15030.238009720411,-1.002192506317098,sl,3,0.45823382026349535,-1.4667867261062058,15034.774,NAS100
2023-10-16 06:00:00,-1,15036.279,15040.210665752531,15030.381501371205,15032.932,0.8512931186598266,tp,1,0.0,0.0,15036.289,NAS100
2023-10-17 05:39:00,1,15145.644,15143.751196896033,15148.48320465595,15148.47320465595,1.4947168303030725,tp,3,1.6615568694965552,-0.46756051812547217,15145.609,NAS100
2023-10-18 03:11:00,1,15097.323,15092.752645510409,15104.178531734387,15092.742645510409,-1.0021880140857766,sl,7,0.8612023441428006,-1.1539586288132606,15097.288,NAS100
2023-10-18 05:34:00,-1,15093.929,15095.23497010063,15091.970044849055,15092.005044849055,1.4731999990029843,tp,1,0.0,0.0,15093.939,NAS100
2023-10-18 12:09:00,-1,15043.669,15048.772328133677,15036.014007799484,15047.604,-0.7710654492374296,sl,8,0.11365132415697864,-0.4016986457271599,15043.679,NAS100
2023-10-18 13:43:00,1,15017.599,15007.353317720064,15032.967523419904,15032.957523419904,1.4990239791038806,tp,2,1.84370347272936,-0.09857811050593507,15017.564,NAS100
2023-10-18 15:50:00,-1,15019.314,15031.089859345426,15001.650210981861,15019.824,-0.04330894120252341,sl,6,0.02165447060133894,-0.05901904732495742,15019.324,NAS100
2023-10-18 18:16:00,1,14963.999,14947.36856860574,14988.94464709139,14988.93464709139,1.4993986926879317,tp,15,2.1689154745828843,-0.12988237940390218,14963.964,NAS100
2023-10-19 19:50:00,-1,14794.374,14809.115711543785,14772.261432684321,14779.874,0.9836035630552319,tp,11,0.8869390749617989,-0.4419432560899492,14794.384,NAS100
2023-10-19 23:55:00,1,14731.324,14728.830891122872,14735.063663315694,14735.053663315693,1.495988943727629,tp,3,1.5943948683778224,-0.8483384016650157,14731.289,NAS100
2023-10-20 02:31:00,-1,14734.439,14739.438106037429,14726.940340943856,14739.334,-0.9791750691726159,sl,4,0.0,-0.5861047911492939,14734.449,NAS100
2023-10-23 03:53:00,1,14592.234,14590.62537543593,14594.646936846108,14590.61537543593,-1.006216490922476,sl,5,0.9790973202679121,-1.2091074843949992,14592.199,NAS100
2023-10-23 20:04:00,-1,14629.573999999999,14638.986031671728,14615.455952492404,14635.384,-0.6172949903529189,sl,4,0.0,-0.5891395389857713,14629.583999999999,NAS100
2023-10-24 19:10:00,-1,14730.349,14741.864483497191,14713.075774754214,14733.854,-0.30437280387351706,sl,4,0.0,-0.20667825198827175,14730.359,NAS100
2023-10-26 04:30:00,-1,14229.904,14234.400773798168,14223.158839302749,14232.302,-0.5332712090112829,sl,2,0.0,-0.4881277330191774,14229.914,NAS100
2023-10-26 05:13:00,1,14232.739000000001,14226.85091545184,14241.571126822244,14226.84091545184,-1.0016983451780326,sl,13,0.36684255844668484,-1.47756030485617,14232.704000000002,NAS100
2023-10-26 13:42:00,-1,14322.009,14358.668247042382,14267.020129436427,14276.834,1.2322948135779246,tp,9,1.1514148108715874,-0.020731467810061025,14322.019,NAS100
2023-10-26 14:35:00,1,14197.054,14181.133425240656,14220.934862139016,14181.123425240656,-1.0006281180266026,sl,5,1.1956226636119254,-1.063089760001635,14197.019,NAS100
2023-10-26 16:03:00,-1,14183.819,14197.768210261274,14162.895184608087,14174.084,0.6978889713222414,tp,2,0.6122210390438663,0.0,14183.829,NAS100
2023-10-27 04:10:00,1,14220.583999999999,14216.747372229845,14226.338941655229,14216.737372229845,-1.0026064556165735,sl,8,0.47046523878132407,-1.0256402850991535,14220.548999999999,NAS100
2023-10-27 10:25:00,1,14240.324,14238.085599473343,14243.681600789987,14238.075599473343,-1.004467475718097,sl,6,1.4496958704903378,-2.50402013993926,14240.289,NAS100
2023-10-27 19:51:00,-1,14161.889,14183.667955457591,14129.220566813612,14167.082,-0.2384411874165834,sl,9,0.2006524145984983,-0.21947792718104733,14161.899,NAS100
2023-10-30 05:00:00,-1,14254.099,14255.919108602353,14251.36883709647,14253.564,0.2939385041685333,tp,2,0.0,0.0,14254.109,NAS100
2023-10-30 05:17:00,1,14251.349,14248.221747777516,14256.039878333726,14256.029878333726,1.4968023046145018,tp,10,2.0657112187986404,-0.22383867695986792,14251.314,NAS100
2023-10-30 07:07:00,1,14273.618999999999,14269.087955209816,14280.415567185273,14281.589,1.7589762116828227,tp,1,1.8494630682436253,-0.12800579708564122,14273.583999999999,NAS100
2023-10-30 12:34:00,-1,14287.744,14291.904635415603,14281.503046876596,14287.253999999999,0.11777047278981519,tp,2,0.12618264941759666,0.0,14287.754,NAS100
2023-10-31 20:00:00,1,14399.033,14390.126771944351,14412.392342083473,14390.116771944351,-1.0011228097840899,sl,4,0.9921147252003631,-1.6521023162739006,14398.998,NAS100
2023-11-01 00:26:00,1,14374.423999999999,14369.754918883897,14381.427621674153,14369.744918883896,-1.002141749040455,sl,7,0.31804973250072666,-1.5474136816945365,14374.389,NAS100
2023-11-01 18:02:00,-1,14528.954,14553.492430137234,14492.14635479415,14495.314,1.3709108452278163,tp,15,0.9273209358846136,0.0,14528.964,NAS100
2023-11-02 00:14:00,-1,14707.444000000001,14710.296322508042,14703.16551623794,14705.851999999999,0.5581416531666733,tp,10,0.5704123553404944,-0.05083576614841423,14707.454000000002,NAS100
2023-11-02 03:30:00,1,14725.333999999999,14723.391879321458,14728.24718101781,14723.381879321458,-1.005149010620561,sl,8,1.1611018949116556,-1.609065818889212,14725.298999999999,NAS100
2023-11-02 07:54:00,-1,14728.274,14730.21327991338,14725.36508012993,14728.064,0.1082876167335171,sl,1,0.0,0.0,14728.284,NAS100
2023-11-02 16:14:00,1,14860.109,14846.49099266843,14880.536010997355,14846.48099266843,-1.0007343218252671,sl,4,0.36569226897496737,-1.170508989450136,14860.074,NAS100
2023-11-02 18:31:00,-1,14911.849,14918.07444573915,14902.510831391275,14913.753999999999,-0.30600218519596833,sl,7,0.0,-0.3003800978039364,14911.859,NAS100
2023-11-03 08:35:00,-1,14870.638,14874.51054749412,14864.829178758824,14866.622,1.037043446491207,tp,6,0.8338180499801118,0.0,14870.648000000001,NAS100
2023-11-03 15:09:00,1,15019.197,14992.217993647515,15059.665509528728,15059.655509528728,1.4996293414268278,tp,26,1.5156970373830347,-0.41432215308293696,15019.162,NAS100
2023-11-03 18:28:00,-1,15118.502999999999,15123.980590471916,15110.286614292123,15122.134,-0.6628827070254372,sl,2,0.0,-0.5743401256683415,15118.512999999999,NAS100
2023-11-06 03:31:00,1,15101.798999999999,15100.52235277638,15103.71397083543,15100.512352776379,-1.007833017465752,sl,1,1.582269528047708,-1.112288480111137,15101.764,NAS100
2023-11-06 10:56:00,1,15132.684,15127.437331272768,15140.554003090847,15140.544003090847,1.4980940287027622,tp,49,1.7563525503662194,-0.8510161841980793,15132.649,NAS100
2023-11-07 00:18:00,-1,15135.249,15137.587358616622,15131.741462075068,15134.604,0.2758345086230735,sl,2,0.0,0.0,15135.259,NAS100
2023-11-08 05:07:00,-1,15284.094,15285.78575667374,15281.556364989388,15284.204,-0.06502117101588296,sl,2,0.0,0.0,15284.104,NAS100
2023-11-08 05:40:00,1,15280.954,15279.806739640926,15282.67489053861,15282.66489053861,1.4912835827359254,tp,1,1.7720476297471814,-0.10895521579855284,15280.919,NAS100
2023-11-09 09:03:00,1,15293.368999999999,15290.240481525285,15298.06177771207,15300.239,2.195927578988963,tp,1,2.5341068189557805,-0.1214632430879114,15293.333999999999,NAS100
2023-11-09 11:49:00,1,15298.734,15296.6385026344,15301.877246048402,15301.867246048401,1.4952278632441272,tp,1,1.5046547190940165,-0.050107435935363924,15298.699,NAS100
2023-11-09 14:31:00,1,15325.324,15320.456472394273,15332.625291408593,15320.446472394273,-1.0020544310808739,sl,1,2.1520165571685315,-1.0446782046017793,15325.289,NAS100
2023-11-10 00:01:00,-1,15162.334,15164.07508730313,15159.722369045307,15159.757369045306,1.4798976191848938,tp,1,0.0,0.0,15162.344000000001,NAS100
2023-11-10 07:03:00,-1,15179.883,15182.323813945273,15176.22177908209,15178.844,0.4256776728159249,tp,2,0.24336144143612223,0.0,15179.893,NAS100
2023-11-10 10:37:00,1,15156.173999999999,15146.790387892483,15170.249418161275,15146.780387892482,-1.0010656876995383,sl,56,1.0992568620497425,-1.006542032191855,15156.139,NAS100
2023-11-10 14:31:00,-1,15251.584,15262.663775254638,15234.964337118046,15255.444,-0.34838251781175505,sl,6,0.0,-0.10243890096267126,15251.594000000001,NAS100
2023-11-10 14:37:00,1,15252.194,15243.173351117188,15265.724973324217,15265.714973324217,1.4988914322982605,tp,1,2.038101719603765,-0.01939993477993863,15252.159,NAS100
2023-11-10 16:30:00,-1,15369.064,15379.407319415188,15353.549020877219,15356.604,1.2046422913040222,tp,5,1.1181130095449898,0.0,15369.074,NAS100
2023-11-13 00:45:00,1,15485.083999999999,15481.38921929933,15490.626171051003,15481.37921929933,-1.00270652057872,sl,2,0.7375268576851952,-1.284244014574324,15485.048999999999,NAS100
2023-11-13 13:35:00,1,15490.889,15485.796652091658,15498.52752186251,15485.786652091658,-1.0019637307152243,sl,2,0.7658549789210719,-3.7075235902625208,15490.854,NAS100
2023-11-13 18:22:00,1,15486.294,15477.708513708163,15499.172229437754,15477.698513708163,-1.001164756387734,sl,1,0.6761410830647735,-1.5636854504984732,15486.259,NAS100
2023-11-14 08:09:00,1,15519.329,15514.308956106883,15526.859065839675,15514.298956106883,-1.0019920144550787,sl,2,0.053784390286036446,-1.1254881670947963,15519.294,NAS100
2023-11-14 15:57:00,1,15801.889,15787.94377486005,15822.806837709923,15822.796837709922,1.4992829086730504,tp,17,1.7367951938343489,-0.26747506494636875,15801.854,NAS100
2023-11-14 18:27:00,-1,15814.169,15817.486085448281,15809.193371827578,15809.228371827578,1.4894485684660346,tp,1,0.0,0.0,15814.179,NAS100
2023-11-15 00:50:00,-1,15829.454,15832.074421317106,15825.52336802434,15830.244,-0.3014782374283963,sl,2,0.0,-0.13929057805212308,15829.464,NAS100
2023-11-15 02:14:00,-1,15838.124,15842.505622216664,15831.551566675003,15841.552,-0.7823586403598329,sl,22,0.0,-0.6766900141969362,15838.134,NAS100
2023-11-15 14:36:00,1,15884.144,15864.368935339699,15913.806596990453,15864.109,-1.0131446012523009,sl,7,0.9433597472604179,-1.024269722903246,15884.109,NAS100
2023-11-15 17:08:00,1,15834.288,15822.688785381444,15851.686821927835,15822.678785381444,-1.0008621273361233,sl,4,0.5613311085376591,-1.455184730610811,15834.253,NAS100
2023-11-15 17:13:00,-1,15822.689,15842.006138182544,15793.713292726185,15839.614,-0.8761649805504993,sl,23,0.0,-0.7734064880015047,15822.699,NAS100
2023-11-16 06:48:00,-1,15799.413999999999,15801.551019990795,15796.208470013804,15800.344,-0.4351854470270391,sl,3,0.0,-0.41880750009598716,15799.423999999999,NAS100
2023-11-16 07:19:00,1,15798.409,15796.156457572968,15801.787813640547,15796.146457572968,-1.0044394280348345,sl,2,1.4072986870118664,-1.4072986870118664,15798.374,NAS100
2023-11-16 08:36:00,-1,15797.448999999999,15801.849218072284,15790.84867289157,15794.834,0.5942887277492858,tp,7,0.5431548984021237,-0.009090458550863798,15797.458999999999,NAS100
2023-11-17 01:01:00,1,15829.029,15827.446912195852,15831.402131706223,15827.436912195852,-1.0063207617010863,sl,7,1.4904356090837263,-1.1124540593670438,15828.994,NAS100
2023-11-17 01:15:00,1,15828.418,15826.258033791073,15831.65794931339,15826.248033791073,-1.0046297020568613,sl,3,0.6810291725492277,-1.439374369446945,15828.383,NAS100
2023-11-17 03:41:00,1,15833.798999999999,15831.591054944862,15837.110917582704,15837.100917582704,1.495470901788131,tp,6,1.6304753560891823,-0.0362327856908341,15833.764,NAS100
2023-11-17 06:52:00,1,15823.149,15819.558040537448,15828.535439193827,15819.548040537447,-1.0027847710631386,sl,13,1.0220109801495971,-1.3784616762232398,15823.114,NAS100
2023-11-17 08:05:00,1,15823.364,15820.884441410277,15827.083337884584,15827.399,1.627305769956039,tp,1,2.0910979968338284,-0.44564383539052727,15823.329,NAS100
2023-11-17 16:48:00,1,15802.519,15788.575393138823,15823.434410291768,15823.424410291767,1.4992828254483315,tp,16,1.7484715570889364,-0.5206687245474355,15802.484,NAS100
2023-11-20 05:17:00,-1,15794.334,15796.453513777602,15791.154729333599,15791.604,1.2880312592688397,tp,11,1.1488483942563088,0.0,15794.344000000001,NAS100
2023-11-20 07:02:00,1,15785.534,15784.16942699498,15787.580859507529,15787.570859507528,1.4926717002582968,tp,1,3.0302519431282606,-0.113588645993066,15785.499,NAS100
2023-11-20 19:18:00,-1,16014.184,16019.750782454308,16005.833826318536,16017.434,-0.5838201917670425,sl,11,0.4269971064090572,-0.18951701609673838,16014.194,NAS100
2023-11-21 08:10:00,1,16023.399000000001,16019.897315933897,16028.651526099158,16019.887315933896,-1.0028557687705226,sl,6,1.2279805712977108,-1.1537305832662008,16023.364000000001,NAS100
2023-11-21 19:19:00,1,15917.149,15903.104621749524,15938.215567375712,15938.205567375711,1.499287971327546,tp,44,2.079835752003639,-0.5276132462288998,15917.114,NAS100
2023-11-22 19:16:00,-1,16041.478000000001,16050.874332201021,16027.38350169847,16035.654,0.6198163150689856,tp,15,0.5607507149894121,0.0,16041.488000000001,NAS100
2023-11-22 20:46:00,-1,16006.803999999998,16009.511162704555,16002.743255943162,16004.574,0.8237406625925798,tp,1,0.0,0.0,16006.813999999998,NAS100
2023-11-23 00:06:00,-1,15999.939,16001.696232483682,15997.303151274478,15997.824,1.203597144737617,tp,1,0.0,0.0,15999.949,NAS100
2023-11-23 07:50:00,1,16032.844,16028.778862427926,16038.94170635811,16028.768862427925,-1.0024599413483362,sl,11,0.7933310848211533,-1.7723877414374287,16032.809,NAS100
2023-11-23 08:32:00,1,16023.504,16017.735377829975,16032.156933255039,16032.146933255039,1.4982664837969302,tp,22,1.5402291462535438,-0.12394640850553815,16023.469000000001,NAS100
2023-11-23 11:24:00,-1,16027.929,16030.581030347275,16023.950954479087,16029.253999999999,-0.4996172088906233,sl,2,0.0,-0.47887838135232624,16027.939,NAS100
2023-11-23 11:49:00,1,16026.538,16023.199906347007,16031.545140479491,16023.189906347006,-1.0029957218220193,sl,25,0.812140185931544,-1.1081175019409621,16026.503,NAS100
2023-11-23 13:24:00,1,16014.989,16012.612877071908,16018.553184392138,16012.602877071908,-1.0042085364700595,sl,8,1.0815938727815295,-1.1068450916011203,16014.954,NAS100
2023-11-23 14:52:00,1,16015.454,16011.736434109793,16021.03034883531,16011.726434109793,-1.0026899321479577,sl,4,0.36179587389271084,-1.1768453147057545,16015.419,NAS100
2023-11-24 06:28:00,1,16009.914,16007.12712697312,16014.09430954032,16007.11712697312,-1.0035882510267837,sl,19,0.8557978698692981,-1.8605081573471802,16009.879,NAS100
2023-11-24 08:03:00,-1,15988.214,15991.89783488751,15982.688247668735,15990.154,-0.5266251227974748,sl,2,0.0,-0.5171241540872531,15988.224,NAS100
2023-11-24 12:04:00,1,15993.389,15990.08844483889,15998.339832741663,16001.157,2.3535434558193353,tp,1,2.4541325942504377,-0.09998317976573204,15993.354,NAS100
2023-11-24 14:38:00,1,15984.289,15971.663393409985,16003.227409885025,15971.653393409984,-1.0007920411529476,sl,1,0.1425674075273857,-1.0884229523567517,15984.254,NAS100
2023-11-24 16:29:00,-1,15961.048999999999,15969.05206748726,15949.044398769107,15963.534,-0.31050594087279443,sl,7,0.029988501331744643,-0.24615561509843994,15961.059,NAS100
2023-11-27 14:41:00,-1,15966.393999999998,15987.487660471792,15934.753509292308,15980.334,-0.6608620641563325,sl,28,0.5349948632712819,-0.5653357327879247,15966.403999999999,NAS100
2023-11-28 08:51:00,-1,15929.314,15935.462136267146,15920.09179559928,15931.324,-0.3269283426168071,sl,2,0.0,-0.2854523588518271,15929.324,NAS100
2023-11-28 14:30:00,-1,15941.659000000001,15950.38405563448,15928.571416548282,15936.724,0.5656124392490569,sl,2,0.0,0.0,15941.669000000002,NAS100
2023-11-28 19:13:00,1,15961.354,15954.890883124357,15971.048675313463,15954.880883124357,-1.0015472410901163,sl,2,0.8177169161086284,-1.3267592347456554,15961.319,NAS100
2023-11-29 04:28:00,-1,16034.413999999999,16035.790778995422,16032.348831506864,16033.234,0.857072924500437,tp,5,0.7953346206174852,-0.025421654541515615,16034.423999999999,NAS100
2023-11-29 07:32:00,1,16026.173999999999,16023.129084264294,16030.741373603556,16023.119084264294,-1.0032841631323182,sl,5,0.6683271974126922,-1.0689950995459405,16026.139,NAS100
2023-11-29 10:34:00,-1,16077.499,16083.32657212513,16068.757641812304,16075.474,0.34748604676503725,time,60,0.6057411086819898,-0.2779888374122171,16077.509,NAS100
2023-11-29 13:32:00,1,16117.824,16105.119172881059,16136.881240678413,16105.109172881059,-1.0007871024065578,sl,6,0.3837124231885001,-1.197576311551402,16117.789,NAS100
2023-11-29 14:18:00,1,16100.734,16096.765222609289,16106.687166086067,16106.677166086067,1.4974803323500756,tp,5,1.7020354973318048,-0.03149584562050345,16102.484,NAS100
2023-11-29 18:06:00,1,16050.194,16046.551183223297,16055.658225165054,16046.541183223297,-1.0027451284577837,sl,2,1.1817778010501758,-1.6978619511020305,16050.159,NAS100
2023-11-30 01:29:00,1,16008.813999999998,16005.042816206485,16014.470775690268,16005.032816206485,-1.0026516872546545,sl,2,0.3911238700535851,-2.2552600100342413,16008.778999999999,NAS100
2023-11-30 04:53:00,1,16016.609,16014.74536021045,16019.404459684325,16019.394459684325,1.4946341562053502,tp,14,1.9638988287989076,-0.30585309628821045,16016.574,NAS100
2023-11-30 05:07:00,1,16018.829,16015.84748879055,16023.301266814175,16023.291266814174,1.4966459961754912,tp,14,1.7407279850405502,-0.3756484283706073,16018.794,NAS100
2023-11-30 07:46:00,1,16021.544,16017.5865256892,16027.480211466202,16027.470211466201,1.4974731358401956,tp,3,1.6816280984662797,-0.45104525255623884,16021.509,NAS100
2023-11-30 08:17:00,-1,16026.894,16031.78998981119,16019.550015283216,16022.753999999999,0.8455899950075999,tp,7,0.7506143071625421,0.0,16026.904,NAS100
2023-11-30 11:15:00,1,16024.298999999999,16020.141097611024,16030.535853583462,16020.131097611024,-1.002405058864954,sl,2,0.6036697750903123,-1.286706492721917,16024.264,NAS100
2023-11-30 11:29:00,-1,16024.184,16027.166751654277,16019.709872518582,16021.134,1.022545740818056,tp,5,0.9705803015303491,0.0,16024.194,NAS100
2023-11-30 15:13:00,-1,15932.644,15951.702218353426,15904.056672469862,15934.994,-0.12330638449096688,sl,4,0.0,-0.12146990642408806,15932.654,NAS100
2023-12-01 02:23:00,1,15922.284,15919.263925396292,15926.814111905562,15926.804111905562,1.4966888235184852,tp,8,1.7400232409983911,-0.2764832362001628,15922.249,NAS100
2023-12-01 08:02:00,-1,15922.503999999999,15924.388382670044,15919.67742599493,15923.284,-0.4139286634290963,sl,2,0.0,0.0,15922.514,NAS100
2023-12-01 13:57:00,1,15901.899000000001,15895.551529031289,15911.42020645307,15895.541529031289,-1.0015754306005509,sl,3,0.24072579575867828,-1.4462452912745074,15901.864000000001,NAS100
2023-12-01 16:01:00,-1,15866.154,15885.097339353568,15837.73899096965,15863.734,0.12774938751991188,sl,2,0.0,0.0,15866.164,NAS100
2023-12-01 18:35:00,-1,15982.969,16000.78497395382,15956.245039069268,15961.454,1.2076241274132355,tp,6,1.209588656553802,0.0,15982.979,NAS100
2023-12-01 19:49:00,-1,15985.044,15990.174568866014,15977.348146700979,15988.574,-0.6880328657868895,sl,9,0.5759595236260145,-0.4180822937996897,15985.054,NAS100
2023-12-01 20:55:00,-1,15985.534,15990.239194191474,15978.47620871279,15974.974,2.2443281977891876,sl,1,0.0,0.0,15985.544,NAS100
2023-12-04 01:35:00,1,15945.179,15942.328790834343,15949.454313748487,15949.444313748487,1.4964914855654103,tp,5,1.592865553413504,-0.329800356874409,15945.144,NAS100
2023-12-04 03:01:00,1,15942.804,15940.826697115812,15945.769954326282,15940.816697115812,-1.0050573941302492,sl,16,1.3579103239419879,-1.024122311352906,15942.769,NAS100
2023-12-04 06:42:00,1,15939.313999999998,15936.95058644469,15942.859120332963,15936.940586444689,-1.004231168082181,sl,4,1.000671251414603,-1.1826114789429916,15939.278999999999,NAS100
2023-12-04 10:08:00,-1,15935.094,15939.233440117976,15928.884839823033,15936.054,-0.23191542156434103,sl,12,0.09300774718938759,-0.46262295030778955,15935.104,NAS100
2023-12-04 11:36:00,1,15926.644,15925.14981874623,15928.885271880656,15925.13981874623,-1.0066926284712656,sl,1,1.596191890362148,-1.9575938278031855,15926.609,NAS100
2023-12-04 19:35:00,-1,15802.139000000001,15810.40863806602,15789.734542900973,15808.334,-0.7491258928799297,sl,4,0.0,-0.5066727185094546,15802.149000000001,NAS100
2023-12-04 20:25:00,-1,15799.544,15805.723990212135,15790.274014681798,15805.184,-0.9126228046324394,sl,6,0.49433735250933614,-0.01051781601091835,15799.554,NAS100
2023-12-05 03:37:00,1,15803.184000000001,15802.422413275044,15804.326380087437,15804.609,1.871093538401471,tp,1,2.1599641197680035,-0.21665293602669056,15803.149000000001,NAS100
2023-12-05 08:43:00,1,15765.394,15760.650234804805,15772.509647792793,15760.640234804805,-1.0021080301382428,sl,1,0.024242346589216927,-1.4260823884899971,15765.359,NAS100
2023-12-05 12:02:00,-1,15744.048999999999,15754.085835784028,15728.993746323955,15744.694,-0.0642632811654439,sl,3,0.0,0.0,15744.059,NAS100
2023-12-05 13:18:00,1,15757.644,15748.022363560665,15772.076454659004,15772.066454659003,1.4989606757579794,tp,6,1.5844498070696993,-0.0420926318048087,15757.609,NAS100
2023-12-05 15:32:00,-1,15875.704,15896.952416971946,15843.83137454208,15891.934,-0.7638216071073666,sl,10,0.0,-0.6308705263878636,15875.714,NAS100
2023-12-05 16:50:00,1,15861.454,15847.0942998372,15882.9935502442,15847.084299837199,-1.0006963933708117,sl,3,0.5602484668058092,-2.0574942140183374,15861.419,NAS100
2023-12-05 19:33:00,1,15839.359,15830.668589074696,15852.394616387957,15852.384616387957,1.4988493064267996,tp,19,1.8111916841778208,-0.5350725115264502,15839.324,NAS100
2023-12-05 20:50:00,1,15863.479,15856.032755096057,15874.648367355912,15874.638367355912,1.4986570412161808,tp,1,1.9096873905494567,-0.02551621689183305,15863.444,NAS100
2023-12-06 05:08:00,-1,15949.983999999999,15953.864268278307,15944.163597582537,15952.914,-0.7551024284536706,sl,6,0.0,-0.7460824335745752,15949.993999999999,NAS100
2023-12-06 10:08:00,1,15930.083999999999,15922.210560152967,15941.894159770545,15941.884159770545,1.4987299071059903,tp,39,1.564119398796656,-0.7322085533139617,15930.048999999999,NAS100
2023-12-06 13:07:00,-1,15910.614,15914.350234552021,15905.009648171967,15910.914,-0.08029474483575513,sl,3,0.0,0.0,15910.624,NAS100
2023-12-07 00:07:00,-1,15799.969,15802.727888042007,15795.830667936987,15797.354,0.9478456393237585,tp,5,0.9315347201001862,0.0,15799.979,NAS100
2023-12-07 00:31:00,-1,15796.709,15801.812487888736,15789.053768166897,15800.423999999999,-0.7279335389819536,sl,7,0.0,-0.581954942335639,15796.719000000001,NAS100
2023-12-07 10:18:00,-1,15823.924,15828.505398451243,15817.051902323137,15827.224,-0.7203040807560301,sl,3,0.0,-0.4987560074326627,15823.934000000001,NAS100
2023-12-07 12:28:00,1,15827.329000000002,15819.644867190173,15838.855199214744,15838.845199214744,1.4986986169749257,tp,32,1.5629610129377423,-0.4815117192232768,15827.294000000002,NAS100
2023-12-07 16:34:00,-1,15979.049,15990.99551691077,15961.129224633845,15985.503999999999,-0.5403248535293935,sl,6,0.0,-0.38337534146635294,15979.059000000001,NAS100
2023-12-08 20:55:00,-1,16089.214,16095.127022130817,16080.344466803774,16083.224,1.0130183631110896,tp,5,0.6637891611369674,0.0,16089.224,NAS100
2023-12-11 05:11:00,1,16036.778999999999,16035.226066006258,16039.108400990608,16035.216066006258,-1.0064394237234342,sl,15,1.1719751176404327,-1.0431866431729193,16036.743999999999,NAS100
2023-12-11 07:41:00,1,16043.864000000001,16037.496179437187,16053.415730844223,16053.405730844222,1.4984296039904887,tp,25,2.4490325765564247,-0.7357305303732311,16043.829000000002,NAS100
2023-12-11 20:12:00,1,16202.804,16199.183155896366,16208.23526615545,16213.589,2.978587227540394,tp,1,3.0918204925650716,-0.2803213756098106,16202.769,NAS100
2023-12-12 05:06:00,1,16243.469000000001,16241.449629805124,16246.498055292317,16241.439629805123,-1.0049520390196833,sl,19,1.1538250915609725,-1.0201200380331283,16243.434000000001,NAS100
2023-12-12 07:12:00,1,16250.579,16246.22186359968,16257.11470460048,16250.599,0.0045901707366717516,time,60,1.342624940447264,-0.9272144887872376,16250.544,NAS100
2023-12-12 12:03:00,-1,16243.079,16245.231828278274,16239.849757582588,16244.173999999999,-0.5086332296214999,sl,3,0.0,-0.4923755464829711,16243.089,NAS100
2023-12-12 16:46:00,1,16280.239,16270.198440277421,16295.299839583866,16270.188440277421,-1.00099596041222,sl,8,0.3834447586963609,-1.3973324583140232,16280.204,NAS100
2023-12-13 01:07:00,-1,16383.134,16385.43401517439,16379.683977238416,16380.753999999999,1.0347757817003183,tp,5,0.6891258882325206,0.0,16383.144,NAS100
2023-12-13 04:07:00,1,16377.778999999999,16376.296654938571,16380.00251759214,16379.99251759214,1.4932539323937253,tp,6,1.5718337522288912,-0.04047640563642156,16377.743999999999,NAS100
2023-12-13 08:54:00,-1,16379.954,16385.377541165137,16371.818688252293,16384.564,-0.849998157962217,sl,6,0.0,-0.7974494648994896,16379.964,NAS100
2023-12-13 13:10:00,1,16382.509,16380.414732874257,16385.650400688617,16385.64040068862,1.4952250599392711,tp,4,1.6521292615776455,-0.8356145109133206,16382.474,NAS100
2023-12-13 21:05:00,1,16538.409,16516.39208225675,16571.434376614874,16553.179,0.670847762263549,time,60,0.7998394782302735,-0.23164005332044837,16538.374,NAS100
2023-12-14 14:00:00,1,16628.069,16616.022014045768,16646.13947893135,16616.01201404577,-1.0008300831458086,sl,14,1.0990300852264827,-1.175397734652942,16628.034,NAS100
2023-12-14 14:36:00,1,16604.834,16592.23564217052,16623.73153674422,16623.721536744222,1.4992062457558413,tp,5,1.6077492220934282,-0.0877098440095012,16604.799,NAS100
2023-12-15 09:04:00,1,16579.574,16571.727485680385,16591.343771479424,16591.333771479425,1.498725548748009,tp,15,1.5261553745033545,-0.25680192731722296,16579.539,NAS100
2023-12-18 01:05:00,1,16613.279,16609.030770813202,16619.65134378019,16609.020770813204,-1.002353921965764,sl,5,0.2848245579036744,-1.2122698125619418,16613.244,NAS100
2023-12-18 10:37:00,1,16628.514,16624.88210320941,16633.961845185884,16624.87210320941,-1.0027533822063195,sl,10,0.9981010499505846,-1.0366484008450676,16628.479,NAS100
2023-12-18 14:31:00,-1,16638.469,16640.926693862984,16634.782459205526,16635.594,1.1697958168435154,sl,1,0.0,0.0,16638.479,NAS100
2023-12-19 07:59:00,1,16715.889,16710.41564658774,16724.099030118392,16724.089030118394,1.4981729665082142,tp,14,1.5730758369656332,-0.28501722481562825,16715.854,NAS100
2023-12-19 10:53:00,1,16733.909,16731.508620848457,16737.509568727313,16731.49862084846,-1.0041660085207678,sl,3,0.29162059650073235,-1.1164902837446218,16733.874,NAS100
2023-12-19 14:30:00,-1,16749.729000000003,16753.280152241958,16744.40227163707,16742.744,1.9669672050329772,sl,1,0.0,0.0,16749.739,NAS100
2023-12-20 01:21:00,-1,16826.059000000005,16827.639374093083,16823.688438860387,16825.034,0.6485806142318474,tp,6,0.563157801624837,-0.18350085670453503,16826.069000000003,NAS100
2023-12-20 06:24:00,1,16824.834,16823.25455112103,16827.203173318452,16823.24455112103,-1.0063313223565222,sl,7,0.6742858310790214,-1.0098459160253708,16824.799,NAS100
2023-12-20 14:02:00,1,16767.869000000002,16764.726536976465,16772.58269453531,16772.572694535313,1.496817782764132,tp,24,1.597473052951047,-0.6428078818664704,16767.834000000003,NAS100
2023-12-21 12:04:00,-1,16667.079,16671.295976698657,16660.75353495202,16669.924,-0.6746539531282455,sl,8,0.045055975780685036,-0.6046986223121376,16667.089,NAS100
2023-12-21 15:51:00,-1,16679.539,16705.190521296157,16641.061718055767,16698.414,-0.7358238048371806,sl,45,0.39490835194709345,-0.6892378738819372,16679.549,NAS100
2023-12-21 18:22:00,-1,16659.644000000004,16670.644133359136,16643.143799961304,16643.178799961304,1.4968182203928482,tp,1,0.0,0.0,16659.654000000002,NAS100
2023-12-22 05:41:00,1,16709.948999999997,16706.680483561377,16714.851774657927,16706.67048356138,-1.0030594920313818,sl,8,1.0249298306776446,-1.1167145916324561,16709.913999999997,NAS100
2023-12-22 14:34:00,1,16805.558999999997,16795.525265347613,16820.609601978576,16820.599601978578,1.4990033621235734,tp,1,1.6344861178986465,-0.7893371983995902,16805.523999999998,NAS100
2023-12-22 17:08:00,-1,16793.004000000004,16799.140038039994,16783.799942940022,16783.834942940022,1.494295993640591,tp,1,0.0,0.0,16793.014000000003,NAS100
2023-12-26 14:32:00,1,16820.929,16809.618792814734,16837.894310777898,16809.608792814735,-1.000884157101156,sl,1,0.6286356990226217,-1.1193428902427072,16820.894,NAS100
2023-12-26 15:30:00,-1,16847.299000000003,16857.822223450974,16831.514164823544,16856.234,-0.8490744344284534,sl,8,0.0,-0.83434510736237,16847.094,NAS100
2023-12-26 17:23:00,1,16847.274,16843.4341002811,16853.03384957835,16843.424100281103,-1.0026042346754995,sl,9,1.25393899645338,-1.1002891505752252,16847.239,NAS100
2023-12-27 00:09:00,1,16880.509000000002,16878.685238465194,16883.244642302212,16878.675238465195,-1.0054831729957787,sl,7,1.096634599329301,-1.3543437301747887,16880.474000000002,NAS100
2023-12-27 07:08:00,1,16885.284,16884.02895263782,16887.16657104327,16887.799000000003,2.003908438667856,tp,1,2.0118762654604785,-0.5537639621756995,16885.249,NAS100
2023-12-27 07:36:00,-1,16889.949000000004,16891.22314295321,16888.037785570195,16888.814,0.8907948650101264,tp,3,0.5101468389940299,0.0,16889.959000000003,NAS100
2023-12-27 11:32:00,1,16875.448999999997,16872.34360777904,16880.10708833143,16880.097088331433,1.4967797948572388,tp,4,1.5295974427793606,-0.012880820569873355,16875.413999999997,NAS100
2023-12-27 12:01:00,-1,16878.779,16880.478399990778,16876.22990001383,16876.724,1.2092503302052018,tp,3,0.05295986847621835,0.0,16878.788999999997,NAS100
2023-12-27 12:29:00,-1,16875.469,16877.998119712116,16871.67532043183,16877.054,-0.626700267451404,sl,6,0.0,-0.462611553891137,16875.479,NAS100
2023-12-27 19:44:00,-1,16876.059,16885.582321165723,16861.774018251417,16882.224,-0.6473581949738029,sl,25,0.3958702992786073,-0.6604838680268056,16876.069,NAS100
2023-12-28 08:04:00,-1,16955.744000000002,16958.742656800066,16951.246014799908,16953.754,0.6636304627989079,sl,1,0.0,0.0,16955.754,NAS100
2023-12-28 08:23:00,1,16954.069,16952.484997257085,16956.445004114372,16952.474997257086,-1.0063131203800804,sl,1,0.4608577878193654,-1.5214620118428328,16954.034,NAS100
2023-12-28 11:56:00,-1,16952.419,16953.94040004274,16950.136899935897,16953.454,-0.6802944465139056,sl,11,0.07887471843812761,-0.5389772426485827,16952.429,NAS100
2023-12-28 17:09:00,1,16926.079,16918.399328894706,16937.598506657945,16937.588506657947,1.498697860902988,tp,26,1.5130856309700709,-0.36329680812462894,16926.044,NAS100
2023-12-28 19:39:00,1,16931.644,16924.234133341142,16942.75879998829,16924.224133341144,-1.0013495519499591,sl,16,0.8711357838378432,-1.2314661545348797,16931.609,NAS100
2023-12-29 10:35:00,-1,16921.384000000002,16926.714571485103,16913.38814277235,16924.954,-0.6697218131259903,sl,7,0.0,-0.6631559129973309,16921.394,NAS100
2023-12-29 14:38:00,-1,16904.889,16908.379926818106,16899.65260977284,16901.254,1.0412707539854014,sl,1,0.0,0.0,16904.898999999998,NAS100
2023-12-29 19:31:00,-1,16840.339000000004,16844.1771327945,16834.58180080826,16839.504,0.21755370246707664,tp,1,0.0,0.0,16840.349000000002,NAS100
2024-01-02 06:05:00,-1,16829.554,16831.57978772508,16826.515318412377,16827.494,1.0168883809972529,tp,2,0.846584258936567,0.0,16829.564,NAS100
2024-01-03 00:34:00,-1,16550.399,16552.31463476704,16547.525547849444,16547.974,1.2658989290273157,tp,3,0.8926545025309739,0.0,16550.364,NAS100
2024-01-03 08:03:00,-1,16536.414,16539.543781501554,16531.71932774767,16536.404,0.003195111223283332,sl,6,0.0,0.0,16536.424,NAS100
2024-01-03 14:37:00,1,16429.954,16404.570543075948,16468.029185386084,16468.019185386085,1.4996060426274285,tp,24,1.8687367974315618,-0.42842864281794524,16429.919,NAS100
2024-01-03 20:44:00,1,16380.264,16371.89870095859,16392.811948562114,16371.88870095859,-1.0011954145274087,sl,1,0.37356703980708567,-1.0453900041960267,16380.229,NAS100
2024-01-04 08:24:00,-1,16412.189000000002,16416.634273231208,16405.521090153194,16406.484,1.2833856780620065,tp,6,1.2620146632649256,0.0,16412.199,NAS100
2024-01-04 09:35:00,1,16405.584,16400.5393808873,16413.150928669045,16400.529380887303,-1.001982310215102,sl,16,1.1309079778970805,-1.0238632262635416,16405.549,NAS100
2024-01-04 14:48:00,1,16290.524000000001,16282.540564915786,16302.499152626326,16302.489152626325,1.4987474063615698,tp,1,1.674091397877384,-0.5179474695269322,16290.489000000001,NAS100
2024-01-08 08:10:00,-1,16287.144,16294.543634006488,16276.044548990269,16276.974,1.3743922998196056,tp,4,1.3439853905315122,0.0,16287.154,NAS100
2024-01-09 01:20:00,-1,16631.009000000002,16633.114203690748,16627.85119446388,16632.194,-0.5628908999194495,sl,5,0.0,-0.546265430301612,16631.019,NAS100
2024-01-09 02:59:00,-1,16636.929,16639.236352489654,16633.46797126552,16635.034,0.8212876049488899,tp,15,0.8364565053040799,-0.3900574377071376,16636.939,NAS100
2024-01-09 20:17:00,-1,16678.804,16687.239154188173,16666.15126871774,16678.834,-0.0035565443534983543,sl,5,0.39299815107666325,0.0,16678.814,NAS100
2024-01-10 12:34:00,1,16705.289,16701.670495909137,16710.716756136295,16710.869000000002,1.5420737022489819,tp,1,1.638798755256998,-0.12712435538225147,16705.254,NAS100
2024-01-11 02:02:00,-1,16837.979000000003,16840.39381676894,16834.356774846594,16838.234,-0.10559807405574159,sl,2,0.0,-0.09110422075388452,16837.989,NAS100
2024-01-11 07:03:00,1,16860.164,16857.228249916574,16864.567625125143,16864.557625125144,1.496593715502885,tp,2,1.7525333743651164,-0.0868602547064824,16860.129,NAS100
2024-01-11 08:03:00,-1,16864.384000000002,16870.100733828785,16855.808899256826,16869.134,-0.8308940283488845,sl,10,0.30349497667092684,-0.7862881384063685,16864.394,NAS100
2024-01-11 13:30:00,1,16862.774,16858.767937534023,16868.78309369897,16858.757937534025,-1.002496216692407,sl,1,10.937173439531033,-19.157215008943577,16862.739,NAS100
2024-01-11 16:52:00,1,16641.183999999997,16628.150213610366,16660.734679584442,16628.140213610368,-1.0007672367567997,sl,3,0.8328354996395186,-1.0031620596758242,16641.148999999998,NAS100
2024-01-12 05:42:00,-1,16810.154,16814.362077221795,16803.841884167305,16805.704,1.0574900995038927,tp,4,0.9137189736162945,0.0,16810.163999999997,NAS100
2024-01-12 13:08:00,1,16772.319,16764.444992545163,16784.130011182257,16764.434992545164,-1.0012700013374074,sl,5,0.8089908520579354,-1.4605015382523934,16772.284,NAS100
2024-01-15 12:37:00,1,16829.558999999997,16821.8964717228,16841.052792415794,16821.886471722803,-1.0013050522799583,sl,24,0.9827043669661266,-1.3102724892873776,16829.523999999998,NAS100
2024-01-16 05:28:00,-1,16755.905500000004,16757.750439357264,16753.138090964116,16754.389,0.8219782368663384,tp,5,0.43822578602471807,0.0,16755.915500000003,NAS100
2024-01-16 09:23:00,1,16717.6935,16709.724848140817,16729.646477788778,16709.71484814082,-1.0012549174157828,sl,2,0.746613116639256,-1.2680313029807264,16717.6585,NAS100
2024-01-16 15:39:00,-1,16860.643500000002,16870.82617511125,16845.369487333126,16861.189,-0.053571384143827804,sl,2,0.0,0.0,16860.6535,NAS100
2024-01-17 12:08:00,1,16754.3665,16749.565043531267,16761.5686847031,16749.55504353127,-1.0020827013768676,sl,5,0.40664744389835605,-1.5231836522159266,16754.3315,NAS100
2024-01-18 00:15:00,-1,16732.021,16734.603370527002,16728.1474442095,16730.944,0.4170586632475844,sl,2,0.0,0.0,16731.709000000003,NAS100
2024-01-18 03:18:00,1,16733.7835,16728.044014558523,16742.392728162216,16728.034014558525,-1.0017423164672798,sl,39,1.4852376727702838,-1.0407727418961654,16733.7485,NAS100
2024-01-18 13:31:00,-1,16883.448,16897.077032364356,16863.004451453467,16891.778,-0.6111952615054335,sl,5,0.15210177396173433,-0.5931455575042482,16883.458,NAS100
2024-01-19 02:44:00,1,17029.439000000002,17023.346162466594,17038.578256300112,17038.568256300114,1.498358728598065,tp,5,1.9954577704288758,-0.035943843701748655,17029.404000000002,NAS100
2024-01-19 08:38:00,-1,17051.928000000004,17055.39947867449,17046.72078198827,17053.566,-0.47184504172042624,sl,3,0.0,-0.20567604382636878,17051.938000000002,NAS100
2024-01-22 04:51:00,-1,17423.279000000002,17424.623034060805,17421.2629489088,17424.134,-0.6361445925596856,sl,3,0.0,-0.18005496070074942,17423.2095,NAS100
2024-01-22 07:36:00,1,17407.789,17404.615634668335,17412.549047997498,17415.632,2.4715086919674785,tp,1,2.561948956483001,-0.7638578438513691,17407.754,NAS100
2024-01-22 09:43:00,-1,17404.2375,17407.81724988865,17398.867875167023,17400.867,0.9415462266478153,tp,6,0.6560514206443724,0.0,17404.247499999998,NAS100
2024-01-22 17:53:00,-1,17359.793500000003,17369.10575694361,17345.825114584593,17352.211,0.8142494398429184,tp,8,0.772691308194909,0.0,17359.8035,NAS100
2024-01-22 18:06:00,-1,17344.905000000002,17359.78169098669,17322.589963519975,17326.911,1.209543171670764,tp,14,1.0595098072621418,0.0,17344.915,NAS100
2024-01-23 00:04:00,1,17338.8005,17333.93269483126,17346.102207753116,17333.92269483126,-1.0020543139365177,sl,12,0.9446762638588536,-1.2811728867148469,17338.7655,NAS100
2024-01-23 05:22:00,-1,17348.232500000002,17350.858707132596,17344.293189301112,17347.677,0.21152177720780282,tp,5,0.16506694945061126,-0.1056656942829754,17348.2425,NAS100
2024-01-23 06:54:00,1,17343.089,17341.41890354412,17345.59414468382,17345.58414468382,1.4940123218841592,tp,1,1.61667309124214,-0.16106854131273884,17343.054,NAS100
2024-01-23 14:30:00,1,17354.933,17351.07136509189,17360.725452362167,17351.061365091893,-1.002589576756052,sl,1,1.2251287634842687,-6.169407664606065,17354.898,NAS100
2024-01-23 14:54:00,-1,17353.488,17365.502860201377,17335.465709697935,17344.31,0.7638873733169844,tp,9,0.6945565624679892,0.0,17353.498,NAS100
2024-01-24 05:02:00,-1,17468.253500000003,17470.72709404761,17464.543108928592,17469.633,-0.5576905399389847,sl,3,0.0,-0.543541088037719,17468.2635,NAS100
2024-01-24 06:02:00,1,17480.0445,17478.44366743431,17482.445748848535,17478.43366743431,-1.0062467494806875,sl,1,2.3453420928989632,-2.021135794799243,17480.0095,NAS100
2024-01-24 08:30:00,-1,17512.605,17515.12095710707,17508.831064339396,17508.877,1.4817422719667053,tp,1,0.0,0.0,17512.614999999998,NAS100
2024-01-24 08:48:00,-1,17514.149500000003,17519.33594346527,17506.369834802103,17519.37094346527,-1.0067483623863336,sl,5,0.11906039353156835,-0.9606775882867318,17514.1595,NAS100
2024-01-24 09:20:00,-1,17525.615500000004,17529.719812656713,17519.45903101494,17528.3,-0.6540681045844449,sl,3,0.0,-0.6348200582961668,17525.625500000002,NAS100
2024-01-24 11:57:00,1,17522.71,17520.91901425459,17525.396478618117,17520.765000000003,-1.0859941264078476,sl,4,0.8799623358474224,-3.0653510303284905,17522.675,NAS100
2024-01-24 14:33:00,-1,17550.943000000003,17564.696395785453,17530.31290632183,17537.243,0.9961176289638674,tp,3,0.812017640895358,0.0,17550.953,NAS100
2024-01-25 03:49:00,-1,17485.005,17487.044442818944,17481.945835771585,17481.980835771585,1.482838449956554,tp,1,0.0,0.0,17485.015,NAS100
2024-01-25 06:24:00,1,17498.599,17494.295252219556,17505.054621670664,17505.044621670666,1.4976764437632655,tp,12,1.7891383028976,-0.48283498615801923,17498.564,NAS100
2024-01-25 07:48:00,1,17510.494000000002,17507.55859223305,17514.897111650433,17518.279000000002,2.652101724212154,tp,1,2.655508405938278,-0.23710504817740657,17510.459000000003,NAS100
2024-01-25 11:33:00,-1,17500.0875,17503.349750937992,17495.194123593014,17497.145,0.9019845670772724,sl,1,0.0,0.0,17500.0975,NAS100
2024-01-25 14:34:00,-1,17587.698500000002,17608.251654092586,17556.868768861124,17559.154,1.3888136035676897,tp,13,1.1482179277057565,0.0,17587.7085,NAS100
2024-01-25 16:58:00,1,17598.2765,17584.99937940288,17618.192180895676,17584.989379402883,-1.00075317535344,sl,7,1.0141882723367617,-1.322236991943014,17598.2415,NAS100
2024-01-29 03:23:00,1,17417.767499999998,17414.54156458495,17422.60640312257,17414.53156458495,-1.003099876070597,sl,4,1.2115865623871613,-1.6093006623071069,17417.7325,NAS100
2024-01-29 06:47:00,1,17434.282,17429.802838102478,17441.00074284628,17429.79283810248,-1.0022325605162727,sl,17,1.3006897569888713,-1.2663083250322618,17434.247,NAS100
2024-01-29 12:18:00,1,17452.4495,17448.712470166654,17458.055044750014,17458.045044750015,1.4973240780924488,tp,2,1.565280519787904,-0.5045450756578275,17452.4145,NAS100
2024-01-29 14:58:00,1,17439.988999999998,17426.75215600216,17459.844265996755,17426.74215600216,-1.0007554670886831,sl,6,0.6119283419314362,-1.1409063975117801,17439.953999999998,NAS100
2024-01-30 03:16:00,-1,17606.661000000004,17608.72265446903,17603.568518296463,17604.645,0.9778554215994815,tp,8,0.908008605770947,0.0,17606.671000000002,NAS100
2024-01-30 11:52:00,1,17587.8885,17582.28249350146,17596.297509747812,17582.272493501463,-1.0017838010000533,sl,16,0.46548287103814434,-1.1458245725677025,17587.8535,NAS100
2024-01-30 21:02:00,-1,17475.204500000003,17494.399720924503,17446.411668613255,17469.254,0.30999903691694086,tp,1,0.0,0.0,17475.214500000002,NAS100
2024-01-31 20:59:00,1,17153.844,17125.866216523744,17195.810675214387,17125.856216523745,-1.000357426456134,sl,3,0.0480023730664893,-1.2566399346765849,17153.809,NAS100
2024-01-31 21:10:00,-1,17158.015500000005,17171.18084148181,17138.267487777295,17164.721,-0.5093297434983258,time,60,0.0,-0.5066712480807765,17158.025500000003,NAS100
2024-02-01 04:32:00,1,17220.6445,17217.98020333581,17224.64094499628,17224.630944996283,1.4962466642199377,tp,10,1.7469901391098794,-0.8308008750490496,17220.6095,NAS100
2024-02-02 07:48:00,1,17500.027,17496.42164860303,17505.43502709545,17496.411648603033,-1.002773654741896,sl,10,1.184905305927821,-1.222349644948965,17499.992,NAS100
2024-02-02 10:12:00,-1,17515.382500000003,17518.322134872582,17510.973047691135,17516.699,-0.4478447348266626,sl,4,0.0,-0.38695281873537235,17515.3925,NAS100
2024-02-02 10:24:00,-1,17515.621000000003,17518.214890506515,17511.730164240234,17511.765164240234,1.4865067550415165,tp,1,0.0,0.0,17515.631,NAS100
2024-02-02 14:33:00,-1,17398.593000000004,17415.76805001139,17372.830424982927,17381.643,0.9868966896031547,tp,1,0.0,0.0,17398.603000000003,NAS100
2024-02-05 00:03:00,-1,17618.4385,17621.737261245755,17613.49035813137,17614.634,1.1533117181179162,sl,1,0.0,0.0,17618.4485,NAS100
2024-02-05 00:19:00,1,17620.712000000003,17608.56801462637,17638.927978060456,17608.55801462637,-1.0008234529020523,sl,3,0.16905488081808676,-1.1017799831227106,17620.677000000003,NAS100
2024-02-05 14:32:00,1,17631.477499999997,17617.39677707267,17652.598584390988,17617.386777072672,-1.0007101908083846,sl,7,1.1433006730613866,-1.4662954527661127,17631.442499999997,NAS100
2024-02-07 05:46:00,-1,17572.7105,17576.9289828053,17566.38277579205,17576.9639828053,-1.0082968217758017,sl,8,0.0,-0.7264460094872389,17572.7205,NAS100
2024-02-07 07:26:00,-1,17558.276500000004,17560.767159466835,17554.540510799758,17558.689,-0.1656187871076614,sl,2,0.0,0.0,17558.286500000002,NAS100
2024-02-07 14:55:00,1,17652.732500000002,17633.503422592978,17681.57611611054,17633.49342259298,-1.0005200457508558,sl,2,0.20045163469931265,-1.0267523283664286,17652.697500000002,NAS100
2024-02-08 01:23:00,1,17753.1005,17751.7699026632,17755.096396005203,17755.086396005205,1.4924845783769376,tp,2,1.843157153685937,-0.43627022536798943,17753.0655,NAS100
2024-02-08 03:57:00,1,17760.139,17758.53000495054,17762.552492574192,17762.542492574194,1.4937849404819907,tp,4,1.7700489513354682,-0.12927323801800605,17760.104,NAS100
2024-02-08 05:05:00,-1,17764.895,17766.649751800484,17762.262872299274,17763.254,0.935174991442022,tp,4,0.909530339026868,0.0,17764.905,NAS100
2024-02-08 07:25:00,1,17767.1275,17764.161906691916,17771.57588996212,17764.151906691917,-1.0033720065293994,sl,26,1.4548522173424028,-1.5610704230350458,17767.0925,NAS100
2024-02-08 10:13:00,-1,17763.8095,17765.8651383236,17760.7260425146,17763.633,0.08586140760825607,tp,3,0.14034570025602797,0.0,17763.819499999998,NAS100
2024-02-08 14:18:00,1,17737.938,17732.34802976329,17746.322955355063,17746.312955355064,1.4982110817097507,tp,12,2.2390101324350566,-0.4246892021731371,17737.903,NAS100
2024-02-08 20:51:00,1,17779.4385,17771.394166384096,17791.50500042386,17771.384166384098,-1.0012431110488293,sl,4,1.3746943535678082,-1.525732346024761,17779.4035,NAS100
2024-02-09 03:42:00,1,17782.572,17780.307780902393,17785.968328646413,17785.958328646415,1.4955834662788832,tp,13,2.1274442941890515,-0.03754053664194431,17782.537,NAS100
2024-02-09 04:46:00,1,17784.5725,17783.410560322558,17786.31540951616,17783.40056032256,-1.0086062987541902,sl,11,1.399814492594924,-1.7182475465469234,17784.5375,NAS100
2024-02-09 19:00:00,1,17953.5385,17946.63982084772,17963.886518728417,17963.87651872842,1.4985504471537985,tp,24,1.606177031198438,-0.8418278154129568,17953.5035,NAS100
2024-02-12 00:07:00,-1,17952.471500000003,17955.32999467463,17948.183757988063,17949.899,0.899949201527846,tp,4,0.9121934083512935,0.0,17952.4815,NAS100
2024-02-12 12:01:00,1,17965.204999999998,17962.44109025068,17969.35086462398,17962.43109025068,-1.003618063144378,sl,1,0.47541349724814536,-1.2048150272700646,17965.17,NAS100
2024-02-12 14:41:00,1,17942.033,17935.01440818716,17952.56088771926,17952.550887719262,1.4985752127684497,tp,1,1.6177034229610845,-0.2282509145307476,17941.998,NAS100
2024-02-12 18:14:00,1,18027.494499999997,18018.181022059816,18041.464716910268,18018.171022059818,-1.0010737127486238,sl,7,0.30584707649486476,-1.0149269757987247,18027.459499999997,NAS100
2024-02-13 00:56:00,-1,17852.7265,17855.373788845267,17848.7555667321,17849.522,1.2104837013648468,tp,7,1.223704774714073,-0.05193993101530855,17852.7365,NAS100
2024-02-13 14:42:00,1,17558.645,17530.789035080295,17600.428947379558,17600.41894737956,1.4996410104612343,tp,13,1.7290013158341713,-0.22709678225958665,17558.61,NAS100
2024-02-14 16:58:00,-1,17662.954500000003,17672.594005009552,17648.495242485682,17656.332,0.6870166044257154,tp,3,0.5648111593501687,0.0,17662.964500000002,NAS100
2024-02-15 05:13:00,1,17803.0055,17800.341096668028,17807.002104997955,17806.992104997957,1.496246814481793,tp,8,1.720272582232804,-0.2610340527848355,17802.9705,NAS100
2024-02-15 11:58:00,1,17832.66,17828.698668594312,17838.601997108533,17838.591997108535,1.4974755962143884,tp,5,1.8296878644368573,-0.5402224103054677,17832.625,NAS100
2024-02-16 05:25:00,1,17874.477,17871.41784586903,17879.065731196453,17871.40784586903,-1.0032688774642518,sl,13,1.2454423140797408,-1.5255851128097682,17874.442,NAS100
2024-02-16 05:50:00,1,17872.905499999997,17871.22543383985,17875.425599240218,17871.21543383985,-1.005952146549703,sl,2,0.4449229546622975,-1.5520222130824497,17872.870499999997,NAS100
2024-02-16 12:04:00,-1,17947.355,17951.58251730946,17941.01372403581,17941.233,1.44813126756442,tp,7,1.3639210860465096,-0.154464181267993,17947.364999999998,NAS100
2024-02-16 13:05:00,1,17932.6495,17928.40155174732,17939.021422379017,17928.39155174732,-1.0023540776402093,sl,2,0.5766313180612889,-1.0295558561098388,17932.6145,NAS100
2024-02-16 17:37:00,1,17802.0835,17790.230119533222,17819.863570700167,17790.220119533224,-1.0008436411896526,sl,21,0.7201743016621737,-1.2492216917781265,17802.0485,NAS100
2024-02-19 03:02:00,-1,17711.6765,17714.02918522184,17708.147472167242,17708.988,1.1427368077313285,sl,1,0.0,0.0,17711.6865,NAS100
2024-02-19 10:21:00,1,17716.8605,17711.82277061331,17724.417094080032,17711.812770613313,-1.001985021272644,sl,5,0.3117475909189768,-1.1990520999324177,17716.8255,NAS100
2024-02-19 16:37:00,-1,17722.154,17726.975441259798,17714.9218381103,17725.244,-0.640887202290409,sl,3,0.0,-0.13813296981426615,17722.163999999997,NAS100
2024-02-19 16:46:00,-1,17722.432,17727.599228510284,17714.681157234576,17724.524,-0.40485919982778357,sl,13,0.5695509680174805,-0.10721414756432512,17722.171499999997,NAS100
2024-02-20 02:53:00,-1,17625.4215,17631.405179024314,17616.44598146353,17617.255,1.364795799844285,tp,22,1.3241853327702335,-0.014455989308546857,17625.4315,NAS100
2024-02-20 05:46:00,-1,17621.549500000005,17624.1338981207,17617.67290281896,17622.922,-0.5310714278124689,sl,2,0.0,-0.4146033041170446,17621.559500000003,NAS100
2024-02-20 10:56:00,-1,17576.294,17580.439647850002,17570.075528225003,17573.989,0.5560047749834989,tp,3,0.32081837341819136,0.0,17576.304,NAS100
2024-02-20 14:00:00,1,17608.0825,17601.73701249058,17617.60073126413,17617.590731264132,1.4984240769546278,tp,15,1.66756297042422,-0.3738877425065973,17608.0475,NAS100
2024-02-20 14:36:00,1,17607.895,17592.0658292358,17631.638756146305,17592.0558292358,-1.0006317450324698,sl,1,1.1435848579596484,-1.08994970469449,17607.86,NAS100
2024-02-20 20:45:00,-1,17525.076000000005,17533.255587355292,17512.80661896707,17512.84161896707,1.495721055540117,tp,1,0.0,0.0,17525.086000000003,NAS100
2024-02-21 14:33:00,1,17429.81,17408.509587137112,17461.760619294335,17408.499587137114,-1.0004694744680664,sl,11,1.0088067371424203,-1.5524581712505732,17429.775,NAS100
2024-02-21 17:04:00,1,17423.399999999998,17415.09715617485,17435.854265737722,17415.08715617485,-1.001204406611637,sl,2,0.9846024051711879,-2.833366554329272,17423.364999999998,NAS100
2024-02-21 17:43:00,1,17388.333499999997,17380.836323412248,17399.57926488162,17380.82632341225,-1.0013338354621044,sl,1,0.36753836164212256,-1.1710408441416944,17388.298499999997,NAS100
2024-02-21 19:15:00,1,17390.895,17366.509464298448,17427.47330355233,17366.49946429845,-1.000410079160072,sl,9,0.828441919310175,-1.3973037302531308,17390.86,NAS100
2024-02-22 13:12:00,-1,17838.433,17842.92485692862,17831.69521460707,17839.133,-0.1558375547405884,sl,2,0.0,-0.1480456770035995,17838.443,NAS100
2024-02-22 14:31:00,1,17820.19,17814.663553503517,17828.479669744724,17834.221,2.5388828081361554,tp,1,5.514393384501469,-0.6479751504475484,17820.155,NAS100
2024-02-23 03:59:00,-1,17994.4095,17995.53877621662,17992.715585675072,17992.750585675072,1.4690066969579612,tp,1,0.0,0.0,17994.4195,NAS100
2024-02-23 09:22:00,1,17967.3715,17964.684123863597,17971.402564204607,17964.6741238636,-1.0037211017330012,sl,2,0.7578023680463863,-1.0566068372555257,17967.3365,NAS100
2024-02-23 19:55:00,1,17962.0725,17951.720834597807,17977.599998103287,17951.71083459781,-1.00096602813266,sl,13,0.7763485089366071,-1.301674607560644,17962.0375,NAS100
2024-02-26 07:27:00,-1,17889.189500000004,17897.870174706593,17876.168487940122,17896.954,-0.8944581224894426,sl,4,0.0,-0.7087582714424555,17889.199500000002,NAS100
2024-02-26 11:42:00,-1,17952.033,17954.870087326304,17947.777369010542,17949.311,0.9594346902050704,tp,4,0.8931695462825713,0.0,17952.042999999998,NAS100
2024-02-26 12:43:00,1,17930.0665,17926.02678324417,17936.126075133747,17936.11607513375,1.497524578924463,tp,11,1.5977605337517264,-0.685072782889583,17930.0315,NAS100
2024-02-26 18:06:00,1,17979.8105,17965.463068663412,18001.33164700488,17965.453068663413,-1.0006969888730464,sl,15,1.3977066367875097,-1.088173878217868,17979.7755,NAS100
2024-02-27 05:03:00,-1,17908.344,17910.306515119857,17905.400227320217,17909.177,-0.4244553285580778,sl,4,0.12483980251860832,-0.40662107105568435,17908.354,NAS100
2024-02-27 15:52:00,1,17970.3945,17949.510088284584,18001.72111757312,17949.500088284585,-1.0004788260322899,sl,15,0.40080133039239935,-1.0819792440368838,17970.3595,NAS100
2024-02-28 14:25:00,1,17879.1055,17875.020160367825,17885.233509448266,17875.010160367827,-1.0024477769044313,sl,3,1.2653782709483306,-1.1902315199709788,17879.0705,NAS100
2024-02-28 14:35:00,-1,17884.0325,17893.9598391002,17869.141491349703,17882.7,0.13422529305700276,sl,1,0.0,0.0,17884.0425,NAS100
2024-02-29 10:12:00,-1,17829.377500000002,17834.304602177108,17821.986846734344,17831.288,-0.3877532738970858,sl,2,0.0,-0.3806497069845735,17829.3875,NAS100
2024-02-29 19:08:00,-1,17992.7655,18003.747161191895,17976.29300821216,18001.321,-0.779071567634381,sl,5,0.0,-0.6879196023252461,17992.7755,NAS100
2024-03-01 04:35:00,1,18082.916999999998,18080.50849892552,18086.529751611713,18080.49849892552,-1.0041519599490172,sl,8,0.3612205156234065,-1.0317620474946652,18082.881999999998,NAS100
2024-03-01 20:46:00,1,18303.499,18293.005800357056,18319.238799464416,18292.995800357057,-1.0009529981643992,sl,15,0.6766286968315498,-1.7186368899524556,18303.464,NAS100
2024-03-04 00:30:00,-1,18304.721,18307.609392035778,18300.388411946336,18305.8,-0.37356424842370206,tp,3,0.0,0.0,18304.731,NAS100
2024-03-04 01:26:00,-1,18305.6225,18309.12358560235,18300.370871596482,18308.343,-0.7770446967007856,sl,10,0.12096248081362257,-0.7259176977265027,18305.6325,NAS100
2024-03-04 04:00:00,-1,18316.0615,18316.894672169037,18314.811741746445,18315.754,0.3690713773531828,sl,4,0.0,0.0,18316.0715,NAS100
2024-03-04 06:45:00,1,18314.177,18311.555392488233,18318.10941126765,18311.545392488235,-1.0038144535188875,sl,1,0.1266398568467735,-1.2293983693335542,18314.142,NAS100
2024-03-04 14:30:00,1,18290.51,18285.262391532324,18298.38141270151,18285.252391532325,-1.0019056299760165,sl,1,1.416264198402383,-3.6062141671909123,18290.475,NAS100
2024-03-04 16:00:00,-1,18287.9595,18296.586938559944,18275.01834216009,18278.132,1.1390982308038269,tp,7,1.1431550548260065,0.0,18287.9695,NAS100
2024-03-04 19:18:00,-1,18268.2445,18272.66422076221,18261.614918856685,18266.522,0.38973050395583575,sl,1,0.0,0.0,18268.2545,NAS100
2024-03-05 00:20:00,1,18193.282,18185.556852104375,18204.869721843435,18185.546852104377,-1.0012944735988891,sl,27,0.47533070558847124,-1.2520148650458003,18193.247,NAS100
2024-03-07 03:01:00,1,17925.6995,17919.45869254814,17935.060711177786,17935.050711177788,1.4983976432418846,tp,41,1.792476388078753,-0.9616544087115827,17925.6645,NAS100
2024-03-07 07:39:00,-1,17922.960000000003,17930.940558406415,17910.989162390382,17929.443,-0.8123491703020911,sl,6,0.0,-0.46011817882921247,17922.97,NAS100
2024-03-07 18:09:00,-1,18286.772,18292.924683780573,18277.542974329142,18290.545,-0.6132283300355935,sl,2,0.0,-0.6075397555454872,18286.782,NAS100
2024-03-07 18:13:00,1,18288.033,18267.922452031442,18318.198821952836,18318.188821952837,1.4995027485071997,tp,25,1.6463996929256968,-0.30227918252164554,18287.998,NAS100
2024-03-07 23:59:00,-1,18243.205,18245.600265715388,18239.612101426923,18244.144,-0.392023312472956,sl,2,0.0,-0.3774111549260779,18243.215,NAS100
2024-03-08 03:08:00,1,18243.4565,18239.879298707558,18248.822301938664,18248.812301938666,1.4972045185101757,tp,7,1.798193468617102,-0.6934191836623548,18243.4215,NAS100
2024-03-08 14:35:00,1,18313.9495,18272.445965753526,18376.204801369706,18272.435965753528,-1.0002409433360304,sl,3,0.43701097579520615,-1.0603313862057415,18313.9145,NAS100
2024-03-08 14:45:00,-1,18311.7435,18334.714018120405,18277.287722819394,18314.178,-0.105983678175585,sl,3,0.0,-0.08021151244133949,18311.7535,NAS100
2024-03-11 10:02:00,1,18008.494,17998.1447211223,18024.01791831655,17998.1347211223,-1.0009662508969535,sl,19,0.8174482589537363,-1.1300304241679178,18008.459,NAS100
2024-03-11 18:41:00,-1,17974.787500000002,17984.50868010879,17960.205729836824,17979.555,-0.4904239965360566,sl,5,0.0,-0.19190056959340018,17974.7975,NAS100
2024-03-12 07:06:00,-1,18064.799000000003,18067.326098490772,18061.00835226385,18066.043999999998,-0.49265986448211274,sl,2,0.0,-0.07004080000940571,18064.809,NAS100
2024-03-12 08:07:00,1,18063.516,18054.45743123573,18077.103853146407,18054.44743123573,-1.0011039271499313,sl,2,0.9905538317922437,-1.1562532970230985,18063.481,NAS100
2024-03-12 12:18:00,-1,18037.622,18040.31183651192,18033.58724523212,18024.067,5.039339729360334,sl,1,0.0,0.0,18037.631999999998,NAS100
2024-03-12 12:19:00,1,18032.188,18024.76289544064,18043.325656839035,18024.75289544064,-1.001346782381104,sl,11,1.1597143085543251,-1.252642292865194,18032.153,NAS100
2024-03-13 07:49:00,-1,18238.077500000003,18243.50392895612,18229.937856565826,18237.232,0.15581149349607676,sl,12,0.12116624124665275,-0.042845857170234876,18238.0875,NAS100
2024-03-13 08:21:00,1,18220.988999999998,18212.65059725605,18233.496604115917,18212.31,-1.040846822408245,sl,5,0.39671866442318493,-1.929866006014186,18220.953999999998,NAS100
2024-03-13 10:10:00,-1,18192.709000000003,18201.004760378564,18180.26535943216,18200.377,-0.9243275661401547,sl,14,0.0,-0.6347820765899463,18192.719,NAS100
2024-03-13 18:42:00,1,18133.2335,18121.213340695558,18151.26373895666,18121.20334069556,-1.0008319357293962,sl,18,1.2422048345471293,-1.05019406817135,18133.1985,NAS100
2024-03-14 09:20:00,-1,18163.438,18169.637501214234,18154.138748178644,18155.856,1.2230016154505734,tp,32,1.2018708832393425,-0.5152027380313559,18163.447999999997,NAS100
2024-03-15 03:17:00,-1,17990.861,17993.091998902786,17987.514501645823,17990.889,-0.012550431989666573,sl,6,0.3774094191392619,0.0,17990.871,NAS100
2024-03-15 06:27:00,1,17965.4435,17959.306689276324,17974.648716085518,17974.63871608552,1.498370489094634,tp,40,2.7124023779608306,-0.7859945853294374,17965.4085,NAS100
2024-03-15 19:34:00,1,17826.533,17811.602903329676,17848.928145005484,17811.592903329678,-1.0006697880274464,sl,17,1.1125179137665366,-1.1870653212330864,17826.498,NAS100
2024-03-18 03:58:00,-1,17877.445000000003,17879.35755964784,17874.576160528246,17877.689,-0.12757772039741863,sl,2,0.0,-0.10927763755323817,17877.455,NAS100
2024-03-19 05:32:00,-1,17932.554,17940.30186493997,17920.932202590044,17934.599,-0.26394368201337487,sl,10,0.0,-0.5189816847808585,17932.564,NAS100
2024-03-19 10:37:00,1,17940.643500000002,17933.431913233027,17951.460880150466,17933.42191323303,-1.001386657378123,sl,2,0.520759178437349,-1.0170438541472204,17940.608500000002,NAS100
2024-03-19 10:52:00,1,17941.6165,17932.697881102387,17954.99442834642,17932.68788110239,-1.0011212498384785,sl,1,0.2147754065948346,-1.428528356942141,17941.5815,NAS100
2024-03-19 22:37:00,-1,18024.860000000004,18027.720961700066,18020.56855744991,18020.843,1.4040733225881221,tp,1,0.0,0.0,18024.870000000003,NAS100
2024-03-21 10:05:00,1,18355.755999999998,18346.330058418185,18369.894912372714,18369.884912372716,1.4989390980292607,tp,57,1.5630268734565014,-0.5755393191134316,18355.720999999998,NAS100
2024-03-21 13:48:00,1,18409.388499999997,18407.798420698313,18411.773618952524,18407.788420698314,-1.0062889945097744,sl,1,9.11055189804458,-7.25404071845903,18409.353499999997,NAS100
2024-03-21 16:53:00,-1,18449.1555,18461.0663270717,18431.289259392448,18444.954,0.35274628493110394,tp,9,0.2996853181155097,-0.11825375278466072,18449.1655,NAS100
2024-03-22 00:35:00,1,18346.8435,18343.64398240034,18351.642776399487,18343.63398240034,-1.00312547116461,sl,9,1.2675348310111874,-1.7607341808648795,18346.8085,NAS100
2024-03-22 05:08:00,1,18334.533,18332.437743193746,18337.675885209377,18332.427743193748,-1.0047726846506622,sl,2,0.9860366489841189,-1.1034446914088136,18334.498,NAS100
2024-03-22 08:11:00,-1,18321.289500000003,18329.945698610623,18308.30520208407,18323.434,-0.24774154296405676,sl,3,0.0,-0.09213051084785029,18321.2995,NAS100
2024-03-22 10:44:00,-1,18343.4325,18346.56499733023,18338.73375400465,18344.721,-0.4113331518487577,sl,2,0.0,-0.13423794361828023,18343.442499999997,NAS100
2024-03-22 13:53:00,-1,18297.8715,18312.724326214415,18275.59226067838,18307.745,-0.6647556402710966,sl,10,0.0,-0.6316306314077385,18297.8815,NAS100
2024-03-22 16:40:00,-1,18314.3535,18323.535021751628,18300.58121737256,18320.444,-0.6633431978657853,sl,6,0.0,-0.559329938862299,18314.3635,NAS100
2024-03-25 03:08:00,-1,18339.2665,18341.636081027787,18335.712128458323,18337.024,0.9463698323478097,tp,3,0.9611403759964301,0.0,18339.2765,NAS100
2024-03-25 03:42:00,1,18336.0505,18332.385197817868,18341.5484532732,18332.37519781787,-1.002728288010507,sl,2,0.25877811783764704,-1.4390355113722288,18336.0155,NAS100
2024-03-25 04:08:00,1,18333.2935,18331.48429698922,18336.00730451617,18335.99730451617,1.494472704312996,tp,1,1.5556573713565374,-0.40929624568810374,18333.2585,NAS100
2024-03-25 08:21:00,1,18308.916999999998,18304.312501545308,18315.823747682032,18304.30250154531,-1.0021717891963269,sl,2,0.4738844027145455,-1.1143450368132035,18308.881999999998,NAS100
2024-03-25 16:50:00,1,18287.6445,18281.279795269176,18297.19155709623,18297.18155709623,1.4984288352055373,tp,1,1.5376204260676902,-0.059625703948417014,18287.6095,NAS100
2024-03-26 11:04:00,1,18379.6505,18372.77071995954,18389.97017006069,18372.76071995954,-1.0014535348426241,sl,12,1.18426751321737,-1.052431902970377,18379.6155,NAS100
2024-03-26 12:08:00,1,18372.4565,18370.41748391115,18375.515024133274,18375.854000000003,1.6662448219917358,tp,1,1.927645407750055,-0.5735609475548789,18372.4215,NAS100
2024-03-26 16:17:00,1,18336.527,18327.891415822985,18349.480376265517,18327.881415822987,-1.0011579992497808,sl,5,0.8177790703262644,-1.3634283169098194,18336.492,NAS100
2024-03-27 10:18:00,-1,18300.911000000004,18303.26449993521,18297.380750097196,18301.888,-0.4151264189052116,sl,2,0.0,0.0,18300.921000000002,NAS100
2024-03-27 11:39:00,1,18305.317,18302.2261907458,18309.953213881294,18302.216190745803,-1.0032353986208686,sl,15,1.4643414160401012,-1.0557105701581198,18305.282,NAS100
2024-03-27 18:14:00,-1,18210.2445,18216.264318683854,18201.21477197422,18215.045,-0.7974492675126031,sl,4,0.0,-0.6381421437663024,18210.2545,NAS100
2024-03-28 03:04:00,1,18274.438,18272.018434890702,18278.067347663942,18278.279000000002,1.5874753629265455,tp,23,2.17435768923495,-0.779065623304059,18274.403,NAS100
2024-03-28 04:37:00,1,18282.988500000003,18281.84803825979,18284.699192610322,18284.689192610324,1.4912316216809454,tp,4,1.5384119766002495,-0.32311474117128347,18282.953500000003,NAS100
2024-03-28 15:06:00,1,18281.9115,18270.273122130537,18299.36906680419,18270.26312213054,-1.000859226269379,sl,2,0.5888707238131692,-1.7703068443979306,18281.8765,NAS100
2024-03-28 18:01:00,1,18234.8615,18228.925559072188,18243.765411391716,18228.91555907219,-1.001684652883176,sl,1,1.4534342751930713,-1.4369246769350057,18234.8265,NAS100
2024-04-01 10:14:00,-1,18355.1765,18356.07272854651,18353.832157180237,18354.365999999998,0.904345217701255,sl,1,0.0,0.0,18355.1865,NAS100
2024-04-01 14:08:00,-1,18367.211000000003,18390.717037328217,18331.951944007684,18351.443,0.6708063881561837,tp,11,0.51671831497628,0.0,18367.221,NAS100
2024-04-01 18:47:00,-1,18264.349000000002,18270.397425806506,18255.276361290245,18267.899,-0.5869295769787995,sl,7,0.0,0.0,18264.359,NAS100
2024-04-01 19:32:00,-1,18264.9045,18274.53107535509,18250.464636967365,18254.621,1.0682407419751172,tp,5,0.7821576959888331,-0.37671756218900476,18264.9145,NAS100
2024-04-01 23:20:00,-1,18272.2545,18274.342176875332,18269.122984686997,18270.724,0.7331115356424258,tp,5,0.6181512164295747,0.0,18272.264499999997,NAS100
2024-04-02 01:39:00,-1,18261.06,18263.4368492377,18257.494726143454,18259.833,0.5162296289312415,tp,2,0.4186214187341916,0.0,18261.07,NAS100
2024-04-02 16:25:00,1,18036.221,18026.870521313318,18050.246718030026,18050.236718030028,1.4989305360363379,tp,6,1.6221629403422553,-0.1841616945722778,18036.186,NAS100
2024-04-02 18:40:00,-1,18076.104000000003,18086.51308781709,18060.490368274375,18078.188,-0.2002096664584213,sl,2,0.0,-0.16802625078493374,18076.114,NAS100
2024-04-03 07:05:00,1,18079.95,18074.06431048988,18088.77853426518,18074.054310489882,-1.0016990362779425,sl,1,0.4235697441586263,-2.5517825862503596,18079.915,NAS100
2024-04-03 07:50:00,1,18071.011000000002,18066.466246791584,18077.82812981263,18077.818129812633,1.497799660501244,tp,2,1.513393507761225,-0.43830762830251907,18070.976000000002,NAS100
2024-04-03 18:46:00,1,18201.888499999997,18192.1477564244,18216.49961536339,18192.137756424403,-1.0010266156706407,sl,7,0.42096375581401907,-1.612043257081147,18201.853499999997,NAS100
2024-04-04 07:06:00,1,18216.9765,18210.52749858765,18226.650002118527,18210.51749858765,-1.0015506276645012,sl,4,0.9788337133730846,-1.5437273716413105,18216.9415,NAS100
2024-04-04 10:30:00,1,18248.039,18242.37453021869,18256.535704671966,18242.364530218692,-1.001765390298558,sl,7,0.5049016254685035,-1.9237458086467094,18248.004,NAS100
2024-04-04 12:05:00,-1,18249.130500000003,18252.24193030303,18244.463354545464,18245.944,1.0241270700822502,sl,3,0.15314500200786996,0.0,18249.1405,NAS100
2024-04-04 13:39:00,1,18346.2385,18330.780885116725,18369.424922324913,18330.770885116726,-1.0006469303365306,sl,1,0.546688480972733,-1.3345849379596264,18346.2035,NAS100
2024-04-04 23:43:00,1,17896.988,17891.417707433688,17905.34343884947,17905.333438849473,1.4982047621593748,tp,9,1.6894983320828072,-0.08401713095484299,17896.953,NAS100
2024-04-05 08:16:00,-1,17940.6205,17946.84028611919,17931.290820821217,17935.524,0.8194011662677937,tp,3,0.8250283694109812,0.0,17940.6305,NAS100
2024-04-05 10:02:00,1,17937.683,17932.794179023545,17945.016231464684,17932.784179023547,-1.0020454829592982,sl,29,1.0460599855520905,-1.3948148301686183,17937.648,NAS100
2024-04-08 00:00:00,1,18117.482,18114.893064881,18121.3654026785,18122.676000000003,2.006230268916891,tp,1,2.2854956683050887,-0.30321346959925194,18117.447,NAS100
2024-04-08 19:41:00,1,18112.3165,18101.77194935845,18128.133325962328,18101.76194935845,-1.0009483571503741,sl,3,1.0329031904951984,-1.3242385071371428,18112.2815,NAS100
2024-04-08 23:35:00,1,18118.0895,18115.754540036276,18121.59193994558,18115.744540036278,-1.0042827286779077,sl,9,0.8503357791357469,-2.9895587540910435,18118.0545,NAS100
2024-04-09 07:04:00,-1,18124.227000000003,18130.216221957442,18115.243167063843,18127.956,-0.6226184346639198,sl,14,0.757694410434611,-0.45882420446658506,18124.237,NAS100
2024-04-09 11:45:00,1,18135.333000000002,18124.716064743865,18151.25840288421,18151.248402884212,1.499058108601463,tp,16,1.7883691990135735,-0.8289586201362102,18135.298000000003,NAS100
2024-04-09 16:50:00,-1,18102.2055,18113.216115328014,18085.68957700798,18091.032,1.0147934213606036,tp,4,1.017972171953298,0.0,18102.2155,NAS100
2024-04-09 17:15:00,1,18084.072,18060.881921294746,18118.85711805788,18060.871921294747,-1.0004312188900046,sl,46,0.900471286251816,-1.257089308342727,18084.037,NAS100
2024-04-10 10:45:00,1,18164.6165,18157.33689852918,18175.535902206226,18175.525902206227,1.4986262984257717,tp,7,1.6721382411930663,-0.08647451409566452,18164.5815,NAS100
2024-04-10 19:13:00,-1,17983.2495,18002.043954812063,17955.05781778191,17996.799,-0.7209307285307359,sl,3,0.0,-0.5352376592240241,17983.2595,NAS100
2024-04-10 19:41:00,-1,18005.155000000002,18037.048293512486,17957.315059731278,18032.967,-0.8720328613635475,sl,7,0.0,-0.7622292125610267,18005.165,NAS100
2024-04-11 01:36:00,-1,17991.8265,17998.09589368751,17982.42240946873,17991.267,0.08924307961612449,sl,2,0.0,0.0,17991.836499999998,NAS100
2024-04-11 04:33:00,-1,18023.049000000003,18024.475541517473,18020.909187723795,18020.944187723795,1.4754651374885344,tp,1,0.0,0.0,18023.059,NAS100
2024-04-11 14:04:00,-1,18076.1935,18100.995711416894,18038.990182874662,18048.655,1.1103243794319968,tp,8,0.9186882418268076,0.0,18076.2035,NAS100
2024-04-11 15:07:00,1,18066.3505,18058.915161791287,18077.50350731307,18079.743000000002,1.801195806305957,tp,1,1.8235216232812892,-0.7210835404522271,18066.3155,NAS100
2024-04-11 23:35:00,-1,18313.776500000004,18316.106233322025,18310.28190001697,18311.743,0.8728466819714907,tp,13,0.938948668212988,0.0,18313.786500000002,NAS100
2024-04-12 03:11:00,-1,18311.8265,18313.3885933152,18309.483360027196,18311.467,0.23013990041441448,sl,1,0.0,0.0,18311.836499999998,NAS100
2024-04-12 05:46:00,1,18309.6165,18306.624928437555,18314.103857343667,18306.614928437557,-1.0033427246481201,sl,15,1.3492908044291227,-1.636430851748732,18309.5815,NAS100
2024-04-15 00:50:00,1,18055.816499999997,18052.083143756605,18061.416534365086,18052.073143756606,-1.0026785549908606,sl,2,0.7747720312309277,-2.65083194712927,18055.781499999997,NAS100
2024-04-15 07:00:00,-1,18094.727000000003,18102.005410654678,18083.80938401799,18090.734,0.548608781429145,sl,1,0.0,0.0,18094.737,NAS100
2024-04-15 08:26:00,-1,18100.9265,18115.22781419796,18079.474528703067,18111.688,-0.7524832928664709,sl,30,0.0,-0.7305971923539046,18100.9365,NAS100
2024-04-15 09:12:00,1,18109.810999999998,18102.590145170798,18120.642282243796,18102.254,-1.046551991245916,sl,6,1.0923914393216578,-1.0896216841504007,18109.775999999998,NAS100
2024-04-15 12:00:00,1,18119.184,18115.136261624153,18125.255607563773,18115.126261624155,-1.002470515401407,sl,1,0.37378898029249313,-1.2839268543168545,18119.149,NAS100
2024-04-15 15:48:00,1,18010.878,17993.01156976619,18037.67764535072,18037.66764535072,1.4994402911009241,tp,5,1.797840955336012,-0.14188620596421794,18010.843,NAS100
2024-04-15 18:28:00,1,17720.283,17698.526091356674,17752.918362964985,17752.908362964987,1.4995403758794894,tp,6,1.6037664436627197,-0.3047307918919398,17720.248,NAS100
2024-04-15 19:50:00,1,17722.221,17696.52016282654,17760.772255760196,17696.51016282654,-1.0003890923836802,sl,11,0.3423234792165905,-1.4136504486132653,17722.186,NAS100
2024-04-16 01:44:00,-1,17699.1655,17704.70365215996,17690.85827176006,17702.754,-0.647959806150946,sl,2,0.0,-0.47335283038167375,17699.175499999998,NAS100
2024-04-16 07:40:00,1,17694.132999999998,17680.07302162935,17715.222967555972,17680.06302162935,-1.0007112386473704,sl,9,0.6778815549175349,-1.0054069520837932,17694.097999999998,NAS100
2024-04-16 17:40:00,-1,17752.588,17761.45728575136,17739.28407137296,17739.31907137296,1.4960537972300094,tp,1,0.0,0.0,17752.597999999998,NAS100
2024-04-16 23:24:00,-1,17745.9045,17747.73632086626,17743.15676870061,17745.511,0.21481358098364156,sl,4,0.12473927129542611,0.0,17745.9145,NAS100
2024-04-17 03:19:00,1,17764.005,17761.349063782855,17767.98890432572,17767.978904325722,1.4962348493409443,tp,8,2.1472654212023525,-0.9985179549421241,17763.97,NAS100
2024-04-17 07:02:00,-1,17671.087000000003,17675.861141197016,17663.925788204484,17665.333,1.205242945810811,sl,1,0.0,0.0,17671.097,NAS100
2024-04-17 10:29:00,-1,17765.087000000003,17768.622563611487,17759.783654582778,17766.289,-0.33997408393200673,sl,2,0.0,-0.33007467217027997,17765.097,NAS100
2024-04-17 18:55:00,1,17538.1175,17528.728018706046,17552.20172194093,17552.191721940933,1.4989349784417976,tp,1,1.7374229192515813,-0.7891277236765355,17538.0825,NAS100
2024-04-18 06:04:00,-1,17590.383,17593.87410570654,17585.14634144019,17585.322,1.4496839756299613,tp,1,0.0,0.0,17590.393,NAS100
2024-04-18 08:05:00,-1,17591.577500000003,17598.631993305684,17580.995760041482,17588.711,0.40633676662438734,tp,3,0.08214622580147697,0.0,17591.5875,NAS100
2024-04-18 19:17:00,1,17400.521,17376.610384385727,17436.38692342141,17436.376923421412,1.4995817757200518,tp,34,1.655708102152223,-0.22588293363628575,17400.486,NAS100
2024-04-18 20:01:00,-1,17423.545000000002,17441.603077214422,17396.457884178373,17405.733,0.9863730112848275,tp,4,0.49789354056045415,0.0,17423.555,NAS100
2024-04-19 18:08:00,-1,17133.083000000002,17149.979004400364,17107.73899339946,17111.311,1.2885886795540216,tp,2,1.1013254707489077,0.0,17133.093,NAS100
2024-04-22 01:38:00,1,17079.7455,17068.919349491298,17095.984725763054,17095.974725763055,1.4990763106431801,tp,9,1.553506944733257,-0.32047402234156636,17079.7105,NAS100
2024-04-22 08:52:00,-1,17125.4425,17130.995194203242,17117.113458695138,17118.043999999998,1.3324162522194094,tp,9,1.0687604580377237,0.0,17125.4525,NAS100
2024-04-23 10:01:00,-1,17238.6105,17243.381097628197,17231.4546035577,17241.067,-0.5149250034168721,sl,3,0.0,-0.23047426877953678,17238.620499999997,NAS100
2024-04-23 13:34:00,1,17292.117000000002,17271.331146359942,17323.295780460092,17323.285780460094,1.4995189035691503,tp,9,2.149153976236207,-0.5344500251166179,17292.082000000002,NAS100
2024-04-24 02:42:00,-1,17592.105,17595.514520584624,17586.990719123063,17588.445,1.0734647024878419,tp,12,0.9696377886408408,-0.2812712157608539,17592.114999999998,NAS100
2024-04-24 07:07:00,1,17588.844,17584.577835607055,17595.24324658942,17595.933,1.661679988638397,tp,1,1.6640240145777008,-0.5213113689850634,17588.809,NAS100
2024-04-24 11:24:00,-1,17570.9985,17575.299076310486,17564.547635534276,17574.324,-0.7732684551815714,sl,4,0.0,-0.38215808332280427,17571.0085,NAS100
2024-04-24 15:43:00,1,17516.037500000002,17496.827758991865,17544.852111512206,17496.817758991867,-1.0005205692254864,sl,2,0.4248105165260422,-1.583493498799315,17516.002500000002,NAS100
2024-04-24 16:52:00,-1,17457.966000000004,17472.880430241275,17435.594354638095,17468.567,-0.7107881312596063,sl,3,0.0,-0.6510473308679138,17457.976000000002,NAS100
2024-04-24 19:51:00,1,17534.138499999997,17522.187087668073,17552.065618497883,17522.177087668075,-1.000836721194171,sl,10,1.0174111362153961,-1.989179131280827,17534.103499999997,NAS100
2024-04-25 02:31:00,1,17330.412,17326.438244019326,17336.372633971012,17336.362633971014,1.4974834891606248,tp,5,1.8589465573437165,-0.09311090107153007,17330.377,NAS100
2024-04-25 04:31:00,-1,17323.377000000004,17324.888129102666,17321.11030634601,17322.643,0.4857295109404085,sl,1,0.0,0.0,17323.387000000002,NAS100
2024-04-25 04:47:00,1,17322.4935,17321.083063209306,17324.609155186045,17321.073063209307,-1.0070900022350333,sl,1,1.1134848511887863,-2.297515224630211,17322.4585,NAS100
2024-04-25 12:30:00,-1,17362.4325,17368.57412565182,17353.22006152227,17341.61,3.390388991524773,sl,1,0.0,0.0,17362.442499999997,NAS100
2024-04-26 06:24:00,-1,17645.1595,17647.39354150934,17641.808437735992,17644.034,0.5037954734937524,sl,1,0.0,0.0,17645.1695,NAS100
2024-04-26 07:52:00,-1,17629.1215,17636.488220999156,17618.07141850127,17634.124,-0.6790673897617197,sl,2,0.0,-0.5579823099681177,17629.1315,NAS100
2024-04-29 23:45:00,-1,17783.7435,17785.440599048725,17781.197851426914,17784.922,-0.6944202820006355,sl,3,0.0,-0.6078018845018557,17783.7535,NAS100
2024-04-30 03:35:00,1,17787.25,17784.935873545062,17790.72118968241,17784.925873545064,-1.0043212850261758,sl,14,0.6736883356891188,-1.352130084907188,17787.215,NAS100
2024-04-30 12:04:00,1,17754.738500000003,17749.129168664287,17763.152497003575,17749.11916866429,-1.0017827436818942,sl,6,0.585007339306775,-1.5344966244364713,17754.703500000003,NAS100
2024-05-01 05:05:00,-1,17405.666500000003,17408.41043692456,17401.550594613167,17403.088,0.9397081896910332,tp,12,0.7571238177558756,0.0,17405.6765,NAS100
2024-05-01 08:41:00,-1,17354.327500000003,17360.074550948397,17345.70692357741,17347.666,1.159116224968186,tp,3,1.1652063049612364,0.0,17354.3375,NAS100
2024-05-01 13:35:00,-1,17377.8055,17398.449541475253,17346.839437787115,17361.31,0.799044122235961,tp,22,0.5181398231940185,-0.28921178089861244,17377.815499999997,NAS100
2024-05-02 03:27:00,-1,17442.877000000004,17446.01684103473,17438.167238447917,17444.240999999998,-0.4344168971961123,sl,2,0.0,-0.28632022769791166,17442.887000000002,NAS100
2024-05-02 05:14:00,-1,17438.6045,17440.931282702328,17435.11432594651,17435.345,1.4008613682494184,tp,9,1.20660171540536,0.0,17438.6145,NAS100
2024-05-02 05:50:00,1,17431.755,17429.221104994656,17435.555842508016,17429.211104994658,-1.0039464934329585,sl,1,1.784209681326424,-1.4428379993216678,17431.72,NAS100
2024-05-02 12:56:00,1,17471.0485,17463.396186857553,17482.526969713672,17463.386186857555,-1.0013067944048093,sl,4,0.46267055909669996,-1.4252553178335845,17471.0135,NAS100
2024-05-03 15:18:00,-1,17822.276,17834.48263985198,17803.966040222032,17812.522,0.7990733009477663,sl,5,0.20480656677970563,0.0,17822.286,NAS100
2024-05-05 22:37:00,-1,17926.7995,17929.51931361043,17922.719779584353,17923.199,1.3238039497237009,tp,17,1.164969536091847,0.0,17926.8095,NAS100
2024-05-06 05:53:00,-1,17883.960000000003,17889.34360211723,17875.88459682416,17886.71,-0.5108104091117676,sl,12,0.0,-0.5002227024500344,17883.97,NAS100
2024-05-06 10:44:00,-1,17942.626500000002,17946.691289637507,17936.529315543747,17937.0,1.3842044734831322,tp,4,1.0732412717625366,0.0,17942.6365,NAS100
2024-05-06 12:02:00,-1,17931.821500000002,17936.386319647398,17924.97427052891,17934.588,-0.6060480399430868,sl,4,0.0,-0.24546424317913793,17931.8315,NAS100
2024-05-06 13:25:00,1,17949.5275,17943.684894241516,17958.291408637728,17958.28140863773,1.4982884349192893,tp,5,3.193523706936416,-0.13803772380631493,17949.4925,NAS100
2024-05-06 13:34:00,-1,17954.5655,17968.007601830042,17934.402347254938,17960.267,-0.4241524184303466,sl,2,0.0,-0.38844371706291536,17954.5755,NAS100
2024-05-06 18:42:00,1,18026.488500000003,18019.34582729427,18037.202509058603,18037.192509058605,1.4985999638496144,tp,7,1.7856761082945445,-0.2725170367164407,18026.453500000003,NAS100
2024-05-07 03:10:00,-1,18075.994500000004,18078.28544057052,18072.558089144233,18076.689,-0.3031505962803349,sl,10,0.0,-0.3363247436061547,18076.004500000003,NAS100
2024-05-08 00:10:00,-1,18099.2715,18102.062407560417,18095.08513865937,18098.754,0.18542355445141426,sl,2,0.0,0.0,18099.281499999997,NAS100
2024-05-08 01:45:00,1,18100.7225,18097.856575287165,18105.021387069253,18097.846575287167,-1.003489275190523,sl,8,0.6927955891888087,-1.1366313934946526,18100.6875,NAS100
2024-05-09 07:25:00,1,18041.8945,18037.201182021814,18048.934476967275,18037.191182021816,-1.0021306887888017,sl,2,0.6944980108211165,-1.0481923498187882,18041.8595,NAS100
2024-05-09 18:25:00,-1,18103.699500000002,18112.10267634617,18091.09473548075,18104.688,-0.11763408969116868,sl,2,0.0,-0.11346899799750038,18103.7095,NAS100
2024-05-09 23:55:00,-1,18136.721500000003,18139.24170076377,18132.94119885435,18133.489,1.2826359099939073,tp,3,1.2965236924686403,0.0,18136.7315,NAS100
2024-05-10 02:03:00,1,18121.867499999997,18120.203265746208,18124.36385138068,18120.19326574621,-1.006008769484003,sl,10,1.2807692157221549,-2.070922402992065,18121.832499999997,NAS100
2024-05-10 05:24:00,1,18129.189499999997,18126.42814674121,18133.331529888175,18133.321529888177,1.496378587213866,tp,13,1.5921541316796075,-0.3873100975382296,18129.154499999997,NAS100
2024-05-10 16:14:00,-1,18138.1715,18142.028786335486,18132.385570496772,18141.056,-0.7478055163972964,sl,3,0.0,0.0,18138.1815,NAS100
2024-05-10 19:08:00,1,18150.5655,18147.214195420387,18155.59245686942,18155.582456869422,1.4970160873890035,tp,1,1.511799324603653,-0.11323948360517716,18150.5305,NAS100
2024-05-13 06:30:00,-1,18201.204500000003,18202.782796772437,18198.83705484135,18200.788,0.26389206851180963,sl,1,0.0,0.0,18201.214500000002,NAS100
2024-05-13 12:41:00,-1,18222.4275,18225.97094259456,18217.112336108166,18225.124,-0.760983119675863,sl,4,0.0,-0.38648855271446503,18222.4375,NAS100
2024-05-13 15:18:00,1,18198.577999999998,18192.23535628433,18208.091965573498,18192.225356284333,-1.0015766296274373,sl,4,1.3048186798762398,-1.4577517537617486,18198.542999999998,NAS100
2024-05-13 18:58:00,-1,18190.3325,18194.66279397024,18183.83705904464,18192.154,-0.4206411879923542,sl,4,0.0,-0.30771582926190005,18190.3425,NAS100
2024-05-13 19:47:00,-1,18199.2445,18204.982021155938,18190.638218266096,18199.166,0.013681866761987715,tp,2,0.0,0.0,18199.2545,NAS100
2024-05-14 01:44:00,-1,18179.837000000003,18181.582664095928,18177.218503856115,18180.177,-0.19476828376678965,sl,10,0.13633779864092077,-0.009738414186255474,18179.847,NAS100
2024-05-14 07:09:00,1,18193.4775,18189.794151373055,18199.00252294042,18198.99252294042,1.4972850791463934,tp,5,1.5411248227958811,-0.37180841096113254,18193.4425,NAS100
2024-05-14 16:52:00,1,18215.166,18207.38196844129,18226.84204733807,18207.37196844129,-1.0012846813277891,sl,15,1.4144341421219961,-1.157754812789168,18215.131,NAS100
2024-05-15 11:38:00,1,18314.7115,18310.67270809424,18320.769687858643,18310.66270809424,-1.002475987927017,sl,6,0.5143864919200092,-1.0900536850438267,18314.6765,NAS100
2024-05-15 12:13:00,-1,18310.3385,18316.056520661048,18301.76146900843,18304.378,1.0424061669812512,tp,8,1.0485271662001399,0.0,18310.3485,NAS100
2024-05-15 13:37:00,1,18407.389,18394.14912272798,18427.248815908028,18394.139122727982,-1.000755294010129,sl,9,1.490195082223067,-1.5703317767104232,18407.354,NAS100
2024-05-15 16:10:00,-1,18501.804,18507.87143460717,18492.702848089248,18502.267,-0.07630902184800406,sl,14,0.35632852102699375,-0.07235347859865496,18501.814,NAS100
2024-05-15 20:07:00,-1,18588.3055,18600.80902616327,18569.55021075509,18585.721,0.2067016908869082,time,60,0.24948962070876363,-0.04034861793504484,18588.315499999997,NAS100
2024-05-15 23:04:00,-1,18611.422000000002,18618.705831975414,18600.496252036886,18616.445,-0.6896095375282691,sl,12,0.0,-0.711987868130994,18611.432,NAS100
2024-05-16 07:59:00,1,18631.672000000002,18625.74970705379,18640.55543941932,18625.73970705379,-1.001688535182103,sl,12,0.47734889605649145,-1.4626091749723564,18631.637000000002,NAS100
2024-05-16 09:09:00,1,18626.9065,18624.89012143425,18629.931067848625,18629.921067848627,1.4950406138171373,tp,1,2.07327139407694,-0.04240275187078366,18626.8715,NAS100
2024-05-16 09:38:00,-1,18629.153500000004,18631.629438574102,18625.439592138857,18628.41,0.3002901638119039,tp,5,0.31442621725281106,0.0,18629.163500000002,NAS100
2024-05-16 18:04:00,1,18604.793999999998,18593.43464033398,18621.833039499026,18593.424640333982,-1.0008803313120118,sl,4,0.6087491023536878,-1.25843361072217,18604.759,NAS100
2024-05-16 23:47:00,1,18557.793,18555.094750587203,18561.8403741192,18555.084750587204,-1.0037061066152617,sl,3,0.36393966967693747,-1.4268510471049338,18557.758,NAS100
2024-05-17 06:38:00,1,18575.6445,18572.116243144737,18580.936885282892,18572.10624314474,-1.002834260771998,sl,4,0.6860328199719542,-1.2537352526931476,18575.6095,NAS100
2024-05-17 12:19:00,-1,18577.589500000002,18582.85794948481,18569.68682577279,18580.945,-0.6369046547137269,sl,4,0.0,-0.6302613339225178,18577.5995,NAS100
2024-05-17 14:04:00,1,18558.8435,18545.868844298213,18578.30548355268,18545.858844298215,-1.0007707333611189,sl,4,0.49407862122455387,-1.1511288116835003,18558.8085,NAS100
2024-05-20 01:21:00,-1,18577.5875,18579.550447501337,18574.643078748,18579.088,-0.7644116814013463,sl,3,0.0,-0.5825423243466508,18577.5975,NAS100
2024-05-20 01:29:00,1,18577.3,18575.083101189306,18580.62534821604,18575.073101189308,-1.004510805793284,sl,2,0.680680594316328,-1.3139977277941493,18577.265,NAS100
2024-05-20 02:13:00,-1,18575.717,18579.392258004147,18570.20411299378,18579.067,-0.9115006337565736,sl,17,0.0,-0.7387236479553149,18575.727,NAS100
2024-05-20 08:00:00,-1,18575.8715,18579.115581929134,18571.005377106303,18577.421,-0.4776389850336942,sl,4,0.0,-0.4468136229796406,18575.8815,NAS100
2024-05-20 20:05:00,1,18669.494499999997,18653.090416322073,18694.100625516883,18653.080416322075,-1.0006096043030954,sl,8,0.43309337720352054,-1.2054620293486797,18669.459499999997,NAS100
2024-05-20 23:02:00,1,18656.122,18655.561059998097,18656.963410002852,18655.5510599981,-1.0178272185340518,sl,1,1.9966484761315793,-1.2692979598268281,18656.087,NAS100
2024-05-21 01:08:00,-1,18667.454500000003,18669.389243177746,18664.55238523339,18665.11,1.2117887412523034,tp,19,0.9073555705990045,0.0,18667.464500000002,NAS100
2024-05-21 04:02:00,1,18662.710499999997,18660.40201041669,18666.17323437496,18666.4,1.5982311666815172,tp,20,1.683568350537351,-0.21767479638284012,18662.675499999998,NAS100
2024-05-21 05:09:00,1,18665.793999999998,18663.949363148375,18668.560955277433,18663.939363148376,-1.0054211212302295,sl,12,1.0815136856053427,-1.009412773228892,18665.759,NAS100
2024-05-21 11:02:00,1,18661.944,18658.609386841723,18666.945919737416,18666.935919737418,1.4970011514013972,tp,4,1.9651454873363983,-0.23690903937089852,18661.909,NAS100
2024-05-21 12:13:00,1,18660.4615,18657.7400118555,18664.54373221675,18657.730011855503,-1.003674460246542,sl,1,0.8056254091822984,-1.5588897598450255,18660.4265,NAS100
2024-05-21 19:06:00,-1,18684.4,18689.10982909531,18677.33525635704,18686.145,-0.3705017665582955,sl,5,0.0,-0.24034842392172825,18684.41,NAS100
2024-05-21 19:27:00,1,18682.200999999997,18678.366804504552,18687.952293243165,18687.942293243166,1.4973918909428903,tp,3,1.8303709365735883,-0.19195682663326255,18682.165999999997,NAS100
2024-05-22 01:36:00,1,18723.3055,18722.51875521412,18724.485617178812,18724.475617178814,1.4872893978076132,tp,2,2.1398298790452093,-0.10867564873924321,18723.2705,NAS100
2024-05-23 05:31:00,-1,18872.716,18875.356299065366,18868.75555140195,18875.054,-0.8855057484465915,sl,11,0.0,-0.6203842668754505,18872.726,NAS100
2024-05-24 06:04:00,-1,18634.3385,18638.241010856702,18628.48473371495,18630.155,1.0720021426257265,tp,9,0.9607916896795242,-0.021140235870235644,18634.3485,NAS100
2024-05-24 07:05:00,1,18624.827999999998,18617.68081165667,18635.548782514987,18617.670811656673,-1.0013991515989273,sl,6,0.7358138259939198,-1.1765465797257615,18624.792999999998,NAS100
2024-05-24 13:04:00,1,18685.8775,18673.901881596325,18703.84092760551,18673.891881596326,-1.00083502994679,sl,8,0.45997624626298095,-1.1525500842414373,18685.8425,NAS100
2024-05-24 13:27:00,1,18673.2555,18668.470758980464,18680.4326115293,18680.422611529302,1.4979100227244506,tp,1,1.6388556805867898,-0.04691998983511536,18673.2205,NAS100
2024-05-24 14:51:00,1,18764.766,18745.638519400887,18793.45722089867,18793.44722089867,1.4994771919936563,tp,8,1.6015177660890185,-0.07502294892239471,18764.731,NAS100
2024-05-27 00:23:00,1,18768.971500000003,18764.40975832473,18775.81411251291,18775.804112512913,1.4978078548260183,tp,17,1.5039211968499004,-0.7859936522580158,18768.936500000003,NAS100
2024-05-27 05:49:00,1,18792.8985,18790.778785620885,18796.07807156867,18796.068071568672,1.4952823832791198,tp,5,1.6042255661920026,-0.3408478081380908,18792.8635,NAS100
2024-05-27 06:12:00,-1,18794.1555,18797.35534367879,18789.355734481815,18795.922,-0.5520582182519184,sl,6,0.0,-0.27704478374253916,18794.1655,NAS100
2024-05-27 09:49:00,-1,18809.255500000003,18812.245791060323,18804.770063409524,18806.445,0.9398750634337473,tp,4,0.9147938929095936,0.0,18809.2655,NAS100
2024-05-27 12:07:00,-1,18807.688000000002,18810.7152697969,18803.147095304656,18810.444,-0.9103912716408638,sl,4,0.0,-0.2675678265702563,18807.698,NAS100
2024-05-28 06:25:00,-1,18850.887000000002,18855.14706322888,18844.496905156688,18852.754,-0.43825640599475946,sl,10,1.0513928454491457,-0.43004056549675934,18850.631999999998,NAS100
2024-05-28 09:27:00,1,18901.3005,18897.965893856293,18906.30240921556,18897.955893856295,-1.0029988549074285,sl,4,1.06204446563561,-1.5832454486304686,18901.2655,NAS100
2024-05-28 09:41:00,-1,18902.604000000003,18906.306914127978,18897.04962880804,18905.456,-0.7702041963245191,sl,12,0.21145507914637635,-0.5984475803139571,18902.614,NAS100
2024-05-28 13:32:00,1,18857.517,18842.743316955737,18879.677524566396,18842.73331695574,-1.000676879283821,sl,2,0.6831065733415557,-1.5678554853656268,18857.482,NAS100
2024-05-28 16:02:00,1,18858.8385,18850.696896098096,18871.050905852862,18850.686896098097,-1.0012282592126667,sl,4,0.3130218603978703,-1.285189027379753,18858.8035,NAS100
2024-05-28 16:11:00,-1,18853.649,18861.82566577133,18841.38400134301,18853.199,0.055034657473555904,sl,2,0.0,0.0,18853.659,NAS100
2024-05-29 02:35:00,-1,18841.888000000003,18844.649943454562,18837.74508481816,18838.799,1.1184153661452225,tp,6,1.154621755466286,0.0,18841.898,NAS100
2024-05-29 06:26:00,1,18796.986999999997,18788.816418030096,18809.24287295485,18809.23287295485,1.4987760969736237,tp,41,1.501361842423429,-0.2650973955070012,18796.951999999997,NAS100
2024-05-29 12:24:00,1,18749.0775,18743.18640040188,18757.91414939718,18743.17640040188,-1.0016974759689328,sl,3,0.6656652013236208,-1.249087691938892,18749.0425,NAS100
2024-05-29 17:33:00,1,18776.977000000003,18768.19502229086,18790.149966563717,18768.18502229086,-1.0011386956707928,sl,3,0.4882727037137334,-2.0802831213047304,18776.942000000003,NAS100
2024-05-29 17:50:00,-1,18782.099000000002,18789.206842199124,18771.43723670132,18771.47223670132,1.4950758614188149,tp,1,0.0,0.0,18782.109,NAS100
2024-05-30 00:17:00,1,18662.289999999997,18655.667129127283,18672.22430630907,18655.657129127285,-1.0015099192163928,sl,21,0.858389074656934,-1.2571587397695096,18662.254999999997,NAS100
2024-05-30 01:18:00,1,18651.626500000002,18649.02777428822,18655.524588567674,18655.514588567676,1.496151960188386,tp,4,1.639457361999285,-0.2764816605097508,18651.591500000002,NAS100
2024-05-30 06:31:00,1,18610.2435,18607.36167209304,18614.56624186044,18607.351672093042,-1.0034700198350663,sl,3,0.5470486270855044,-1.5731334924796188,18610.2085,NAS100
2024-05-30 19:05:00,-1,18599.039500000003,18612.249687875843,18579.224218186242,18581.511,1.3268925593451437,tp,19,1.200096482276001,-0.3517361027466343,18599.0495,NAS100
2024-06-04 05:58:00,1,18597.8605,18591.039309112915,18608.092286330626,18591.029309112917,-1.0014660196678171,sl,4,0.4388529876313736,-1.0614715406528759,18597.8255,NAS100
2024-06-04 13:36:00,-1,18578.094500000003,18592.82685168286,18555.995972475714,18556.030972475713,1.4976242760998735,tp,1,0.0,0.0,18578.1045,NAS100
2024-06-04 16:21:00,1,18535.9445,18520.189875092507,18559.576437361244,18559.566437361245,1.4993652657516687,tp,9,1.6311718083350355,-0.7519379274059373,18535.9095,NAS100
2024-06-04 17:28:00,-1,18579.670500000004,18589.059649476098,18565.586775785865,18583.333,-0.3900779308413625,sl,2,0.0,-0.38166396318656576,18579.680500000002,NAS100
2024-06-05 15:53:00,-1,18927.5485,18931.997706605434,18920.87469009185,18922.134,1.2169585456854615,tp,2,1.1600944747538853,0.0,18927.5585,NAS100
2024-06-06 03:06:00,1,19053.2265,19048.97512531812,19059.60356202282,19059.593562022823,1.4976478196473673,tp,12,1.7788363919632377,-0.03540031431272745,19053.1915,NAS100
2024-06-06 07:44:00,-1,19040.4155,19046.304192465574,19031.582461301638,19043.91,-0.5934254540256114,sl,3,0.0,-0.48745965539582553,19040.425499999998,NAS100
2024-06-06 19:57:00,1,19012.6775,18999.652327133073,19032.215259300392,19026.799000000003,1.0841698720065795,time,60,1.29146078688208,-0.8591440677470057,19012.6425,NAS100
2024-06-07 00:06:00,1,19038.077,19036.588922832278,19040.30911575159,19036.57892283228,-1.0067200816028226,sl,1,1.3588005003063601,-4.540759139755044,19038.042,NAS100
2024-06-07 07:02:00,-1,19062.5275,19063.94830008222,19060.396299876673,19059.534,2.106911477177675,sl,1,0.0,0.0,19062.5375,NAS100
2024-06-07 07:05:00,1,19056.8435,19053.453159193756,19061.929011209366,19053.443159193757,-1.0029495559797363,sl,5,1.418588948681109,-1.072311076604903,19056.8085,NAS100
2024-06-10 16:50:00,-1,19070.7035,19077.155780175603,19061.025079736595,19075.289,-0.7106789964483452,sl,4,0.0,-0.3452267941530799,19070.713499999998,NAS100
2024-06-11 13:39:00,1,19024.06,19011.7390310074,19042.541453488902,19042.531453488904,1.4991883755243274,tp,4,1.9627514698332804,-0.19990310839016676,19024.025,NAS100
2024-06-11 17:24:00,1,19077.505,19059.76330629664,19104.11754055504,19104.10754055504,1.4994363559552195,tp,13,1.562139470075067,-0.027393100575778682,19077.47,NAS100
2024-06-11 19:39:00,1,19163.322,19153.958272600637,19177.367591099042,19177.357591099044,1.4989320492178255,tp,8,1.5007912341570684,-0.06760128451034499,19163.287,NAS100
2024-06-11 19:51:00,-1,19173.027000000002,19178.48876831514,19164.834347527296,19164.869347527296,1.4935918189896755,tp,1,0.0,0.0,19173.037,NAS100
2024-06-12 08:26:00,1,19218.1445,19213.629247369783,19224.91737894532,19213.619247369785,-1.0022147155026235,sl,3,0.4771604551167212,-1.1497695533703762,19218.1095,NAS100
2024-06-12 11:02:00,-1,19235.988500000003,19239.966699296776,19230.021201054842,19238.934,-0.7404103666670104,sl,7,0.0,-0.28191146705677933,19235.9985,NAS100
2024-06-12 11:58:00,1,19235.0385,19231.69908066921,19240.047628996184,19240.037628996186,1.497005467415788,tp,5,1.7312890138395824,-0.5774956089571748,19235.0035,NAS100
2024-06-12 12:07:00,-1,19236.365500000004,19240.41142171784,19230.29661742325,19239.356,-0.7391393626854034,sl,3,0.0,-0.3785293208333514,19236.375500000002,NAS100
2024-06-12 18:37:00,-1,19487.499,19508.20509032547,19456.43986451179,19456.47486451179,1.4983096760688337,tp,1,0.0,0.0,19487.509,NAS100
2024-06-12 18:43:00,1,19470.077999999998,19448.43552657354,19502.541710139685,19448.42552657354,-1.0004620543965264,sl,7,0.9537264800228087,-1.154766347983369,19470.042999999998,NAS100
2024-06-13 11:39:00,1,19585.077,19579.446825634142,19593.522261548787,19579.436825634144,-1.0017761439253177,sl,13,1.387168405894747,-1.2138167587568605,19585.042,NAS100
2024-06-13 13:36:00,-1,19599.616,19614.109794276774,19577.875308584844,19605.289,-0.39140889484615704,sl,2,0.0,-0.22416490381726403,19599.626,NAS100
2024-06-13 13:42:00,1,19613.2,19590.12387330217,19647.814190046745,19590.113873302173,-1.0004333482880097,sl,17,0.7294118384946084,-1.1041714380254244,19613.165,NAS100
2024-06-13 15:15:00,1,19532.9205,19516.313486635227,19557.83102004716,19557.821020047162,1.4993978447672227,tp,16,1.6940734244048983,-0.32055733822016946,19532.8855,NAS100
2024-06-13 20:05:00,-1,19586.927,19606.64679910233,19557.347301346505,19572.034,0.7552308176526683,sl,1,0.0,0.0,19586.936999999998,NAS100
2024-06-13 23:00:00,-1,19589.448,19591.564826668287,19586.27275999757,19588.344,0.5215353796032322,tp,2,0.4483125681558221,0.0,19589.458,NAS100
2024-06-14 12:03:00,-1,19520.437500000004,19532.073149588847,19502.984025616737,19531.844,-0.9803062487318732,sl,19,0.2803023565724661,-0.8570643111802211,19520.447500000002,NAS100
2024-06-14 18:06:00,-1,19644.894,19653.290717475214,19632.29892378718,19634.61,1.2247643237201156,tp,4,1.2289326192597914,0.0,19644.904,NAS100
2024-06-16 23:29:00,1,19693.2055,19690.32570683504,19697.52518974744,19697.515189747442,1.496527528393333,tp,4,1.5252831534732396,-0.3845762304993234,19693.1705,NAS100
2024-06-17 03:12:00,-1,19679.954500000003,19683.14484895959,19675.168976560624,19679.155,0.2505995457338141,sl,3,0.042471842961509916,0.0,19679.964500000002,NAS100
2024-06-17 03:49:00,1,19684.793,19682.314222907215,19688.511165639182,19682.304222907216,-1.0040342473825092,sl,4,0.36913363555756107,-1.4729037195905357,19684.758,NAS100
2024-06-17 04:04:00,-1,19684.9385,19687.474653905847,19681.13426914123,19682.121,1.1109341564428266,tp,7,0.8081134174373911,0.0,19684.9485,NAS100
2024-06-17 05:57:00,1,19679.001,19675.638562686083,19684.044655970876,19675.628562686084,-1.0029740331387023,sl,4,1.0070076209253775,-1.9970632529583126,19678.966,NAS100
2024-06-18 01:49:00,1,19886.199,19881.776484494178,19892.832773258735,19881.76648449418,-1.0022611565714654,sl,1,0.2912369664514698,-1.0654569766449487,19886.164,NAS100
2024-06-18 01:54:00,-1,19884.805,19888.82117561471,19878.780736577937,19882.921,0.46910299268322786,tp,3,0.43598691092761577,0.0,19884.815,NAS100
2024-06-18 10:17:00,1,19940.954999999998,19935.978084850914,19948.420372723624,19948.410372723625,1.4979907232293803,tp,11,1.7723830396480982,-0.7458435373733439,19940.92,NAS100
2024-06-18 13:30:00,1,19902.865999999998,19901.185190449694,19905.387214325456,19901.175190449696,-1.00594951402828,sl,1,3.014023807210526,-4.609088518445802,19902.831,NAS100
2024-06-18 13:59:00,1,19900.6725,19880.968226330475,19930.228910504287,19880.958226330476,-1.0005075041164224,sl,45,1.297155146577631,-1.0057970332929431,19900.6375,NAS100
2024-06-18 19:05:00,-1,19903.665500000003,19908.61299048002,19896.24426427998,19896.27926427998,1.4929257064483032,tp,1,0.0,0.0,19903.6755,NAS100
2024-06-19 05:30:00,-1,19927.616,19929.41191197619,19924.92213203572,19928.356,-0.412046920901444,sl,2,0.0,0.0,19927.626,NAS100
2024-06-19 07:45:00,-1,19942.132,19944.619752820843,19938.400370768737,19943.433,-0.5229619233470695,sl,2,0.0,-0.25846619270739146,19942.142,NAS100
2024-06-19 07:54:00,1,19941.949,19937.58005380926,19948.502419286113,19948.492419286114,1.4977111185256549,tp,13,1.6113725581971414,-0.32181673534422617,19941.914,NAS100
2024-06-19 09:33:00,-1,19944.795000000002,19948.544880309342,19939.17017953599,19947.355,-0.6826884563811568,sl,59,0.2658751527401167,-0.6645545442587021,19944.805,NAS100
2024-06-19 13:40:00,-1,19954.5825,19963.882339316053,19940.632741025922,19942.141,1.3378188135493516,tp,54,1.341582319434818,-0.09360376780901349,19954.5925,NAS100
2024-06-20 03:40:00,-1,19976.711,19978.978252200963,19973.310121698552,19978.299,-0.7004073033096879,sl,5,0.0,-0.4498837842420058,19976.720999999998,NAS100
2024-06-20 13:38:00,-1,19950.2495,19968.52345054643,19922.83857418036,19961.589,-0.6205281102840356,sl,7,0.11822840356893784,-0.4946658894054207,19950.2595,NAS100
2024-06-21 01:38:00,-1,19771.9705,19775.013338339362,19767.406242490957,19773.077,-0.36364074479007785,sl,2,0.0,-0.35213832629249053,19771.980499999998,NAS100
2024-06-21 05:58:00,-1,19803.876500000002,19804.744017286575,19802.57522407014,19802.61022407014,1.4596549826271628,tp,1,0.0,0.0,19803.8865,NAS100
2024-06-21 09:18:00,-1,19708.954500000003,19718.003867691023,19695.380448463475,19715.654,-0.7403279686208296,sl,3,0.0,-0.5610889261395401,19708.964500000002,NAS100
2024-06-21 19:57:00,1,19714.5895,19707.55350888816,19725.14348666776,19707.54350888816,-1.0014212638758984,sl,1,0.3455803114803477,-1.677446689797264,19714.5545,NAS100
2024-06-21 20:08:00,-1,19726.916,19743.204815059296,19702.48277741106,19731.756,-0.2971364081660546,time,60,0.19197222073044334,-0.2949876944706479,19726.926,NAS100
2024-06-24 04:27:00,-1,19684.371000000003,19689.33197725747,19676.929534113806,19688.61,-0.8544687427499125,sl,15,0.2654718882294332,-0.8474136811796982,19684.381,NAS100
2024-06-24 11:53:00,1,19688.255999999998,19683.01253657806,19696.121195132906,19683.00253657806,-1.0019071364084584,sl,1,0.5292303534321803,-1.2550864706070122,19688.220999999998,NAS100
2024-06-24 23:08:00,-1,19493.282000000003,19495.120916644133,19490.523625033806,19495.155916644133,-1.01903294535485,sl,3,0.0,-0.8853038582219102,19493.292,NAS100
2024-06-26 16:30:00,1,19734.9885,19725.03992576874,19749.91136134689,19725.02992576874,-1.001005169159514,sl,9,0.7457852580208005,-1.354817251867943,19734.9535,NAS100
2024-06-26 18:15:00,-1,19715.982500000002,19723.603387286483,19704.55116907028,19708.734,0.9511359671806259,tp,6,0.5985523507341913,0.0,19715.9925,NAS100
2024-06-27 06:05:00,1,19695.483,19691.867130205897,19700.906804691156,19691.8571302059,-1.0027655863091942,sl,1,0.7201586750292572,-1.3540310571983762,19695.448,NAS100
2024-06-27 12:08:00,-1,19717.216000000004,19724.72961829023,19705.94557256467,19709.233,1.0624707952479104,tp,22,0.9884718271709868,-0.09356344344939013,19717.226000000002,NAS100
2024-06-27 12:32:00,1,19718.1545,19704.49718514153,19738.64047228771,19738.63047228771,1.4992677916485029,tp,7,1.6426728264291655,-0.02039200259248518,19718.1195,NAS100
2024-06-28 03:00:00,-1,19882.9775,19887.591898477185,19876.055902284224,19877.056,1.2832658534539212,tp,46,1.2789315940484263,-0.08614340568213807,19882.9875,NAS100
2024-06-28 11:46:00,1,19871.482500000002,19866.419752227,19879.076621659504,19879.066621659505,1.498024788030775,tp,29,2.2925297724475486,-0.6268335185340387,19871.447500000002,NAS100
2024-07-01 03:11:00,1,19755.894,19751.91352711564,19761.86470932654,19751.903527115643,-1.002512264318567,sl,6,1.237290177092148,-1.5201711394081312,19755.859,NAS100
2024-07-01 07:11:00,1,19764.1335,19755.53714786144,19777.02802820784,19755.52714786144,-1.001163284127641,sl,7,0.8411125886255908,-1.8862070490651197,19764.0985,NAS100
2024-07-01 17:01:00,-1,19776.299000000003,19785.896956545595,19761.902065181614,19770.322,0.6227367223023265,tp,3,0.5721009439788718,0.0,19776.309,NAS100
2024-07-02 06:48:00,1,19749.8065,19745.91284104677,19755.646988429842,19745.902841046773,-1.0025682783516798,sl,7,0.8969712144678528,-1.4519761663547306,19749.7715,NAS100
2024-07-02 23:52:00,1,19993.8265,19991.125910321436,19997.877384517844,19997.867384517845,1.496297105007185,tp,9,1.6105741773827946,-0.2449465038133079,19993.7915,NAS100
2024-07-03 01:35:00,-1,20002.1775,20004.573398911354,19998.583651632973,19999.932,0.9372265204349739,tp,4,0.608748554911806,0.0,20002.1875,NAS100
2024-07-03 06:56:00,1,20002.428,19999.537216544544,20006.764175183183,19999.527216544546,-1.0034592698320335,sl,1,0.4016212275633939,-1.2865024507395115,20002.393,NAS100
2024-07-03 12:09:00,1,20001.456000000002,19997.228373584745,20007.79743962289,19997.218373584747,-1.0023653934894319,sl,3,1.0982521973181918,-1.4987133151446763,20001.421000000002,NAS100
2024-07-03 23:58:00,1,20166.695,20165.652653495847,20168.25851975623,20165.64265349585,-1.0095937387025864,sl,1,0.8672739788513274,-2.204641154206174,20166.66,NAS100
2024-07-04 01:28:00,-1,20167.055000000004,20168.565264128403,20164.789603807403,20166.956,0.0655514476865356,sl,5,0.368147524362796,0.0,20167.065000000002,NAS100
2024-07-04 04:57:00,-1,20164.732,20166.60555377414,20161.921669338786,20162.367,1.2623069765294077,tp,6,1.0851036292946514,0.0,20164.742,NAS100
2024-07-04 07:16:00,-1,20167.822500000002,20169.733962539845,20164.955306190237,20166.424,0.7316387168736175,tp,4,0.5830613871693553,0.0,20167.8325,NAS100
2024-07-05 02:07:00,-1,20172.698500000002,20174.039242499417,20170.68738625088,20170.72238625088,1.4738950618667404,tp,1,0.0,0.0,20172.7085,NAS100
2024-07-05 16:37:00,1,20358.3605,20350.860957199387,20369.609814200914,20350.85095719939,-1.0013334146179662,sl,8,1.2954789722928226,-1.2142740220451396,20358.3255,NAS100
2024-07-05 19:34:00,-1,20391.4765,20396.542446674426,20383.877579988362,20392.121,-0.1272220260928041,sl,11,0.3113929343084354,0.0,20391.4865,NAS100
2024-07-07 23:05:00,1,20367.4105,20363.937897481934,20372.619403777106,20372.609403777107,1.4971203153990271,tp,8,1.8454458771639384,-0.5734891884799012,20367.375500000002,NAS100
2024-07-08 01:11:00,-1,20354.276,20358.273942173582,20348.279086739632,20355.8,-0.3811961088553406,sl,9,0.0442727764230746,-0.3391744905567996,20354.266,NAS100
2024-07-08 02:50:00,1,20365.9895,20362.88928231692,20370.63982652462,20362.87928231692,-1.003225579949748,sl,8,0.7555921033490407,-1.01492873135032,20365.9545,NAS100
2024-07-08 03:56:00,-1,20365.677000000003,20367.349038402608,20363.168942396096,20363.934,1.0424401720001473,tp,7,1.0633727055743338,0.0,20365.2305,NAS100
2024-07-08 12:32:00,-1,20400.8435,20403.281193168736,20397.186960246894,20401.934,-0.44734916354023885,sl,2,0.0,0.0,20400.853499999997,NAS100
2024-07-08 13:34:00,1,20397.783,20382.219105224627,20421.12884216306,20382.20910522463,-1.0006425126963865,sl,2,0.7069567199472021,-1.6895513866881309,20397.748,NAS100
2024-07-08 13:50:00,-1,20398.189000000002,20412.994502291414,20375.980746562884,20391.011,0.4848197554342364,sl,1,0.0,0.0,20398.199,NAS100
2024-07-09 09:22:00,-1,20509.487,20511.948004682625,20505.795492976067,20509.532,-0.018285215105839577,sl,1,0.0,0.0,20509.491,NAS100
2024-07-09 09:56:00,1,20518.433500000003,20515.16740332294,20523.3326450156,20515.15740332294,-1.0030617587252162,sl,4,0.6905796805817369,-1.3170155158630092,20518.398500000003,NAS100
2024-07-09 16:05:00,-1,20474.932,20482.237598969255,20463.973601546117,20480.934,-0.8215616577449015,sl,4,0.0,-0.49126704259350273,20474.942,NAS100
2024-07-09 16:14:00,1,20471.3055,20463.496751613926,20483.018622579108,20485.677000000003,1.8404357893816963,tp,1,1.8673287035355233,-0.1504082270203677,20471.2705,NAS100
2024-07-10 13:45:00,-1,20535.610000000004,20544.39329379386,20522.435059309224,20534.233,0.1567748992943259,sl,5,0.3151437336572216,0.0,20535.620000000003,NAS100
2024-07-11 05:31:00,-1,20658.267000000003,20660.497594036613,20654.92110894509,20655.154,1.3955923619057655,tp,10,1.1862310920664616,-0.35237250126926867,20658.277000000002,NAS100
2024-07-11 12:28:00,-1,20656.4105,20660.913074194166,20649.656638708755,20656.632,-0.0491940810851543,sl,2,0.0,0.0,20656.4205,NAS100
2024-07-11 15:46:00,1,20287.938,20271.903493929494,20311.989759105752,20316.676000000003,1.7922597598980199,tp,1,1.8913585405532796,-0.4570143893286367,20287.903,NAS100
2024-07-12 03:57:00,-1,20212.644500000002,20215.342475500318,20208.597536749527,20210.454,0.8119050746547575,tp,8,0.700710588283715,0.0,20212.6545,NAS100
2024-07-12 10:56:00,1,20215.083000000002,20208.638672489407,20224.749491265895,20208.62867248941,-1.0015517522940847,sl,10,1.4750957309927064,-1.1580727372613449,20215.048000000003,NAS100
2024-07-12 12:40:00,1,20204.201,20192.15183470959,20222.274747935615,20222.264747935616,1.4991700669915817,tp,3,2.6796876980101327,-0.17453491169824598,20204.166,NAS100
2024-07-12 19:00:00,1,20494.3275,20479.81188023256,20516.100929651162,20479.80188023256,-1.0006889130577001,sl,12,0.5002542169290315,-1.1655375568564474,20494.2925,NAS100
2024-07-14 22:27:00,-1,20325.772,20337.840354481417,20307.669468277876,20334.721,-0.7415261139189027,sl,58,0.13879274117929932,-0.6899863616717493,20325.782,NAS100
2024-07-15 01:30:00,-1,20364.905000000002,20368.24525857806,20359.894612132917,20359.929612132917,1.489521769293617,tp,1,0.0,0.0,20364.915,NAS100
2024-07-15 02:27:00,-1,20364.904000000002,20369.328306366413,20358.267540450386,20368.144,-0.7323181831610902,time,60,0.8848844713204044,-0.5438140582364159,20364.914,NAS100
2024-07-15 04:00:00,-1,20367.848500000004,20370.79812876426,20363.42405685362,20368.454,-0.20528007027020098,sl,33,0.62702805940031,-0.43480047914444486,20367.858500000002,NAS100
2024-07-15 13:48:00,-1,20432.616,20455.279230357548,20398.621154463683,20415.275,0.7651601173539833,tp,3,0.5086212255775683,0.0,20432.626,NAS100
2024-07-15 16:43:00,1,20453.772,20438.853981091692,20476.149028362466,20438.843981091693,-1.0006703302938456,sl,3,0.36740803411550615,-1.6494817543296174,20453.737,NAS100
2024-07-17 10:30:00,1,20145.538,20132.57590857598,20164.981137136034,20164.971137136035,1.4992285195597475,tp,12,1.5458925064256759,-0.5560059533792253,20145.503,NAS100
2024-07-17 17:28:00,1,19834.621499999997,19822.51097562747,19852.787286558792,19852.777286558794,1.4991742719234136,tp,2,1.6240006951818322,-0.11845069262646794,19834.586499999998,NAS100
2024-07-17 18:14:00,1,19842.1165,19819.485045496636,19876.063681755048,19876.05368175505,1.4995581371053683,tp,7,1.562360916517452,-0.07991090452142093,19842.0815,NAS100
2024-07-17 19:10:00,-1,19831.794,19843.79844855505,19813.787327167425,19837.966,-0.5141427339785941,sl,2,0.0,-0.4298406525162097,19831.804,NAS100
2024-07-17 19:14:00,1,19828.828,19814.866022077917,19849.77096688313,19849.760966883132,1.49928376910117,tp,9,1.8743046397892138,-0.9364719005406076,19828.793,NAS100
2024-07-18 00:28:00,-1,19868.249,19874.31959105748,19859.143113413782,19872.654,-0.7256295076195755,sl,4,0.0,-0.6320636596451098,19868.259,NAS100
2024-07-19 01:49:00,1,19764.505,19761.04784770583,19769.690728441255,19761.037847705833,-1.0028925540871496,sl,12,1.2900791230750075,-1.6507806178011855,19764.47,NAS100
2024-07-19 03:11:00,-1,19771.589500000002,19776.185812215906,19764.695031676143,19766.732,1.0568255096321537,tp,8,1.0422486060512226,0.0,19771.5995,NAS100
2024-07-19 17:55:00,1,19505.196500000002,19496.105393528527,19518.833159707214,19518.823159707215,1.498900023882706,tp,2,2.9213715715828856,-0.07881328881698264,19505.161500000002,NAS100
2024-07-22 04:27:00,-1,19596.033,19602.680299735923,19586.062050396115,19598.777,-0.4127991980216672,sl,4,0.0,-0.06829840958548002,19596.042999999998,NAS100
2024-07-24 19:33:00,-1,19070.594500000003,19079.82346733142,19056.75104900288,19067.721,0.31135661193860137,sl,1,0.0,0.0,19070.6045,NAS100
2024-07-25 15:51:00,-1,19042.7435,19063.91351552939,19010.988476705912,19041.4,0.06346240030546081,sl,9,0.33540362736827406,0.0,19042.7535,NAS100
2024-07-25 23:53:00,-1,18865.194,18869.01106823282,18859.46839765077,18867.524,-0.610416125121337,sl,7,0.0,-0.5339176236037068,18865.203999999998,NAS100
2024-07-26 03:09:00,1,18915.693499999998,18911.860387437373,18921.443168843936,18911.850387437375,-1.0026088459013456,sl,2,0.07630874262740724,-1.1151511807075865,18915.658499999998,NAS100
2024-07-26 17:11:00,-1,19122.931500000002,19142.831109776478,19093.08208533529,19133.977,-0.5550611355733197,sl,18,0.0,-0.44837562646804596,19122.9415,NAS100
2024-07-26 19:59:00,-1,19011.299000000003,19041.238919156644,18966.38912126504,19026.3,-0.5010367570304299,time,60,0.0,-0.6568154007735668,19011.309,NAS100
2024-07-29 01:27:00,-1,19147.3155,19159.984163149413,19128.312505275884,19156.021,-0.6871680063893694,sl,7,0.26178768516350537,-0.6844052839468299,19147.3255,NAS100
2024-07-29 12:07:00,-1,19152.878,19159.383223544104,19143.120164683845,19143.155164683845,1.4946197083370671,tp,1,0.0,0.0,19152.888,NAS100
2024-07-29 19:26:00,1,19085.055,19069.591875287937,19108.249687068095,19108.239687068097,1.4993533001780295,tp,11,2.1563558867237367,-0.02599733284749681,19085.02,NAS100
2024-07-30 01:16:00,1,19001.005999999998,18992.040590979366,19014.454113530945,18992.030590979368,-1.0011153980789262,sl,11,0.47002875053511295,-1.3046811331283554,19000.970999999998,NAS100
2024-07-30 16:18:00,1,18801.034499999998,18781.153432038493,18830.856101942256,18781.143432038494,-1.0005029910876901,sl,5,0.922561103634672,-1.4968260285421342,18800.999499999998,NAS100
2024-07-30 16:44:00,1,18782.795000000002,18756.462541134315,18822.29368829853,18756.452541134317,-1.0003797594462942,sl,3,0.26252770526511515,-1.1294805453492212,18782.760000000002,NAS100
2024-07-31 03:50:00,-1,18959.1335,18961.879994981475,18955.013757527788,18955.543,1.3073025890148853,tp,6,1.104862750694739,0.0,18959.1435,NAS100
2024-07-31 04:19:00,-1,18959.877000000004,18966.714653723964,18949.620519414064,18962.488,-0.3818561315627663,sl,2,0.0,-0.2629556968781238,18959.887000000002,NAS100
2024-07-31 04:58:00,-1,18963.094,18972.97882870981,18948.26675693529,18970.489,-0.7481161502235104,sl,33,0.9000661783013942,-0.744575370607863,18963.104,NAS100
2024-07-31 07:20:00,-1,19067.092500000002,19072.746209373756,19058.61193593937,19063.845,0.5744016512552654,sl,1,0.0,0.0,19067.1025,NAS100
2024-07-31 18:01:00,-1,19277.1705,19309.737365709156,19228.32020143627,19306.933,-0.9138889896805017,sl,6,0.0,-0.7111983144723362,19277.1805,NAS100
2024-08-01 05:39:00,1,19521.8875,19515.75771440962,19531.08217838557,19531.072178385573,1.4983686215693621,tp,4,1.6479369222725664,-0.2195019679173073,19521.8525,NAS100
2024-08-01 09:05:00,-1,19407.4665,19414.73313306738,19396.566550398926,19402.699,0.6560810152088473,tp,3,0.0,0.0,19407.476499999997,NAS100
2024-08-02 08:01:00,1,18596.899500000003,18581.045097160975,18620.681104258547,18581.035097160977,-1.0006307396185103,sl,4,0.832481685624172,-1.0429594963549973,18596.864500000003,NAS100
2024-08-02 11:03:00,-1,18589.5595,18601.325435198112,18571.91059720283,18598.243,-0.7380203828924653,sl,3,0.0,-0.51976318898822,18589.569499999998,NAS100
2024-08-02 13:52:00,1,18466.467,18418.49832533072,18538.420012003924,18418.48832533072,-1.000208469382724,sl,13,0.8572261018987661,-1.0451820973929846,18466.432,NAS100
2024-08-05 16:06:00,1,17987.461,17946.238880296358,18049.29417955546,18049.284179555463,1.4997574117956503,tp,8,1.731618861746586,-0.28724869281659793,17987.426,NAS100
2024-08-06 23:18:00,1,17983.777,17962.698601077158,18015.394598384257,17962.68860107716,-1.0004744193349318,sl,11,0.422138324289863,-1.3147583031067076,17983.742,NAS100
2024-08-07 06:51:00,-1,18205.827500000003,18213.187805156682,18194.787042264987,18197.344,1.1526016679218922,tp,4,1.0713550365297813,-0.10305279249298586,18205.8375,NAS100
2024-08-07 19:02:00,-1,17948.967,17962.558571115373,17928.579643326942,17934.133,1.091411719372286,sl,1,0.0,0.0,17948.977,NAS100
2024-08-08 00:39:00,1,17773.679,17754.442431218547,17802.53385317218,17802.52385317218,1.4994801567726548,tp,20,1.5327577560728585,-0.9549520087860367,17773.644,NAS100
2024-08-08 19:59:00,-1,18388.865,18409.54195071591,18357.84957392614,18383.31,0.2686566349324678,sl,1,0.0,0.0,18388.875,NAS100
2024-08-09 16:54:00,1,18414.3495,18389.417159319462,18451.748011020805,18451.738011020807,1.4995989145131479,tp,16,1.522099368296458,-0.3287096107426052,18414.3145,NAS100
2024-08-09 18:51:00,1,18478.8555,18460.717954197182,18506.06181870423,18506.051818704233,1.4994486574916412,tp,21,1.9761493859013035,-0.7781372492969271,18478.8205,NAS100
2024-08-12 01:31:00,1,18518.2045,18507.279694111898,18534.59170883215,18507.2696941119,-1.000915348071245,sl,4,0.5871500203939356,-1.2983754718651153,18518.1695,NAS100
2024-08-12 10:38:00,-1,18562.676500000005,18567.721978893496,18555.10828165977,18563.689,-0.20067470727101763,sl,4,0.0,-0.16698117617378977,18562.686500000003,NAS100
2024-08-12 12:14:00,1,18562.954,18555.714011542706,18573.813982685944,18573.803982685946,1.4986187823285377,tp,8,1.5656102308530373,-0.6062164361022475,18562.919,NAS100
2024-08-12 13:36:00,1,18551.333000000002,18535.81240702798,18574.613889458036,18535.802407027983,-1.000644305279858,sl,3,1.0538257159040696,-1.343183217134935,18551.298000000003,NAS100
2024-08-13 06:09:00,-1,18605.270500000002,18612.57070981684,18594.320185274748,18608.243,-0.40718007763842845,sl,12,0.2549926709927675,-0.4023856948908073,18605.2805,NAS100
2024-08-13 17:36:00,-1,18966.076,18984.691139307764,18938.153291038354,18968.377,-0.12360906689749254,tp,11,0.19699019918008112,-0.37598429344446854,18966.086,NAS100
2024-08-13 19:18:00,-1,18948.632,18962.606017042704,18927.670974435947,18950.177,-0.11056233832239537,sl,6,0.26957173363166004,-0.06039780811903633,18948.642,NAS100
2024-08-14 00:06:00,1,19018.655499999997,19010.796952849985,19030.443320725015,19010.786952849987,-1.0012724998409386,sl,6,0.6968845380021718,-1.4790901903515734,19018.620499999997,NAS100
2024-08-14 05:35:00,-1,19012.749,19014.261173622835,19010.480739565748,19011.656,0.7228005987507695,sl,1,0.0,0.0,19012.759,NAS100
2024-08-14 05:59:00,-1,19017.8715,19018.96939697268,19016.224654540983,19016.259654540983,1.4681208702903437,tp,1,0.0,0.0,19017.8815,NAS100
2024-08-14 16:54:00,-1,18974.937,18994.558695094518,18945.504457358227,18982.3,-0.37524790618397147,sl,13,0.23412859989272003,-0.3734641663066947,18974.947,NAS100
2024-08-14 18:16:00,-1,18979.9155,18994.91832868875,18957.411256966872,18988.689,-0.584789720793,sl,15,0.2543853615326986,-0.4884078964051626,18979.925499999998,NAS100
2024-08-14 18:33:00,-1,18987.41,18995.947548210348,18974.603677684478,18979.066,0.9773297666287118,tp,16,0.981429304240392,0.0,18987.42,NAS100
2024-08-15 16:04:00,-1,19439.117000000002,19445.71417527675,19429.22123708488,19441.3,-0.330899196765556,sl,14,0.013035882236763987,-0.21115097622253917,19439.127,NAS100
2024-08-15 18:44:00,-1,19482.115500000004,19487.580885201744,19473.917422197395,19479.545,0.47032366523532665,tp,7,0.46263893699551123,0.0,19482.125500000002,NAS100
2024-08-15 19:02:00,-1,19471.704500000003,19486.30372852592,19449.80565721113,19483.91,-0.8360373274744916,sl,6,0.0,-0.6433559131788867,19471.714500000002,NAS100
2024-08-15 19:28:00,-1,19475.7445,19487.18800938022,19458.57923592967,19481.822,-0.5310870815996477,sl,4,0.0,-0.37554039213081264,19475.7545,NAS100
2024-08-16 06:25:00,1,19569.183,19563.038900412725,19578.399149380915,19563.028900412726,-1.001627577785215,sl,2,0.31542457482487013,-1.1477678543172622,19569.148,NAS100
2024-08-19 05:56:00,-1,19491.6545,19505.78165656954,19470.463765145694,19476.556,1.0687571788193884,tp,27,0.9581192034911861,-0.4890934680299584,19491.6645,NAS100
2024-08-19 13:21:00,1,19528.4325,19520.682302683017,19540.057795975474,19520.67230268302,-1.001290289729332,sl,5,0.7814639746954108,-1.0208127195243095,19528.3975,NAS100
2024-08-20 01:00:00,-1,19774.0385,19776.25812571353,19770.709061429698,19771.454999999998,1.1639349752749981,tp,2,1.1035644365914505,0.0,19774.048499999997,NAS100
2024-08-20 12:09:00,-1,19781.182500000003,19786.313743348855,19773.48563497672,19775.467,1.11386258873881,tp,14,1.023241277608809,-0.19576152049457182,19781.1925,NAS100
2024-08-20 20:14:00,-1,19738.1715,19751.12585374636,19718.739969380462,19739.0,-0.06395533240958154,time,60,0.0,-0.061253538041051575,19738.1815,NAS100
2024-08-21 13:25:00,1,19758.76,19750.70561079619,19770.84158380571,19750.695610796192,-1.0012415590736132,sl,4,0.4765103725294262,-1.1706660506972508,19758.725,NAS100
2024-08-21 14:18:00,-1,19791.811,19825.887923536182,19740.69561469573,19782.889,0.26181940956405786,sl,19,0.23511512098490597,-0.5510473966366509,19791.821,NAS100
2024-08-22 03:06:00,1,19792.943499999998,19789.19728768143,19798.56281847785,19789.18728768143,-1.0026693628518684,sl,1,1.1359473617952318,-1.468283036904807,19792.908499999998,NAS100
2024-08-22 14:28:00,1,19823.105,19794.841612555385,19865.500081166923,19794.831612555387,-1.00035381463096,sl,4,0.4986663409550528,-1.3074158245331646,19823.07,NAS100
2024-08-22 19:02:00,-1,19574.449000000004,19584.09965163921,19559.97302254119,19560.00802254119,1.4963733018964396,tp,1,0.0,0.0,19574.459000000003,NAS100
2024-08-22 23:44:00,-1,19549.0935,19553.899803607062,19541.884044589402,19553.432,-0.9026687356216321,sl,9,0.0,-0.8953866321880459,19549.103499999997,NAS100
2024-08-23 07:04:00,-1,19610.388000000003,19614.38027739455,19604.399583908184,19613.767,-0.8463840725627629,sl,2,0.0,-0.7426838636128241,19610.398,NAS100
2024-08-26 04:08:00,-1,19691.2825,19693.760295626995,19687.565806559513,19687.334,1.5935535429098655,sl,1,0.0,0.0,19691.2925,NAS100
2024-08-26 05:37:00,1,19706.066499999997,19699.751325575307,19715.53926163703,19715.52926163703,1.4984165124622493,tp,8,1.570898811791912,-0.11804899593630591,19706.031499999997,NAS100
2024-08-26 07:03:00,1,19710.5335,19704.2797976414,19719.914053537905,19720.089,1.5279748622600269,tp,1,1.6432665660632537,-0.11409241423528091,19710.4985,NAS100
2024-08-26 09:22:00,-1,19762.616,19769.148110002512,19752.817834996236,19764.334,-0.2630084305587148,time,60,0.9537500130293267,-0.568728940352937,19762.626,NAS100
2024-08-26 13:30:00,-1,19698.037,19706.92021198027,19684.712182029598,19689.21,0.9936721108995296,tp,1,0.0,0.0,19698.047,NAS100
2024-08-26 13:35:00,1,19698.349,19677.96367215956,19728.926991760658,19677.95367215956,-1.0004905488926483,sl,8,1.2342700689899118,-1.1373376077869786,19698.314,NAS100
2024-08-27 06:00:00,1,19538.378500000003,19536.721849793892,19540.86347530917,19545.621000000003,4.371773820017391,tp,1,4.3778100972963925,-0.6051367973182515,19538.343500000003,NAS100
2024-08-27 06:51:00,-1,19540.354000000003,19544.60323804764,19533.98014292855,19535.867,1.0559540203921676,tp,10,0.5490396098896536,-0.06518815771037532,19540.364,NAS100
2024-08-27 07:05:00,1,19536.7615,19534.527945709924,19540.111831435115,19545.476000000002,3.9016289143809773,tp,1,4.623796272104958,-0.6906033163611989,19536.7265,NAS100
2024-08-27 07:10:00,-1,19539.6485,19547.74721447715,19527.500428284275,19529.878,1.2064260355845156,tp,8,1.210747709116606,0.0,19539.658499999998,NAS100
2024-08-27 13:34:00,1,19444.9335,19421.257093811375,19480.448109282937,19421.247093811377,-1.0004223613971956,sl,4,0.9591616151150522,-1.1648516155822202,19444.8985,NAS100
2024-08-27 13:52:00,-1,19455.2825,19469.968066460864,19433.254150308705,19462.744,-0.5080839080931977,sl,2,0.0,-0.3294731607999354,19455.2925,NAS100
2024-08-27 19:59:00,-1,19585.377500000002,19593.62271546341,19573.00967680489,19573.04467680489,1.4957551139621297,tp,1,0.0,0.0,19585.3875,NAS100
2024-08-28 01:14:00,-1,19529.7545,19536.035327586935,19520.333258619597,19533.211,-0.5503255665208658,sl,4,0.0,-0.48648047692915075,19529.764499999997,NAS100
2024-08-28 13:30:00,-1,19566.644000000004,19577.457434979373,19550.42384753095,19553.432,1.221813422396338,sl,1,0.0,0.0,19566.654000000002,NAS100
2024-08-28 18:44:00,-1,19260.549000000003,19276.827679841725,19236.13098023742,19263.444,-0.17783997401171178,sl,7,0.0,-0.09030216296962539,19260.559,NAS100
2024-08-29 10:48:00,-1,19405.039500000003,19413.26642011509,19392.699119827368,19396.156,1.0798087103958782,tp,5,0.998976516731904,0.0,19405.0495,NAS100
2024-08-29 15:43:00,1,19572.567,19550.85224026165,19605.13913960752,19605.12913960752,1.499539483737296,tp,24,1.530387644184353,-0.8423302960932868,19572.532,NAS100
2024-08-30 03:02:00,1,19408.105,19404.809723006856,19413.047915489715,19404.799723006858,-1.0030346462586321,sl,1,1.7476527806265254,-1.0235861832003266,19408.07,NAS100
2024-08-30 06:42:00,-1,19422.345,19427.644972056314,19414.39504191553,19421.144,0.22660496833570629,sl,1,0.0,0.0,19422.355,NAS100
2024-08-30 13:33:00,1,19471.488,19458.410493394873,19491.104259907694,19491.094259907695,1.4992353282395225,tp,1,1.5368373044534946,-0.3918178101313625,19471.453,NAS100
2024-08-30 15:58:00,1,19403.143500000002,19390.250031759388,19422.48370236092,19390.24003175939,-1.0007755865071974,sl,3,0.746230558019279,-2.662006789754712,19403.108500000002,NAS100
2024-09-02 00:16:00,-1,19543.172000000002,19548.99333304349,19534.44000043477,19545.644,-0.4246450051098019,sl,5,0.0,-0.4186326365099663,19543.182,NAS100
2024-09-02 15:23:00,1,19606.645,19602.546167793647,19612.79324830953,19612.78324830953,1.497560280710023,tp,1,1.5258004439184505,-0.2717847288978356,19606.61,NAS100
2024-09-03 06:10:00,-1,19510.172000000002,19517.218419997997,19499.602370003013,19500.624,1.355014319714173,tp,7,1.260640155217852,0.0,19510.182,NAS100
2024-09-03 16:23:00,1,19123.622,19090.108161503915,19173.892757744128,19090.098161503916,-1.0002983842032767,sl,24,0.5741807224573913,-1.0566679792330471,19123.587,NAS100
2024-09-04 08:26:00,-1,18851.2715,18858.748037502548,18840.056693746177,18853.824,-0.34140135044214737,sl,5,0.36815170111301637,0.0,18851.281499999997,NAS100
2024-09-04 12:41:00,-1,18825.949500000002,18835.639309392343,18811.41478591149,18829.833,-0.40078187740884486,sl,2,0.0,-0.3971698352537619,18825.9595,NAS100
2024-09-04 15:58:00,-1,18959.0765,18982.50576553583,18923.932601696255,18978.734,-0.8390147770505101,sl,20,0.5046466344374894,-0.7686753975475195,18959.086499999998,NAS100
2024-09-04 17:19:00,-1,19005.026500000004,19021.79217029104,18979.877994563452,18989.132,0.948038445471577,tp,9,0.7971348456702834,-0.12284030189338575,19005.036500000002,NAS100
2024-09-05 04:52:00,1,18867.732500000002,18860.2350207129,18878.97871893066,18860.2250207129,-1.0013337816105208,sl,12,0.6416156438436844,-1.1576557490371102,18867.697500000002,NAS100
2024-09-05 08:54:00,1,18930.445499999998,18920.295926726045,18945.66985991093,18920.285926726046,-1.0009852630971257,sl,7,0.6553477491584137,-1.1836458219211592,18930.410499999998,NAS100
2024-09-05 16:45:00,1,18900.9385,18888.832711119492,18919.097183320762,18888.822711119494,-1.000826051081603,sl,6,1.1860854457091667,-1.0845637677639801,18900.9035,NAS100
2024-09-05 18:15:00,-1,18960.8165,18977.130349251463,18936.345726122807,18970.143,-0.5716921773788621,sl,3,0.0,-0.5695467609623952,18960.8265,NAS100
2024-09-06 05:06:00,1,18849.3665,18846.528359240252,18853.623711139622,18846.518359240254,-1.0035234334181815,sl,1,2.12480652317473,-2.5888427044231923,18849.3315,NAS100
2024-09-06 09:19:00,1,18691.327999999998,18668.906355662446,18724.960466506323,18724.950466506325,1.4995540023804823,tp,34,1.7192316236790197,-0.5400139176999653,18691.292999999998,NAS100
2024-09-06 19:28:00,1,18487.243,18457.675433658893,18531.59434951166,18457.665433658894,-1.000338208423481,sl,10,0.4185667449672624,-1.5404040858337085,18487.208,NAS100
2024-09-08 22:48:00,-1,18399.771000000004,18406.274313941503,18390.016029087754,18395.189,0.7045638640888985,tp,5,0.5014366566554204,0.0,18399.781000000003,NAS100
2024-09-09 02:27:00,-1,18481.133,18487.548355318577,18471.50996702214,18485.121,-0.6216335342253935,sl,27,0.5249904070395646,-0.4777599755268768,18481.143,NAS100
2024-09-09 11:11:00,1,18582.871,18567.929230320802,18605.283654518797,18605.273654518798,1.499330735233424,tp,19,1.5596546125620947,-0.004082515077367568,18582.836,NAS100
2024-09-09 15:29:00,-1,18530.399,18548.44890541301,18503.32414188049,18537.632,-0.4007223215024334,sl,3,0.0,-0.17418373825573255,18530.409,NAS100
2024-09-10 13:34:00,1,18736.617000000002,18717.84944162538,18764.76833756193,18764.758337561932,1.4994671656376068,tp,1,1.5962651828226764,-0.16667058855299155,18736.582000000002,NAS100
2024-09-11 01:42:00,-1,18775.577,18795.014283992863,18746.42107401071,18752.489,1.1878202740917143,tp,21,1.1753699749610722,-0.29427979763521067,18775.587,NAS100
2024-09-11 07:52:00,-1,18775.9325,18781.705967959322,18767.272298061012,18769.022,1.1969409111968576,tp,1,0.0,0.0,18775.942499999997,NAS100
2024-09-11 10:39:00,-1,18780.443500000005,18786.63653121418,18771.153953178742,18773.699,1.0890466666094336,tp,24,1.0283332635928861,-0.112949535664252,18780.453500000003,NAS100
2024-09-11 11:03:00,-1,18775.415000000005,18784.722102583393,18761.45434612492,18783.467,-0.8651457236935561,sl,11,0.4862952739000922,-0.8469875484196188,18775.425000000003,NAS100
2024-09-12 00:00:00,1,19215.266,19210.395145644172,19222.572281533743,19210.385145644173,-1.002053027922388,sl,3,0.859808094034092,-1.6999071200090772,19215.231,NAS100
2024-09-12 10:15:00,1,19266.416,19260.72046314653,19274.95930528021,19260.71046314653,-1.0017557607396224,sl,2,1.067678105934922,-1.339469868472398,19266.381,NAS100
2024-09-12 11:33:00,-1,19251.9985,19260.175806115574,19239.73254082664,19255.333,-0.40777487755375114,sl,4,0.06108368611155183,0.0,19252.0085,NAS100
2024-09-12 13:39:00,1,19225.278000000002,19202.096164538263,19260.050753192612,19202.086164538265,-1.000431372227402,sl,9,1.4522146037815031,-1.4365989291473187,19225.243000000002,NAS100
2024-09-13 01:53:00,-1,19432.238,19436.68491484109,19425.567627738368,19429.856,0.5356522634505011,tp,6,0.49112701233240397,-0.038453625965220235,19432.248,NAS100
2024-09-13 04:39:00,1,19426.5005,19423.905145714714,19430.393531427922,19423.895145714716,-1.0038530385061881,sl,3,0.9962031059347843,-1.1013910571695573,19426.4655,NAS100
2024-09-13 11:31:00,-1,19446.811,19453.253474418074,19437.147288372893,19437.824,1.3949609135879106,tp,6,1.400393608811608,0.0,19446.821,NAS100
2024-09-16 03:47:00,-1,19506.411500000002,19511.9118795934,19498.160930609905,19508.012,-0.29097991744380575,time,60,0.42078914022189434,-0.5166007094144422,19506.4215,NAS100
2024-09-16 04:51:00,-1,19508.857,19510.78820466923,19505.960192996157,19509.647,-0.4090710904901065,sl,4,0.0,-0.3909476877469693,19508.867,NAS100
2024-09-16 06:03:00,-1,19496.0365,19501.19571822585,19488.297672661225,19492.168999999998,0.7496290776424883,tp,3,0.619570613234048,0.0,19496.046499999997,NAS100
2024-09-16 13:31:00,-1,19405.643,19421.60207324052,19381.70439013922,19394.143,0.7205932215914594,tp,2,0.6614419171408524,0.0,19405.653,NAS100
2024-09-17 06:27:00,-1,19440.032500000005,19442.530298693382,19436.285801959937,19437.445,1.0359121441073964,sl,1,0.0,0.0,19440.042500000003,NAS100
2024-09-17 13:34:00,1,19535.4605,19529.30989052296,19544.68641421556,19529.29989052296,-1.0016258551344752,sl,1,2.0816636217582634,-1.7246258341709595,19535.4255,NAS100
2024-09-17 15:47:00,1,19516.0385,19498.684853936767,19542.068969094846,19498.67485393677,-1.000576247778822,sl,24,1.1847942458364966,-1.1254407246081923,19516.0035,NAS100
2024-09-18 13:32:00,-1,19479.199000000004,19488.796159927864,19464.803260108216,19472.045,0.7454288616404343,tp,2,0.0,0.0,19479.209000000003,NAS100
2024-09-18 14:03:00,-1,19451.354000000003,19468.89525235591,19425.042121466144,19437.166,0.8088362057698114,tp,9,0.7385447593563504,-0.09566021661111665,19451.364,NAS100
2024-09-19 00:57:00,-1,19476.6215,19494.861304937232,19449.261792594152,19456.999,1.075806461062944,tp,17,1.0082618790764781,-0.04257172720169487,19476.6315,NAS100
2024-09-19 04:40:00,1,19611.744,19607.41163337339,19618.24254993991,19607.401633373393,-1.0023082072364289,sl,2,0.8868132203780659,-1.080010166097983,19611.709,NAS100
2024-09-19 10:07:00,-1,19731.95,19743.123989298656,19715.18901605202,19740.333,-0.7502244521575551,sl,11,0.0,-0.6785401164569762,19731.96,NAS100
2024-09-19 18:49:00,-1,19887.126,19909.242221824148,19853.951667263776,19870.432,0.7548305552701547,tp,26,0.5694462689033986,-0.31424897323159695,19887.136,NAS100
2024-09-20 00:57:00,1,19795.8115,19789.50489338078,19805.271409928828,19805.26140992883,1.498414361224319,tp,6,1.73492666668916,-0.669853100893686,19795.7765,NAS100
2024-09-20 04:21:00,-1,19813.377,19815.73962846714,19809.83305729929,19812.288,0.46092731681921273,tp,2,0.2023170408073521,0.0,19813.387,NAS100
2024-09-20 05:49:00,1,19796.445,19787.98679764348,19809.13230353478,19809.122303534783,1.4988177156829463,tp,10,1.53034882051761,-0.029320651072910865,19796.41,NAS100
2024-09-23 13:09:00,1,19851.138499999997,19836.86417828927,19872.549982566088,19836.85417828927,-1.0007005586815998,sl,6,0.40986185673589093,-1.1423660143335812,19851.103499999997,NAS100
2024-09-23 14:58:00,-1,19877.3705,19898.96991160391,19844.97138259414,19850.434,1.247094156728184,tp,6,1.248714571239546,0.0,19877.3805,NAS100
2024-09-23 19:47:00,-1,19847.722,19857.981909156508,19832.332136265242,19853.278,-0.5415252625773587,sl,3,0.0,-0.4720314698815823,19847.732,NAS100
2024-09-23 19:50:00,1,19851.2165,19841.65580526225,19865.557542106624,19841.64580526225,-1.0010459490939414,sl,4,0.8453883553135264,-1.110641045579157,19851.1815,NAS100
2024-09-23 23:26:00,-1,19823.765000000003,19828.23995920456,19817.05256119317,19824.244,-0.10704008195384257,sl,2,0.0,0.0,19823.775,NAS100
2024-09-24 06:32:00,-1,19881.306,19882.879613564583,19878.945579653126,19877.61,2.3487342020857414,sl,1,0.0,0.0,19881.316,NAS100
2024-09-24 15:26:00,1,19896.483,19874.17636429866,19929.94295355201,19929.932953552012,1.499551702904279,tp,20,1.7290818981582465,-0.504872189189947,19896.448,NAS100
2024-09-25 08:39:00,1,19868.488,19863.86288198938,19875.425677015934,19863.85288198938,-1.0021621069939042,sl,2,1.0471084173147294,-1.8643848611418246,19868.453,NAS100
2024-09-25 19:31:00,-1,19954.1605,19961.919886698674,19942.521419951994,19959.055,-0.6307843892915359,sl,6,0.0,-0.307047462966055,19954.1705,NAS100
2024-09-26 07:31:00,-1,20238.138000000003,20248.843766146736,20222.079350779903,20244.31,-0.5765117522095243,sl,3,0.0,-0.18223824182752196,20238.148,NAS100
2024-09-26 11:03:00,-1,20261.0885,20274.13624734591,20241.516878981143,20270.378,-0.7119619773227089,sl,28,0.10151177554935947,-0.7092795219476947,20261.0985,NAS100
2024-09-27 01:05:00,1,20118.6995,20107.605348868285,20135.34072669757,20107.595348868286,-1.0009013758582945,sl,21,0.32436010265925136,-1.0516802828335732,20118.6645,NAS100
2024-09-27 01:32:00,1,20109.516,20105.423368686545,20115.654946970182,20105.413368686546,-1.0024434157959754,sl,1,1.583822119204716,-1.4462578098688164,20109.481,NAS100
2024-09-27 01:33:00,-1,20109.787500000002,20118.426200469254,20096.829449296125,20103.877,0.6841885560264017,tp,3,0.6882400913382734,0.0,20109.7975,NAS100
2024-09-27 03:50:00,-1,20090.528000000002,20094.93312303307,20083.9203154504,20091.632,-0.2506172907570401,sl,2,0.0,-0.0438126241992407,20090.538,NAS100
2024-09-27 13:04:00,-1,20162.1545,20177.34433965208,20139.369740521877,20158.467,0.24276095630112965,tp,27,0.4848964945453403,-0.3364419978784129,20162.1645,NAS100
2024-09-27 14:51:00,-1,20087.187,20112.027756278432,20049.925865582358,20057.199,1.2072096221176694,tp,20,1.0498070069889605,0.0,20087.197,NAS100
2024-09-27 19:59:00,1,20005.728,19993.285186763143,20024.392219855283,19993.275186763145,-1.0008036767737363,sl,4,0.24046009074054706,-1.4115778856162333,20005.693,NAS100
2024-09-30 02:40:00,-1,19957.133,19961.395295502232,19950.739556746656,19957.189,-0.01313846024226824,sl,2,0.0,0.0,19957.143,NAS100
2024-09-30 23:45:00,1,20018.944,20014.09607574333,20026.215886385,20014.086075743333,-1.0020627384977487,sl,5,0.5517825482359547,-1.1142913366618536,20018.909,NAS100
2024-10-01 00:15:00,1,20016.422499999997,20013.15742179813,20021.3201173028,20013.14742179813,-1.0030627137790078,sl,1,5.0766012252076305,-1.9030172068904423,20016.387499999997,NAS100
2024-10-01 06:57:00,1,20048.278000000002,20041.650950389274,20058.218574416096,20041.640950389276,-1.0015089671250101,sl,5,1.2486702961453484,-1.6032775705803466,20048.243000000002,NAS100
2024-10-01 07:31:00,-1,20049.699000000004,20066.22534698828,20024.909479517588,20063.7,-0.8471926681636162,sl,18,0.7678647924436812,-0.8450748377668151,20049.709000000003,NAS100
2024-10-01 17:36:00,1,19678.855,19642.919406783745,19732.758389824383,19732.748389824385,1.4997217243656895,tp,8,1.6785586267354518,-0.2068979341807086,19678.82,NAS100
2024-10-02 05:43:00,1,19695.1825,19683.22591385791,19713.11737921313,19683.21591385791,-1.0008363591312406,sl,10,1.2885366957519773,-1.4630848464697659,19695.1475,NAS100
2024-10-02 06:09:00,1,19687.9665,19677.70450148962,19703.359497765567,19703.34949776557,1.4990255309444385,tp,5,1.9218965954882437,-0.38447676600304537,19687.9315,NAS100
2024-10-02 08:55:00,-1,19751.927,19757.422535777037,19743.683696334443,19745.133,1.2362761840957814,tp,3,1.2386417405274157,0.0,19751.936999999998,NAS100
2024-10-02 09:46:00,1,19707.4725,19701.50411496196,19716.425077557058,19701.494114961963,-1.0016754951188078,sl,5,0.6094613495639992,-3.1699529905357413,19707.4375,NAS100
2024-10-02 13:35:00,1,19721.394,19703.553809207126,19748.15428618931,19703.543809207127,-1.0005605321217974,sl,1,1.0819951548785842,-1.0474103229582439,19721.359,NAS100
2024-10-02 15:03:00,-1,19822.216500000002,19834.499934787586,19803.791347818627,19827.4,-0.4219910871541358,sl,2,0.0,-0.2191162363411486,19822.2265,NAS100
2024-10-03 13:25:00,1,19710.505500000003,19700.31189345423,19725.795909818662,19700.30189345423,-1.0009810070609941,sl,3,0.6358397266848742,-1.181279652685354,19710.470500000003,NAS100
2024-10-03 18:25:00,-1,19756.2715,19766.53925370729,19740.869869439062,19754.856,0.13785878005564647,tp,2,0.1412675100464133,0.0,19756.281499999997,NAS100
2024-10-04 04:22:00,-1,19821.132,19825.11852953126,19815.15220570311,19821.834,-0.1760930138590355,sl,3,0.0,0.0,19821.142,NAS100
2024-10-04 04:37:00,1,19822.1775,19814.690018371453,19833.408722442822,19814.680018371455,-1.0013355625421867,sl,2,0.5830398278848669,-1.197799266152131,19822.1425,NAS100
2024-10-04 08:49:00,-1,19822.321,19830.45470188104,19810.120447178437,19815.855,0.7949639776043607,tp,7,0.7854971934601549,-0.07216886094236999,19822.331,NAS100
2024-10-04 17:29:00,1,19944.91,19936.68360844824,19957.249587327642,19957.239587327644,1.4987844001910828,tp,3,1.785594559604107,-0.4983959217356521,19944.875,NAS100
2024-10-06 22:37:00,-1,20052.1555,20067.367522243683,20029.337466634475,20064.888,-0.8370024574008276,sl,29,0.56189110580287,-0.7807311749712174,20052.1655,NAS100
2024-10-07 02:50:00,1,20022.306,20014.11568809808,20034.59146785288,20014.105688098083,-1.0012209547228668,sl,34,1.0980045824496145,-1.2043497388286721,20022.271,NAS100
2024-10-07 13:32:00,1,19938.944,19930.033519765235,19952.309720352147,19930.023519765236,-1.0011222739667143,sl,1,1.7506351609581814,-1.5177633128275936,19938.909,NAS100
2024-10-07 15:31:00,-1,19976.522,19989.471030056426,19957.098454915365,19970.9,0.43416379261626364,tp,6,0.3690623914824502,0.0,19976.532,NAS100
2024-10-07 15:40:00,-1,19964.2165,19973.42589879557,19950.40240180664,19956.411,0.8475580407868616,sl,1,0.0,0.0,19964.226499999997,NAS100
2024-10-08 16:01:00,1,20046.7655,20035.272662759555,20064.00475586067,20035.262662759556,-1.0008701071623294,sl,1,1.401786144095165,-1.8525016542543145,20046.7305,NAS100
2024-10-09 00:36:00,1,20081.478,20078.91942211571,20085.315866826437,20078.90942211571,-1.0039084211818599,sl,3,0.6198755995419261,-1.1385230904581851,20081.443,NAS100
2024-10-09 01:46:00,-1,20082.616,20092.865712478644,20067.24143128204,20071.121,1.1214948735347596,tp,17,1.0934940880885051,-0.27239788489827677,20082.626,NAS100
2024-10-09 05:35:00,-1,20050.344,20052.819815493676,20046.63027675949,20047.399,1.1895070563711037,tp,1,0.0,0.0,20050.354,NAS100
2024-10-09 06:05:00,-1,20048.838,20055.400634185997,20038.994048721004,20039.029048721004,1.4946667757172059,tp,5,1.5382542610010657,0.0,20048.847999999998,NAS100
2024-10-09 07:08:00,1,20035.543999999998,20029.896718055366,20044.014922916947,20029.886718055368,-1.001770763368368,sl,2,0.6631508815603976,-2.2609106690934158,20035.509,NAS100
2024-10-09 12:42:00,-1,20077.788500000002,20082.979239665765,20070.00239050136,20071.644,1.183742663984965,tp,4,1.1904854409789087,0.0,20077.7985,NAS100
2024-10-09 17:16:00,-1,20224.081500000004,20231.749364036234,20212.57970394566,20229.3,-0.6805676229180148,sl,2,0.0,0.0,20224.091500000002,NAS100
2024-10-09 17:32:00,1,20225.954999999998,20215.65901857727,20241.39897213409,20215.64901857727,-1.0009712527235455,sl,20,0.9776629916776486,-1.3998665506699088,20225.92,NAS100
2024-10-09 22:50:00,1,20254.966,20253.025233515742,20257.877149726388,20257.86714972639,1.4948473965932998,tp,2,1.5395978981691043,-0.057709158164790594,20254.931,NAS100
2024-10-10 13:38:00,1,20171.255,20148.758079709543,20205.00038043569,20148.748079709545,-1.0004445052864699,sl,10,0.9699105352324578,-1.3266704782103413,20171.22,NAS100
2024-10-10 22:55:00,1,20250.389,20246.136400114432,20256.76789982835,20256.757899828353,1.4976484973273598,tp,6,2.280957593241109,-0.42656258496243393,20250.354,NAS100
2024-10-11 03:43:00,1,20272.6505,20266.868095637506,20281.32410654374,20266.858095637508,-1.0017293844171922,sl,22,0.6828474372373522,-1.365608405254128,20272.6155,NAS100
2024-10-11 06:58:00,1,20233.439,20229.570263659283,20239.24210451107,20229.560263659285,-1.002584823342226,sl,3,1.1355128944217077,-3.388186437532402,20233.404,NAS100
2024-10-14 08:13:00,1,20283.94,20278.784303578177,20291.67354463273,20291.66354463273,1.4980603978236784,tp,2,1.8259414887493468,-0.02114166372151641,20283.905,NAS100
2024-10-14 13:33:00,1,20387.784499999998,20373.906698408242,20408.601202387632,20408.591202387634,1.4992794247754384,tp,3,2.5797673906268415,-0.06301430339785008,20387.749499999998,NAS100
2024-10-14 23:58:00,-1,20453.56,20458.30735609555,20446.43896585668,20450.478,0.6492034593513183,tp,7,0.6565759840356745,-0.0806764844030102,20453.57,NAS100
2024-10-15 02:20:00,-1,20452.3375,20454.92958627981,20448.44937058029,20449.421,1.1251554482278063,tp,19,1.1386580851857246,0.0,20452.3475,NAS100
2024-10-15 08:00:00,1,20419.1445,20411.238760689357,20431.00310896596,20411.22876068936,-1.0012649038382708,sl,8,0.8822071821432782,-1.0458857388414844,20419.1095,NAS100
2024-10-15 09:55:00,1,20401.389,20397.252945832035,20407.593081251944,20407.583081251945,1.497582236693689,tp,1,2.27729125816499,-0.5969457603153774,20401.354,NAS100
2024-10-15 17:15:00,-1,20197.871000000003,20214.52601259123,20172.888481113165,20181.822,0.9636138016766224,tp,4,0.9235657983294087,0.0,20197.881,NAS100
2024-10-15 18:27:00,1,20188.8435,20169.246584270997,20218.238873593502,20169.236584271,-1.0005102843802915,sl,23,0.5816476509683833,-1.2304232121748953,20188.8085,NAS100
2024-10-16 03:40:00,-1,20204.776500000004,20207.868582859894,20200.13837571017,20205.954999999998,-0.3811346763315478,sl,2,0.0,-0.2475677511516997,20204.786500000002,NAS100
2024-10-16 05:59:00,-1,20216.1775,20218.74668314762,20212.323725278577,20213.521,1.0339862311739207,sl,1,0.0,0.0,20216.1875,NAS100
2024-10-16 11:07:00,-1,20189.204999999998,20193.142796729768,20183.298304905344,20192.267,-0.7775921943489608,sl,3,0.0,-0.5909395938112016,20189.214999999997,NAS100
2024-10-17 02:26:00,1,20139.143500000002,20137.24136726854,20141.996699097195,20137.23136726854,-1.0052572566745708,sl,1,1.5532564847504997,-1.2740961552866066,20139.108500000002,NAS100
2024-10-17 19:11:00,-1,20249.638000000003,20254.46300026882,20242.400499596777,20245.554,0.8464248233094539,sl,1,0.0,0.0,20249.648,NAS100
2024-10-18 02:02:00,1,20218.105,20212.369845863464,20226.707731204802,20212.359845863466,-1.00174363230008,sl,2,0.4948428468418295,-1.1577718474382535,20218.07,NAS100
2024-10-18 04:59:00,-1,20209.2665,20215.658722871212,20199.678165693185,20213.054,-0.5925168875222753,sl,13,0.03871892532345755,-0.5593515858313195,20209.2765,NAS100
2024-10-18 07:49:00,-1,20265.8815,20276.977306016528,20249.237790975207,20272.977,-0.6394758514550328,sl,6,0.0,-0.5982891184391744,20265.891499999998,NAS100
2024-10-21 10:33:00,1,20263.221999999998,20256.742277711142,20272.941583433283,20256.732277711144,-1.0015432760159488,sl,5,0.6495648752171989,-1.7957559724451935,20263.186999999998,NAS100
2024-10-21 23:30:00,1,20359.494499999997,20356.555881205994,20363.902428191002,20356.545881205995,-1.0034029592469784,sl,8,0.3758568488893775,-2.20698921998081,20359.459499999997,NAS100
2024-10-22 01:51:00,-1,20313.578,20317.804173935187,20307.23873909722,20309.811,0.8913499675527986,tp,3,0.30287442486589866,0.0,20313.588,NAS100
2024-10-22 06:33:00,-1,20291.365500000004,20298.435952936754,20280.759820594878,20291.61,-0.034580528600397474,sl,2,0.0,0.0,20291.375500000002,NAS100
2024-10-22 10:32:00,-1,20244.577,20253.1198726215,20231.76269106775,20236.532,0.9417207017409245,tp,6,0.8208011883913129,0.0,20244.587,NAS100
2024-10-22 15:57:00,1,20325.916,20310.829005407722,20348.546491888417,20310.819005407724,-1.0006628225348153,sl,4,0.17107449626310858,-1.316498118861005,20325.881,NAS100
2024-10-22 19:50:00,1,20393.515499999998,20383.602966255654,20408.38430061651,20408.374300616513,1.498991176195902,tp,4,1.6415076528024155,-0.38279819245624347,20393.480499999998,NAS100
2024-10-22 23:13:00,1,20346.583,20343.489591539426,20351.22311269086,20354.566000000003,2.5806485311437575,tp,1,2.5871138913610428,-0.04170157340725296,20346.548,NAS100
2024-10-23 02:07:00,-1,20352.627000000004,20355.57239219796,20348.20891170307,20348.24391170307,1.4881170324202193,tp,1,0.0,0.0,20352.637000000002,NAS100
2024-10-23 23:00:00,1,20137.850000000002,20131.659126059505,20147.136310910748,20131.649126059507,-1.001615280830221,sl,21,0.5122055513447966,-1.081592044089639,20137.815000000002,NAS100
2024-10-24 03:08:00,1,20174.4495,20171.682553054743,20178.59992041788,20178.589920417882,1.496385908296014,tp,1,1.7851805971450658,-0.042465577521013764,20174.4145,NAS100
2024-10-25 07:02:00,1,20245.2045,20240.853673020687,20251.73074046897,20240.84367302069,-1.0022984136225015,sl,1,0.44531763943093033,-1.3472151450446366,20245.1695,NAS100
2024-10-28 02:10:00,1,20479.666999999998,20475.428851303936,20486.024223044093,20486.855000000003,1.696023550727299,tp,1,1.6983830715264843,-0.632587526362137,20479.631999999998,NAS100
2024-10-28 03:06:00,1,20483.8,20478.566969699463,20491.649545450804,20478.556969699464,-1.0019109386768454,sl,4,0.39671086937679345,-1.1150327181176325,20483.765,NAS100
2024-10-28 08:15:00,-1,20487.532000000003,20498.872775219268,20470.520837171105,20494.243,-0.5917584883082198,sl,5,0.0,-0.527124458814805,20487.542,NAS100
2024-10-28 09:10:00,-1,20513.488500000003,20523.292593818485,20498.782359272278,20500.554,1.3192958206519318,tp,15,1.2083217704088904,0.0,20513.4985,NAS100
2024-10-28 09:52:00,1,20517.622,20509.33562255025,20530.051566174625,20530.041566174626,1.4987932000373838,tp,10,1.5497725125216633,-0.720338897932012,20517.675,NAS100
2024-10-28 14:39:00,-1,20449.726,20456.50939077914,20439.550913831285,20451.577,-0.27287238200897146,sl,2,0.0,-0.24161957542566498,20449.735999999997,NAS100
2024-10-28 18:28:00,1,20392.689000000002,20383.563607734533,20406.377088398207,20383.553607734535,-1.0010958433026753,sl,7,0.7350916875521503,-1.0460920169015664,20392.654000000002,NAS100
2024-10-29 12:55:00,1,20352.683,20345.79227249106,20363.019091263413,20345.782272491062,-1.001451225576026,sl,4,0.595437853938595,-1.2232380382280046,20352.648,NAS100
2024-10-30 08:05:00,1,20611.7935,20602.566597034805,20625.63385444779,20602.556597034807,-1.001083787272514,sl,3,1.3336544284054284,-1.1554798007755809,20611.7585,NAS100
2024-10-30 10:50:00,1,20590.282000000003,20579.411972859634,20606.587040710554,20606.577040710556,1.4990800390954793,tp,28,1.5264911288376437,-0.5413049962083442,20590.247000000003,NAS100
2024-10-30 22:48:00,1,20298.666,20290.75041996263,20310.539370056056,20310.529370056058,1.4987366687025854,tp,2,1.536842523550427,-0.547527784387423,20298.631,NAS100
2024-10-30 23:08:00,1,20298.2945,20289.8343194717,20310.98477079245,20289.824319471703,-1.0011820078738214,sl,41,1.253460249994735,-1.3705972303089726,20298.2595,NAS100
2024-10-31 05:57:00,-1,20255.829,20260.691848711507,20248.534726932743,20250.677,1.059461296382113,tp,12,1.0393084999831825,0.0,20255.839,NAS100
2024-10-31 12:41:00,-1,20255.415500000003,20265.452030221677,20240.36070466749,20254.21,0.12011123101092788,sl,3,0.09689603663060267,0.0,20255.4255,NAS100
2024-11-01 05:57:00,-1,19994.488,20001.964898941667,19983.272651587504,19986.254,1.1012586988591178,tp,21,1.136701200097521,-0.035576246526122804,19994.498,NAS100
2024-11-01 12:33:00,1,19996.537999999997,19982.89446292596,20017.00330561105,20016.993305611053,1.4992670522354918,tp,1,1.612851556058732,-0.2399670981382105,19996.502999999997,NAS100
2024-11-01 18:30:00,1,20035.1275,20004.425295723748,20081.180806414377,20035.632,0.016432044926265457,time,60,1.4872384923620097,-0.30497810241079015,20035.0925,NAS100
2024-11-04 07:08:00,-1,20118.9385,20122.74536805826,20113.228197912613,20115.21,0.9794140335157718,tp,2,0.9245132602806249,0.0,20118.9485,NAS100
2024-11-04 08:25:00,1,20062.556,20044.537412698468,20089.583880952297,20044.52741269847,-1.0005549824651097,sl,8,0.41607035415932675,-1.0681192525211038,20062.521,NAS100
2024-11-05 00:52:00,1,19966.0445,19957.00851224325,19979.598481635127,19956.99851224325,-1.001106685872934,sl,6,0.1176960426053894,-1.2827042612292616,19966.0095,NAS100
2024-11-05 03:36:00,1,19982.817,19978.974165757376,19988.581251363932,19988.571251363934,1.497397754009449,tp,6,1.587890503400224,-0.35754859909384756,19982.782,NAS100
2024-11-05 03:54:00,1,19983.5995,19980.681658191108,19987.97626271334,19987.96626271334,1.4965728094073079,tp,2,1.636654867802008,-0.23322031986954112,19983.5645,NAS100
2024-11-05 08:00:00,1,20000.939000000002,19997.411623233107,20006.230065150346,19997.40162323311,-1.0028349679263782,sl,1,2.9370267721971532,-1.4293908287090904,20000.904000000002,NAS100
2024-11-06 01:57:00,-1,20286.515000000003,20301.280489064044,20264.366766403942,20295.421,-0.6031632248257047,sl,13,0.30523878893911016,-0.5181000078506296,20286.525,NAS100
2024-11-06 13:01:00,1,20558.5935,20546.536881335513,20576.67842799673,20546.526881335514,-1.000829419945731,sl,1,0.6500578825709499,-1.087162194040958,20558.5585,NAS100
2024-11-06 14:08:00,-1,20566.1215,20580.583474796633,20544.428537805055,20558.666,0.5155243391612377,tp,4,0.4226601197940519,0.0,20566.1315,NAS100
2024-11-06 14:48:00,1,20553.711,20538.030475268828,20577.231787096756,20538.02047526883,-1.0006377337601795,sl,3,1.385157727331916,-1.9643475284196568,20553.676,NAS100
2024-11-06 17:30:00,1,20673.867000000002,20665.541605029655,20686.355092455524,20686.345092455525,1.498798855786158,tp,7,1.7039431823385498,-0.41655681350290885,20673.832000000002,NAS100
2024-11-07 01:15:00,1,20752.617000000002,20742.166847677574,20768.292228483646,20768.282228483647,1.4990430761497018,tp,16,2.2574790560101103,-0.30372763018876686,20752.582000000002,NAS100
2024-11-07 08:07:00,1,20801.4045,20795.996497301243,20809.516504048137,20809.50650404814,1.4981508884970238,tp,2,2.209595790834932,-0.05057319961437175,20801.3695,NAS100
2024-11-07 10:08:00,1,20819.827999999998,20813.312730861955,20829.60090370706,20813.302730861957,-1.001534856010784,sl,19,1.0886733686233692,-1.1658766259776905,20819.792999999998,NAS100
2024-11-07 11:31:00,-1,20816.922000000002,20821.580479949807,20809.934280075293,20811.2,1.2282976553845721,tp,1,0.0,0.0,20816.932,NAS100
2024-11-07 15:39:00,1,20981.9275,20969.622269625663,21000.38534556151,21000.37534556151,1.499187337441544,tp,7,2.462651984410842,-0.4150674017979374,20981.8925,NAS100
2024-11-07 17:36:00,-1,21056.516,21072.251013145327,21032.913480282008,21067.266,-0.6831897692562194,sl,11,0.0,-0.6795672746657002,21056.525999999998,NAS100
2024-11-07 19:00:00,1,21052.01,21031.528777817126,21082.73183327431,21082.72183327431,1.4995117478875386,tp,1,1.581936844916226,-0.5236015655826612,21051.975,NAS100
2024-11-08 01:08:00,1,21105.4545,21101.79993459278,21110.93634811083,21110.926348110832,1.497263696531342,tp,1,1.5469691659722034,-0.3865028649391264,21105.4195,NAS100
2024-11-08 15:31:00,-1,21092.622,21110.747176343393,21065.434235484907,21081.211,0.629566288559674,tp,32,0.7626408559075042,0.0,21092.631999999998,NAS100
2024-11-08 20:29:00,1,21110.5435,21102.18923188517,21123.074902172244,21102.179231885173,-1.001196992945516,sl,4,0.6223764821205607,-1.3408116481343537,21110.5085,NAS100
2024-11-11 00:21:00,-1,21191.8545,21198.813175155025,21181.416487267466,21185.088,0.9723833702909724,tp,12,0.9692218489509565,0.0,21191.8645,NAS100
2024-11-11 19:46:00,1,21054.711,21045.790351220134,21068.091973169798,21068.0819731698,1.4988790053004923,tp,16,1.6712909977635386,-0.1582844515958555,21054.676,NAS100
2024-11-12 04:22:00,1,21102.71,21098.172938293,21109.5155925605,21109.5055925605,1.497795930352243,tp,9,1.780667868708161,-0.5538827025697478,21102.675,NAS100
2024-11-12 08:08:00,1,21105.05,21093.838103355818,21121.86784496627,21093.82810335582,-1.0008919097558386,sl,3,0.321355085080011,-1.0541481405943327,21105.015,NAS100
2024-11-12 08:45:00,1,21104.089,21092.388540566248,21121.63968915063,21121.62968915063,1.4991453327065318,tp,9,2.1840168024756865,-0.47408394784885605,21104.054,NAS100
2024-11-12 15:04:00,1,21088.977,21073.733384061037,21111.84242390844,21111.832423908443,1.4993439876707442,tp,7,1.9402220653176196,-0.9658469525178118,21088.942,NAS100
2024-11-13 01:39:00,-1,21041.1945,21046.90199622907,21032.6332556564,21037.966,0.5656595940542987,tp,4,0.5682877166841522,0.0,21041.2045,NAS100
2024-11-13 10:05:00,-1,21065.316000000003,21074.620201459562,21051.359697810665,21052.667,1.3594933487822642,tp,15,1.3130627118410134,0.0,21065.326,NAS100
2024-11-13 18:41:00,-1,21115.043500000003,21129.330921512876,21093.612367730697,21121.134,-0.42628405653935236,sl,6,0.0,-0.36931086517202877,21115.0535,NAS100
2024-11-13 20:49:00,1,21073.9765,21055.194024011707,21102.15021398244,21055.18402401171,-1.0005324111690403,sl,2,0.4454418046489047,-1.008679580466917,21073.9415,NAS100
2024-11-14 10:08:00,-1,21045.888000000003,21050.427869158833,21039.078196261755,21049.824,-0.8669853386284911,sl,6,0.0,-0.8341650094982066,21045.898,NAS100
2024-11-14 11:33:00,1,21054.494499999997,21050.561311236946,21060.394283144575,21062.210000000003,1.9616398969932967,tp,1,1.9697757892485126,-0.5925217782298514,21054.459499999997,NAS100
2024-11-14 12:04:00,-1,21061.221,21068.554826259202,21050.2202606112,21054.321,0.9408458499197646,tp,50,0.9394823052099545,-0.46496874611964983,21061.231,NAS100
2024-11-14 20:36:00,-1,20902.894000000004,20932.203843065137,20858.929235402305,20863.944,1.3289051024070027,tp,34,1.330099240496452,0.0,20902.904000000002,NAS100
2024-11-15 00:22:00,-1,20841.0485,20850.91152212135,20826.253966817974,20828.289,1.293670423021817,tp,12,1.262442671911516,0.0,20841.0585,NAS100
2024-11-15 08:05:00,1,20739.7775,20734.619310493177,20747.514784260235,20747.504784260236,1.498061335283403,tp,1,1.57254788511931,-0.6336525627215831,20739.7425,NAS100
2024-11-15 17:47:00,1,20396.206000000002,20380.05971693889,20420.42542459167,20380.04971693889,-1.0006193375875148,sl,4,0.7316854260069187,-1.7758885987241453,20396.171000000002,NAS100
2024-11-15 17:58:00,-1,20381.8605,20402.61601268718,20350.727230969227,20354.645,1.311242001591558,tp,46,1.289416474714493,-0.16667860978146143,20381.870499999997,NAS100
2024-11-18 12:50:00,1,20463.572,20458.93437733369,20470.52843399946,20470.518433999463,1.4978437228037405,tp,2,1.701949590970574,-0.12118277842751571,20463.537,NAS100
2024-11-18 17:57:00,-1,20559.777,20570.160844633316,20544.201233050022,20567.177,-0.7126454854936767,sl,13,0.0,-0.6685385081483892,20559.786999999997,NAS100
2024-11-19 03:54:00,1,20581.537999999997,20577.868818766023,20587.041771850956,20587.031771850958,1.4972745963302043,tp,20,2.112460384413539,-0.6137609064237012,20581.502999999997,NAS100
2024-11-19 07:57:00,-1,20579.537500000002,20583.270590148346,20573.937864777487,20577.533,0.5369546194570362,sl,4,0.06388809016812196,0.0,20579.5475,NAS100
2024-11-19 08:08:00,1,20577.999,20575.063159132216,20582.402761301673,20575.053159132218,-1.0034061791659534,sl,3,1.461250862428268,-1.956849931153194,20577.964,NAS100
2024-11-19 17:26:00,-1,20587.554500000002,20599.749952179107,20569.261321731345,20595.956,-0.6889043453748296,sl,7,0.0,-0.6084645235795735,20587.5645,NAS100
2024-11-19 20:25:00,-1,20651.793500000003,20659.89875782473,20639.635613262915,20654.745,-0.3641463434996364,sl,2,0.0,-0.35982815884015706,20651.8035,NAS100
2024-11-20 01:32:00,1,20718.789,20714.16039894775,20725.731901578372,20714.150398947753,-1.0021604799993598,sl,3,1.2500537278296413,-1.5415024797903472,20718.754,NAS100
2024-11-20 01:40:00,1,20721.056500000002,20713.98659260336,20731.661361094964,20713.97659260336,-1.001414445683284,sl,6,0.6518472932455978,-1.1917412106419443,20721.021500000003,NAS100
2024-11-20 05:03:00,1,20708.356,20705.950345235302,20711.964482147047,20705.940345235304,-1.0041568724428567,sl,3,0.5624248416081867,-1.7467178007684503,20708.321,NAS100
2024-11-20 08:54:00,1,20723.3615,20714.627175606827,20736.46298658976,20714.61717560683,-1.0011449082434145,sl,3,0.955597665518883,-1.1203499617724364,20723.3265,NAS100
2024-11-20 18:24:00,-1,20528.704500000003,20541.76546770894,20509.113048436597,20535.143,-0.49295734768493454,sl,3,0.0,-0.44946899271330326,20528.714500000002,NAS100
2024-11-21 10:12:00,1,20570.534,20546.175702686614,20607.071445970076,20607.061445970077,1.4995894622735095,tp,50,1.5836492799027937,-0.33586091403461554,20570.499,NAS100
2024-11-22 00:35:00,-1,20702.116,20708.795787576273,20692.096318635595,20694.355,1.1618632945112959,tp,11,1.0055708992695225,0.0,20702.126,NAS100
2024-11-22 01:57:00,1,20721.793999999998,20714.28210977164,20733.061835342534,20714.272109771642,-1.0013312228606122,sl,14,0.6291359240263729,-1.2894224629951405,20721.759,NAS100
2024-11-22 11:25:00,-1,20666.36,20676.79555107119,20650.706673393215,20662.4,0.37947205403762646,tp,12,0.3807177956294182,0.0,20666.37,NAS100
2024-11-22 15:37:00,-1,20695.577,20719.327080520143,20659.95187921979,20697.766,-0.09216810857302442,sl,2,0.0,-0.027578853867183842,20695.587,NAS100
2024-11-25 00:00:00,-1,20864.399,20869.773005916417,20856.33799112538,20869.333,-0.9181232914027688,sl,14,0.0,-0.6574239133618036,20864.409,NAS100
2024-11-25 05:38:00,-1,20887.3435,20890.86788927611,20882.056916085836,20890.322,-0.8451109587101419,sl,4,0.0,-0.8351801601354495,20887.353499999997,NAS100
2024-11-25 20:50:00,-1,20790.270500000002,20795.65312920008,20782.196556199888,20782.031,1.5307574967052278,sl,1,0.0,0.0,20790.2805,NAS100
2024-11-26 06:24:00,1,20823.689,20817.53120644011,20832.925690339827,20817.521206440113,-1.0016239583060305,sl,4,0.3735104104472596,-1.2454136250937742,20823.654,NAS100
2024-11-26 06:29:00,-1,20823.056,20826.607061793984,20817.729407309023,20822.667,0.10954470030859108,sl,2,0.0,0.0,20823.066,NAS100
2024-11-26 12:58:00,-1,20873.521500000003,20878.57929508844,20865.934807367346,20865.969807367346,1.4930799885353092,tp,1,0.0,0.0,20873.5315,NAS100
2024-11-26 13:06:00,-1,20870.882,20881.443086644686,20855.040370032977,20864.799,0.575982396950054,tp,6,0.4886807743971906,0.0,20870.892,NAS100
2024-11-26 16:09:00,1,20892.7385,20871.99496233382,20923.853806499268,20871.984962333823,-1.0004820778480183,sl,5,0.28459465762322433,-1.1118402449551799,20892.7035,NAS100
2024-11-26 18:53:00,1,20889.483,20873.76208400451,20913.064373993235,20873.75208400451,-1.00063609525051,sl,24,0.9882375813506084,-1.5285368872202547,20889.448,NAS100
2024-11-27 07:10:00,1,20894.816,20892.054681105714,20898.957978341426,20898.947978341428,1.496378542145532,tp,2,2.2753619703262036,-0.7952721449684202,20894.781,NAS100
2024-11-28 01:46:00,-1,20785.115500000004,20787.772827521138,20781.129508718303,20785.634,-0.195120848247343,sl,2,0.0,0.0,20785.125500000002,NAS100
2024-11-28 08:10:00,1,20793.1655,20791.312876281187,20795.944435578218,20791.30287628119,-1.0053977501728246,sl,3,1.1985704260672556,-2.405507364904451,20793.1305,NAS100
2024-11-28 10:05:00,-1,20793.677,20796.876134665108,20788.87829800234,20794.488,-0.25350605238558327,sl,12,0.30883351388013736,-0.28413933615040277,20793.686999999998,NAS100
2024-11-29 08:50:00,-1,20836.687,20844.77339684683,20824.557404729756,20842.667,-0.7395135451884651,sl,15,0.0,-0.5700932179459555,20836.637,NAS100
2024-12-02 05:17:00,1,20898.666,20894.455520614752,20904.981719077874,20894.445520614754,-1.002375026471673,sl,4,0.4139671140785443,-1.1932132995598546,20898.631,NAS100
2024-12-03 06:49:00,-1,21171.233000000004,21173.674529990654,21167.570705014026,21169.156,0.8506960831766954,tp,6,0.8650313566051944,0.0,21171.243000000002,NAS100
2024-12-03 08:06:00,1,21170.55,21164.48068747653,21179.653968785202,21179.643968785203,1.4983523669345198,tp,2,1.5364178338062942,-0.014169644365287134,21170.515,NAS100
2024-12-03 09:11:00,-1,21163.5385,21165.96435580796,21159.89971628806,21161.144,0.9870743315168903,tp,3,0.021641846900253885,0.0,21163.548499999997,NAS100
2024-12-03 10:12:00,-1,21158.1215,21160.53948466927,21154.4945229961,21158.911,-0.32651158215905457,sl,3,0.0,-0.24255736913965853,21158.1315,NAS100
2024-12-03 14:37:00,1,21115.728,21079.474531379947,21170.108202930078,21170.09820293008,1.4997241643247106,tp,26,1.50796605348166,-0.18412031328520134,21115.693,NAS100
2024-12-04 08:01:00,1,21298.7655,21291.74935153492,21309.289722697624,21309.279722697625,1.4985747165915648,tp,3,1.5611841816793943,-0.14915590871667808,21298.7305,NAS100
2024-12-04 10:15:00,-1,21342.866,21347.21887191359,21336.336692129622,21339.578,0.7553633704997543,sl,1,0.0,0.0,21342.876,NAS100
2024-12-04 17:30:00,1,21426.3325,21413.703698839152,21445.275701741273,21413.693698839154,-1.000791840798745,sl,5,0.32200206086130095,-1.1429826011315187,21426.2975,NAS100
2024-12-05 03:36:00,-1,21460.199000000004,21462.132811495707,21457.29828275645,21461.467,-0.655699897748121,sl,7,0.0,-0.6376009258071477,21460.209000000003,NAS100
2024-12-05 11:13:00,-1,21459.232500000002,21462.414065840283,21454.460151239582,21461.21,-0.6215492934204095,sl,24,0.45370741089981054,-0.3697864696377959,21459.2425,NAS100
2024-12-05 13:30:00,1,21471.770999999997,21467.424260926397,21478.2911086104,21478.2811086104,1.4976994248269204,tp,2,1.913618429622693,-0.8240660272785795,21471.735999999997,NAS100
2024-12-05 14:32:00,1,21483.2435,21467.0270388132,21507.5681917802,21467.017038813203,-1.0006166573510218,sl,18,0.9735477930813955,-1.099037564034632,21483.2085,NAS100
2024-12-05 16:18:00,-1,21471.315,21481.155673264297,21456.55399010355,21476.61,-0.5380729405184298,sl,3,0.0,-0.5108390315365784,21471.324999999997,NAS100
2024-12-06 00:51:00,1,21404.8455,21401.232935397686,21410.26434690347,21410.25434690347,1.4972318834126885,tp,6,1.7005924256875922,-0.18255728896184537,21404.8105,NAS100
2024-12-06 03:26:00,-1,21427.279000000002,21430.106046968747,21423.038429546883,21425.256,0.7155876865035335,tp,10,1.0816940906215116,0.0,21427.2105,NAS100
2024-12-06 07:29:00,-1,21433.8055,21436.425749693375,21429.875125459934,21432.289,0.5787616362789055,tp,2,0.5921191418969112,0.0,21433.815499999997,NAS100
2024-12-06 07:48:00,1,21429.356,21426.89225716415,21433.051614253774,21426.88225716415,-1.0040588651757338,sl,4,0.7480488520077873,-1.042722463812722,21429.321,NAS100
2024-12-06 14:30:00,-1,21455.8325,21469.157505567877,21435.844991648184,21447.445,0.6294556469245411,sl,2,0.0,0.0,21455.8425,NAS100
2024-12-06 16:29:00,-1,21575.082000000002,21585.38797058494,21559.623044122596,21579.554,-0.4339232256818182,sl,3,0.0,-0.3983127999607552,21575.092,NAS100
2024-12-06 21:05:00,-1,21599.65,21615.740820305396,21575.51376954191,21599.188,0.02871202283256312,time,60,0.030887176077430287,-0.06028281850070122,21599.66,NAS100
2024-12-09 09:00:00,1,21646.656,21639.423055456446,21657.50541681533,21660.41,1.9015768636383932,tp,1,1.902959426429824,-0.7792123893749232,21646.621,NAS100
2024-12-09 13:51:00,-1,21578.921000000002,21583.914418753884,21571.43087186918,21573.299,1.1258819412316174,tp,12,1.025750142829713,-0.06648751413856717,21578.931,NAS100
2024-12-09 17:08:00,-1,21470.655000000002,21482.464565834154,21452.940651248777,21455.088,1.318168696344873,tp,10,1.0134157485612942,0.0,21470.665,NAS100
2024-12-09 18:25:00,-1,21473.204500000003,21480.264685454746,21462.61422181789,21473.766,-0.07953048876627049,sl,3,0.0,-0.052619014384096635,21473.214500000002,NAS100
2024-12-09 20:48:00,-1,21413.5485,21424.204732452145,21397.564151321785,21419.588,-0.5667575315311343,sl,3,0.0,-0.297713100220741,21413.5585,NAS100
2024-12-10 00:44:00,1,21428.543999999998,21423.649895893763,21435.88515615935,21435.875156159353,1.4979567251163173,tp,14,1.7480216632704686,-0.3226331041847239,21428.509,NAS100
2024-12-10 03:25:00,1,21430.477000000003,21426.82441035059,21435.955884474122,21426.81441035059,-1.0027377835886946,sl,6,0.19766797513483042,-1.2048985575778481,21430.442000000003,NAS100
2024-12-10 17:20:00,-1,21435.328,21453.10782574999,21408.658261375018,21449.222,-0.7814474784719901,sl,6,0.0,-0.7325718588668343,21435.338,NAS100
2024-12-11 09:02:00,-1,21400.638000000003,21405.610596332972,21393.17910550055,21403.634,-0.6025021536800598,sl,6,0.0,-0.4792265127571784,21400.648,NAS100
2024-12-11 12:47:00,-1,21400.9,21407.46504415168,21391.052433772486,21406.254,-0.8155314536051492,sl,19,0.4201038007180799,-0.708906123473609,21400.91,NAS100
2024-12-11 17:32:00,-1,21731.6485,21745.83102575544,21710.374711366836,21743.556,-0.8395895206065774,sl,10,0.0,-0.822244232169163,21731.658499999998,NAS100
2024-12-12 05:45:00,-1,21725.588000000003,21726.277863748757,21724.553204376873,21725.633,-0.06523027203493505,sl,1,0.0,0.0,21725.143,NAS100
2024-12-12 06:05:00,1,21723.0275,21722.341410256555,21724.056634615168,21724.04663461517,1.4854246472944161,tp,1,5.202672149093019,-0.512323647684255,21722.9925,NAS100
2024-12-12 07:20:00,1,21722.454,21719.852667164523,21726.355999253217,21726.34599925322,1.496155816793671,tp,5,1.567657911505873,-0.1241671175618402,21723.0145,NAS100
2024-12-12 14:16:00,-1,21653.127000000004,21662.874656999884,21638.505514500182,21643.311,1.0070112233251065,tp,3,0.13757152103531323,0.0,21653.137000000002,NAS100
2024-12-13 05:27:00,-1,21692.332000000002,21694.376483120242,21689.26527531964,21691.888,0.21716980473331124,sl,2,0.0,0.0,21692.342,NAS100
2024-12-13 11:15:00,-1,21768.161000000004,21772.04037222614,21762.3419416608,21770.299,-0.5511200976258984,sl,5,0.7493480466807962,-0.3015951890648875,21768.171000000002,NAS100
2024-12-16 07:57:00,-1,21786.737500000003,21790.612603168545,21780.924845247187,21783.622,0.8039785947622636,sl,4,0.0,0.0,21786.7475,NAS100
2024-12-16 12:59:00,-1,21854.882500000003,21863.16909893228,21842.452601601588,21861.134,-0.7544108326087644,sl,15,0.7127773466865245,-0.7165183265800984,21854.8925,NAS100
2024-12-17 03:06:00,1,22096.5895,22092.842540932976,22102.209938600532,22102.199938600534,1.497331169137552,tp,22,1.8440286847040699,-0.5016067606771615,22096.5545,NAS100
2024-12-17 17:31:00,1,22000.21,21983.497723280772,22025.27841507884,22025.26841507884,1.499401637480853,tp,7,1.5457498959601683,-0.10782492596754052,22000.175,NAS100
2024-12-19 06:36:00,-1,21178.288500000002,21193.085105898084,21156.09359115288,21188.878,-0.7156708824265535,sl,8,0.0,-0.7026949336636019,21178.2985,NAS100
2024-12-19 14:42:00,-1,21374.755,21402.527764454317,21333.095853318526,21363.333,0.41126622518225514,tp,2,0.2645397440390533,0.0,21374.765,NAS100
2024-12-19 16:20:00,-1,21249.116,21276.94053103603,21207.37920344596,21265.399,-0.5852030346500794,sl,3,0.0,-0.5424709577477757,21249.126,NAS100
2024-12-19 18:02:00,1,21177.111500000003,21151.276340975477,21215.864238536793,21215.854238536795,1.4996129305808767,tp,8,1.5326981328973364,-0.7354899569986686,21177.076500000003,NAS100
2024-12-20 01:58:00,1,21003.1725,20994.602902650782,21016.026896023828,20994.592902650784,-1.0011669159694314,sl,2,0.5760480684019588,-1.5879975972550566,21003.1375,NAS100
2024-12-20 10:45:00,1,20837.0885,20828.93481292606,20849.31903061091,20849.30903061091,1.498773560978054,tp,1,1.595658489467838,-0.793322081328897,20837.0535,NAS100
2024-12-20 14:05:00,-1,20931.693000000003,20961.413954851512,20887.11156772274,20953.2,-0.7236308559886531,sl,17,0.0,-0.6166692857469537,20931.703,NAS100
2024-12-20 14:48:00,1,20936.144,20911.98673226023,20972.379901609656,20911.97673226023,-1.0004139540988708,sl,3,1.3719266746974559,-1.7809547198572928,20936.109,NAS100
2024-12-23 18:22:00,-1,21463.1445,21473.009455043455,21448.347067434814,21457.81,0.5407525910151593,tp,1,0.0,0.0,21463.154499999997,NAS100
2024-12-23 21:09:00,-1,21482.9095,21503.72134627481,21451.691730587787,21483.088,-0.008576845977101944,time,60,0.14849715682086026,-0.006895111471777554,21482.9195,NAS100
2024-12-24 01:06:00,-1,21471.504500000003,21476.33864377315,21464.25328434028,21464.28828434028,1.492759834700727,tp,7,1.3022988755474196,-0.24916511724103754,21471.5145,NAS100
2024-12-24 03:08:00,1,21486.372,21482.12020234639,21492.749696480416,21482.11020234639,-1.002351946356127,sl,10,1.3808277059029435,-2.293382892226495,21486.337,NAS100
2024-12-24 04:04:00,1,21478.1715,21476.301487748085,21480.976518377873,21476.265000000003,-1.0195120369104924,sl,5,0.5724561424139352,-1.2098851211717652,21478.1365,NAS100
2024-12-24 12:10:00,-1,21521.343500000003,21527.522420008714,21512.075119986934,21524.824,-0.5632861398255389,sl,4,0.0,-0.55762171951414,21521.3535,NAS100
2024-12-24 13:38:00,-1,21541.698500000002,21549.486886419618,21530.015920370577,21546.078,-0.5623115962722445,sl,8,0.0,-0.5148049652362252,21541.7085,NAS100
2024-12-24 17:50:00,-1,21735.915,21741.987437536947,21726.80634369458,21738.944,-0.49881122392274313,sl,5,0.0,-0.37974865710353645,21735.925,NAS100
2024-12-26 01:55:00,-1,21817.710000000003,21820.118150365237,21814.09777445215,21815.321,0.9920476870930509,tp,5,0.9189625498273963,0.0,21817.72,NAS100
2024-12-26 06:38:00,-1,21844.376500000002,21846.106388363245,21841.781667455136,21841.816667455136,1.4797674805254932,tp,1,0.0,0.0,21844.3865,NAS100
2024-12-26 11:22:00,-1,21691.3155,21699.168370418796,21679.53619437181,21688.311,0.38259895296475327,sl,4,0.10690358496079862,0.0,21691.3255,NAS100
2024-12-26 15:52:00,-1,21760.466500000002,21771.942878905404,21743.2519316419,21762.624,-0.1879948385968764,sl,7,0.4075762954985857,-0.15375058758011506,21760.4765,NAS100
2024-12-27 03:15:00,1,21732.6385,21727.310197408908,21740.63095388664,21727.30019740891,-1.0018767702898697,sl,9,0.7470484140017933,-1.732165139312709,21732.6035,NAS100
2024-12-27 07:45:00,-1,21706.3555,21710.066404653964,21700.789143019058,21704.578,0.4789937133259579,tp,13,0.2908994168974659,0.0,21706.3655,NAS100
2024-12-30 08:04:00,1,21417.473,21399.262387965162,21444.78891805226,21444.778918052263,1.499450869636931,tp,26,1.5737527077711784,-0.48669424086597585,21417.438000000002,NAS100
2024-12-30 09:57:00,1,21425.216,21411.33826952434,21446.03259571349,21433.100000000002,0.5681044183579069,time,60,1.3477708068192074,-0.43285175559055855,21425.181,NAS100
2024-12-30 20:25:00,1,21293.7,21281.360384441803,21312.2094233373,21281.350384441805,-1.0008103980185798,sl,2,0.8257145412629595,-1.22742883913742,21293.665,NAS100
2024-12-31 07:04:00,1,21168.0615,21164.7214586336,21173.071562049598,21164.711458633603,-1.0029939748947427,sl,3,1.0121132133295756,-1.1767818325665658,21168.0265,NAS100
2024-12-31 12:25:00,1,21292.066000000003,21279.581728240784,21310.79240763883,21277.432,-1.1721949251221846,sl,24,0.6512995036329409,-1.3565068372928277,21292.031000000003,NAS100
2024-12-31 20:20:00,-1,21052.765000000003,21072.30161629986,21023.460075550218,21063.689,-0.5591551695712441,sl,3,0.0,-0.45442874363364055,21052.775,NAS100
2025-01-02 03:40:00,1,21110.695,21102.02529689669,21123.699554654966,21102.01529689669,-1.001153442035931,sl,4,0.27728746548201433,-1.2645185041934195,21110.66,NAS100
2025-01-02 08:01:00,-1,21171.06,21177.299088543776,21161.701367184338,21161.736367184338,1.494390206237262,tp,1,0.0,0.0,21171.07,NAS100
2025-01-02 09:05:00,-1,21159.2475,21170.928793308372,21141.725560037445,21170.434,-0.9576422494231251,sl,2,0.0,-0.8024368323394979,21159.2575,NAS100
2025-01-02 10:04:00,1,21186.532499999998,21176.678907238318,21201.312889142515,21176.66890723832,-1.0010148582593437,sl,3,0.9311831960099499,-1.4570827460857165,21186.497499999998,NAS100
2025-01-02 13:50:00,1,21221.872,21198.541906231465,21256.8671406528,21198.531906231467,-1.0004286309389758,sl,11,0.5626209705896423,-1.8381837820916909,21221.837,NAS100
2025-01-02 17:14:00,1,21126.4725,21085.141997409894,21188.46825388516,21085.131997409895,-1.0002419520540937,sl,7,0.33932565831794914,-1.455135946360308,21126.4375,NAS100
2025-01-02 19:57:00,1,20888.138,20867.25968318738,20919.455475218925,20867.249683187383,-1.000478965813583,sl,3,0.9741206718210567,-1.1956423606386615,20888.103,NAS100
2025-01-03 02:59:00,-1,21048.5935,21057.809728760556,21034.76915685916,21051.011,-0.2623090271311213,sl,3,0.0,-0.20914194407269804,21048.603499999997,NAS100
2025-01-06 12:15:00,-1,21529.770500000002,21541.20893734275,21512.61284398588,21537.632,-0.6872879366675404,sl,32,0.46173265121296253,-0.642614002222626,21529.7805,NAS100
2025-01-06 13:39:00,1,21527.8825,21519.24894112567,21540.832838311497,21519.23894112567,-1.0011582708989373,sl,3,0.9505350133650188,-1.1564755792288417,21527.8475,NAS100
2025-01-06 15:12:00,-1,21621.010000000002,21644.82121770616,21585.29317344076,21628.134,-0.29918671476231795,sl,2,0.0,-0.13430644494798094,21618.8925,NAS100
2025-01-07 11:25:00,-1,21576.787,21583.01222882581,21567.449156761286,21576.045,0.11919240573546451,tp,6,0.3675366904609976,0.0,21576.797,NAS100
2025-01-07 13:35:00,1,21560.8455,21546.410504021773,21582.49799396734,21582.48799396734,1.499307239155904,tp,24,1.5061659894325128,-0.5697611563180114,21560.8105,NAS100
2025-01-07 19:04:00,1,21260.5005,21247.72420560904,21279.664941586438,21279.65494158644,1.4992173004401295,tp,4,1.68190394980334,-0.3402786337700964,21260.4655,NAS100
2025-01-08 01:11:00,-1,21224.860500000003,21231.787856422307,21214.469465366547,21217.043,1.1284968642339557,tp,8,1.080426578875668,0.0,21224.8705,NAS100
2025-01-08 14:37:00,1,21158.716,21132.673652153688,21197.77952176947,21132.66365215369,-1.0003839899557987,sl,2,0.945613665301189,-1.2584502823404775,21158.681,NAS100
2025-01-08 14:56:00,-1,21153.6895,21197.646110434987,21087.75458434752,21178.999,-0.575783704647401,sl,7,0.0,-0.5749874649088611,21153.6995,NAS100
2025-01-08 20:44:00,-1,21160.0325,21174.539186656602,21138.2724700151,21157.6,0.16768129467356463,sl,11,0.15175760338085645,0.0,21160.0425,NAS100
2025-01-08 20:57:00,1,21166.0105,21147.963622729916,21193.080815905127,21193.07081590513,1.4994458875156769,tp,4,2.061824848871884,-0.3571532018276727,21165.9755,NAS100
2025-01-09 06:41:00,-1,21133.554500000002,21142.76603652057,21119.73719521915,21128.3,0.5704260074603305,tp,36,0.6333905301219995,-0.19524430001241663,21133.5645,NAS100
2025-01-10 04:50:00,-1,21116.166,21120.25534950265,21110.031975746024,21118.854,-0.6573172574895345,sl,2,0.0,-0.6137895521944693,21115.676,NAS100
2025-01-10 05:14:00,1,21127.371499999997,21122.176163628206,21135.164504557684,21135.154504557686,1.4980751968144554,tp,4,2.023834309765018,-0.1338700615756673,21127.336499999998,NAS100
2025-01-10 07:44:00,1,21106.494000000002,21088.937559315953,21132.828661026077,21088.927559315955,-1.000569591535002,sl,17,0.2172422114844508,-1.230032920033778,21106.459000000003,NAS100
2025-01-10 10:01:00,-1,21110.627000000004,21113.818670352266,21105.839494471613,21110.845,-0.06830279318871926,sl,2,0.0,0.0,21110.637000000002,NAS100
2025-01-10 20:40:00,1,20847.615999999998,20826.011840267034,20880.022239599442,20826.001840267036,-1.0004628738225418,sl,11,0.8879308539239839,-1.1477882179404058,20847.581,NAS100
2025-01-10 21:01:00,1,20840.4995,20820.302144299756,20870.795533550372,20850.755,0.5077644891838269,time,60,1.203598152192947,-0.45231168552867523,20840.464500000002,NAS100
2025-01-13 07:08:00,-1,20738.727500000005,20748.803992782345,20723.612760826494,20729.844,0.8816063477535093,tp,5,0.7957629875008292,0.0,20738.737500000003,NAS100
2025-01-13 12:20:00,-1,20598.955,20619.1355682436,20568.6841476346,20618.278,-0.9575052479568229,sl,5,0.0,-0.8472506717159233,20598.965,NAS100
2025-01-13 20:38:00,-1,20739.9385,20747.125685012066,20729.1577224819,20732.788,0.9948957746315543,tp,2,0.9395194347526066,0.0,20739.9485,NAS100
2025-01-14 10:10:00,1,20934.7835,20926.143265271912,20947.743852092135,20926.133265271914,-1.0011573759640915,sl,4,0.9971372620226588,-1.0938938926365425,20934.7485,NAS100
2025-01-14 12:05:00,-1,20892.8385,20898.991704487238,20883.608693269147,20890.578,0.36736955592638576,tp,1,0.0,0.0,20892.8485,NAS100
2025-01-14 17:57:00,-1,20695.333500000004,20722.56637023986,20654.484194640223,20719.266,-0.8788093134953526,sl,8,0.0,-0.834304272736712,20695.343500000003,NAS100
2025-01-14 19:34:00,-1,20833.4435,20850.281199878977,20808.186950181538,20814.555,1.1217981158807973,tp,16,1.075651670369648,-0.12866959356512742,20833.4535,NAS100
2025-01-15 05:24:00,-1,20785.199,20787.969669314494,20781.04299602826,20785.943,-0.2685271735991087,sl,7,0.6659040796928524,-0.039701598247455366,20785.0315,NAS100
2025-01-15 06:17:00,-1,20785.966500000002,20788.86249467015,20781.622507994784,20788.11,-0.740160201983201,sl,9,0.19665091440672752,-0.7132264507558971,20785.9765,NAS100
2025-01-15 13:28:00,1,20830.089,20820.875180523053,20843.90972921542,20843.89972921542,1.4989146737652894,tp,2,2.2802704190771164,-0.26308307928801655,20830.054,NAS100
2025-01-15 14:39:00,-1,21098.0115,21120.77233181496,21063.870252277564,21095.433,0.1132867208440556,sl,2,0.0,0.0,21098.0215,NAS100
2025-01-16 05:03:00,1,21218.344999999998,21215.136120885985,21223.158318671016,21215.126120885987,-1.0031163529828009,sl,1,1.2602531464469091,-1.0118798136760758,21218.309999999998,NAS100
2025-01-17 00:51:00,-1,21085.4045,21089.202230851275,21079.707903723087,21087.11,-0.44908395744465546,sl,10,0.2679231467022652,-0.19129844332092477,21085.4145,NAS100
2025-01-17 06:06:00,-1,21139.010000000002,21146.326862258233,21128.034706612656,21139.286,-0.03772108729907421,sl,25,0.6485020262155411,-0.16687481011744287,21139.02,NAS100
2025-01-17 10:53:00,-1,21183.376500000002,21190.847072946406,21172.170640580396,21181.1,0.30472897009852346,sl,8,0.0,-0.16939798447545545,21183.3865,NAS100
2025-01-17 12:20:00,1,21186.0505,21170.61434236846,21209.204736447315,21209.194736447316,1.4993521703887005,tp,43,1.6680640749212936,-0.6663899297699907,21186.0155,NAS100
2025-01-17 15:33:00,-1,21400.705,21419.310976567194,21372.796035149215,21414.064,-0.7179950996795473,sl,8,0.04933898506677528,-0.3717085193040738,21400.715,NAS100
2025-01-20 00:37:00,1,21397.522999999997,21390.00824323346,21408.795135149805,21389.998243233462,-1.0013307150595916,sl,5,0.6219762189530589,-1.0516641117634147,21397.487999999998,NAS100
2025-01-20 09:16:00,1,21465.7005,21457.100551253214,21478.600423120177,21478.59042312018,1.4988372023726144,tp,47,1.5333230915973861,-0.5818057929553668,21465.6655,NAS100
2025-01-21 07:07:00,1,21445.4105,21438.049037353067,21456.452693970405,21456.442693970406,1.498641574306899,tp,6,1.7915597256324116,-0.2808545120937029,21445.375500000002,NAS100
2025-01-21 08:09:00,-1,21482.7485,21493.433740776945,21466.720638834588,21488.156,-0.506071890458997,sl,25,0.6192186154828535,-0.5234790789243106,21482.7585,NAS100
2025-01-21 11:56:00,1,21526.967,21513.97835934497,21546.44996098255,21513.96835934497,-1.0007699035075333,sl,5,0.1410463226025689,-1.8838768928849294,21526.932,NAS100
2025-01-21 16:47:00,-1,21481.6995,21500.11037532493,21454.083187012602,21492.4,-0.5812053914412506,sl,5,0.0,-0.5521464797622723,21481.709499999997,NAS100
2025-01-21 20:35:00,1,21581.721999999998,21565.18062407189,21606.53406389216,21565.170624071892,-1.0006045446304987,sl,11,0.4210653352100398,-1.22873696168531,21581.686999999998,NAS100
2025-01-21 20:59:00,1,21560.3605,21548.65170824368,21577.923687634477,21577.91368763448,1.499145940912904,tp,2,4.04102327419627,-0.5755931218404987,21560.3255,NAS100
2025-01-22 03:11:00,-1,21696.759500000004,21698.649950651063,21693.923824023415,21694.155,1.377713826354589,sl,1,0.0,0.0,21696.769500000002,NAS100
2025-01-22 12:07:00,-1,21737.142499999998,21747.053981747893,21722.275277378154,21741.4,-0.42955232207410476,sl,3,0.0,-0.40362279846316623,21737.152499999997,NAS100
2025-01-23 01:38:00,-1,21811.4325,21814.108738543175,21807.418142185234,21813.656,-0.8308302732093451,sl,2,0.0,0.0,21811.442499999997,NAS100
2025-01-23 12:29:00,-1,21745.416,21754.299583426047,21732.09062486093,21752.122,-0.7548755584752702,sl,10,0.00697916561687664,-0.47694717286885263,21745.426,NAS100
2025-01-23 15:02:00,1,21728.772999999997,21718.201794927743,21744.629807608377,21744.61980760838,1.4990540340545975,tp,6,1.8584446962975414,-0.7670837851098149,21728.737999999998,NAS100
2025-01-23 19:59:00,1,21813.478,21801.47695229584,21831.479571556236,21801.466952295843,-1.0008332605823185,sl,3,0.359218637095155,-1.1483164086769306,21813.443,NAS100
2025-01-24 00:38:00,-1,21870.8505,21874.468776679998,21865.423084980004,21868.222,0.7264508030935614,tp,11,0.6474076493233928,0.0,21870.8605,NAS100
2025-01-24 11:26:00,-1,21868.9775,21874.471257243622,21860.736864134567,21869.845,-0.15790650397004066,tp,4,0.0,0.0,21868.9875,NAS100
2025-01-24 11:31:00,-1,21864.394500000002,21870.79338340287,21854.796174895702,21856.967,1.1607493889750842,tp,7,1.0116608777560252,-0.14822898625930778,21864.4045,NAS100
2025-01-27 07:42:00,-1,21204.8265,21218.457434092394,21184.38009886141,21210.845,-0.441532470130572,sl,2,0.0,-0.22614004140188418,21204.836499999998,NAS100
2025-01-27 16:50:00,1,21113.355,21064.36544918407,21186.83932622389,21064.355449184073,-1.0002041251620366,sl,5,0.49263566613791365,-1.054000274344429,21113.32,NAS100
2025-01-28 14:34:00,-1,21154.9945,21190.069449778024,21102.382075332964,21132.932,0.6290101665041722,tp,2,0.5435075494233389,0.0,21155.0045,NAS100
2025-01-29 04:49:00,1,21479.3285,21474.4940578735,21486.58016318975,21474.484057873502,-1.0020684909937356,sl,7,0.8212943491940478,-1.21285969437087,21479.2935,NAS100
2025-01-29 05:23:00,1,21475.7435,21472.179777993413,21481.08908300988,21472.169777993415,-1.0028060550121236,sl,8,0.8037944583513562,-1.2659517189223146,21475.7085,NAS100
2025-01-29 15:15:00,-1,21420.972,21445.75176888768,21383.802346668483,21386.522,1.390247025957181,tp,12,1.2772919773170426,0.0,21420.982,NAS100
2025-01-29 17:00:00,-1,21374.803499999998,21390.757234570203,21350.87289814469,21381.611,-0.42670259869537736,sl,2,0.0,-0.2872995021843236,21374.813499999997,NAS100
2025-01-30 13:36:00,1,21511.2385,21494.412634979322,21536.477297531015,21494.402634979324,-1.0005943230844958,sl,3,0.10255044824619798,-1.0695141068757172,21511.2035,NAS100
2025-01-30 14:28:00,-1,21536.317000000003,21546.46217365558,21521.09923951664,21521.13423951664,1.4965500836961407,tp,1,0.0,0.0,21536.327,NAS100
2025-01-30 14:39:00,-1,21526.7275,21550.765213842675,21490.67092923599,21536.722,-0.4157841326098821,sl,8,0.0,-0.21089775979435996,21526.7375,NAS100
2025-01-30 18:03:00,-1,21424.221500000003,21442.523498982555,21396.768501526174,21430.199,-0.3266036680307953,sl,6,0.0,-0.29622447281116043,21424.2315,NAS100
2025-01-31 04:17:00,1,21625.244,21620.80321795667,21631.905173064995,21620.79321795667,-1.0022518556193092,sl,13,1.3837652782870535,-1.3342244546540607,21625.209,NAS100
2025-01-31 08:28:00,1,21659.272500000003,21650.971583760063,21671.723874359912,21671.713874359913,1.4987953137088308,tp,7,1.8851533430374594,-0.4372408894502029,21659.237500000003,NAS100
2025-01-31 10:24:00,-1,21671.1765,21675.374470389736,21664.879544415402,21670.21,0.23023030423601584,sl,3,0.0,0.0,21671.1865,NAS100
2025-01-31 11:08:00,-1,21675.2995,21678.067620054815,21671.147319917778,21675.622,-0.11650506250172808,sl,2,0.0,-0.10386110223021251,21675.3095,NAS100
2025-01-31 12:02:00,1,21684.933,21680.30521369996,21691.874679450062,21691.864679450064,1.4978391396343227,tp,5,1.6132983495665048,-0.5765175457601966,21684.898,NAS100
2025-01-31 13:31:00,-1,21674.772,21680.360866113562,21666.38870082966,21675.434,-0.11844978687070698,tp,2,0.0,0.0,21674.782,NAS100
2025-01-31 13:40:00,-1,21670.5765,21681.512662081448,21654.172256877828,21670.734,-0.014401761680940456,sl,9,0.3282230066877974,0.0,21670.586499999998,NAS100
2025-02-03 14:29:00,-1,21101.066500000004,21108.75720345569,21089.530444816475,21087.811,1.7235744527637997,sl,1,0.0,0.0,21101.076500000003,NAS100
2025-02-03 14:34:00,1,21099.6775,21084.12650977221,21123.00398534169,21122.99398534169,1.4993569541327003,tp,2,2.8822280345785294,-0.3137742309992835,21099.6425,NAS100
2025-02-03 17:24:00,-1,21320.610000000004,21351.077275622643,21274.909086566047,21280.821,1.3059585797175293,tp,7,1.1488063597650937,-0.35956611728861654,21320.620000000003,NAS100
2025-02-03 23:54:00,-1,21456.787500000002,21468.274236286274,21439.557395570595,21445.221,1.0069439840648788,tp,14,0.8454533783985339,-0.40433591267777685,21456.7975,NAS100
2025-02-04 04:45:00,-1,21358.782000000003,21365.581206996645,21348.58318950504,21352.434,0.9336382909266882,tp,4,0.911135666712719,0.0,21358.792,NAS100
2025-02-04 06:11:00,-1,21245.2265,21266.252660370898,21213.687259443657,21263.721,-0.879594736925896,sl,38,0.8098245090705484,-0.8663731122879113,21245.2365,NAS100
2025-02-04 13:01:00,-1,21336.31,21349.010655218906,21317.259017171644,21347.055,-0.8460193442622531,sl,8,0.986012121749473,-0.6228025140172111,21336.32,NAS100
2025-02-05 04:56:00,-1,21453.2055,21457.26451643978,21447.11697534033,21454.967,-0.4339721275176748,sl,5,0.0,-0.23072091820612725,21453.2155,NAS100
2025-02-05 13:22:00,1,21402.943000000003,21378.751921270454,21439.229618094327,21439.21961809433,1.4995866244696983,tp,9,1.708150366586258,-0.040469464423145286,21402.908000000003,NAS100
2025-02-05 15:29:00,-1,21477.1655,21497.615265306496,21446.490852040253,21489.543999999998,-0.6053125703142425,sl,14,0.8677605700620347,-0.603601059229627,21477.175499999998,NAS100
2025-02-05 17:57:00,1,21596.478,21582.916130293845,21616.820804559233,21582.906130293846,-1.0007373614564268,sl,15,1.01328211358392,-1.0201395751295737,21596.443,NAS100
2025-02-06 09:24:00,1,21701.8005,21691.956000249815,21716.56724962528,21691.946000249816,-1.001015795647535,sl,25,0.9454517990944782,-1.0647062081344565,21701.7655,NAS100
2025-02-06 13:33:00,-1,21659.755500000003,21671.349528299874,21642.364457550197,21647.167,1.0857744758257917,tp,12,1.088793271286231,-0.15219041685599075,21659.7655,NAS100
2025-02-06 14:33:00,-1,21662.272,21675.054171938806,21643.098742091795,21657.21,0.3960203339648576,sl,12,0.02135787261414152,0.0,21662.282,NAS100
2025-02-07 07:41:00,1,21770.2165,21763.228104528753,21780.699093206866,21763.218104528754,-1.001430943632132,sl,20,1.064264326568519,-1.0299216793916253,21770.1815,NAS100
2025-02-07 15:55:00,-1,21625.9045,21712.848517825383,21495.488473261925,21537.265,1.019500849132872,time,60,1.0675777623530012,0.0,21625.9145,NAS100
2025-02-07 17:52:00,-1,21563.909000000003,21586.632844858912,21529.823232711642,21585.842,-0.9651975770904193,sl,12,0.0,-0.886469702863655,21563.919,NAS100
2025-02-10 03:00:00,-1,21586.049500000005,21588.752938384765,21581.994342422862,21582.029342422862,1.4870535240620482,tp,1,0.0,0.0,21586.059500000003,NAS100
2025-02-10 09:01:00,-1,21596.342500000002,21606.444894551434,21581.188908172855,21601.966,-0.5566502051932777,sl,4,0.0,-0.4917151052365971,21596.3525,NAS100
2025-02-10 09:39:00,-1,21616.5255,21621.40096264244,21609.212306036337,21609.277,1.4867307026213965,tp,3,0.9671902639452845,0.0,21616.535499999998,NAS100
2025-02-10 15:01:00,-1,21700.255500000003,21713.612510602063,21680.21998409691,21695.854,0.32952732696976655,sl,1,0.0,0.0,21700.2655,NAS100
2025-02-12 07:02:00,1,21694.2445,21690.89305631028,21699.27166553458,21690.883056310282,-1.0029837887561923,sl,2,0.34447841195771195,-1.1674073510477734,21694.2095,NAS100
2025-02-12 12:05:00,1,21698.161,21693.332490170716,21705.403764743925,21705.393764743927,1.4979289676624965,tp,9,2.262602829084487,-0.58838028717897,21698.126,NAS100
2025-02-14 00:07:00,1,21999.994499999997,21996.998711263303,22004.488183105037,21996.988711263304,-1.0033380190919046,sl,1,0.8279956358799874,-2.550747289486556,21999.959499999997,NAS100
2025-02-14 05:25:00,1,22055.4045,22051.96432111684,22060.56476832474,22051.954321116842,-1.00290682558612,sl,4,0.34431349073084205,-1.2454294225728957,22055.3695,NAS100
2025-02-14 13:33:00,1,22008.2265,21997.285793263734,22024.6375601044,21997.275793263736,-1.000914017735733,sl,5,0.8657118985379152,-1.2660516668530808,22008.1915,NAS100
2025-02-14 14:47:00,-1,22034.876500000002,22055.52093409149,22003.909848862768,22054.699,-0.9601861650530801,sl,6,0.0,-0.6334152799756267,22034.8865,NAS100
2025-02-17 08:27:00,1,22164.549000000003,22158.39764084211,22173.77603873684,22158.387640842113,-1.001625656987622,sl,3,0.18695055360611026,-1.561606102560296,22164.514000000003,NAS100
2025-02-17 09:49:00,-1,22160.261000000002,22168.19848189779,22148.35477715332,22165.724,-0.68825353813004,sl,7,0.06828362029427591,-0.4692924088477444,22160.271,NAS100
2025-02-19 00:40:00,1,22190.2385,22184.39735805989,22199.000212910163,22184.387358059892,-1.0017119940074959,sl,1,0.3943578196900976,-1.2207373272401836,22190.2035,NAS100
2025-02-19 01:25:00,-1,22198.554500000002,22204.590826833166,22189.500009750256,22202.532,-0.6589272101942246,sl,5,0.0,-0.6181739496769764,22198.5645,NAS100
2025-02-19 03:40:00,-1,22206.704500000003,22209.243234499572,22202.89639825065,22207.599,-0.3523409006128056,sl,3,0.0,-0.23771686251553206,22206.714500000002,NAS100
2025-02-19 14:39:00,1,22117.382999999998,22099.261476388427,22144.565285417353,22099.25147638843,-1.0005518299792415,sl,5,0.9334755930345466,-1.031094316377821,22117.347999999998,NAS100
2025-02-20 03:58:00,1,22100.0505,22097.297373437395,22104.180189843908,22097.287373437397,-1.0036322340331985,sl,5,0.9736203327541744,-1.1690345237730215,22100.0155,NAS100
2025-02-20 14:30:00,-1,22137.560500000003,22143.254812781903,22129.019030827156,22129.054030827156,1.493853516422047,tp,1,0.0,0.0,22137.5705,NAS100
2025-02-20 20:27:00,1,22019.5545,22006.922411830765,22038.502632253847,22038.49263225385,1.4992083652468027,tp,18,1.9034461822837918,-0.24718795168028926,22019.5195,NAS100
2025-02-21 05:05:00,-1,22053.1505,22057.346494356363,22046.856508465455,22050.245,0.6924461172342772,tp,3,0.4674696468613139,0.0,22053.160499999998,NAS100
2025-02-21 09:15:00,-1,22082.327500000003,22084.459011857325,22079.130232214018,22080.144,1.0243902667030436,tp,1,0.0,0.0,22082.3375,NAS100
2025-02-21 14:04:00,1,22149.8995,22145.076309194923,22157.134286207613,22145.066309194925,-1.002073316275996,sl,1,1.9260071548945148,-1.5183931749683923,22149.8645,NAS100
2025-02-21 20:32:00,-1,21637.7315,21652.10501161298,21616.171232580535,21626.967,0.7489123249659361,tp,10,0.7513473596980366,0.0,21637.7415,NAS100
2025-02-24 03:13:00,1,21707.4165,21702.102286447367,21715.38782032895,21702.09228644737,-1.0018817459816696,sl,11,1.2179600868305038,-1.2663209585667345,21707.3815,NAS100
2025-02-24 11:01:00,-1,21694.6425,21709.377983124938,21672.5392753126,21704.589,-0.6750033178869047,sl,20,0.34613727671875494,-0.6989590984341877,21694.6525,NAS100
2025-02-24 12:26:00,1,21684.454,21676.67337604069,21696.12493593897,21696.11493593897,1.4987147560336171,tp,5,1.7621980025894808,-0.7412001955315968,21684.419,NAS100
2025-02-25 20:04:00,-1,21139.572,21155.109669519545,21116.265495720683,21149.566,-0.6432110032606556,sl,2,0.0,-0.4822473531550695,21139.582,NAS100
2025-02-26 06:45:00,-1,21206.188000000002,21209.83100720602,21200.723489190976,21204.854,0.366180994042248,sl,1,0.0,0.0,21206.198,NAS100
2025-02-26 11:40:00,-1,21259.3385,21266.43048829668,21248.700517554986,21251.922,1.0457575068867127,tp,11,1.049000603044695,0.0,21259.3485,NAS100
2025-02-26 17:19:00,-1,21324.0595,21347.89241900481,21288.310121492785,21310.655,0.5624363510527326,tp,14,0.509862010505201,0.0,21324.069499999998,NAS100
2025-02-27 02:08:00,-1,21116.705,21126.246551129057,21102.392673306418,21123.022,-0.6620516847373694,sl,12,0.29072841118609366,-0.5676225937211349,21116.715,NAS100
2025-02-27 13:18:00,-1,21310.883,21317.979183807965,21300.238724288058,21304.556,0.8916059915049749,tp,6,0.844679360373323,0.0,21310.893,NAS100
2025-02-27 14:01:00,-1,21273.099000000002,21310.783055355718,21216.572916966426,21291.543,-0.48943776952609647,sl,8,0.0,-0.4861737896056187,21273.109,NAS100
2025-02-28 05:56:00,-1,20577.4435,20593.315538093942,20553.63544285909,20589.545,-0.7624414664564402,sl,28,0.41106882187298344,-0.7602363306199016,20577.4535,NAS100
2025-02-28 09:32:00,-1,20622.500000000004,20634.26454710313,20604.853179345315,20607.722,1.2561469532539045,tp,25,1.2496018649200709,0.0,20622.510000000002,NAS100
2025-02-28 13:30:00,-1,20575.415,20582.56177354553,20564.694839681706,20532.365999999998,6.02355730537017,sl,1,0.0,0.0,20575.425,NAS100
2025-03-03 06:23:00,-1,20916.744000000002,20923.116695504752,20907.18495674288,20921.188,-0.6973501239285248,sl,6,0.0,-0.4669923422169998,20916.754,NAS100
2025-03-03 08:01:00,-1,20922.028000000002,20933.722456921616,20904.48631461758,20933.21,-0.956179502387178,sl,5,0.0,-0.27294982754603936,20922.038,NAS100
2025-03-03 08:14:00,1,20921.1605,20913.353008009733,20932.871737985406,20913.343008009735,-1.0012808210384159,sl,3,0.7873847334921003,-1.2916439763973775,20921.125500000002,NAS100
2025-03-03 12:53:00,1,21020.316000000003,21013.513760434307,21030.519359348546,21013.50376043431,-1.0014701040593794,sl,3,1.0692066825573412,-1.141094771073237,21020.281000000003,NAS100
2025-03-03 16:14:00,1,20862.777,20818.254623427354,20929.560564858963,20929.550564858964,1.499775393840805,tp,9,1.536755341179185,-0.40979393744244214,20862.742,NAS100
2025-03-04 00:52:00,-1,20482.961000000003,20493.41180451503,20467.28479322746,20485.254,-0.2194089456654184,sl,3,0.0,-0.21605992120040973,20482.971,NAS100
2025-03-04 04:04:00,-1,20492.4595,20500.239452556187,20480.789571165722,20495.922,-0.44505412790014526,sl,8,0.0,-0.40469398460482103,20492.4695,NAS100
2025-03-04 05:05:00,1,20511.488999999998,20472.322531010574,20570.238703484134,20518.098,0.16874127718249493,time,60,0.8983960236370299,-0.507551497822409,20511.453999999998,NAS100
2025-03-04 08:16:00,1,20448.188,20424.96315107493,20483.025273387597,20483.0152733876,1.4995694266932593,tp,9,1.551915369451543,-0.05119516617028161,20448.153,NAS100
2025-03-04 11:10:00,1,20429.6495,20408.04651727375,20462.053974089373,20408.03651727375,-1.0004628990415405,sl,29,0.9352643686304064,-1.465561510704125,20429.6145,NAS100
2025-03-04 13:59:00,-1,20294.772500000003,20316.15394986539,20262.70032520192,20300.244,-0.25589939103489573,sl,4,0.0,-0.2542624580757089,20294.7825,NAS100
2025-03-05 08:16:00,-1,20507.477000000003,20521.147226568664,20486.97166014701,20519.134,-0.8527291000954327,sl,4,0.0,-0.7046701056207161,20507.487,NAS100
2025-03-05 11:27:00,-1,20499.499,20512.605808909426,20479.83878663586,20510.844,-0.8655806366294216,sl,20,0.008392584401033975,-0.7366400217413135,20499.509,NAS100
2025-03-05 13:05:00,1,20450.9725,20434.681348638846,20475.40922704173,20434.671348638847,-1.0006138301570413,sl,11,1.3663552382845754,-3.5941904106063913,20450.9375,NAS100
2025-03-05 14:35:00,-1,20391.038,20410.73939619663,20361.485905705056,20373.278,0.9014589536065674,tp,1,0.0,0.0,20391.048,NAS100
2025-03-06 14:23:00,1,20290.4555,20269.911610620587,20321.27133406912,20269.90161062059,-1.0004867627455403,sl,7,0.22651504367345895,-1.228856889450539,20290.4205,NAS100
2025-03-07 04:16:00,1,20141.41,20133.30888871115,20153.561666933274,20133.298888711153,-1.0012343985463037,sl,11,0.24675626944559767,-1.8504868610599694,20141.375,NAS100
2025-03-07 05:18:00,-1,20150.343000000004,20154.631214696557,20143.910677955173,20143.945677955173,1.4918380952273287,tp,1,0.0,0.0,20150.353000000003,NAS100
2025-03-07 12:02:00,-1,20142.91,20152.087336563378,20129.143995154933,20138.666,0.4624435391129015,tp,2,0.4662572817775784,0.0,20142.92,NAS100
2025-03-10 03:56:00,1,20109.4995,20102.632246143206,20119.800380785193,20102.622246143208,-1.001456186156349,sl,3,0.9123734364061497,-2.325310864138439,20109.464500000002,NAS100
2025-03-10 05:35:00,-1,20088.848,20102.573884418747,20068.259173371884,20073.444,1.1222591951135086,tp,14,1.0381844670452571,0.0,20088.858,NAS100
2025-03-11 03:37:00,1,19428.1105,19412.670146937468,19451.271029593794,19412.66014693747,-1.00064765358395,sl,3,0.6222979462379493,-1.021900207598851,19428.0755,NAS100
2025-03-11 09:47:00,-1,19522.733000000004,19533.655897724333,19506.348653413508,19513.089,0.8829158931446557,tp,2,0.8861201710645978,0.0,19522.743000000002,NAS100
2025-03-11 10:12:00,-1,19510.049000000003,19526.54012129754,19485.312318053693,19518.732,-0.5265257494221036,sl,17,0.0,-0.343214988106421,19510.059,NAS100
2025-03-11 17:45:00,-1,19276.105,19296.783666706957,19245.086999939565,19286.922,-0.5230994895990918,sl,2,0.0,0.0,19276.114999999998,NAS100
2025-03-12 04:16:00,-1,19432.9275,19435.722815569214,19428.734526646185,19432.599,0.11751803754159007,sl,2,0.0,0.0,19432.9375,NAS100
2025-03-12 05:00:00,-1,19429.621000000003,19436.416598078886,19419.42760288168,19430.822,-0.17673205302258252,sl,31,0.7110485264008526,-0.2959268598076333,19429.631,NAS100
2025-03-12 16:50:00,-1,19681.583000000002,19700.506699943562,19653.197450084663,19682.356,-0.040848248614324595,tp,3,0.0,0.0,19681.593,NAS100
2025-03-13 05:31:00,1,19449.949,19440.370638211978,19464.316542682034,19465.443000000003,1.6176043819285837,tp,1,1.6186484017954155,-0.27791808859517503,19449.914,NAS100
2025-03-13 16:32:00,1,19302.482999999997,19266.27746979373,19356.791295309395,19356.781295309396,1.499723799100816,tp,6,1.7797281142662138,-0.007264083649570754,19302.447999999997,NAS100
2025-03-13 23:41:00,-1,19350.5,19360.402241089767,19335.64663836535,19343.054,0.751950990942313,sl,20,0.7598279956823759,-0.3958699818013146,19350.51,NAS100
2025-03-14 00:05:00,-1,19343.893500000002,19363.063382919365,19315.138675620958,19354.143,-0.5346668022497623,sl,12,0.0,-0.5728516990005192,19343.9035,NAS100
2025-03-14 02:50:00,-1,19409.304,19414.75036458021,19401.134453129685,19409.154,0.02754130719535447,sl,3,0.0,0.0,19409.314,NAS100
2025-03-14 04:26:00,1,19433.0935,19428.787793742016,19439.552059386973,19428.777793742018,-1.002322499353006,sl,1,0.742154668372266,-1.116309314200773,19433.0585,NAS100
2025-03-17 03:14:00,-1,19588.394000000004,19593.48200832077,19580.761987518854,19587.288,0.21737385835028467,sl,2,0.0,0.0,19588.404000000002,NAS100
2025-03-17 04:04:00,-1,19582.061,19586.001195835317,19576.150706247026,19576.185706247026,1.491117192784091,tp,1,0.0,0.0,19582.071,NAS100
2025-03-17 19:31:00,1,19901.522,19883.97345233561,19927.84482149659,19883.96345233561,-1.0005698477269827,sl,5,0.6900855974864166,-1.0137591064643572,19901.487,NAS100
2025-03-18 06:07:00,-1,19729.0825,19734.24691071148,19721.335883932778,19727.155,0.3732274808656625,sl,4,0.03165898475798602,0.0,19729.0925,NAS100
2025-03-18 07:25:00,-1,19750.805000000004,19760.071613950688,19736.90507907398,19754.499,-0.3986353612716681,sl,2,0.0,-0.37942661890393936,19750.815000000002,NAS100
2025-03-18 14:55:00,-1,19486.6655,19501.478132254455,19464.446551618315,19471.467,1.026049910570534,tp,3,0.9504387713240257,0.0,19486.675499999998,NAS100
2025-03-18 18:40:00,1,19496.799499999997,19472.786934075084,19532.81834888737,19532.80834888737,1.4995835513777307,tp,10,1.9808586949324896,-0.4095563977106578,19496.764499999997,NAS100
2025-03-19 02:33:00,-1,19563.7495,19567.471427157485,19558.166609263775,19559.733,1.079145246549529,tp,5,0.4466771996490124,0.0,19563.7595,NAS100
2025-03-19 06:05:00,1,19524.732,19517.244568471917,19535.963147292125,19517.23456847192,-1.0013355714788033,sl,9,0.6215749663342998,-1.5863918027763995,19524.697,NAS100
2025-03-19 06:39:00,1,19521.5495,19511.71185563792,19536.30596654312,19511.701855637923,-1.0010165035073788,sl,23,0.7684258265259186,-1.2442511184061351,19521.5145,NAS100
2025-03-19 10:40:00,1,19551.2215,19544.71433112073,19560.982253318907,19544.70433112073,-1.0015367666313773,sl,4,0.5565400356425236,-1.2075143807976867,19551.1865,NAS100
2025-03-19 12:48:00,-1,19560.054500000002,19569.21374319848,19546.315635202285,19551.278,0.9582123555209163,tp,9,0.9561379483249826,0.0,19560.0645,NAS100
2025-03-19 16:57:00,1,19649.8605,19642.43267037687,19661.00224443469,19660.992244434692,1.4986537117158338,tp,3,1.620729151153191,-0.920793872102602,19649.8255,NAS100
2025-03-20 03:59:00,-1,19865.789500000003,19870.29252907941,19859.034956380892,19869.499,-0.8237788241169421,sl,26,0.4820088792964848,-0.7147411094275735,19865.7995,NAS100
2025-03-20 12:13:00,-1,19632.021000000004,19645.625700505476,19611.613949241797,19619.089,0.9505538173959308,tp,10,0.8470601756628272,0.0,19632.031000000003,NAS100
2025-03-21 00:30:00,-1,19714.465500000002,19720.999374309034,19704.664688536453,19716.822,-0.3606589120853511,sl,2,0.0,-0.35530221277580504,19714.4755,NAS100
2025-03-21 01:23:00,1,19712.594,19706.316762950188,19722.00985557472,19721.999855574722,1.4984069424303967,tp,13,1.660762516577161,-0.9464355022532188,19712.559,NAS100
2025-03-21 08:45:00,-1,19589.215500000002,19597.298949464748,19577.090325802885,19577.125325802885,1.4956701652983275,tp,1,0.0,0.0,19589.2255,NAS100
2025-03-24 02:12:00,1,19903.501,19900.906527058818,19907.392709411775,19907.877,1.6866624163003499,tp,1,1.7756978409267141,-0.11254694368414972,19903.466,NAS100
2025-03-24 05:57:00,-1,19914.1765,19917.547518205865,19909.119972691205,19911.41,0.8206719249362597,tp,17,0.7221853610188665,-0.2867086265856968,19914.1865,NAS100
2025-03-24 13:42:00,1,20056.5935,20045.546627783653,20073.16380832452,20073.15380832452,1.4990947663917227,tp,1,1.5584954422236539,-0.4723056352800527,20056.5585,NAS100
2025-03-24 16:28:00,-1,20155.738,20168.277486034687,20136.928770947972,20143.634,0.9652708226255553,tp,2,0.9680620056057062,0.0,20155.748,NAS100
2025-03-24 17:29:00,-1,20132.572500000002,20143.227676905575,20116.589734641642,20141.111,-0.8013475586250193,sl,6,0.0,-0.30159048774846764,20132.5825,NAS100
2025-03-24 17:46:00,-1,20133.388000000003,20144.12927066503,20117.27609400246,20119.088,1.3313136262882794,tp,18,1.1639218850250397,-0.43132699514613076,20133.398,NAS100
2025-03-24 18:38:00,-1,20124.271,20133.59590154573,20110.283647681405,20123.3,0.10412978573978106,sl,2,0.0,0.0,20124.281,NAS100
2025-03-24 18:40:00,1,20136.066499999997,20115.591712264824,20166.77868160276,20166.76868160276,1.4995115944484543,tp,23,1.5019691729049658,-0.6328026530765499,20136.031499999997,NAS100
2025-03-25 06:23:00,-1,20135.632500000003,20137.751164022713,20132.45450396594,20134.321,0.6190221696057615,tp,3,0.5397269164647669,0.0,20135.6425,NAS100
2025-03-25 06:37:00,1,20133.693,20127.4926310295,20142.993553455744,20142.983553455746,1.498387192754528,tp,22,1.7427995094189808,-0.31111051764475406,20133.658,NAS100
2025-03-26 04:16:00,1,20274.6445,20272.664025892558,20277.61521116116,20272.65402589256,-1.0050492960048458,sl,17,1.4968638008770816,-1.038892653162805,20274.6095,NAS100
2025-03-26 09:18:00,1,20256.5455,20248.941573906894,20267.95138913966,20248.931573906895,-1.0013151100991717,sl,3,0.322530751873399,-1.2540232352660954,20256.5105,NAS100
2025-03-27 01:11:00,-1,19885.193500000005,19894.14584383369,19871.76498424948,19890.52,-0.5949838499225554,sl,38,0.8274369413888758,-0.5414783089270124,19885.203500000003,NAS100
2025-03-27 22:49:00,1,19805.338,19801.25614096705,19811.460788549426,19801.24614096705,-1.0024498641226152,sl,6,1.1391868171987907,-1.469183514567379,19805.303,NAS100
2025-03-27 23:50:00,-1,19779.420000000002,19782.46735587608,19774.848966185884,19779.931,-0.16768635524648967,sl,6,0.007219373415996844,-0.0800694142466739,19779.43,NAS100
2025-03-28 01:42:00,1,19791.1055,19786.43519788534,19798.110953171992,19786.425197885343,-1.0021411891035932,sl,4,1.0045388681109495,-1.0460779367279802,19791.0705,NAS100
2025-03-31 07:12:00,-1,19038.9765,19048.112625680675,19025.27231147899,19026.421,1.3742696235627898,tp,2,0.28715673270028463,0.0,19038.9865,NAS100
2025-03-31 08:11:00,-1,19075.359500000002,19091.080292806157,19051.77831079077,19055.521,1.26192745140915,tp,13,1.2641538022320011,-0.3657258301723355,19075.3695,NAS100
2025-03-31 12:02:00,1,18994.627,18984.293044856462,19010.12793271531,18984.283044856464,-1.0009676837047867,sl,2,0.8797212561624883,-1.1233840130667987,18994.592,NAS100
2025-03-31 13:07:00,-1,19042.265000000003,19050.203113391806,19030.357829912296,19030.392829912296,1.4955908919071152,tp,1,0.0,0.0,19042.275,NAS100
2025-04-01 13:41:00,-1,19233.137,19241.35242422222,19220.81386366667,19220.84886366667,1.4957397209133756,tp,1,0.0,0.0,19233.146999999997,NAS100
2025-04-01 23:44:00,-1,19481.3205,19486.007209753498,19474.29043536976,19476.665,0.99334079660642,tp,7,1.000808722260179,-0.0020270083917678225,19481.3305,NAS100
2025-04-02 07:02:00,1,19395.8265,19384.898351565334,19412.218722651996,19384.888351565336,-1.0009150680976,sl,3,1.4421015686435963,-1.0897088442012035,19395.7915,NAS100
2025-04-02 23:32:00,1,18728.438,18693.576913600944,18780.72962959858,18693.566913600946,-1.0002868527929374,sl,13,0.41249431630997885,-1.0609250548485554,18728.403,NAS100
2025-04-03 02:50:00,1,18916.5765,18896.713638709465,18946.3707919358,18946.3607919358,1.4994965478611593,tp,8,1.5220113335035452,-0.4699473989907657,18916.5415,NAS100
2025-04-03 10:55:00,-1,18822.6765,18854.950308543237,18774.265787185148,18842.421,-0.6117809112471594,sl,20,0.5687739014566682,-0.5838635367361532,18822.6865,NAS100
2025-04-03 22:55:00,-1,18477.66,18494.334758033267,18452.6478629501,18487.933,-0.616080903813181,sl,6,0.0,-0.6139819228306667,18477.67,NAS100
2025-04-04 07:37:00,-1,18471.382500000003,18494.95133174037,18436.029252389453,18454.755,0.7054868133970744,tp,7,0.7960725506759185,0.0,18471.3925,NAS100
2025-04-04 09:58:00,1,18399.266,18389.352762733768,18414.135855899345,18414.125855899347,1.4989912477900351,tp,2,1.737373931184935,-0.010289272541312476,18399.231,NAS100
2025-04-04 10:05:00,1,18413.6885,18402.382544767897,18430.647432848156,18430.637432848158,1.4991155103844578,tp,1,1.9182368543631865,-0.6596081310162213,18413.6535,NAS100
2025-04-04 13:53:00,-1,18026.505,18068.284397724612,17963.835903413084,18014.511,0.28707929393958437,tp,2,0.12412816561370844,0.0,18026.515,NAS100
2025-04-07 02:47:00,-1,16776.593000000004,16819.580307106837,16712.112039339758,16716.956,1.387316489767453,tp,26,1.3556094559536378,-0.26531087354812494,16776.603000000003,NAS100
2025-04-07 12:05:00,1,16911.0665,16861.40477934629,16985.55908098057,16861.39477934629,-1.0002013623343446,sl,4,0.2523573455576745,-1.149607771307352,16911.0315,NAS100
2025-04-08 00:09:00,-1,17623.982500000002,17639.941928730903,17600.04335690365,17632.877,-0.5573194473293895,sl,2,0.0,-0.5551263863752661,17623.9925,NAS100
2025-04-08 14:34:00,-1,18175.644500000002,18227.58984675484,18097.726479867746,18112.533,1.2149596439863113,tp,11,0.9861229773239247,-0.01535267448999515,18175.6545,NAS100
2025-04-08 18:19:00,-1,17505.277000000002,17550.36404163697,17437.64643754455,17460.611,0.9906615820936314,tp,7,0.8817611126520098,0.0,17505.287,NAS100
2025-04-10 12:01:00,-1,18762.1105,18783.535652793096,18729.972770810353,18748.011,0.6580816545935092,tp,4,0.6457596887922709,0.0,18762.120499999997,NAS100
2025-04-10 13:34:00,-1,18718.526,18740.43563484332,18685.66154773502,18685.69654773502,1.498402529286849,tp,1,0.0,0.0,18718.536,NAS100
2025-04-14 17:48:00,-1,18734.2655,18767.237301980396,18684.80779702941,18763.256,-0.879251307442573,sl,5,0.0,-0.8748232813344624,18734.2755,NAS100
2025-04-14 22:29:00,1,18726.51,18721.228737537538,18734.43189369369,18721.21873753754,-1.0018934866557911,sl,1,1.3296063299095395,-3.378926937799714,18726.475,NAS100
2025-04-15 00:00:00,-1,18730.511000000002,18737.52695458116,18719.987068128263,18720.022068128263,1.4950113702143926,tp,1,0.0,0.0,18730.521,NAS100
2025-04-15 04:35:00,1,18782.5835,18776.030290855226,18792.413313717163,18792.403313717165,1.4984740300854928,tp,3,1.6366790320666487,-0.16228690043383887,18782.5485,NAS100
2025-04-15 08:26:00,-1,18865.943000000003,18882.311257466525,18841.39061380022,18848.622,1.0582067172043483,tp,7,0.9497040251105725,0.0,18865.953,NAS100
2025-04-15 16:29:00,1,18925.95,18896.79997123508,18969.675043147385,18896.78997123508,-1.000343052834666,sl,12,0.5806169227649777,-1.2135150975414526,18925.915,NAS100
2025-04-16 02:06:00,1,18576.9665,18566.09693213814,18593.270851792782,18566.086932138143,-1.0009199997760252,sl,5,0.670449836885899,-1.0355977480485117,18576.9315,NAS100
2025-04-16 11:02:00,-1,18547.2485,18563.7710568721,18522.46466469185,18536.311,0.661973814626064,tp,3,0.3453763266892606,0.0,18547.2585,NAS100
2025-04-16 17:23:00,1,18423.944,18405.673593201725,18451.34961019741,18456.799000000003,1.7982631893618761,tp,1,1.8115633858315863,-0.23059147212845457,18423.909,NAS100
2025-04-16 22:56:00,-1,18299.010000000002,18304.962685300037,18290.08097204995,18292.132,1.1554449216322435,tp,1,0.0,0.0,18299.02,NAS100
2025-04-17 01:41:00,1,18351.727000000003,18345.526424234307,18361.027863648545,18345.51642423431,-1.0016127534564974,sl,9,1.3429398034399826,-2.0457777598946874,18351.692000000003,NAS100
2025-04-17 05:30:00,-1,18420.0215,18426.00028530181,18411.053322047286,18405.0,2.5124668710636135,sl,1,0.0,0.0,18420.031499999997,NAS100
2025-04-17 16:12:00,1,18235.2115,18190.580150287642,18302.158524568542,18302.148524568544,1.4997759422455061,tp,5,1.5140814793975665,-0.7279748474871393,18235.1765,NAS100
2025-04-21 16:52:00,1,17706.5555,17690.986409966095,17729.909135050853,17690.976409966097,-1.0006422982959584,sl,4,0.11262700621450045,-1.3918282926498946,17706.5205,NAS100
2025-04-21 18:07:00,1,17599.960499999997,17585.216686440483,17622.07622033927,17622.06622033927,1.4993217494267659,tp,10,1.887333957912484,-0.5830581053738515,17599.925499999998,NAS100
2025-04-22 00:45:00,-1,17882.383,17895.463101909034,17862.76284713645,17892.633,-0.783633038280997,sl,22,0.3156703234207683,-0.632258070885984,17882.393,NAS100
2025-04-22 04:53:00,1,17869.422499999997,17864.314071179007,17877.08514323148,17864.30407117901,-1.001957549052521,sl,4,1.2372688788443076,-1.7797057213841359,17869.387499999997,NAS100
2025-04-22 17:09:00,1,18349.26,18326.001263827126,18384.148104259308,18325.991263827127,-1.0004299459748833,sl,2,1.1935730210646798,-2.1896288612361574,18349.225,NAS100
2025-04-23 02:21:00,-1,18543.988,18552.02164047814,18531.937539282793,18550.865999999998,-0.8561498387579886,sl,5,0.0,-0.6996827920413018,18543.998,NAS100
2025-04-23 04:38:00,1,18604.477000000003,18597.164636941074,18615.445544588394,18615.435544588396,1.4986324530224182,tp,19,1.6878264796940696,-0.085334931399705,18604.442000000003,NAS100
2025-04-23 07:04:00,1,18631.3395,18618.278665378617,18650.930751932072,18618.26866537862,-1.0007656478539304,sl,4,0.6178395358280752,-1.2655776203564606,18631.3045,NAS100
2025-04-23 07:19:00,-1,18642.804500000002,18652.78064490313,18627.84028264531,18641.524,0.12835619494652706,tp,3,0.0,0.0,18642.8145,NAS100
2025-04-23 09:56:00,-1,18726.504500000003,18736.577552452676,18711.394921320993,18728.634,-0.21140563002134274,sl,2,0.0,-0.1890688059994616,18726.5145,NAS100
2025-04-23 13:37:00,-1,18857.805000000004,18881.564500088964,18822.165749866566,18814.221,1.83438202979089,sl,1,0.0,0.0,18857.815000000002,NAS100
2025-04-23 13:38:00,1,18882.0,18801.981873137578,19002.027190293633,19002.017190293634,1.4998750283168263,tp,14,1.5510235601164148,-0.3271633694326611,18881.965,NAS100
2025-04-23 17:00:00,1,18737.0335,18710.06480308872,18777.486545366923,18799.533000000003,2.317483125180532,tp,1,2.7298501014782888,-0.6020127725641532,18736.9985,NAS100
2025-04-25 00:23:00,-1,19309.693000000003,19315.0277784066,19301.690832390108,19311.843,-0.40301580236955176,sl,2,0.0,-0.3257867276827939,19309.703,NAS100
2025-04-25 12:12:00,-1,19157.166,19168.8070502514,19139.704424622905,19159.543,-0.20419119827397894,sl,8,0.29215577001683724,-0.05325979929728113,19157.176,NAS100
2025-04-25 13:16:00,-1,19177.072500000002,19182.90409186611,19168.325112200844,19177.121,-0.008316768578924825,tp,2,0.0,0.0,19177.0825,NAS100
2025-04-25 13:43:00,1,19191.539,19153.35304489365,19248.817932659527,19153.343044893652,-1.0002618763880737,sl,9,0.9027140974736446,-1.2566138483733056,19191.504,NAS100
2025-04-25 14:59:00,-1,19226.065000000002,19260.584095684226,19174.28635647367,19249.221,-0.670817109805754,sl,12,0.0,-0.5384845585190559,19226.075,NAS100
2025-04-27 23:18:00,1,19339.022,19333.408761037328,19347.44185844401,19351.677000000003,2.254491583942249,tp,1,2.2562730865764498,-0.11098761412839415,19338.987,NAS100
2025-04-28 01:39:00,1,19307.977,19296.84591960113,19324.6736205983,19324.6636205983,1.4991016146106162,tp,22,1.5210563030093243,-0.44425157512140134,19307.942,NAS100
2025-04-28 03:22:00,1,19303.304500000002,19299.03779427892,19309.704558581623,19299.02779427892,-1.0023437285465902,sl,2,0.5455028193060394,-1.4701037310846383,19303.269500000002,NAS100
2025-04-28 05:53:00,-1,19308.098500000004,19316.497612710904,19295.49983093365,19309.043999999998,-0.11257141468851822,sl,8,0.047564548036688206,-0.10840430785181247,19308.108500000002,NAS100
2025-04-28 13:41:00,-1,19448.55,19469.525099853123,19417.087350220314,19460.421,-0.5659567812847097,sl,3,0.0,-0.5039308548715044,19448.559999999998,NAS100
2025-04-28 14:36:00,-1,19409.587500000005,19423.187172266003,19389.187991601008,19391.645,1.3193332639981425,tp,1,0.0,0.0,19409.597500000003,NAS100
2025-04-29 04:22:00,-1,19468.6045,19473.606690452103,19461.101214321847,19469.543,-0.18761780643635256,sl,4,0.0,-0.18062087172644992,19468.6145,NAS100
2025-04-29 10:18:00,1,19456.1615,19450.563801334407,19464.558047998384,19464.548047998385,1.4982135515686674,tp,8,1.7073980882093045,-0.7298535066045283,19456.1265,NAS100
2025-04-29 12:08:00,1,19397.816000000003,19381.897935568537,19421.6930966472,19381.88793556854,-1.0006282170826393,sl,11,0.544727032443611,-1.0014408515957245,19397.781000000003,NAS100
2025-04-29 16:41:00,-1,19469.4775,19482.868017463035,19449.39172380545,19476.666,-0.536835116330985,sl,2,0.0,-0.3101821876164527,19469.4875,NAS100
2025-04-29 19:12:00,1,19556.266,19534.234705922776,19589.312941115837,19534.224705922778,-1.0004538998010442,sl,6,0.4875791663598757,-1.3042810785094667,19556.231,NAS100
2025-04-30 00:17:00,1,19453.3495,19443.82254265225,19467.639936021624,19467.629936021625,1.4989503469330885,tp,6,1.5912215670389047,-0.5418833958796233,19453.3145,NAS100
2025-04-30 01:39:00,1,19426.643500000002,19421.628660360882,19434.16575945868,19421.618660360884,-1.0019940817090922,sl,2,0.866528206824643,-1.1323392986896617,19426.608500000002,NAS100
2025-04-30 05:21:00,-1,19411.4995,19419.61638178564,19399.324177321545,19416.767,-0.6489561064346823,sl,14,0.7778233275703788,-0.6446441057274915,19411.5095,NAS100
2025-04-30 08:27:00,1,19476.2115,19461.424112294873,19498.392581557695,19461.414112294875,-1.000676251965378,sl,9,0.34465181421004515,-1.00710823960052,19476.1765,NAS100
2025-04-30 10:17:00,1,19485.094500000003,19477.469391975967,19496.532162036056,19477.459391975968,-1.0013114568301036,sl,2,0.20884950022725776,-1.5937479130388668,19485.059500000003,NAS100
2025-04-30 17:26:00,-1,19335.2435,19348.91084614323,19314.742480785157,19344.033,-0.6431021727179459,sl,2,0.0,0.0,19335.2535,NAS100
2025-04-30 19:38:00,-1,19411.9215,19425.378168666044,19391.736497000937,19398.545,0.9940424582018677,tp,3,0.7159647189881126,0.0,19411.9315,NAS100
2025-05-01 01:23:00,-1,19826.960000000003,19838.62162596102,19809.467561058478,19833.2,-0.535088333381437,time,60,0.7971444146020166,-0.46734477835388244,19826.97,NAS100
2025-05-02 00:15:00,-1,19700.238500000003,19708.608486674802,19687.683519987804,19693.133,0.8489260826895964,sl,1,0.0,0.0,19700.2485,NAS100
2025-05-02 02:10:00,1,19837.810999999998,19823.560809150138,19859.186286274788,19823.55080915014,-1.0007017449874012,sl,11,0.7984454467929151,-1.7514151398361295,19837.775999999998,NAS100
2025-05-02 05:35:00,1,19870.454999999998,19867.42343900348,19875.002341494775,19867.41343900348,-1.0032986306427232,sl,1,1.1505623683663888,-1.7700452031679532,19870.42,NAS100
2025-05-02 11:08:00,1,19837.977,19830.96255551952,19848.49866672072,19848.48866672072,1.4985743703547145,tp,6,1.6853793672328818,-0.8398384243248326,19837.942,NAS100
2025-05-05 00:07:00,-1,19987.138500000005,20000.323471836113,19967.361042245844,19995.688,-0.6484276270185261,sl,21,0.17834698695104723,-0.6365959748968416,19987.148500000003,NAS100
2025-05-05 05:42:00,-1,19966.966000000004,19976.890054103522,19952.079918844727,19955.433,1.1621258690956657,tp,9,1.1050927257759149,0.0,19966.976000000002,NAS100
2025-05-05 08:05:00,1,19964.689,19955.481786525073,19978.499820212386,19955.471786525075,-1.0010861049356174,sl,1,1.4021614721065103,-1.0693789197798353,19964.654,NAS100
2025-05-05 13:29:00,1,19911.688,19898.62720373387,19931.27919439919,19931.269194399192,1.4992343498977536,tp,2,1.8850305523756052,-0.4858049900413192,19911.653,NAS100
2025-05-05 22:43:00,1,19938.645,19935.66336353403,19943.117454698957,19935.65336353403,-1.0033538629247825,sl,2,0.5211902985946468,-1.2157753104282423,19938.61,NAS100
2025-05-05 23:30:00,1,19933.7045,19924.726127881706,19947.172058177443,19924.716127881708,-1.0011137876517753,sl,1,0.12435439134062601,-1.092235860888134,19933.6695,NAS100
2025-05-06 05:14:00,1,19873.471,19870.52386103342,19877.891708449875,19870.51386103342,-1.003393121298925,sl,1,0.9222503691944729,-1.1295700805934794,19873.436,NAS100
2025-05-06 06:32:00,1,19859.505,19846.292652036125,19879.323521945815,19879.313521945816,1.4992431322558457,tp,33,1.935386508886551,-0.3159165964607457,19859.47,NAS100
2025-05-06 09:31:00,1,19755.032499999998,19739.936348586656,19777.676727120008,19739.926348586658,-1.0006624204888115,sl,10,0.8919160673032482,-1.006978506228063,19754.997499999998,NAS100
2025-05-06 16:23:00,1,19820.0055,19795.01881910507,19857.485521342394,19795.00881910507,-1.0004002132192127,sl,24,1.4645202439602176,-1.0243657453997002,19819.9705,NAS100
2025-05-06 18:02:00,-1,19787.0265,19815.293954426503,19744.625318360246,19814.824,-0.9833747171071191,sl,18,0.3409397908488309,-0.8952167966094893,19787.0365,NAS100
2025-05-07 00:25:00,-1,19976.9265,19985.694336289114,19963.774745566334,19975.81,0.12734042507003196,sl,4,0.1844810905067601,0.0,19976.9365,NAS100
2025-05-07 04:55:00,1,19922.823,19914.70284728487,19935.003229072696,19914.69284728487,-1.0012315039321569,sl,7,0.8082360308037577,-1.3494820090734205,19922.788,NAS100
2025-05-07 05:15:00,-1,19920.3505,19930.055341925,19905.793237112503,19907.745,1.2988877199051627,tp,12,1.136700637192762,0.0,19920.3605,NAS100
2025-05-07 06:20:00,1,19890.1825,19880.651523205055,19904.478965192415,19880.641523205057,-1.0010492104024116,sl,4,0.43988146128161004,-1.3215329625690948,19890.1475,NAS100
2025-05-07 14:47:00,1,19861.328,19841.56881148176,19890.966782777363,19841.558811481762,-1.0005060936581058,sl,3,0.3966255999210034,-1.576026260959621,19861.293,NAS100
2025-05-07 16:26:00,-1,19750.092500000002,19774.094277489472,19714.0898337658,19770.899,-0.8668732975767048,sl,16,0.7330082119010393,-0.7835461356247422,19750.1025,NAS100
2025-05-07 19:25:00,1,19720.443499999998,19656.60841104291,19816.196133435627,19816.18613343563,1.4998433463450622,tp,17,1.6504324145428422,-0.6459378481906382,19720.408499999998,NAS100
2025-05-08 15:08:00,-1,19974.376500000002,20007.147663078267,19925.219755382604,20003.034,-0.8744730826781097,sl,8,0.0,-0.6841533193817753,19974.3865,NAS100
2025-05-08 17:25:00,1,20209.7435,20198.256120396585,20226.974569405123,20198.246120396587,-1.0008705205489532,sl,9,1.1008167603549097,-1.20815194405804,20209.7085,NAS100
2025-05-08 19:35:00,1,20194.344,20180.14857594314,20215.63713608529,20219.699,1.7861389626995914,tp,1,1.869053005653521,-0.16589853114402803,20194.309,NAS100
2025-05-08 23:05:00,-1,20076.371000000003,20087.772808334405,20059.268287498402,20083.832,-0.6543698842475928,sl,7,0.0,-0.5928884087274137,20076.381,NAS100
2025-05-09 00:27:00,1,20040.5225,20031.72215326477,20053.723020102843,20031.712153264772,-1.001136318863252,sl,2,0.2700461778953408,-3.112434182888743,20040.4875,NAS100
2025-05-09 05:18:00,1,20101.310999999998,20090.709207236545,20117.213689145177,20090.699207236546,-1.0009432366979358,sl,2,0.35409105646186456,-1.33741531421695,20101.275999999998,NAS100
2025-05-09 07:03:00,-1,20105.682,20115.711105203267,20090.638342195103,20104.722,0.0957214009168514,sl,4,0.0,0.0,20105.692,NAS100
2025-05-09 07:13:00,1,20103.855,20096.021605673624,20115.60509148956,20096.011605673626,-1.001276585804538,sl,2,0.9259076841797275,-1.676795454528914,20103.82,NAS100
2025-05-09 07:27:00,-1,20107.143500000002,20120.724853785265,20086.771469322106,20111.721,-0.33704298351807166,sl,6,0.0,-0.4638344674323255,20107.1535,NAS100
2025-05-09 09:27:00,1,20108.4335,20101.15587607665,20119.349935885024,20101.14587607665,-1.0013740748496656,sl,2,0.14640767525538215,-1.267652752761916,20108.3985,NAS100
2025-05-09 15:40:00,1,20036.688,20024.64671075955,20054.749933860672,20054.739933860674,1.4991695241432448,tp,2,1.5871224100989834,-0.0038201889415573277,20036.653,NAS100
2025-05-09 17:30:00,1,20026.772,19983.62398405111,20091.494023923333,20045.676000000003,0.43811979726703804,time,60,1.3077542213491349,-0.3485907675990901,20026.737,NAS100
2025-05-09 19:55:00,1,20075.444,20064.26612446946,20092.21081329581,20064.256124469463,-1.0008946243828785,sl,1,1.0585195699913157,-1.6682060870203994,20075.409,NAS100
2025-05-12 04:09:00,-1,20447.8775,20452.327173172667,20441.202990240996,20448.445,-0.12753745679273745,sl,22,0.9862522099270105,-0.009326527678011317,20447.887499999997,NAS100
2025-05-12 05:01:00,-1,20451.283,20455.794486015155,20444.51577097727,20455.524,-0.9400450285682355,sl,4,0.0,-0.6756088769331987,20451.292999999998,NAS100
2025-05-12 10:09:00,1,20827.310999999998,20811.586803742703,20850.89729438594,20811.576803742704,-1.000635962553174,sl,14,0.42596771818418216,-1.2041950946276667,20827.275999999998,NAS100
2025-05-12 10:25:00,-1,20826.9385,20834.654186140462,20815.364970789306,20829.867,-0.37955146783910615,sl,3,0.0,-0.2811804369053936,20826.9485,NAS100
2025-05-12 15:27:00,-1,20700.6555,20717.234454133828,20675.78706879926,20711.334,-0.6440997371607459,sl,6,0.0,-0.5192426452543184,20700.6655,NAS100
2025-05-13 06:46:00,1,20790.394,20783.13901280515,20801.276480792276,20783.12901280515,-1.001378362184498,sl,4,0.7600289086537684,-1.7314985764438346,20790.359,NAS100
2025-05-14 18:13:00,-1,21281.5765,21292.9813259492,21264.4692610762,21284.555,-0.26116137267397177,sl,7,0.41022107841338135,-0.2454662624813759,21281.586499999998,NAS100
2025-05-14 18:38:00,1,21272.2555,21263.80901120567,21284.92523319149,21290.298000000003,2.1360947062544873,tp,1,2.2898864215612402,-0.1449714822119282,21272.2205,NAS100
2025-05-14 22:54:00,1,21293.5895,21289.466479801053,21299.774030298417,21289.456479801054,-1.0024254065019997,sl,8,1.4197116961731175,-2.339910923178678,21293.5545,NAS100
2025-05-15 01:07:00,1,21300.711,21292.162329287337,21313.534006068992,21292.15232928734,-1.0011697725101971,sl,14,0.4923572496206576,-1.0347807626857528,21300.676,NAS100
2025-05-15 04:48:00,-1,21298.16,21303.406662401634,21290.290006397547,21303.343,-0.9878661143485223,sl,6,0.08367224082528088,-0.752859570070751,21298.17,NAS100
2025-05-15 23:23:00,-1,21309.043,21312.55319621026,21303.77770568461,21310.611,-0.4466986761071137,sl,4,0.0,-0.20568650774780403,21309.053,NAS100
2025-05-16 01:31:00,1,21281.7045,21267.26375405404,21303.365618918935,21303.355618918937,1.4993075149969648,tp,51,1.8538862258353248,-0.18278141654724767,21281.6695,NAS100
2025-05-16 06:27:00,1,21309.7895,21302.54743329398,21320.652600059024,21302.537433293983,-1.0013808213047928,sl,3,0.48321841568979307,-1.4794809872567194,21309.7545,NAS100
2025-05-20 02:12:00,1,21381.3105,21370.955934756574,21396.84234786514,21370.945934756575,-1.0009657575922608,sl,5,0.36471835477570036,-1.0002834263441647,21381.2755,NAS100
2025-05-20 06:56:00,-1,21347.194,21353.504302894264,21337.728545658603,21345.588,0.2545044234658786,sl,5,0.36369094137847546,0.0,21347.203999999998,NAS100
2025-05-20 07:02:00,-1,21342.511000000002,21355.414874715767,21323.155187926357,21353.724,-0.8689637994002808,sl,11,0.3333882337487016,-0.6241536110201739,21342.521,NAS100
2025-05-21 23:48:00,-1,21077.377,21083.49398551026,21068.201521734612,21081.122,-0.6122296666744762,sl,7,0.0,-0.4503852421066127,21077.387,NAS100
2025-05-22 02:08:00,-1,21104.9435,21116.306519143844,21087.898971284238,21091.021,1.2252465496852716,tp,5,1.0344521866244047,0.0,21104.9535,NAS100
2025-05-22 02:42:00,1,21084.4495,21074.4657522271,21099.425121659347,21099.41512165935,1.4989983721319837,tp,26,1.6265935768212973,-0.5003632016383818,21084.4145,NAS100
2025-05-22 04:35:00,1,21096.521,21093.112799331997,21101.633301002006,21093.102799332,-1.0029340995359457,sl,16,0.9295227331357374,-1.4250921448369063,21096.486,NAS100
2025-05-22 07:40:00,1,21114.8605,21100.38887198817,21136.567942017744,21136.557942017746,1.499308992741506,tp,23,1.8122010860534878,-0.9440886670684143,21114.8255,NAS100
2025-05-22 10:56:00,1,21127.5505,21121.60813671806,21136.464044922912,21121.59813671806,-1.0016828321534612,sl,2,1.2403314389067395,-1.3626733364833958,21127.5155,NAS100
2025-05-22 11:00:00,-1,21129.9935,21135.6985337618,21121.435949357303,21121.470949357303,1.4938650669809845,tp,1,0.0,0.0,21130.0035,NAS100
2025-05-22 11:14:00,1,21122.3105,21113.969347369046,21134.822228946432,21134.812228946434,1.498801124923734,tp,5,1.5623140561703084,-0.6516485479271341,21122.2755,NAS100
2025-05-23 00:46:00,-1,21127.666,21135.23074748353,21116.31887877471,21135.221,-0.998711459497004,sl,10,0.0,-0.9486106463732232,21127.676,NAS100
2025-05-23 10:23:00,1,21107.789500000003,21101.906403244604,21116.6141451331,21101.896403244606,-1.001699785064596,sl,1,0.6813588432517114,-1.0940666570028827,21107.754500000003,NAS100
2025-05-23 11:15:00,-1,21108.988,21117.97289044747,21095.5106643288,21105.41,0.39822410978976935,tp,5,0.3870943135409201,0.0,21108.998,NAS100
2025-05-23 17:51:00,-1,21003.838,21013.87777612193,20988.7783358171,21000.922,0.29044472352636047,sl,2,0.0,0.0,21003.847999999998,NAS100
2025-05-26 06:13:00,1,21152.751,21144.830642071287,21164.63153689307,21144.82064207129,-1.0012625692031096,sl,1,0.5742164736660791,-1.0281101022568306,21152.716,NAS100
2025-05-26 10:02:00,-1,21195.293500000003,21198.496347388987,21190.48922891653,21190.943,1.3583226022467612,sl,1,0.0,0.0,21195.3035,NAS100
2025-05-26 13:00:00,-1,21211.216,21217.730966249623,21201.44355062557,21215.91,-0.7204949066730133,sl,2,0.0,-0.5823514435271189,21211.226,NAS100
2025-05-26 16:22:00,1,21218.405000000002,21213.845827354697,21225.24375896796,21213.8358273547,-1.0021933804171017,sl,10,0.9196844090377839,-1.1517440572052806,21218.370000000003,NAS100
2025-05-27 00:03:00,1,21175.632,21165.20874768732,21191.266878469025,21165.198747687322,-1.0009593934501837,sl,20,0.7332644140928449,-2.5498759123067565,21175.597,NAS100
2025-05-27 10:34:00,-1,21284.6485,21293.726446113513,21271.03158082973,21280.045,0.507108099391369,tp,4,0.4534616033765888,0.0,21284.658499999998,NAS100
2025-05-27 11:54:00,-1,21250.127000000004,21257.226018538568,21239.47847219216,21242.777,1.0353543887903502,tp,7,0.7570060524297267,0.0,21250.137000000002,NAS100
2025-05-28 00:50:00,-1,21405.809500000003,21411.267144971098,21397.62303254336,21407.599,-0.32788867899487517,sl,2,0.0,-0.3214756564942867,21405.8195,NAS100
2025-05-28 02:00:00,-1,21409.5485,21414.089611611875,21402.736832582188,21413.145,-0.7919867000396238,sl,18,0.8210544727092665,-0.5660508306549312,21409.5585,NAS100
2025-05-28 03:35:00,1,21407.999,21405.904502478843,21411.140746281737,21405.894502478845,-1.0047744148166267,sl,1,1.1344009606121834,-3.0035843616211517,21407.964,NAS100
2025-05-28 05:08:00,1,21383.5555,21377.89934716563,21392.039729251555,21392.029729251557,1.4982320138282306,tp,9,1.8638994222258227,-0.2990548610565577,21383.5205,NAS100
2025-05-28 06:23:00,-1,21396.643500000002,21402.286083709514,21388.179624435732,21392.055,0.8131913031731357,tp,9,0.7362761837271484,-0.09809336085968767,21396.6535,NAS100
2025-05-28 13:48:00,1,21443.2,21437.269840594345,21452.095239108487,21437.259840594346,-1.0016862953108583,sl,1,1.1164961254977848,-2.1382224545104935,21443.165,NAS100
2025-05-28 15:14:00,1,21384.5505,21372.846843875206,21402.105984187194,21402.095984187195,1.4991455661468716,tp,5,1.819217838679632,-0.09761906773570293,21384.5155,NAS100
2025-05-28 16:01:00,-1,21398.0505,21410.54980808005,21379.30153787993,21408.577,-0.8421666169507657,sl,5,0.0,-0.6963185437354023,21398.0605,NAS100
2025-05-29 04:33:00,1,21730.0565,21726.212870062594,21735.821944906107,21726.202870062596,-1.0026017072822448,sl,1,1.496371943623223,-1.0038687550144771,21730.0215,NAS100
2025-05-29 15:55:00,1,21386.3495,21365.903725895045,21417.018161157433,21365.893725895046,-1.000489098624834,sl,3,0.21698860494230499,-3.713750313889809,21386.3145,NAS100
2025-05-29 16:24:00,-1,21380.0325,21408.303093496503,21337.62660975525,21389.311,-0.32820322647802064,sl,34,0.256291046769058,-0.5879430865876363,21380.0425,NAS100
2025-05-29 18:41:00,-1,21331.1385,21353.63249095321,21297.39751357019,21308.633,1.0005116498364188,tp,19,0.7462215146667039,-0.4313818752832691,21331.1485,NAS100
2025-05-30 03:55:00,1,21293.5335,21289.021215292083,21300.30192706188,21300.29192706188,1.4977838277844369,tp,1,1.543674756997304,-0.08897931446909303,21293.4985,NAS100
2025-05-30 07:07:00,1,21291.894,21277.9105002594,21312.8692496109,21277.900500259402,-1.0007151285575073,sl,3,0.9164372465922572,-1.4895412726705806,21291.859,NAS100
2025-05-30 08:00:00,-1,21320.210000000003,21326.513503518923,21310.75474472162,21323.755,-0.5623856620937305,sl,2,0.0,0.0,21320.22,NAS100
2025-05-30 08:56:00,1,21319.405000000002,21304.516976634965,21341.73703504756,21341.727035047563,1.4993283191629008,tp,26,1.6623429043048839,-0.7273631787435025,21319.370000000003,NAS100
2025-05-30 10:50:00,1,21335.289500000003,21329.594583167574,21343.831875248645,21329.584583167576,-1.001755951894057,sl,5,0.8778881495739858,-1.9653491577380748,21335.254500000003,NAS100
2025-05-30 10:59:00,-1,21331.238,21341.093474409125,21316.454788386316,21335.9,-0.4730365892568857,sl,2,0.0,-0.2823811299660183,21331.248,NAS100
2025-05-30 19:53:00,1,21319.5995,21297.70111247234,21352.44708129149,21352.437081291493,1.4995433453725409,tp,3,2.7063864828010957,-0.701763998860141,21319.5645,NAS100
2025-06-02 01:27:00,1,21260.0995,21252.828136528406,21271.00654520739,21252.818136528407,-1.001375257891792,sl,2,0.43533788571635473,-1.09271115809854,21260.0645,NAS100
2025-06-02 02:49:00,1,21232.982500000002,21227.98092708368,21240.484859374483,21227.970927083683,-1.0019993710310147,sl,4,0.1672473867706774,-2.360557408145894,21232.947500000002,NAS100
2025-06-02 04:08:00,1,21191.448500000002,21182.756193926933,21204.486959109607,21204.47695910961,1.498849557307999,tp,14,1.585597640503969,-0.037792042438658864,21191.413500000002,NAS100
2025-06-02 05:02:00,-1,21197.4435,21202.54159301165,21189.796360482527,21192.343,1.00047213504062,tp,3,0.909065407282707,0.0,21197.4535,NAS100
2025-06-02 07:56:00,1,21176.3555,21165.460938865363,21192.69734170196,21165.450938865364,-1.0009178891994652,sl,5,0.7484927478234918,-1.2465394275333617,21176.3205,NAS100
2025-06-02 12:40:00,-1,21224.176500000005,21236.065037094686,21206.343694357984,21234.81,-0.8944330084778737,sl,3,0.0,-0.6775854704275645,21224.186500000003,NAS100
2025-06-02 18:13:00,-1,21409.077,21416.321144738566,21398.210782892154,21409.588,-0.07053972807559651,sl,2,0.0,-0.06570823985124746,21409.087,NAS100
2025-06-02 19:58:00,-1,21476.343,21483.608360097896,21465.444959853157,21474.767,0.21691973677359988,sl,1,0.0,0.0,21476.353,NAS100
2025-06-03 01:55:00,1,21445.611,21437.393976720807,21457.936534918794,21437.38397672081,-1.0012169857208169,sl,11,0.6597279593602571,-1.0075424784258662,21445.576,NAS100
2025-06-03 04:53:00,1,21407.3835,21402.703317576717,21414.403773634924,21414.393773634925,1.4978633311495184,tp,8,1.731876937035404,-0.7968706479149434,21407.3485,NAS100
2025-06-03 09:46:00,-1,21411.2825,21422.101253757774,21395.054369363344,21420.877,-0.8868396688580151,sl,5,0.0,-0.7430153398420561,21411.2925,NAS100
2025-06-04 00:41:00,1,21661.8165,21657.70410503435,21667.985092448478,21657.694105034352,-1.0024316730474399,sl,1,1.4464807125008097,-1.0095090658062431,21661.7815,NAS100
2025-06-04 04:06:00,-1,21637.305000000004,21640.936855677268,21631.85721648411,21637.243,0.017071162930147748,sl,6,0.19714439769351816,0.0,21637.315000000002,NAS100
2025-06-04 06:40:00,-1,21649.276,21655.97045925579,21639.23431111632,21653.022,-0.5595672266972411,sl,14,0.041676256340051926,-0.5160984432029712,21649.286,NAS100
2025-06-04 10:18:00,1,21698.94,21692.27285573277,21708.940716400844,21692.26285573277,-1.0014998925473308,sl,3,0.6823011198904746,-1.6012852837867697,21698.905,NAS100
2025-06-04 19:45:00,-1,21750.100000000002,21755.079956539765,21742.63006519036,21745.732,0.8771160882882985,tp,3,0.8662726201638431,0.0,21750.11,NAS100
2025-06-04 23:03:00,1,21714.19,21710.139261886205,21720.26610717069,21710.129261886206,-1.002468685883283,sl,5,0.9378537672099531,-1.3533336014322908,21714.155,NAS100
2025-06-05 05:33:00,-1,21691.7985,21698.513093839727,21681.72660924041,21695.144,-0.4982430925614842,sl,54,0.43330990219956983,-0.5097106514100288,21691.8085,NAS100
2025-06-05 13:34:00,-1,21772.7925,21802.47874277177,21728.263135842342,21735.932,1.241669425241288,tp,6,1.188884031951668,0.0,21772.802499999998,NAS100
2025-06-05 14:21:00,-1,21715.2655,21729.476247863877,21693.94937820419,21698.355,1.1899795958655537,tp,1,0.0,0.0,21715.2755,NAS100
2025-06-06 02:25:00,-1,21548.505,21553.305700042525,21541.303949936213,21545.066,0.716353858716398,sl,4,0.535963500574697,0.0,21548.515,NAS100
2025-06-06 07:08:00,-1,21637.137000000002,21643.965376287044,21626.89443556944,21631.622,0.8076590639079358,tp,2,0.5915022591337962,0.0,21637.147,NAS100
2025-06-06 09:51:00,-1,21649.221500000003,21654.8561597882,21640.76951031771,21649.854,-0.11225167512704563,sl,3,0.0,-0.033453661282520225,21649.2315,NAS100
2025-06-06 19:48:00,1,21772.0435,21760.332011648483,21789.610732527275,21789.600732527277,1.4991461375618322,tp,7,2.055716513339717,-0.9658464970880248,21772.0085,NAS100
2025-06-09 06:31:00,1,21704.7225,21701.565103080775,21709.458595378837,21709.44859537884,1.496832834054689,tp,2,3.0007313753653273,-0.9119854340980014,21704.6875,NAS100
2025-06-09 06:33:00,1,21709.9325,21701.2638340051,21722.935498992345,21722.925498992347,1.4988464199676992,tp,16,1.5803469655038578,-0.6858610083140506,21709.8975,NAS100
2025-06-09 13:23:00,-1,21777.8705,21783.290863494927,21769.739954757613,21771.345,1.2038860504665272,tp,6,0.8825053899944081,-0.025736281363431774,21777.8805,NAS100
2025-06-09 13:32:00,-1,21767.133,21785.071841556153,21740.224737665776,21749.599,0.9774321237588788,tp,4,0.7303704622726679,0.0,21767.143,NAS100
2025-06-09 17:56:00,-1,21837.749,21850.804932170366,21818.165101744453,21826.545,0.8581539681580306,tp,44,0.783398677822064,-0.37729975429716417,21837.759,NAS100
2025-06-10 11:07:00,1,21810.600000000002,21803.034236476655,21821.948645285025,21803.024236476656,-1.0013217436637478,sl,1,0.29646710382591707,-1.5702314727839661,21810.565000000002,NAS100
2025-06-10 13:01:00,-1,21832.956000000002,21839.762545680733,21822.746181478906,21824.954999999998,1.175486123990109,tp,6,1.1120178068342157,0.0,21832.966,NAS100
2025-06-10 13:37:00,-1,21818.594500000003,21840.437486904993,21785.83001964252,21834.843,-0.743877202814489,sl,3,0.0,-0.6915034132326778,21818.6045,NAS100
2025-06-10 22:53:00,-1,21931.649500000003,21936.674960428485,21924.11130935728,21927.055,0.9142445882099609,sl,1,0.0,0.0,21931.6595,NAS100
2025-06-11 02:09:00,-1,21879.415,21886.04323814425,21869.472642783625,21871.821,1.145704157686009,tp,13,1.1509845955999989,0.0,21879.425,NAS100
2025-06-11 18:35:00,1,21847.632,21788.221814817403,21936.7472777739,21806.787,-0.6875083771320265,time,60,0.7260034599695483,-0.721913252217324,21847.597,NAS100
2025-06-12 13:09:00,-1,21814.4275,21826.700203901586,21796.018444147623,21804.666,0.7953829961415648,sl,22,0.6386938088671456,-0.1551002953596037,21814.4375,NAS100
2025-06-12 13:36:00,1,21818.710499999997,21801.533786610933,21844.475570083596,21844.465570083597,1.4994178164489287,tp,3,1.9852168006548598,-0.7065088486440478,21818.675499999998,NAS100
2025-06-12 16:32:00,-1,21912.6605,21935.201936933412,21878.848344599886,21925.211,-0.5567746207605581,sl,8,0.0,-0.4994579552873524,21912.6705,NAS100
2025-06-12 17:45:00,1,21924.793999999998,21917.5501608501,21935.659758724847,21917.5401608501,-1.0013804834413724,sl,12,1.2555496901293117,-1.5992900670857746,21924.759,NAS100
2025-06-13 03:48:00,-1,21536.482500000002,21546.260519017684,21521.815471473477,21539.667,-0.32567946475055837,sl,3,0.0,-0.30164596680218797,21536.4925,NAS100
2025-06-13 09:13:00,1,21594.827,21577.940925094637,21620.156112358047,21577.93092509464,-1.00059220393457,sl,2,0.9630420385517333,-2.063238508371971,21594.792,NAS100
2025-06-13 10:30:00,1,21600.4995,21575.410843802274,21638.13248429659,21638.122484296593,1.4996014134865812,tp,31,1.575193971671462,-0.27823331568606363,21600.464500000002,NAS100
2025-06-13 19:44:00,1,21613.067,21595.892189152448,21638.829216271326,21595.88218915245,-1.0005822480426225,sl,2,0.2521134024960225,-1.1847583173179046,21613.032,NAS100
2025-06-15 23:11:00,1,21631.678,21623.55809889906,21643.85785165141,21623.54809889906,-1.0012315420931963,sl,1,0.17746521565784376,-1.9091365531784021,21634.993000000002,NAS100
2025-06-16 00:23:00,-1,21669.611500000003,21686.803187611862,21643.823968582212,21678.344,-0.5079489691270503,sl,4,0.0,-0.40894763555075614,21669.6215,NAS100
2025-06-16 01:57:00,1,21671.789,21664.725171152586,21682.384743271123,21682.374743271124,1.4985843371612748,tp,19,2.9066389409355216,-0.9173495196406393,21671.754,NAS100
2025-06-16 11:02:00,-1,21752.871000000003,21763.4833181491,21736.952522776355,21741.81,1.0422793441168368,tp,13,0.9700990731112321,0.0,21752.881,NAS100
2025-06-16 13:08:00,-1,21803.015000000003,21810.36352632868,21791.992210506985,21800.811,0.29992408020642103,sl,2,0.0,0.0,21803.025,NAS100
2025-06-16 15:03:00,1,21950.389,21932.95303540455,21976.542946893176,21976.532946893178,1.4994264727975424,tp,16,1.6230819835103474,-0.6972943729865163,21950.354,NAS100
2025-06-16 16:17:00,-1,21951.9595,21964.523308141324,21933.113787788017,21941.5,0.832510325081977,tp,8,0.794623722974998,0.0,21951.9695,NAS100
2025-06-16 19:59:00,-1,21921.422500000004,21945.32613239455,21885.567051408183,21939.055,-0.7376493960816656,sl,4,0.0,-0.6892467106277528,21921.432500000003,NAS100
2025-06-17 06:02:00,-1,21852.9275,21858.046551948057,21845.248922077917,21855.865999999998,-0.5740320726991223,sl,3,0.0,-0.3177346150230882,21852.9375,NAS100
2025-06-17 08:46:00,-1,21817.0485,21830.04208148141,21797.558127777887,21820.378,-0.2562418994919639,sl,9,0.0,-0.5135227734976326,21817.0585,NAS100
2025-06-17 08:58:00,-1,21827.772500000003,21847.009909182747,21798.916386225887,21802.289,1.3246846162039658,tp,24,1.1422795965537238,-0.3437832993607116,21827.7825,NAS100
2025-06-17 10:23:00,-1,21802.254,21817.28990215705,21779.70014676443,21789.599,0.8416521913898531,tp,15,0.8216999466313105,0.0,21802.264,NAS100
2025-06-17 12:31:00,-1,21837.332000000002,21853.620288718706,21812.899566921944,21834.721,0.16029922142787809,sl,2,0.0,0.0,21837.342,NAS100
2025-06-17 13:23:00,1,21812.077500000003,21800.504722514896,21829.436666227666,21829.426666227668,1.4991359031996037,tp,8,4.807964213569342,-0.41498248853239633,21812.042500000003,NAS100
2025-06-17 18:37:00,1,21710.094,21696.574992938793,21730.372510591813,21696.564992938795,-1.000739699295453,sl,4,1.1395067648276205,-1.1141350789897353,21710.059,NAS100
2025-06-18 05:31:00,-1,21758.338,21761.662131353372,21753.35180296994,21758.334,0.0012033218834016665,sl,2,0.0,0.0,21758.347999999998,NAS100
2025-06-18 05:55:00,-1,21757.4,21763.172927578962,21748.74060863156,21757.299,0.01749545592265514,sl,14,0.406379599936664,0.0,21757.41,NAS100
2025-06-18 14:02:00,-1,21767.466,21783.46975065266,21743.460374021008,21776.478,-0.563117996249249,sl,2,0.0,-0.4900101338867628,21767.476,NAS100
2025-06-18 16:08:00,-1,21827.876500000002,21838.073429016982,21812.581106474532,21824.454999999998,0.3355422004317684,tp,9,0.2528702510049373,0.0,21827.8865,NAS100
2025-06-18 18:17:00,-1,21791.2825,21815.39062818912,21755.120307716323,21765.054,1.0879525691189,tp,7,0.9409067274762426,0.0,21791.2925,NAS100
2025-06-19 11:38:00,-1,21578.495,21586.57927630814,21566.368585537784,21579.377,-0.10910067473982112,sl,14,0.13557181350839334,-0.2106558379611803,21578.504999999997,NAS100
2025-06-20 10:11:00,-1,21678.171000000002,21686.94040314912,21665.016895276323,21669.71,0.9648319111492577,tp,5,0.8774827510098289,0.0,21678.181,NAS100
2025-06-20 10:31:00,-1,21672.005,21680.87299488853,21658.70300766721,21674.277,-0.25620222254932146,sl,5,0.0,-0.24470018614976402,21672.015,NAS100
2025-06-20 10:57:00,1,21676.7615,21673.198982193084,21682.105276710376,21673.188982193085,-1.002807003512792,sl,4,1.410378915227967,-1.1251873582827558,21676.7265,NAS100
2025-06-20 12:27:00,-1,21761.582000000002,21770.995019794707,21747.462470307946,21764.145,-0.2722824402685278,sl,7,0.0,-0.05354285988867003,21761.592,NAS100
2025-06-22 23:03:00,1,21526.577999999998,21519.000174983696,21537.94473752445,21518.990174983697,-1.0013196398672293,sl,3,0.48219640756304916,-1.0778818437250959,21526.542999999998,NAS100
2025-06-22 23:27:00,1,21527.9225,21508.997278432144,21556.310332351786,21508.987278432145,-1.0005283953988355,sl,36,1.2505269708543307,-1.0258004076937524,21527.8875,NAS100
2025-06-23 04:20:00,-1,21548.179,21550.804770469997,21544.240344295005,21548.224,-0.01713782697781418,sl,1,0.0,0.0,21548.176,NAS100
2025-06-23 05:54:00,-1,21583.394,21587.156305950753,21577.75054107387,21586.478,-0.8197100502635901,sl,2,0.0,-0.2522389227304955,21583.404,NAS100
2025-06-23 19:43:00,1,21819.277,21811.272449808897,21831.28382528665,21811.2624498089,-1.0012492894365903,sl,2,0.7493238041872192,-1.0344116536622143,21819.242,NAS100
2025-06-24 04:00:00,1,22025.8055,22023.123395906594,22029.828656140104,22029.818656140105,1.4962715839311351,tp,7,1.638079599820785,-0.2965954982717975,22025.7705,NAS100
2025-06-24 07:09:00,1,22129.549499999997,22115.86494971612,22150.076325425813,22150.066325425814,1.4992692489127553,tp,9,1.530886990468741,-0.09788410815198079,22129.514499999997,NAS100
2025-06-24 13:15:00,-1,22077.855,22086.549870284973,22064.812694572538,22069.354,0.9777029123357941,sl,1,0.0,0.0,22077.864999999998,NAS100
2025-06-24 13:32:00,1,22072.5,22068.47117135316,22078.543242970256,22068.461171353163,-1.002482111024068,sl,1,6.119396519716713,-2.8303512011975314,22072.465,NAS100
2025-06-25 00:43:00,-1,22199.3875,22206.846445056217,22188.199082415675,22190.722,1.1617594625901486,tp,25,0.9248626914405567,-0.5213203704671762,22199.3975,NAS100
2025-06-25 06:27:00,-1,22208.4385,22210.417550532,22205.469924202,22207.666,0.3903386939886969,tp,2,0.2726054697821761,0.0,22208.4485,NAS100
2025-06-25 07:35:00,-1,22200.8925,22210.826846042506,22185.990980936243,22191.624,0.9329753524133806,tp,11,0.5328483603606158,-0.007197252812845572,22200.9025,NAS100
2025-06-25 08:07:00,-1,22196.9765,22206.10831017642,22183.278784735372,22200.288,-0.362633468723542,sl,9,0.4988605667434695,-0.3588007127503359,22196.9865,NAS100
2025-06-25 08:30:00,1,22195.2395,22188.925389006043,22204.710666490937,22188.915389006044,-1.00158375423048,sl,1,0.2346331892834282,-1.315862202604759,22195.2045,NAS100
2025-06-25 12:24:00,-1,22266.710000000003,22270.24739493649,22261.40390759527,22268.244,-0.4336524554194104,sl,3,0.0,-0.3669366930478263,22266.72,NAS100
2025-06-25 13:33:00,1,22289.132,22271.80028392983,22315.129574105256,22315.119574105258,1.499423023089121,tp,4,1.5494714944136665,-0.7399151906297521,22289.097,NAS100
2025-06-25 14:48:00,1,22276.6165,22264.710473676732,22294.4755394849,22264.700473676734,-1.0008399107919708,sl,3,0.4957573450400492,-1.4406569861582899,22276.5815,NAS100
2025-06-25 14:52:00,-1,22269.032000000003,22294.856957196193,22230.294564205717,22236.622,1.2549875592740747,tp,19,1.0464296143727403,-0.18021327062200548,22269.042,NAS100
2025-06-25 17:05:00,1,22205.806,22198.111373705782,22217.34793944133,22217.33793944133,1.4987003917260941,tp,2,1.610604534402408,-0.29423131331281993,22205.771,NAS100
2025-06-26 01:04:00,-1,22257.043,22259.525978745532,22253.318531881705,22253.353531881705,1.48590402754641,tp,1,0.0,0.0,22257.053,NAS100
2025-06-26 05:07:00,1,22275.283,22273.66405583111,22277.711416253336,22273.65405583111,-1.006176865262283,sl,1,1.683813470767063,-1.0000344861229156,22275.248,NAS100
2025-06-26 05:40:00,1,22274.287999999997,22273.121762556704,22276.037356164936,22276.027356164937,1.4914254167914842,tp,1,3.3432299935396266,-0.2289413717007475,22274.252999999997,NAS100
2025-06-26 13:32:00,1,22318.372,22307.409336129338,22334.81599580599,22337.533000000003,1.7478416036528328,tp,1,2.036457585801536,-0.37171622226841977,22318.337,NAS100
2025-06-26 14:00:00,-1,22327.487,22342.213032597665,22305.397951103507,22326.155,0.0904520610808269,sl,1,0.0,0.0,22327.497,NAS100
2025-06-26 18:01:00,-1,22419.221500000003,22422.92322153182,22413.668917702278,22413.703917702278,1.4905449397807973,tp,1,0.0,0.0,22419.2315,NAS100
2025-06-26 19:50:00,1,22447.355,22441.308701965558,22456.424447051664,22441.29870196556,-1.0016539045778814,sl,1,2.6348353834448552,-1.3492553548516102,22447.32,NAS100
2025-06-26 23:49:00,1,22465.0775,22461.162563501814,22470.94990474728,22461.152563501815,-1.002554319847342,sl,2,0.7830267493281531,-1.5076872901349263,22465.0425,NAS100
2025-06-27 17:44:00,1,22553.7555,22545.711839527186,22565.820990709217,22545.701839527188,-1.0012432150800246,sl,1,0.643425964769904,-5.376345775181345,22553.7205,NAS100
2025-06-30 15:11:00,1,22605.632,22596.824093980107,22618.843859029843,22596.81409398011,-1.001135343630576,sl,3,1.0961742754964945,-1.3424303090080465,22605.597,NAS100
2025-07-01 07:18:00,1,22622.2835,22616.843436765314,22630.443594852033,22630.433594852035,1.4981617860736185,tp,13,1.8594452975288487,-0.7692006176180303,22622.2485,NAS100
2025-07-01 08:51:00,-1,22632.149500000003,22644.45454812499,22613.69192781252,22614.656,1.421652302560226,tp,21,1.311616162413018,0.0,22632.1595,NAS100
2025-07-01 10:58:00,1,22617.177,22611.855748492184,22625.158877261725,22625.148877261727,1.498120742839933,tp,3,2.4157850800922245,-0.09001641799787381,22617.142,NAS100
2025-07-01 14:21:00,1,22590.261499999997,22573.29800908267,22615.706736375985,22573.288009082673,-1.0005895013029533,sl,2,0.8732577552698293,-1.620273806491275,22590.226499999997,NAS100
2025-07-02 03:42:00,1,22524.755,22520.74875625451,22530.764365618237,22520.738756254512,-1.0024961037404814,sl,7,0.4078633512594774,-1.3069599187253995,22524.72,NAS100
2025-07-02 16:04:00,-1,22608.466500000002,22622.06550267225,22588.06799599163,22615.743,-0.5350760033929913,sl,5,0.0,-0.5105153787612626,22608.4765,NAS100
2025-07-03 05:18:00,1,22656.494499999997,22653.871148663606,22660.429527004584,22653.861148663607,-1.0038119179309604,sl,2,1.0652404659787915,-1.0915426997036668,22656.459499999997,NAS100
2025-07-03 05:58:00,-1,22652.8335,22654.512246136434,22650.31538079535,22652.11,0.43097642001869185,sl,1,0.0,0.0,22652.8435,NAS100
2025-07-03 07:00:00,1,22664.421,22659.827738370466,22671.310892444297,22671.3008924443,1.4978228978000938,tp,4,1.7364567149236583,-0.34376443741975893,22664.386,NAS100
2025-07-03 14:34:00,-1,22838.545000000002,22855.68089112072,22812.841163318924,22854.934,-0.9564136399177435,sl,29,0.08508457422676134,-0.8926877448179354,22838.555,NAS100
2025-07-04 05:06:00,-1,22810.722,22811.863350191426,22809.009974712862,22809.044974712862,1.4693345650957998,tp,1,0.0,0.0,22810.732,NAS100
2025-07-04 07:05:00,1,22792.9505,22789.07622723799,22798.76190914301,22789.066227237992,-1.0025811295726157,sl,1,1.1482154905624775,-3.0734800390835053,22792.9155,NAS100
2025-07-04 12:17:00,-1,22726.0825,22732.9188045065,22715.828043240253,22717.988,1.1840461454438336,tp,9,1.1891658705769939,0.0,22726.0925,NAS100
2025-07-04 12:32:00,1,22728.039,22720.246006562207,22739.72849015669,22720.23600656221,-1.0012832039547093,sl,31,1.3193903064430783,-1.4554099256641924,22728.004,NAS100
2025-07-04 13:24:00,1,22715.344,22712.31947211435,22719.880791828473,22712.309472114353,-1.0033063011406995,sl,1,2.0161824359206837,-1.4921337050374164,22715.309,NAS100
2025-07-04 13:58:00,1,22710.5055,22699.88218871524,22726.44046692714,22734.398,2.2490633437693557,tp,1,2.2952824544436905,-0.23707297399932664,22710.4705,NAS100
2025-07-07 07:11:00,-1,22748.2985,22750.666979138543,22744.745781292186,22745.377,1.2334919706316685,sl,1,0.0,0.0,22748.3085,NAS100
2025-07-07 13:33:00,1,22741.7495,22735.483175615616,22751.14898657658,22735.473175615618,-1.0015958318441538,sl,1,3.1250377093137893,-2.533143678223172,22741.714500000002,NAS100
2025-07-07 17:30:00,-1,22702.321,22709.59305686319,22691.412914705215,22674.943,3.7648220462341855,sl,1,0.0,0.0,22702.331,NAS100
2025-07-07 19:35:00,1,22657.2665,22648.19833273472,22670.868750897927,22648.18833273472,-1.0011027586617953,sl,7,0.742432269172351,-1.3700122237008063,22657.2315,NAS100
2025-07-08 05:37:00,-1,22724.4495,22727.80315513397,22719.419017299042,22724.343,0.031756395855747827,tp,1,0.0,0.0,22724.459499999997,NAS100
2025-07-08 14:52:00,1,22685.889,22668.936932203083,22711.31710169537,22668.926932203085,-1.0005898985373465,sl,1,0.7830903084529112,-1.5148004542945515,22685.854,NAS100
2025-07-09 03:28:00,-1,22687.232,22691.11462015206,22681.40806977191,22681.44306977191,1.4909854689279614,tp,9,1.5224255189792437,-0.13135459561444252,22687.242,NAS100
2025-07-09 05:11:00,-1,22695.100000000002,22701.627326432572,22685.30901035115,22693.156,0.29782484759810435,tp,7,0.23700362100525066,-0.10877347828912148,22695.11,NAS100
2025-07-09 12:29:00,-1,22745.704,22753.52289730901,22733.97565403649,22752.745,-0.9005106118846543,sl,18,0.4738519836721248,-0.7438389033833346,22745.714,NAS100
2025-07-09 15:38:00,1,22752.4555,22726.660885149002,22791.147422276495,22791.137422276497,1.499612322182053,tp,4,1.5492962477187433,-0.16551904436880152,22752.4205,NAS100
2025-07-10 04:41:00,1,22799.933,22795.3566444194,22806.797533370904,22807.099000000002,1.5658748263308109,tp,21,1.6893355124701808,-0.23599564784255597,22799.898,NAS100
2025-07-11 05:13:00,1,22782.5665,22781.16047755507,22784.675533667396,22781.15047755507,-1.0071122619944293,sl,2,1.2947872962916673,-1.8424314699532764,22782.5315,NAS100
2025-07-11 18:10:00,1,22818.3385,22811.453751196354,22828.665623205474,22828.655623205475,1.4985475141819118,tp,4,1.5919970811701412,-0.9563892870734562,22818.3035,NAS100
2025-07-14 01:58:00,-1,22678.15,22683.62486233073,22669.937706503908,22682.054,-0.7130772911105644,sl,9,0.1395468879125758,-0.39635699838863264,22678.16,NAS100
2025-07-14 08:44:00,1,22690.667,22686.2564678954,22697.282798156903,22697.272798156904,1.4977326998735667,tp,6,2.7960345163646694,-0.14669431820390194,22690.632,NAS100
2025-07-15 00:00:00,1,22827.333000000002,22824.17890951909,22832.064135721368,22824.168909519092,-1.0031704860906554,sl,1,2.303675193837732,-1.9872606819421044,22827.298000000003,NAS100
2025-07-15 16:28:00,-1,22971.055,22980.993017931105,22956.147973103343,22974.611,-0.35781782893253594,sl,4,0.0,-0.3262219913944142,22971.065,NAS100
2025-07-16 00:51:00,1,22817.243,22806.661816404376,22833.114775393435,22833.104775393436,1.4990549261425994,tp,17,1.6402701874655552,-0.018901477154202675,22817.208,NAS100
2025-07-16 04:04:00,-1,22850.4,22852.66965210822,22846.995521837674,22852.70465210822,-1.0154208655472465,sl,2,0.0,0.0,22850.41,NAS100
2025-07-16 08:03:00,-1,22801.6885,22809.542197800165,22789.907953299753,22804.132,-0.3111273265378184,sl,4,0.0,0.0,22801.6985,NAS100
2025-07-16 10:23:00,-1,22822.9705,22828.62893235252,22814.48285147122,22823.089,-0.020942196109795974,sl,8,0.0,-0.24061434601981999,22822.980499999998,NAS100
2025-07-16 12:05:00,-1,22841.4895,22845.135034641364,22836.021198037954,22839.911,0.43299547399417593,sl,5,0.0,0.0,22841.499499999998,NAS100
2025-07-16 16:49:00,-1,22828.2105,22833.263008055972,22820.631737916046,22824.043,0.8248378733556846,sl,1,0.0,0.0,22828.2205,NAS100
2025-07-17 19:10:00,1,23087.106,23079.60290715353,23098.360639269704,23098.350639269705,1.4986672162796033,tp,22,1.7714028430629434,-0.11222038927543879,23087.071,NAS100
2025-07-17 22:35:00,-1,23091.4045,23095.899442052876,23084.66208692069,23086.51,1.0888905668697075,tp,7,1.0670882835812987,0.0,23091.4145,NAS100
2025-07-18 05:28:00,-1,23127.6545,23129.797722473504,23124.439666289745,23125.144,1.1713669630835712,sl,1,0.0,0.0,23127.6645,NAS100
2025-07-18 09:52:00,-1,23117.933,23120.79733239377,23113.636501409346,23114.355,1.2491566997550212,tp,4,1.15698862576558,0.0,23117.709499999997,NAS100
2025-07-18 12:33:00,-1,23098.177000000003,23102.418073051464,23091.815390422813,23101.022,-0.6708207959346402,sl,7,0.45884614020819925,-0.36924617449257563,23098.187,NAS100
2025-07-21 02:07:00,1,23103.2495,23101.21055664138,23106.307915037934,23106.297915037936,1.4950954988747969,tp,9,1.549577131036843,-0.20476292204882604,23103.214500000002,NAS100
2025-07-21 08:03:00,-1,23136.7945,23142.774992096933,23127.8237618546,23140.733,-0.6585578471076292,sl,6,0.0,-0.6227748385305092,23136.8045,NAS100
2025-07-21 10:38:00,1,23127.75,23125.738953535572,23130.766569696643,23130.756569696645,1.4950274644701327,tp,7,1.824423286533025,-0.4624458044359399,23127.715,NAS100
2025-07-21 10:57:00,-1,23129.8555,23133.100523562796,23124.98796465581,23128.089,0.5443720101927779,sl,1,0.0,0.0,23129.8655,NAS100
2025-07-21 23:08:00,-1,23186.071500000002,23189.64693424646,23180.708348630316,23186.6,-0.14781421320233087,sl,21,0.0,-0.43281455994622275,23186.0815,NAS100
2025-07-22 08:53:00,1,23127.844,23121.704589786135,23137.0531153208,23121.694589786137,-1.0016288209534874,sl,4,0.5642235783783638,-1.4265213912929309,23127.809,NAS100
2025-07-22 09:19:00,1,23123.201,23117.43725386392,23131.84661920412,23117.427253863923,-1.0017349827286464,sl,12,0.7108224240398229,-1.1726748264800804,23123.166,NAS100
2025-07-22 19:44:00,1,23082.954999999998,23076.187425485215,23093.106361772174,23076.177425485217,-1.0014776342656524,sl,11,0.8620518307200291,-1.0378903083600908,23082.92,NAS100
2025-07-23 03:59:00,1,23084.529,23076.983697677977,23095.84695348303,23095.83695348303,1.4986746720577342,tp,42,1.628828041009235,-0.8097753727063256,23084.494,NAS100
2025-07-24 06:23:00,1,23227.695,23223.233589907417,23234.387115138874,23223.22358990742,-1.0022414438015963,sl,8,0.7455042085304998,-1.1375327294924142,23227.66,NAS100
2025-07-24 10:04:00,-1,23240.9445,23244.328836688324,23235.867994967517,23238.311,0.7781436194236635,tp,4,0.6339499280331725,0.0,23240.9545,NAS100
2025-07-24 17:47:00,-1,23242.888000000003,23251.281771421476,23230.297342867794,23232.624,1.2228114734867341,tp,12,1.0698409033429204,-0.19431074758898628,23242.898,NAS100
2025-07-25 10:26:00,1,23229.695,23225.17578732077,23236.473819018844,23236.463819018845,1.4977872251858064,tp,9,2.1027999066474146,-0.49853816580844007,23229.66,NAS100
2025-07-25 13:40:00,-1,23212.166,23231.362375808734,23183.3714362869,23226.532,-0.7483704290401808,sl,8,0.0,-0.5769839114609547,23212.176,NAS100
2025-07-25 17:55:00,-1,23296.9935,23304.441593538846,23285.821359691734,23292.543999999998,0.5974011976079591,tp,14,0.6962184313280427,-0.11110225666253888,23297.0035,NAS100
2025-07-28 08:32:00,-1,23394.2,23399.115076022616,23386.827385966077,23393.789,0.08362027323870504,tp,53,0.28524482501412074,-0.6349850919170155,23394.21,NAS100
2025-07-28 12:15:00,-1,23348.110500000003,23357.814382273606,23333.5546765896,23356.999,-0.9159736020475198,sl,10,0.0,-0.8539365757290391,23348.1205,NAS100
2025-07-28 16:32:00,1,23341.7105,23336.862158549022,23348.983012176468,23348.97301217647,1.4979374389981963,tp,3,1.564968160083979,-0.011653469660435008,23341.6755,NAS100
2025-07-28 19:17:00,-1,23315.9005,23322.06431433121,23306.65477850318,23320.833,-0.8002350062723345,sl,5,0.0,-0.5567169638161388,23315.910499999998,NAS100
2025-07-28 19:23:00,1,23317.8615,23309.828020737095,23329.911718894356,23329.901718894358,1.4987552093346705,tp,28,1.900733107075075,-0.40623743376885213,23317.8265,NAS100
2025-07-29 06:38:00,1,23408.8385,23404.338293168676,23415.58881024699,23404.328293168677,-1.0022221200876344,sl,21,1.2778301565983343,-1.2262769705577785,23408.8035,NAS100
2025-07-29 08:24:00,1,23448.239,23445.302800185076,23452.64329972239,23445.292800185078,-1.0034057627643622,sl,7,1.1777127641045126,-1.3193924951250235,23448.204,NAS100
2025-07-29 11:06:00,1,23456.7615,23452.369493812064,23463.349509281907,23452.359493812066,-1.0022768638227029,sl,14,0.75990330094824,-1.1025713063201121,23456.7265,NAS100
2025-07-29 11:22:00,-1,23455.198500000002,23460.502287532425,23447.24281870137,23448.543999999998,1.2546694148897515,tp,15,1.261268472598209,-0.1341494159877529,23455.2085,NAS100
2025-07-30 09:03:00,1,23345.944,23336.7035326779,23359.80470098315,23336.693532677902,-1.0010821963489318,sl,34,1.2864068001810376,-1.0378262987917537,23345.909,NAS100
2025-07-30 11:05:00,1,23364.043999999998,23360.724824633206,23369.022763050187,23369.01276305019,1.4969872034787777,tp,7,1.5199558452005453,-0.9345694810324541,23364.009,NAS100
2025-07-30 11:26:00,-1,23367.204500000003,23369.513771015532,23363.74059347671,23367.456,-0.10890882806895594,sl,2,0.0,-0.09375252992789954,23367.214500000002,NAS100
2025-07-30 13:31:00,-1,23340.416500000003,23352.01834091255,23323.013738631184,23330.234,0.8776624396729301,tp,2,0.15751810542642272,0.0,23340.4265,NAS100
2025-07-30 14:02:00,1,23331.0275,23313.367823304758,23357.517015042864,23357.507015042866,1.4994337382178071,tp,6,1.5945082396433228,-0.04827381693972544,23330.9925,NAS100
2025-07-30 17:51:00,1,23391.494499999997,23385.027367317354,23401.19519902396,23401.185199023963,1.4984537196793197,tp,3,1.6583083301796824,-0.44447827825041525,23391.459499999997,NAS100
2025-07-31 04:35:00,-1,23663.5995,23666.200000579927,23659.69874913011,23663.977,-0.1451643590901576,sl,2,0.0,0.0,23663.6095,NAS100
2025-07-31 08:48:00,-1,23676.7315,23681.718767197486,23669.250599203777,23679.534,-0.5619309912674253,sl,2,0.0,-0.35861323028789205,23676.7415,NAS100
2025-07-31 08:53:00,1,23670.505,23666.178361734026,23676.994957398965,23666.168361734028,-1.0023112632449633,sl,2,0.9792822370470674,-1.835143016795104,23670.47,NAS100
2025-07-31 10:16:00,1,23655.34,23647.584070978468,23666.973893532297,23666.9638935323,1.4987106638066883,tp,34,1.6863228071957963,-0.31640310183199,23655.305,NAS100
2025-08-01 00:02:00,-1,23158.821,23174.23179147204,23135.70481279194,23151.81,0.4549409426970977,tp,19,0.5341711368254516,-0.12614537050393798,23158.831,NAS100
2025-08-01 03:12:00,1,23202.477000000003,23196.26079332512,23211.801310012328,23211.79131001233,1.498391301879169,tp,19,1.5388806229129832,-0.2520829956208586,23202.442000000003,NAS100
2025-08-01 13:30:00,1,22932.9895,22917.56817489136,22956.12148766296,22917.55817489136,-1.0006484527061035,sl,1,1.7765334565606905,-1.4116491187778306,22932.9545,NAS100
2025-08-03 23:35:00,1,22773.3995,22762.863174426027,22789.203988360958,22789.19398836096,1.4990509025249654,tp,13,1.8990016832269185,-0.6918446045371064,22773.3645,NAS100
2025-08-04 06:16:00,1,22872.244499999997,22864.117117766476,22884.435573350278,22864.107117766478,-1.0012304084773023,sl,7,0.9415700874067138,-1.696917851742469,22872.209499999997,NAS100
2025-08-04 10:40:00,-1,22950.026,22954.822107674237,22942.831838488648,22945.134,1.019993780849158,sl,1,0.0,0.0,22950.036,NAS100
2025-08-04 15:48:00,-1,23096.6945,23105.40986275529,23083.62145586707,23100.422,-0.4276930409736527,sl,3,0.0,0.0,23096.7045,NAS100
2025-08-04 23:21:00,1,23214.1885,23207.828598679607,23223.72835198059,23207.81859867961,-1.0015723514398462,sl,2,0.22335252206592493,-1.069592067126804,23214.1535,NAS100
2025-08-05 03:28:00,-1,23219.905000000002,23224.004146219126,23213.756280671318,23218.324,0.38569007190480703,sl,3,0.31860293099851406,0.0,23219.915,NAS100
2025-08-05 06:02:00,-1,23247.899,23250.304843410235,23244.29023488465,23244.32523488465,1.4854520872593044,tp,1,0.0,0.0,23247.909,NAS100
2025-08-05 16:01:00,-1,23057.8555,23066.821540148863,23044.406439776707,23048.054,1.093180471787834,tp,3,0.43268822530258516,0.0,23057.8655,NAS100
2025-08-06 01:17:00,1,22965.161,22952.830907919226,22983.65613812116,22983.646138121163,1.4991889760487684,tp,21,1.6729802068684472,-0.3403867523864097,22965.126,NAS100
2025-08-06 03:24:00,1,23043.2665,23037.649891924353,23051.691412113476,23051.681412113478,1.4982195659975035,tp,9,1.9560738175114256,-0.6275139643950128,23043.2315,NAS100
2025-08-06 07:03:00,1,23086.833499999997,23079.34731524943,23098.062777125848,23098.05277712585,1.4986642060900726,tp,9,1.6918497768897827,-0.6355039527491784,23086.798499999997,NAS100
2025-08-06 10:10:00,-1,23029.477000000003,23039.436702115217,23014.53744682718,23037.643,-0.8199040398530278,sl,3,0.0,-0.48063686490018454,23029.487,NAS100
2025-08-06 13:36:00,1,23076.661,23053.65121513763,23111.175677293555,23053.64121513763,-1.000434597718241,sl,2,1.1054427562944895,-1.046772064322486,23076.626,NAS100
2025-08-06 13:44:00,-1,23082.1605,23104.46939709999,23048.69715435002,23091.8,-0.43209218083678036,sl,2,0.0,0.0,23082.1705,NAS100
2025-08-06 16:38:00,1,23254.1995,23238.793233009925,23277.30890048511,23238.783233009926,-1.0006490865051763,sl,6,0.5855733907386468,-1.0429197423586989,23254.1645,NAS100
2025-08-07 01:20:00,-1,23375.855,23383.750669272726,23364.011496090912,23382.222,-0.8063914254863058,sl,20,0.23531887365371829,-0.7398992787325206,23375.864999999998,NAS100
2025-08-07 12:11:00,1,23472.14,23466.650770976015,23480.373843535977,23480.36384353598,1.4981782505424919,tp,4,1.7067970673227186,-0.23245523085715608,23472.105,NAS100
2025-08-07 15:25:00,1,23430.278000000002,23395.188182385486,23482.912726421775,23395.178182385487,-1.0002849829573996,sl,3,0.5271329763864963,-1.0174746529668812,23430.243000000002,NAS100
2025-08-08 12:54:00,1,23428.844,23416.299914505562,23447.66012824166,23447.65012824166,1.4992028115558658,tp,37,3.2700669983623025,-0.6441282629637454,23428.809,NAS100
2025-08-08 16:31:00,-1,23588.804,23596.60576300959,23577.101355485618,23581.832,0.8936441662521976,tp,21,0.5376989784031646,-0.2726306858316638,23588.814,NAS100
2025-08-10 23:04:00,1,23626.411,23623.632120232967,23630.579319650547,23623.62212023297,-1.0035985723877061,sl,1,0.6070791619038115,-1.2641784800031526,23626.376,NAS100
2025-08-11 01:05:00,1,23630.321500000002,23623.972310865393,23639.845283701914,23623.962310865394,-1.0015750042700555,sl,4,0.543927724750653,-1.3405648846723541,23630.286500000002,NAS100
2025-08-11 05:28:00,1,23635.1775,23633.242770024928,23638.07959496261,23633.23277002493,-1.0051686799332398,sl,1,0.1765104197476819,-1.3280923090592591,23635.1425,NAS100
2025-08-11 06:00:00,-1,23638.876500000002,23641.311259261693,23635.224361107466,23633.777,2.094457583647611,sl,1,0.0,0.0,23638.8865,NAS100
2025-08-11 06:14:00,1,23630.293500000003,23628.089965990766,23633.59880101386,23633.588801013862,1.495461835417715,tp,1,1.8372759317651306,-0.0991588961580544,23630.258500000004,NAS100
2025-08-11 13:22:00,1,23612.056,23601.005280020818,23628.632079968775,23600.99528002082,-1.0009049184141157,sl,7,0.6273799366069561,-1.4561947122282086,23612.021,NAS100
2025-08-11 14:04:00,1,23619.960499999997,23604.007968290956,23643.88929756356,23643.879297563562,1.4993731402526589,tp,7,1.7776802151052906,-0.04008768085601495,23619.925499999998,NAS100
2025-08-12 01:16:00,-1,23537.3985,23545.208936620285,23525.68284506957,23541.599,-0.5378060413535715,sl,20,0.0,-0.5177047323446144,23537.408499999998,NAS100
2025-08-12 05:02:00,1,23553.077999999998,23548.57110663759,23559.838340043607,23548.561106637593,-1.0022188232989522,sl,1,3.6413109164939894,-7.453249344702338,23553.042999999998,NAS100
2025-08-12 09:26:00,-1,23541.4895,23544.206373698395,23537.414189452407,23543.256,-0.6501958486495558,sl,5,0.0,-0.33034292338630006,23541.499499999998,NAS100
2025-08-12 15:47:00,1,23648.8385,23639.899367311307,23662.247199033045,23662.237199033047,1.498881323239644,tp,2,1.5566946464055251,-0.506816506452649,23648.8035,NAS100
2025-08-13 00:50:00,1,23845.905,23834.48148620146,23863.040270697806,23834.471486201463,-1.0008753873960987,sl,36,0.668620893247421,-1.1200581734873813,23845.87,NAS100
2025-08-13 06:20:00,1,23843.6395,23839.631272197956,23849.651841703067,23849.64184170307,1.4975051318203234,tp,11,1.7587573232239744,-0.8975288276190324,23843.6045,NAS100
2025-08-13 08:00:00,1,23881.1005,23878.039216292585,23885.692425561123,23878.029216292587,-1.0032666034755868,sl,1,2.2243936370567483,-1.8807469513701052,23881.0655,NAS100
2025-08-13 08:01:00,-1,23881.6165,23888.501349278067,23871.2892260829,23885.922,-0.6253586427395714,sl,2,0.0,-0.2700857963474117,23881.6265,NAS100
2025-08-13 11:30:00,1,23888.956000000002,23885.680894875215,23893.868657687184,23885.670894875217,-1.0030533371044235,sl,3,0.8879104301082952,-1.991997127245093,23888.921000000002,NAS100
2025-08-14 02:48:00,1,23832.4375,23829.868434012187,23836.291098981717,23829.85843401219,-1.003892465217257,sl,1,0.6206535789906829,-1.1005945403553636,23832.4025,NAS100
2025-08-14 03:41:00,-1,23835.698500000002,23837.28320687998,23833.321439680036,23833.356439680036,1.4779138966063243,tp,1,0.0,0.0,23835.7085,NAS100
2025-08-14 07:53:00,-1,23828.7435,23831.98964236577,23823.874286451348,23823.909286451348,1.4892179713463136,tp,1,0.0,0.0,23828.7535,NAS100
2025-08-15 06:05:00,1,23847.666999999998,23844.819795784028,23851.937806323953,23844.80979578403,-1.003512217333168,sl,2,1.169919593866218,-1.4133162550921985,23847.631999999998,NAS100
2025-08-15 13:27:00,-1,23814.210000000003,23819.15193728145,23806.797094077832,23806.832094077832,1.4929177571449435,tp,1,0.0,0.0,23814.22,NAS100
2025-08-15 19:10:00,-1,23717.883,23725.939337666678,23705.798493499988,23716.634,0.155033223740083,tp,9,0.031155595803591212,0.0,23717.893,NAS100
2025-08-18 07:45:00,-1,23718.266,23724.591513309646,23708.77773003553,23716.878,0.21942883242097133,tp,3,0.15113397967883843,0.0,23718.275999999998,NAS100
2025-08-19 06:18:00,-1,23657.721,23663.904304191183,23648.44604371323,23658.277,-0.08991956125817381,sl,2,0.0,0.0,23657.731,NAS100
2025-08-19 18:09:00,-1,23420.3665,23431.687942153014,23403.38433677048,23407.488,1.1375317584050568,tp,4,0.8736077847969642,0.0,23420.3765,NAS100
2025-08-20 02:25:00,-1,23301.398500000003,23306.065290206363,23294.398314690465,23303.344,-0.4168818211169243,sl,5,0.0,-0.2523147490952638,23301.4085,NAS100
2025-08-20 05:50:00,-1,23270.254500000003,23275.959438781923,23261.69709182712,23274.343,-0.7166597497864072,sl,3,0.0,-0.6504013700824006,23270.2645,NAS100
2025-08-20 12:30:00,-1,23338.2275,23347.131363505865,23324.871704741206,23326.989,1.2622048835988706,tp,3,1.0027669442732856,0.0,23338.2375,NAS100
2025-08-20 17:52:00,-1,23208.965,23225.029458901412,23184.868311647882,23187.621,1.3286473034037334,tp,5,1.0022746548023278,0.0,23208.975,NAS100
2025-08-20 23:25:00,1,23240.0055,23237.451346260812,23243.836730608782,23237.441346260814,-1.0039151911041897,sl,1,0.5099536414029773,-1.751460740739689,23239.9705,NAS100
2025-08-21 00:18:00,-1,23226.9495,23241.844388344114,23204.607167483824,23208.689,1.2259574948216845,tp,5,1.2201165648332737,0.0,23226.959499999997,NAS100
2025-08-21 03:12:00,1,23276.215500000002,23270.277731488954,23285.122152766577,23270.267731488955,-1.0016841343645837,sl,4,0.3170382941835666,-1.0900559676518242,23276.180500000002,NAS100
2025-08-21 04:40:00,1,23254.395500000002,23251.68312507134,23258.464062392995,23258.454062392997,1.4963131940600365,tp,2,1.9921655899769617,-0.4370708442538283,23254.360500000003,NAS100
2025-08-21 11:03:00,-1,23225.599000000002,23231.564343711623,23216.65098443257,23230.643,-0.8455506076157355,sl,3,0.0,-0.7374260751191595,23225.609,NAS100
2025-08-21 13:32:00,-1,23165.688000000002,23190.628959908623,23128.27656013707,23170.6,-0.1969451062827269,sl,3,0.0,-0.07654075893605768,23165.698,NAS100
2025-08-21 15:06:00,-1,23194.0485,23215.34467524963,23162.104237125553,23176.2,0.8381082420097894,tp,6,0.8022332554902041,0.0,23194.0585,NAS100
2025-08-21 16:57:00,1,23110.911,23100.05100977234,23127.200985341486,23100.041009772343,-1.0009208111415175,sl,1,0.14926348606381015,-1.0744945212089625,23110.876,NAS100
2025-08-22 13:37:00,-1,23181.699000000004,23193.111920102583,23164.579619846136,23165.7,1.4018322967483314,tp,1,0.0,0.0,23181.709000000003,NAS100
2025-08-22 17:22:00,-1,23550.2655,23564.505930689207,23528.904853966193,23561.821,-0.8114571990268235,sl,7,0.0,-0.5967867254492307,23550.2755,NAS100
2025-08-24 23:47:00,1,23500.783,23489.202111586106,23518.15433262084,23518.144332620843,1.499136508388719,tp,17,1.6005680512181557,-0.6952834456413486,23500.748,NAS100
2025-08-25 02:26:00,1,23466.600000000002,23460.461243818652,23475.808134272025,23460.451243818654,-1.0016289944905745,sl,28,1.3030326932185157,-2.4799812128479544,23466.565000000002,NAS100
2025-08-25 11:49:00,1,23420.733,23418.51398228066,23424.06152657901,23424.051526579013,1.4954935015113937,tp,3,2.5227378543248236,-0.8517282144826785,23420.698,NAS100
2025-08-25 12:00:00,1,23421.305,23418.399586194722,23425.66312070792,23418.389586194724,-1.003441850513766,sl,1,1.58118612627763,-1.6930462679931881,23421.27,NAS100
2025-08-25 12:41:00,1,23403.539500000003,23391.90868720854,23420.9857191872,23420.9757191872,1.499140214860657,tp,45,1.6577947169908038,-0.11052537970048583,23403.504500000003,NAS100
2025-08-25 13:35:00,-1,23410.2435,23437.004947904752,23370.101328142875,23427.389,-0.6406790866107996,sl,4,0.0,-0.5314174349092149,23410.2535,NAS100
2025-08-25 19:15:00,1,23492.1655,23481.773307279764,23507.75378908035,23481.763307279765,-1.0009622608305682,sl,2,0.6469760695361425,-1.1366706062907144,23492.1305,NAS100
2025-08-26 08:32:00,-1,23398.454500000003,23405.8294290502,23387.392106424704,23392.778,0.7697023200314629,tp,5,0.753430977055032,0.0,23398.464500000002,NAS100
2025-08-26 13:45:00,1,23416.5955,23395.841851566787,23447.725972649816,23395.83185156679,-1.0004818429892257,sl,2,0.794583181509908,-1.233397591868039,23416.5605,NAS100
2025-08-26 15:39:00,-1,23450.7445,23472.43721850975,23418.205422235376,23465.532,-0.6816803524810996,sl,34,0.41195851022470376,-0.7169917404777397,23450.7545,NAS100
2025-08-26 23:31:00,-1,23551.366,23554.901667269904,23546.062499095147,23554.936667269903,-1.0098991215315425,sl,6,0.0,-0.8074854849333428,23551.376,NAS100
2025-08-27 09:34:00,1,23528.4945,23525.10178811175,23533.583567832375,23533.573567832376,1.4970525053916206,tp,6,1.982042749722016,-0.273969623893304,23528.4595,NAS100
2025-08-27 10:15:00,-1,23532.333000000002,23533.90508999689,23529.97486500467,23531.578,0.4802524038037684,tp,3,0.5025157602713701,0.0,23532.343,NAS100
2025-08-27 15:39:00,-1,23541.099000000002,23543.21964558091,23537.91803162864,23537.95303162864,1.483495591948528,tp,1,0.0,0.0,23541.109,NAS100
2025-08-28 10:30:00,1,23554.7835,23551.618348328015,23559.53122750798,23559.521227507983,1.4968405937425038,tp,3,2.3251650355761018,-0.48670653404608094,23554.7485,NAS100
2025-08-29 02:22:00,-1,23670.132500000003,23673.980692634083,23664.360211048886,23671.411,-0.33223388784502533,sl,2,0.0,-0.3026095912358001,23670.1425,NAS100
2025-08-29 07:15:00,1,23670.594999999998,23660.709800221648,23685.42279966752,23660.69980022165,-1.0010116133434452,sl,17,0.5567919843214142,-1.0827297616624152,23670.559999999998,NAS100
2025-08-29 12:15:00,-1,23583.8385,23591.997170557283,23571.60049416408,23573.516,1.2652183866880327,sl,16,0.5236760045654687,0.0,23583.8485,NAS100
2025-08-29 13:31:00,-1,23602.7845,23614.383771629316,23585.385592556027,23595.916,0.5921492503582466,tp,1,0.0,0.0,23602.7945,NAS100
2025-08-29 19:59:00,-1,23414.289500000003,23433.264778615947,23385.826582076086,23421.148,-0.3614439681657955,sl,2,0.0,0.0,23414.2995,NAS100
2025-09-01 00:03:00,-1,23489.118000000002,23493.736398984056,23482.19040152392,23490.166,-0.22691846322012366,sl,3,0.0,-0.02684913114356303,23489.128,NAS100
2025-09-01 00:26:00,1,23486.5155,23482.04957944742,23493.214380828875,23493.204380828876,1.4977608199965364,tp,8,1.516036821587419,-0.7329955742518064,23486.4805,NAS100
2025-09-01 10:56:00,-1,23441.795500000004,23450.368231263517,23428.936403104733,23432.079,1.1334194087427782,tp,27,1.1375021215823629,-0.20139439193028197,23441.805500000002,NAS100
2025-09-01 13:25:00,1,23432.3105,23428.63839304538,23437.818660431927,23428.628393045383,-1.0027232322266164,sl,1,0.3655939264814693,-1.791750643789087,23432.2755,NAS100
2025-09-01 15:12:00,-1,23440.2735,23445.87424829076,23431.87237756386,23443.634,-0.600009110486824,sl,8,0.0,-0.5626926682636005,23440.283499999998,NAS100
2025-09-02 03:07:00,-1,23377.862500000003,23386.735153796544,23364.55351930519,23383.104,-0.5907477199256534,sl,10,0.18511936086608313,-0.5868030151279189,23377.8725,NAS100
2025-09-02 11:19:00,1,23196.2695,23183.732423845275,23215.075114232084,23183.722423845276,-1.0007976341433191,sl,12,0.8206458884853985,-1.0557884339732413,23196.2345,NAS100
2025-09-03 05:14:00,-1,23287.127000000004,23288.888181604405,23284.485227593403,23285.284,1.0464565354299784,sl,1,0.0,0.0,23287.137000000002,NAS100
2025-09-03 13:29:00,1,23380.0805,23374.56220992865,23388.35793510703,23390.415,1.8727721570224556,tp,1,1.874584312575915,-0.3291780563387236,23380.0455,NAS100
2025-09-03 16:10:00,1,23381.452999999998,23359.745266938535,23414.014599592192,23414.004599592194,1.499539334670733,tp,12,1.913880177279194,-0.12124711468238461,23381.417999999998,NAS100
2025-09-03 17:02:00,-1,23386.8855,23399.155681020315,23368.48022846953,23387.565,-0.055378156106531726,sl,9,0.0,-0.04641333319032294,23386.8955,NAS100
2025-09-04 05:08:00,-1,23446.901,23451.359579091048,23440.21313136343,23448.505,-0.35975587003057147,sl,5,0.0,-0.420313279574493,23446.911,NAS100
2025-09-04 06:35:00,-1,23433.407000000003,23436.410668983503,23428.901496524755,23433.59,-0.060925488461796296,sl,2,0.0,-0.04927307263564393,23433.417,NAS100
2025-09-04 08:11:00,1,23447.601,23434.42838681806,23467.359919772905,23467.349919772907,1.4992408491876075,tp,20,1.520579077465625,-0.48449004854623345,23447.566,NAS100
2025-09-04 09:17:00,-1,23457.695000000003,23462.536165775215,23450.433251337185,23459.035,-0.27679283507659486,sl,15,1.0594555605319311,-0.2695631714738592,23457.705,NAS100
2025-09-04 12:00:00,-1,23459.930000000004,23466.81370029984,23449.60444955025,23459.534,0.057527199435694634,sl,5,0.0,0.0,23459.940000000002,NAS100
2025-09-04 19:37:00,1,23579.7665,23572.034607034282,23591.36433944858,23591.354339448582,1.4987066556608148,tp,3,1.6789549541817954,-0.11737099879999713,23579.7315,NAS100
2025-09-05 02:14:00,1,23691.0575,23689.84553388559,23692.875449171614,23689.83553388559,-1.0082510557675695,sl,3,0.5458073391137266,-1.0945025477426507,23691.0225,NAS100
2025-09-05 03:18:00,1,23696.488,23692.39354476056,23702.62968285916,23702.61968285916,1.4975576726535207,tp,25,1.5191276094763537,-0.7981525768120166,23696.453,NAS100
2025-09-05 07:53:00,-1,23719.7335,23724.424233772326,23712.69739934151,23722.601,-0.6113116069209952,sl,3,0.0,-0.6038500877432642,23719.743499999997,NAS100
2025-09-08 00:04:00,-1,23738.612000000005,23749.857743454657,23721.743384818026,23747.582,-0.797635126229301,sl,3,0.0,-0.6108088831737932,23738.622000000003,NAS100
2025-09-08 00:15:00,1,23742.774999999998,23732.913682939605,23757.566975590587,23732.903682939606,-1.0010140633281697,sl,40,1.1019826188986641,-1.049555544823545,23742.739999999998,NAS100
2025-09-08 08:58:00,-1,23729.9745,23734.1765163092,23723.671475536205,23725.027,1.1774109465429192,tp,10,0.9301486982441062,0.0,23729.9845,NAS100
2025-09-09 04:31:00,-1,23804.763000000003,23806.81146700929,23801.690299486072,23802.699,1.0075827390157646,tp,5,1.0246686866249548,0.0,23804.773,NAS100
2025-09-09 05:10:00,-1,23803.770500000002,23807.12794674812,23798.73432987782,23801.199,0.7659093927378602,tp,6,0.6765557789635507,0.0,23803.7805,NAS100
2025-09-09 09:24:00,1,23812.299499999997,23802.801474667922,23826.54653799811,23819.795000000002,0.7891640354644792,time,60,1.1759812813178585,-0.3210667368615011,23812.264499999997,NAS100
2025-09-09 16:47:00,-1,23784.672500000004,23789.477422638527,23777.46511604222,23787.856,-0.6625496890360423,sl,3,0.0,0.0,23784.682500000003,NAS100
2025-09-09 18:14:00,-1,23807.189000000002,23814.938936865903,23795.56409470115,23798.926,1.066202234028398,tp,18,0.8224583129249053,-0.08632328386332937,23807.199,NAS100
2025-09-09 23:45:00,-1,23858.1355,23865.57635907215,23846.974211391775,23861.505,-0.45283749730081596,sl,28,0.47931293489342464,-0.44799934626865917,23858.1455,NAS100
2025-09-10 00:44:00,-1,23867.643,23870.070505138214,23864.00174229268,23866.684,0.3950558064336758,tp,2,0.3806377113084029,0.0,23867.653,NAS100
2025-09-10 05:47:00,-1,23890.134500000004,23893.6629978683,23884.841753197557,23888.471,0.4714470752408291,tp,19,0.7457847781761009,0.0,23890.144500000002,NAS100
2025-09-10 16:42:00,-1,23885.219500000003,23896.929465346057,23867.654551980922,23873.264,1.02096800858875,tp,8,0.8343748005449984,0.0,23885.2295,NAS100
2025-09-11 04:55:00,-1,23856.0935,23859.688257760856,23850.701363358712,23858.427,-0.6491397071062998,sl,12,0.5131082878751876,-0.38291870873492845,23856.103499999997,NAS100
2025-09-11 05:17:00,-1,23857.5315,23859.556537397148,23854.49394390428,23854.52894390428,1.4827163685730687,tp,1,0.0,0.0,23857.5415,NAS100
2025-09-11 12:47:00,-1,23916.037,23938.996435736783,23881.597846394827,23927.993,-0.52074450509444,sl,39,0.3609409262059527,-0.6143443663731922,23916.047,NAS100
2025-09-11 17:57:00,-1,23997.4055,24002.6352097879,23989.560935318153,24000.879,-0.6641859951842686,sl,3,0.0,-0.4951517588969211,23997.4155,NAS100
2025-09-11 18:25:00,-1,23997.839500000002,24005.79167825469,23985.91123261797,23988.071,1.2284055622425472,tp,3,1.1104504598848495,0.0,23997.8495,NAS100
2025-09-12 03:56:00,-1,23985.187500000004,23986.222885037645,23983.63442244354,23985.516,-0.3172732732784197,sl,3,0.0,-0.28346942376598655,23985.197500000002,NAS100
2025-09-12 05:36:00,1,24005.426,24003.11636984835,24008.890445227473,24009.309,1.6812215571525517,tp,1,2.9796978512287926,-0.08919176944899365,24005.391,NAS100
2025-09-12 13:33:00,-1,24018.659000000003,24033.350950052332,23996.62107492151,24001.993,1.134362691177454,tp,4,0.4339791503029976,0.0,24018.669,NAS100
2025-09-12 14:17:00,-1,24023.855,24038.04704710223,24002.566929346653,24032.796,-0.6300007275619296,sl,5,0.0,-0.6275345576184581,24023.864999999998,NAS100
2025-09-12 17:36:00,-1,24082.2455,24088.298750231228,24073.16562465316,24082.245,8.260025322288566e-05,tp,3,0.000247800759067661,0.0,24082.2555,NAS100
2025-09-15 00:15:00,1,24086.6355,24081.757903179423,24093.951895230864,24095.287,1.7737218384884783,tp,1,1.8600348355411187,-0.5374572963762976,24086.6005,NAS100
2025-09-15 07:30:00,1,24124.887,24121.337005932884,24130.21199110067,24130.201991100672,1.497183093884287,tp,2,1.6090167735527103,-0.6723954899279959,24124.852,NAS100
2025-09-15 15:12:00,-1,24244.153000000002,24249.58585599839,24236.003716002422,24241.52,0.48464380443416166,tp,3,0.4691823233965914,0.0,24244.163,NAS100
2025-09-15 19:54:00,-1,24263.255,24272.963957480802,24248.691563778797,24272.885,-0.9918675634371431,sl,3,0.0,-0.6451774057498624,24263.265,NAS100
2025-09-16 07:02:00,1,24331.226,24326.9409590831,24337.65356137535,24337.643561375353,1.497666299997944,tp,3,1.5082703118444587,-0.6067620007416922,24332.1855,NAS100
2025-09-16 13:06:00,1,24343.5445,24334.72444400708,24356.774583989383,24334.71444400708,-1.0011337796502,sl,24,0.9650165494223512,-1.5731759538867829,24343.5095,NAS100
2025-09-16 16:16:00,-1,24265.539,24271.07744419323,24257.23133371016,24270.284,-0.8567387942266832,sl,14,0.6046824492871388,-0.8013080650742603,24265.549,NAS100
2025-09-17 05:18:00,1,24263.8295,24259.270414104834,24270.66812884275,24259.260414104836,-1.002193422152674,sl,2,0.7105591064723943,-2.265914755182533,24263.7945,NAS100
2025-09-17 09:47:00,-1,24273.343500000003,24279.49850675531,24264.11098986704,24264.993,1.3567003793787784,tp,6,1.3360667708305989,0.0,24273.3535,NAS100
2025-09-18 09:16:00,-1,24469.157500000005,24482.882630439177,24448.56980434125,24476.068,-0.5034924826850213,time,60,0.45489549463114304,-0.5991564186906543,24469.167500000003,NAS100
2025-09-18 18:46:00,-1,24491.0815,24499.182820243615,24478.929519634577,24496.582,-0.6789634077647201,sl,2,0.0,-0.6746431242865502,24491.0915,NAS100
2025-09-18 19:55:00,1,24456.6895,24446.62373072106,24471.78815391841,24446.613730721063,-1.000993466045295,sl,5,1.4051087013876966,-1.331393520815172,24456.6545,NAS100
2025-09-18 23:18:00,-1,24491.285,24495.382275640157,24485.139086539763,24493.766,-0.6055243088074705,sl,16,0.2411358392190889,-0.5969820472967187,24491.295,NAS100
2025-09-19 00:08:00,1,24494.999,24493.85863510628,24496.70954734058,24493.848635106282,-1.0087691229828932,sl,1,3.252467714874808,-2.198419132164505,24494.964,NAS100
2025-09-19 01:16:00,1,24458.392499999998,24454.41985203306,24464.351471950402,24464.341471950404,1.4974827872785494,tp,1,1.551987503377103,-0.2951431915828539,24458.3575,NAS100
2025-09-19 03:04:00,1,24465.0695,24462.43462143646,24469.021817845314,24469.011817845316,1.4962047586796725,tp,5,2.890645552090197,-0.2848328611369028,24465.0345,NAS100
2025-09-19 11:29:00,1,24475.6125,24469.229374993807,24485.187187509287,24485.17718750929,1.4984333692370588,tp,12,1.6115147345576453,-0.853578771324881,24475.5775,NAS100
2025-09-19 18:21:00,-1,24569.777000000002,24574.272624819387,24563.033562770925,24565.451,0.9622689111750412,tp,4,0.9168914590535318,0.0,24569.787,NAS100
2025-09-22 07:07:00,1,24574.2535,24566.003503805267,24586.628494292097,24565.993503805268,-1.0012121217710117,sl,2,0.48975780165603644,-1.3347278883633145,24574.2185,NAS100
2025-09-22 17:37:00,-1,24740.562,24746.591101691618,24731.518347462577,24743.597,-0.5033917414629402,sl,8,0.0,-0.47784896446576086,24740.572,NAS100
2025-09-22 18:57:00,-1,24767.537,24770.8919609581,24762.504558562854,24762.539558562854,1.4895676878393516,tp,1,0.0,0.0,24767.547,NAS100
2025-09-23 01:00:00,-1,24750.952,24754.113232737393,24746.210150893916,24749.254,0.5371322332317369,tp,2,0.5304892550820265,0.0,24750.962,NAS100
2025-09-23 02:41:00,-1,24761.2625,24763.51310095077,24757.886598573845,24758.329,1.3034296457551735,tp,9,1.1168128224331866,-0.1930595469848248,24761.2725,NAS100
2025-09-23 05:21:00,-1,24752.251500000002,24755.492892875416,24747.389410686883,24755.354,-0.957150249674981,sl,4,0.0,-0.7612468142059649,24752.2615,NAS100
2025-09-23 12:08:00,1,24750.5195,24744.87969867273,24758.979201990904,24758.969201990905,1.4982268878958473,tp,3,1.6418131531030529,-0.32705052766318926,24750.4845,NAS100
2025-09-23 13:29:00,-1,24761.1595,24767.959455501506,24750.959566747744,24759.101,0.30272256922082225,tp,2,0.0,0.0,24761.1695,NAS100
2025-09-23 18:39:00,1,24563.856,24553.44631026181,24579.470534607284,24553.43631026181,-1.000960643424531,sl,15,1.3682444297783276,-1.1504665654023154,24563.821,NAS100
2025-09-24 04:01:00,-1,24596.519,24597.157562264878,24595.561156602686,24596.564,-0.07047080993248629,sl,1,0.0,0.0,24596.447500000002,NAS100
2025-09-24 05:40:00,-1,24612.154,24614.832867694786,24608.135698457816,24613.505,-0.5043175527598096,sl,9,0.28034232577501905,-0.38934360290769865,24612.163999999997,NAS100
2025-09-24 09:36:00,-1,24664.676000000003,24669.10986686151,24658.025199707743,24658.814,1.3220965317876467,tp,6,1.201434361111147,0.0,24664.14,NAS100
2025-09-24 14:35:00,-1,24572.792500000003,24586.254662159674,24552.5992567605,24582.825,-0.7452369003585777,sl,18,0.8559917688797807,-0.7248835576524493,24572.8025,NAS100
2025-09-24 17:03:00,1,24448.1415,24437.719974750755,24463.77378787387,24463.76378787387,1.4990404475581978,tp,6,2.3285938880925396,-0.3548904705930214,24448.1065,NAS100
2025-09-25 01:26:00,-1,24538.780000000002,24542.164102007617,24533.70384698858,24540.754,-0.5833157498080185,sl,2,0.0,-0.5697227789405344,24538.79,NAS100
2025-09-25 15:22:00,1,24386.166,24365.023610073204,24417.879584890197,24365.013610073205,-1.000472983424912,sl,4,0.4474896183807365,-1.1000175514937283,24386.131,NAS100
2025-09-26 04:00:00,1,24357.340500000002,24351.31938929544,24366.372166056844,24351.309389295442,-1.0016608231419535,sl,1,1.3122994058239366,-1.9171711942213714,24357.305500000002,NAS100
2025-09-26 18:48:00,-1,24492.7,24506.86321912465,24471.455171313028,24484.22,0.598733940735325,time,60,0.4292103332230132,-0.5905437123006102,24492.71,NAS100
2025-09-26 19:50:00,1,24488.1965,24481.0327292553,24498.942156117046,24481.022729255303,-1.0013959129004515,sl,1,1.1924585954019655,-1.260020779794175,24488.1615,NAS100
2025-09-30 06:06:00,-1,24613.795000000002,24618.274217319897,24607.07617402016,24613.84,-0.01004639801654243,sl,1,0.0,-0.0022325328922942543,24613.6575,NAS100
2025-09-30 08:29:00,1,24565.8455,24560.087797664364,24574.482053503452,24574.472053503454,1.4982631960779722,tp,4,1.8958083213926389,-0.6640669796933413,24565.8105,NAS100
2025-09-30 11:59:00,-1,24583.823500000002,24587.35731829042,24578.522772564378,24580.534,0.9308628032527572,tp,3,0.7568300858180452,0.0,24583.8335,NAS100
2025-10-01 06:12:00,-1,24541.049000000003,24545.79275851568,24533.93336222649,24536.101,1.043054781067007,tp,4,0.6893268258065147,0.0,24541.059,NAS100
2025-10-01 12:57:00,-1,24558.564500000004,24572.177923779767,24538.144364330357,24568.549,-0.7334304846101443,sl,10,0.15473697389312885,-0.6308846429038253,24558.574500000002,NAS100
2025-10-01 13:48:00,1,24553.734500000002,24520.491951270295,24603.598323094564,24520.481951270296,-1.0003008192927596,sl,2,0.9242221542579806,-1.2067215521340064,24553.699500000002,NAS100
2025-10-01 16:25:00,-1,24722.708000000002,24730.905775055548,24710.411337416685,24728.546,-0.7121444490047468,sl,7,0.0,-0.5647873927530516,24722.718,NAS100
2025-10-01 19:13:00,-1,24805.701000000005,24815.84280546018,24790.488291809743,24794.055,1.1483162485946448,tp,10,0.8777529834271071,-0.05077991310502995,24805.711000000003,NAS100
2025-10-01 22:39:00,-1,24800.321500000002,24804.28029294217,24794.38331058675,24803.321,-0.7576804454831958,sl,8,0.0,-0.6856888045554616,24800.3315,NAS100
2025-10-01 23:00:00,-1,24802.6825,24804.8531352697,24799.42654709545,24799.46154709545,1.4838756881506447,tp,1,0.0,0.0,24802.692499999997,NAS100
2025-10-02 03:17:00,1,24842.1445,24835.881817271424,24851.53852409286,24851.52852409286,1.4984032402033411,tp,10,1.7630623294428944,-0.2328874163371352,24842.1095,NAS100
2025-10-02 05:59:00,1,24853.786,24850.73744041468,24858.35883937798,24858.34883937798,1.496719762326979,tp,2,2.3699717187055374,-0.3326161000368217,24853.751,NAS100
2025-10-02 06:48:00,1,24847.409,24841.063472395275,24856.927291407086,24856.917291407088,1.4984240869126542,tp,1,1.5937209054881294,-0.3727034452166256,24847.374,NAS100
2025-10-02 07:01:00,-1,24844.022500000003,24851.419953795008,24832.926319307495,24840.549,0.4695534566703189,sl,1,0.0,0.0,24844.0325,NAS100
2025-10-02 09:10:00,-1,24893.521,24898.155203685317,24886.569694472026,24897.699,-0.9015572650027887,sl,8,0.0,-0.5655772119606607,24893.531,NAS100
2025-10-02 11:48:00,1,24918.943499999998,24915.88146628159,24923.53655057761,24923.52655057761,1.4967341966424859,tp,1,3.2313491326104042,-0.06319329497722688,24918.908499999998,NAS100
2025-10-03 07:19:00,-1,24976.3795,24980.941957963943,24969.535813054084,24971.329,1.1069691030383344,tp,7,1.0646673434332006,-0.13600125303170332,24976.389499999997,NAS100
2025-10-03 09:06:00,-1,24974.126500000002,24977.84132346343,24968.554264804858,24970.09,1.086592684615855,tp,12,0.952535170200399,-0.10646535532366368,24974.1365,NAS100
2025-10-06 04:21:00,-1,24891.8365,24894.28209889674,24888.168101654894,24889.046,1.1410293011353596,tp,6,1.0351247718410201,0.0,24891.8465,NAS100
2025-10-06 08:38:00,-1,24899.217,24900.949189516905,24896.618715724646,24896.653715724646,1.47979435872339,tp,1,0.0,0.0,24899.227,NAS100
2025-10-06 13:34:00,-1,24979.0885,25007.826409468336,24935.9816357975,24952.504,0.9250672888817255,tp,10,0.7542128290119144,0.0,24979.0985,NAS100
2025-10-06 17:01:00,1,24988.3945,24982.19497964101,24997.69378053848,24982.184979641013,-1.0016130280117401,sl,8,1.377767876448911,-1.0558074852535764,24988.3595,NAS100
2025-10-07 10:11:00,-1,24977.73,24983.454835694436,24969.142746458347,24982.046,-0.7539080997893578,sl,21,0.8393253983987515,-0.5313689619000879,24977.739999999998,NAS100
2025-10-07 19:34:00,-1,24839.293500000003,24845.46313380494,24830.039049292598,24842.564,-0.5300962915137771,sl,4,0.0,-0.3103101513842436,24839.3035,NAS100
2025-10-09 01:08:00,1,25163.077500000003,25161.34973089162,25165.66915366258,25161.33973089162,-1.005787810390796,sl,1,1.1254397306691561,-3.5673169349395324,25163.042500000003,NAS100
2025-10-09 13:07:00,1,25121.927,25116.36734447327,25130.266483290092,25116.357344473272,-1.0017986725886743,sl,5,0.7270234604587336,-1.402245150354619,25121.999,NAS100
2025-10-10 04:39:00,1,25131.778499999997,25126.711105739956,25139.379591390058,25126.701105739958,-1.001973400822047,sl,13,0.41707826380696505,-1.0373181422741224,25131.743499999997,NAS100
2025-10-10 07:33:00,1,25121.924499999997,25108.903684124303,25141.45572381354,25141.44572381354,1.4992319989704281,tp,30,1.7747351794704842,-0.5301127107465958,25121.889499999997,NAS100
2025-10-10 14:57:00,1,25138.172,25128.06460994627,25153.333085080594,25128.05460994627,-1.0009893750953747,sl,1,1.7789953592780865,-1.5007830824140023,25138.137,NAS100
2025-10-10 16:24:00,1,24639.0085,24558.31522143801,24760.048417842983,24558.30522143801,-1.0001239260589805,sl,20,0.2282284265578755,-1.1663486931900773,24638.9735,NAS100
2025-10-12 23:18:00,1,24507.152,24484.03692322205,24541.82461516692,24541.81461516692,1.499567381925898,tp,4,1.7682398545609754,-0.2773081855438725,24507.117,NAS100
2025-10-13 06:47:00,-1,24658.746000000003,24664.083610425096,24650.739584362364,24656.362,0.4466418134965999,sl,4,0.11728094599428372,0.0,24658.756,NAS100
2025-10-13 09:51:00,1,24665.465500000002,24660.692601825096,24672.624847262363,24676.556,2.3236406044251807,tp,1,2.7621582352862193,-0.47067838400833845,24665.430500000002,NAS100
2025-10-13 10:20:00,-1,24674.023,24686.28445329827,24655.630820052596,24666.285,0.6310834296529199,tp,2,0.6187684131268636,0.0,24674.033,NAS100
2025-10-13 13:30:00,1,24643.857,24608.455621090397,24696.959068364406,24608.4456210904,-1.0002824748726296,sl,4,0.6508786016171596,-1.0367957726653894,24643.822,NAS100
2025-10-13 19:13:00,1,24722.285999999996,24704.47677835788,24748.999832463174,24748.989832463176,1.4994384931471159,tp,7,1.6908655866683178,-0.24796142631826,24722.250999999997,NAS100
2025-10-14 23:03:00,-1,24601.6375,24607.968574173865,24592.140888739203,24606.927,-0.8354822348844,sl,2,0.0,-0.5792855839755703,24601.6475,NAS100
2025-10-15 07:56:00,-1,24723.153500000004,24728.67837899458,24714.86618150814,24726.318,-0.5727727255387622,sl,4,0.0,-0.5231788791818381,24723.163500000002,NAS100
2025-10-15 08:20:00,-1,24748.545000000002,24758.147208446364,24734.14168733046,24756.155,-0.7925260155001227,sl,43,0.610172132039078,-0.7085869920449653,24748.555,NAS100
2025-10-16 04:45:00,-1,24760.562,24766.333651569053,24751.904522646422,24753.699,1.189087719155011,tp,4,0.9465228340006865,0.0,24760.572,NAS100
2025-10-16 12:34:00,-1,24888.5175,24902.002798441852,24868.289552337228,24900.743,-0.9065798619670271,sl,6,0.0,-0.5275003761076149,24888.5275,NAS100
2025-10-17 10:54:00,-1,24374.8875,24398.45801627578,24339.53172558633,24392.351,-0.740904433134646,sl,4,0.0,-0.6707320202504116,24374.8975,NAS100
2025-10-17 13:20:00,-1,24580.702,24606.710825086353,24541.688762370475,24571.535,0.35245728976860496,tp,11,0.07335971516070791,-0.07670473361927671,24580.712,NAS100
2025-10-17 13:31:00,-1,24569.360500000003,24606.9213596978,24513.019210453305,24594.434,-0.6675432937832473,sl,4,0.0,-0.48730247782563757,24569.3705,NAS100
2025-10-17 13:40:00,1,24562.6445,24532.80290528062,24607.406892079067,24532.79290528062,-1.0003351027347043,sl,4,0.5947235785115803,-1.2782326265971218,24562.6095,NAS100
2025-10-20 05:44:00,-1,24947.741,24952.187474901035,24941.071287648454,24938.873,1.9943888580011702,sl,1,0.0,0.0,24947.751,NAS100
2025-10-20 05:47:00,1,24947.301499999998,24938.18515990676,24960.976010139857,24938.17515990676,-1.0010969314325842,sl,14,1.49802441114831,-1.2574673479437983,24947.266499999998,NAS100
2025-10-20 09:08:00,1,24907.6205,24895.843940066934,24925.2853398996,24925.275339899603,1.4991508555932094,tp,8,1.501669426429347,-0.3175375509701861,24907.5855,NAS100
2025-10-20 10:15:00,-1,24916.179,24922.98838575843,24905.964921362356,24907.123,1.3299290598702989,tp,3,0.1682971182213042,0.0,24916.189,NAS100
2025-10-20 13:30:00,-1,24978.649,24982.53411577851,24972.821326332236,24953.666,6.430438994428134,sl,1,0.0,0.0,24978.659,NAS100
2025-10-20 15:52:00,1,25149.6665,25138.749429952022,25166.042105071967,25138.739429952024,-1.0009159966872478,sl,1,2.3112886414681584,-1.0556403823876634,25149.6315,NAS100
2025-10-20 15:58:00,-1,25152.404,25164.731382225124,25133.912926662313,25144.416,0.6479883444935225,tp,14,0.6234089168042984,0.0,25152.413999999997,NAS100
2025-10-21 00:01:00,1,25156.066,25153.26091499721,25160.273627504183,25165.698,3.4337640358207397,tp,1,3.5610329063344155,-0.2673715767094242,25156.031,NAS100
2025-10-21 07:17:00,-1,25112.6205,25117.82245504224,25104.817567436643,25114.971,-0.45184934912269137,sl,4,0.0,0.0,25112.6305,NAS100
2025-10-21 15:28:00,-1,25115.676000000003,25138.062670777,25082.09599383451,25129.232,-0.6055389001354694,sl,19,0.4420934268696403,-0.5728408715946574,25115.686,NAS100
2025-10-22 04:46:00,1,25160.438,25156.756933557488,25165.959599663765,25156.74693355749,-1.0027166040479236,sl,3,0.7465227924898059,-1.6484353365437758,25160.403,NAS100
2025-10-22 06:26:00,1,25162.639,25155.236352393975,25173.742971409036,25155.226352393976,-1.0013508680313596,sl,5,0.6919146057730773,-1.724923389519258,25162.604,NAS100
2025-10-22 06:38:00,-1,25162.985500000003,25167.24145201911,25156.601571971343,25165.927,-0.6911497091113669,sl,2,0.0,-0.41459583944465317,25162.9955,NAS100
2025-10-22 09:00:00,1,25101.2585,25090.06455631918,25118.04941552123,25090.05455631918,-1.0008933402099862,sl,6,0.4708349577485386,-1.4249223021666682,25101.2235,NAS100
2025-10-22 12:36:00,1,25088.946500000002,25083.561404199834,25097.024143700255,25097.078,1.5100009919501154,tp,1,1.6914276621996107,-0.06861530671175753,25088.911500000002,NAS100
2025-10-23 18:51:00,-1,25110.505,25120.03266959431,25096.213495608536,25116.438,-0.6227126099692125,sl,10,0.0,-0.6190390988704696,25110.515,NAS100
2025-10-24 12:29:00,1,25220.6775,25216.03292897049,25227.644356544268,25227.63435654427,1.4978469486338615,tp,1,1.7442945642384187,-0.24577081343968094,25220.6425,NAS100
2025-10-24 13:50:00,1,25319.410999999996,25311.348349049014,25331.50497642647,25337.187,2.2047339154425525,tp,1,2.2059742022984756,-0.3972638800154884,25319.375999999997,NAS100
2025-10-24 15:36:00,-1,25385.284000000003,25396.327578098044,25368.718632852942,25374.666,0.9614637489534398,tp,9,0.5069009292373273,0.0,25385.294,NAS100
2025-10-27 00:25:00,-1,25585.179,25588.80979206152,25579.73281190772,25588.121,-0.8102915149508599,sl,8,0.0,-0.7494232536312285,25585.189,NAS100
2025-10-27 08:43:00,-1,25644.9785,25650.891012791486,25636.109730812772,25647.055,-0.3512043141775099,sl,3,0.0,-0.3249887260739098,25644.9885,NAS100
2025-10-27 13:38:00,-1,25683.863500000003,25706.49838374071,25649.911174388944,25696.99,-0.5799234557760159,sl,21,0.1894641938138205,-0.5567733479157795,25683.8735,NAS100
2025-10-27 14:47:00,-1,25736.088,25746.707233030033,25720.15915045495,25728.768,0.6893153186579161,tp,4,0.5621874934957275,0.0,25736.097999999998,NAS100
2025-10-27 17:10:00,1,25758.4575,25753.13611008566,25766.439584871514,25753.12611008566,-1.0018792082819283,sl,1,0.5450643622604879,-1.1217933840764918,25758.4225,NAS100
2025-10-27 23:07:00,1,25854.351,25850.85712814069,25859.59180778896,25859.58180778896,1.4971378458046254,tp,6,1.6451662314652815,-0.14997687983367128,25854.316,NAS100
2025-10-28 02:46:00,1,25830.107,25826.38038391035,25835.696924134478,25826.37038391035,-1.0026833995662099,sl,3,0.4808652023421277,-2.0495805889989236,25830.072,NAS100
2025-10-28 03:11:00,1,25825.3945,25820.977205106326,25832.02044234051,25832.01044234051,1.4977361710645793,tp,6,1.852378027041917,-0.24415395076851415,25825.3595,NAS100
2025-10-28 07:13:00,1,25819.6445,25814.088629633985,25827.97830554902,25827.96830554902,1.498200101993097,tp,8,1.5217237701797028,-0.5190005903735443,25819.6095,NAS100
2025-10-28 10:15:00,-1,25832.241,25836.447739621664,25825.930890567506,25834.535,-0.5453154238938678,sl,2,0.0,-0.40292486639090364,25832.251,NAS100
2025-10-28 12:10:00,-1,25857.153500000004,25860.67148317904,25851.876525231448,25855.285,0.531128179104994,sl,1,0.0,0.0,25857.163500000002,NAS100
2025-10-29 05:13:00,-1,26105.6215,26110.2662043659,26098.654443451152,26108.438,-0.6063895090235694,sl,11,0.0,-0.5777547479019653,26105.6315,NAS100
2025-10-29 05:52:00,-1,26113.564500000004,26119.39678501845,26104.816072472335,26116.677,-0.5336673345270609,sl,5,0.0,-0.5052050766853932,26113.574500000002,NAS100
2025-10-29 10:06:00,1,26093.142499999998,26086.21234632873,26103.537730506898,26103.5277305069,1.4985570305547682,tp,3,1.9871853718195955,-0.21810483168126724,26093.1075,NAS100
2025-10-29 13:23:00,-1,26122.146,26131.584077324642,26107.988884013037,26120.934,0.1284159854078765,sl,8,0.14208402345880644,0.0,26122.156,NAS100
2025-10-29 17:48:00,-1,26116.768,26122.108289760483,26108.757565359276,26117.318,-0.1029906661749275,sl,5,0.38574685876502945,-0.04344333555020326,26116.778,NAS100
2025-10-29 18:55:00,-1,26070.200500000003,26133.997080680823,25974.50562897877,25991.862,1.22794198629446,tp,10,1.1400532634167837,0.0,26070.2105,NAS100
2025-10-29 23:35:00,1,26057.2585,26048.412247643093,26070.52787853536,26048.402247643095,-1.0011304221940482,sl,1,0.4647730851572327,-2.320474159204019,26057.2235,NAS100
2025-10-30 07:11:00,-1,26098.3365,26106.868100283904,26085.539099574147,26103.807,-0.6412044420694593,sl,2,0.0,-0.6371020464068434,26098.3465,NAS100
2025-10-30 13:52:00,-1,25976.512,25983.202990871807,25966.475513692287,25966.510513692287,1.4947690856749896,tp,1,0.0,0.0,25976.521999999997,NAS100
2025-10-31 14:23:00,-1,25949.681,25982.257474369053,25900.816288446422,25970.623,-0.6428565523313331,sl,8,0.0,-0.526330744259093,25949.691,NAS100
2025-10-31 17:37:00,-1,25774.521500000003,25796.220674671724,25741.972737992422,25783.666,-0.42142155811648374,sl,7,0.0,-0.41234287180788187,25774.5315,NAS100
2025-11-03 04:30:00,1,25938.685999999998,25931.719244524757,25949.136133212858,25949.12613321286,1.498564611599222,tp,11,1.7615086453964666,-0.40262644640896783,25938.650999999998,NAS100
2025-11-03 07:26:00,1,25901.1015,25888.208684374596,25920.440723438107,25888.198684374598,-1.0007756257662364,sl,19,0.7990108832161953,-1.2437546976476732,25901.0665,NAS100
2025-11-04 14:40:00,-1,25593.828,25628.998262133908,25541.07260679914,25593.971,-0.004065935006556804,sl,2,0.0,0.0,25593.838,NAS100
2025-11-05 06:02:00,-1,25345.895,25361.628071170486,25322.295393244272,25353.164,-0.4620204104610297,sl,6,0.0,-0.43729542220006234,25345.905,NAS100
2025-11-05 07:58:00,1,25365.185,25351.7277904168,25385.3708143748,25351.717790416802,-1.0007430961029902,sl,2,0.24172916234118902,-1.1612362803287348,25365.15,NAS100
2025-11-05 08:49:00,-1,25398.6885,25412.52268341914,25377.93722487129,25401.454,-0.199903378191075,sl,2,0.0,-0.19318089973440813,25398.6985,NAS100
2025-11-06 20:19:00,-1,25278.843500000003,25299.672015622487,25247.600726566277,25256.307,1.082002213142519,tp,11,1.027269556209023,0.0,25278.8535,NAS100
2025-11-07 07:49:00,-1,25228.670000000002,25238.127244842522,25214.484132736223,25234.09,-0.573105602133664,sl,17,0.0,-0.3015677448865564,25228.68,NAS100
2025-11-07 12:26:00,-1,25065.485500000003,25086.625991812325,25033.77476228152,25039.035,1.2511771360297739,tp,7,1.1185879784603154,0.0,25065.4955,NAS100
2025-11-07 14:30:00,1,24976.965,24964.295387348207,24995.96941897769,24964.28538734821,-1.0007892901127473,sl,1,1.8198662132530323,-3.2787111288775757,24976.93,NAS100
2025-11-10 06:09:00,1,25373.9975,25365.399890592114,25386.89391411183,25365.389890592116,-1.0011631140150687,sl,19,1.2388908933486682,-1.4041693949166223,25373.9625,NAS100
2025-11-10 18:22:00,-1,25546.2265,25553.92766887128,25534.67474669308,25534.70974669308,1.4954552353564956,tp,7,0.9787475285876229,0.0,25546.2365,NAS100
2025-11-10 18:59:00,1,25540.848,25527.681075353772,25560.598386969345,25560.588386969346,1.4992405212098574,tp,8,2.2316524769063744,-0.20574280424535307,25540.813000000002,NAS100
2025-11-11 02:56:00,1,25627.899999999998,25620.7036284005,25638.69455739924,25639.371000000003,1.5939977308574054,tp,1,1.5953873200219084,-0.1763388650032026,25627.864999999998,NAS100
2025-11-11 10:38:00,-1,25521.143500000002,25529.9638582527,25507.912962620954,25512.796,0.946390130746635,tp,11,0.9347126005316597,0.0,25521.1535,NAS100
2025-11-11 11:56:00,-1,25515.733500000002,25520.493460642127,25508.593559036817,25517.993,-0.4746887988947748,sl,2,0.0,-0.14527431043810943,25515.7435,NAS100
2025-11-11 14:03:00,1,25491.322,25483.23423740296,25503.45364389556,25483.224237402963,-1.00123643589663,sl,3,0.6282330791779948,-1.3299104506281292,25491.287,NAS100
2025-11-12 00:05:00,1,25557.5865,25548.933787582107,25570.565568626844,25548.92378758211,-1.001155706963948,sl,2,0.9790571546652372,-1.077407817313232,25557.5515,NAS100
2025-11-12 09:20:00,1,25686.1305,25672.51005799172,25706.56116301242,25706.55116301242,1.4992658094361166,tp,20,1.8907242499434367,-0.06200239312981874,25686.0955,NAS100
2025-11-12 15:40:00,-1,25487.056500000002,25522.16796162336,25434.38930756497,25464.95,0.6296092209757453,tp,13,0.6306060464675264,-0.07281098199278947,25487.0665,NAS100
2025-11-12 19:09:00,-1,25512.093000000004,25525.267865477275,25492.3307017841,25503.865999999998,0.6244466035876656,tp,6,0.6089625745208429,0.0,25512.103000000003,NAS100
2025-11-12 20:25:00,-1,25486.6415,25499.963492361916,25466.658511457128,25496.912,-0.7709432433965744,sl,5,0.0,-0.7683160087421007,25486.6515,NAS100
2025-11-13 02:22:00,1,25572.833000000002,25568.304923899534,25579.625114150705,25568.294923899535,-1.0022084434485021,sl,1,1.1165890077407166,-1.000645726677081,25572.798000000003,NAS100
2025-11-13 20:28:00,-1,24962.542,24983.900799374078,24930.503800938888,24973.068,-0.49281796301591396,sl,3,0.0,-0.49117929412882594,24962.552,NAS100
2025-11-14 01:34:00,-1,25035.043500000003,25049.88882242465,25012.77551636303,25046.184,-0.7504383994719498,sl,3,0.0,-0.5777240638274033,25035.0535,NAS100
2025-11-14 09:51:00,-1,24862.866,24878.131342641493,24839.967986037766,24846.285,1.0861859042020559,tp,10,1.087758092954375,0.0,24862.876,NAS100
2025-11-14 14:36:00,-1,24632.360500000003,24667.61815818159,24579.47401272762,24619.862,0.35449036165788994,sl,1,0.0,0.0,24632.3705,NAS100
2025-11-17 05:15:00,-1,25192.844,25199.30829572993,25183.147556405107,25189.471,0.5217892467980403,tp,4,0.16475112595351168,0.0,25192.854,NAS100
2025-11-17 08:02:00,-1,25227.904000000002,25236.628978974077,25214.81653153889,25231.504,-0.4126084441802823,sl,2,0.0,0.0,25227.914,NAS100
2025-11-17 11:40:00,1,25128.012,25111.638093209698,25152.57286018545,25111.6280932097,-1.000610727795539,sl,6,0.4540761160559152,-1.1916520748461217,25127.977,NAS100
2025-11-18 10:54:00,-1,24731.882500000003,24746.75304886332,24709.57667670503,24744.684,-0.8608626431790259,sl,3,0.0,-0.7154746000158337,24731.8925,NAS100
2025-11-18 13:30:00,-1,24656.7135,24681.2643727178,24619.887190923306,24677.254,-0.8366505026563901,sl,4,0.0,-0.31055922482424,24656.7235,NAS100
2025-11-18 17:07:00,-1,24543.669,24604.15367410491,24452.941988842642,24455.248,1.4618744551163512,tp,22,1.300478198222132,0.0,24543.679,NAS100
2025-11-18 18:43:00,1,24663.183999999997,24625.131255194832,24720.263117207745,24625.121255194834,-1.000262793132259,sl,16,1.422656901024754,-1.4612612121596051,24663.148999999998,NAS100
2025-11-18 19:55:00,1,24625.723,24598.204289799953,24667.001065300075,24666.991065300077,1.4996366108758112,tp,3,1.6705361430753287,-0.09916889200708719,24625.688000000002,NAS100
2025-11-19 14:35:00,-1,24579.980000000003,24597.146665528704,24554.23000170695,24554.26500170695,1.4979611649135052,tp,1,0.0,0.0,24579.99,NAS100
2025-11-19 17:42:00,-1,24521.376,24571.972485518614,24445.481271722078,24556.523,-0.6946529910080539,sl,14,0.0,-0.6374553423900375,24521.386,NAS100
2025-11-20 05:13:00,1,25102.887,25093.829174853738,25116.47373771939,25093.81917485374,-1.0011040177787631,sl,18,0.9821342161448852,-1.62058769770569,25102.852,NAS100
2025-11-20 07:06:00,1,25092.9955,25079.72201502296,25112.905727465564,25079.71201502296,-1.000753381648881,sl,3,0.27886421737782585,-1.0535665670462446,25092.9605,NAS100
2025-11-20 14:31:00,-1,25114.5125,25160.188955729336,25045.997816405998,25121.721,-0.15781653556300396,sl,17,0.10638960318633729,-0.11849649701525329,25114.5225,NAS100
2025-11-20 20:31:00,-1,24230.273,24264.402124102533,24179.079313846203,24191.662,1.1313211521047022,tp,4,1.1323466691937052,0.0,24230.283,NAS100
2025-11-20 23:43:00,-1,24057.702500000003,24070.104796624237,24039.099055063652,24061.188,-0.2810366584189468,sl,3,0.0,-0.1879087455014311,24057.7125,NAS100
2025-11-21 01:07:00,-1,24116.0995,24133.38039983664,24090.178150245043,24108.184,0.45804906427482994,sl,9,0.25348795730601814,0.0,24116.1095,NAS100
2025-11-21 14:31:00,1,24153.748,24098.774554580366,24236.20816812945,24098.764554580368,-1.0001819060079291,sl,3,0.8257441325259964,-1.251931718571543,24153.713,NAS100
2025-11-24 02:16:00,-1,24388.2245,24399.4620987788,24371.368101831802,24394.927,-0.596435246704468,sl,4,0.0,-0.4965918529257128,24388.2345,NAS100
2025-11-24 04:34:00,1,24382.573500000002,24363.65913751738,24410.945043723936,24410.935043723937,1.4994713012396919,tp,35,1.5372180810595235,-0.4888613088861436,24382.538500000002,NAS100
2025-11-24 06:07:00,-1,24420.768500000002,24432.411133643345,24403.304549534987,24411.329,0.8107701649959131,tp,36,0.7557997846159259,0.0,24420.7785,NAS100
2025-11-24 07:09:00,-1,24402.290000000005,24411.01058268055,24389.20912597919,24403.351,-0.12166618205012708,sl,2,0.0,0.0,24402.300000000003,NAS100
2025-11-24 11:08:00,1,24315.088,24290.257554116783,24352.333668824824,24352.323668824825,1.4995972686093817,tp,13,1.5078665995806844,-0.27663619220956126,24315.053,NAS100
2025-11-24 20:57:00,1,24879.496,24857.24469365303,24912.872959520457,24857.23469365303,-1.0004494118162084,sl,4,0.9268219887147156,-1.184334959443272,24879.461,NAS100
2025-11-25 05:06:00,-1,24861.045000000002,24870.163441677043,24847.36733748444,24866.982,-0.6510980944196378,sl,3,0.0,-0.5506423331783911,24861.055,NAS100
2025-11-25 05:21:00,1,24864.84,24859.01950481732,24873.57074277402,24859.00950481732,-1.0017180668799717,sl,2,0.9550733787293529,-1.197492615532178,24864.805,NAS100
2025-11-25 10:18:00,1,24786.398,24773.588856688966,24805.61171496655,24773.578856688968,-1.0007806923348093,sl,15,1.2007828803622733,-1.5126694681687345,24786.363,NAS100
2025-11-26 00:05:00,1,25012.732,25006.988872364487,25021.34669145327,25006.97887236449,-1.0017412115197586,sl,2,0.955402761044691,-1.2249423043462822,25012.697,NAS100
2025-11-26 07:24:00,1,25154.4575,25146.589496507695,25166.259505238457,25166.24950523846,1.4987290295422468,tp,5,1.613052156422217,-0.23760792707184084,25154.4225,NAS100
2025-11-26 09:26:00,-1,25093.170500000004,25113.198920672014,25063.12786899199,25108.504,-0.7655870750421139,sl,44,0.41877989969154644,-0.751357296036216,25093.180500000002,NAS100
2025-11-26 14:11:00,-1,25134.2495,25154.254818996887,25104.24152150467,25146.46,-0.6103626741417232,sl,13,0.11099548076932696,-0.5890183506612453,25134.2595,NAS100
2025-11-27 00:55:00,1,25256.847999999998,25254.528284887412,25260.327572668877,25260.31757266888,1.4956891258137075,tp,2,2.2119095453412227,-0.02112328351581253,25256.813,NAS100
2025-11-27 02:45:00,1,25263.3745,25260.434114754742,25267.78507786789,25260.424114754744,-1.0034009149020595,sl,2,1.0758794294382905,-1.5785346520440842,25263.339500000002,NAS100
2025-11-27 15:10:00,1,25235.763,25230.751047645896,25243.280928531152,25243.270928531154,1.498004769540151,tp,4,1.6662169569838805,-0.3595405288568508,25235.728,NAS100
2025-12-01 14:39:00,1,25223.492,25180.92886293308,25287.336705600377,25180.918862933082,-1.0002349450883443,sl,3,0.7378920390812508,-1.1142505761602128,25223.457,NAS100
2025-12-02 05:37:00,1,25324.8135,25316.66721694222,25337.03292458667,25316.65721694222,-1.0012275537109956,sl,7,0.3792527190726019,-1.0440958090544115,25324.7785,NAS100
2025-12-02 11:35:00,1,25441.649999999998,25435.77394502448,25450.464082463273,25435.763945024482,-1.0017018220626024,sl,2,1.341546332164464,-1.1112898070570314,25441.614999999998,NAS100
2025-12-02 14:28:00,-1,25457.512000000002,25467.523281167378,25442.49507824894,25450.079,0.7424624157219294,tp,2,0.6840283361851841,0.0,25457.522,NAS100
2025-12-03 04:25:00,1,25620.001,25616.455161773574,25625.31975733964,25616.445161773576,-1.002820207623651,sl,6,0.5149699121613457,-1.2231240465730433,25619.966,NAS100
2025-12-03 13:26:00,-1,25614.903500000004,25620.8665296049,25605.958955592658,25609.101,0.9730791870026536,tp,6,0.35007372733669306,0.0,25614.913500000002,NAS100
2025-12-04 15:28:00,-1,25525.072000000004,25550.73671414224,25486.57492878665,25546.296,-0.8269720006374993,sl,3,0.0,-0.4702955167590397,25525.082000000002,NAS100
2025-12-04 17:40:00,1,25552.925,25546.948082854266,25561.890375718598,25561.8803757186,1.4983268966665606,tp,1,1.6150466477341514,-0.34967859668122747,25552.89,NAS100
2025-12-05 12:01:00,-1,25676.583000000002,25681.892300514843,25668.619049227742,25679.59,-0.5663646259225248,sl,2,0.0,-0.27724932802041885,25676.593,NAS100
2025-12-05 12:11:00,1,25677.202500000003,25672.582062033125,25684.13315695032,25672.572062033127,-1.0021642969930742,sl,1,0.6738538689005813,-1.0928617668286982,25677.167500000003,NAS100
2025-12-08 14:39:00,1,25768.813,25740.743563951124,25810.917154073308,25740.733563951126,-1.0003562593840856,sl,4,0.8098132060945021,-1.1302328961921189,25768.778,NAS100
2025-12-09 02:33:00,1,25655.5935,25650.107735312464,25663.8221470313,25663.8121470313,1.4981771000817916,tp,16,1.5227594466423011,-0.6946160138180547,25655.5585,NAS100
2025-12-09 03:08:00,1,25657.3055,25653.613517610414,25662.843473584377,25662.83347358438,1.497291428034762,tp,9,2.056754122507602,-0.2972657732864948,25657.2705,NAS100
2025-12-09 07:42:00,-1,25653.170000000002,25656.839787639026,25647.665318541465,25650.405,0.7534495921780627,sl,1,0.0,0.0,25653.18,NAS100
2025-12-09 07:43:00,1,25654.7075,25644.47948263529,25670.049526047063,25670.039526047065,1.4990222934082118,tp,21,1.7726309365251807,-0.207224912162737,25654.6725,NAS100
2025-12-09 12:52:00,1,25634.715500000002,25622.100897404336,25653.637403893503,25622.090897404338,-1.0007927320676622,sl,10,0.32244376857300877,-1.525731774270379,25634.680500000002,NAS100
2025-12-09 15:51:00,-1,25637.076,25644.15032526459,25626.46451210312,25636.465,0.08636866091799249,sl,1,0.0,0.0,25637.086,NAS100
2025-12-09 20:56:00,-1,25677.804500000002,25683.228589922448,25669.668365116333,25669.703365116333,1.4935473046169427,tp,1,0.0,0.0,25677.8145,NAS100
2025-12-10 00:06:00,-1,25648.914500000003,25651.426577288687,25645.146384066975,25646.134,1.1068528872617127,sl,1,0.0,0.0,25648.9245,NAS100
2025-12-10 23:50:00,1,25705.307,25700.316679215353,25712.79248117697,25700.306679215355,-1.0020038791953343,sl,11,1.0995285146561478,-1.8321467485874574,25705.311,NAS100
2025-12-12 12:31:00,1,25550.365,25542.48740747586,25562.181388786215,25542.47740747586,-1.0012694233635153,sl,13,0.956383562225405,-1.0121112478929128,25550.33,NAS100
2025-12-15 04:29:00,-1,25240.0975,25243.530518422373,25234.94797236644,25237.851,0.6543804091935106,tp,2,0.4557214111653728,0.0,25240.1075,NAS100
2025-12-15 06:42:00,-1,25254.450500000003,25259.359594728623,25247.086857907074,25257.796,-0.6814902105048584,sl,3,0.0,-0.36880526860494245,25254.4605,NAS100
2025-12-15 08:31:00,-1,25244.174000000003,25249.25166545014,25236.557501824795,25244.949,-0.15262919694259133,sl,3,0.0,0.0,25244.184,NAS100
2025-12-15 12:31:00,-1,25324.4095,25330.06392873708,25315.927856894385,25322.329,0.3679416784152739,sl,13,0.2837598764805431,0.0,25324.4195,NAS100
2025-12-15 14:28:00,-1,25372.437,25383.445070459864,25355.924894310207,25372.482,-0.0040879098805129774,sl,1,0.0,-0.000908424417781612,25371.1425,NAS100
2025-12-15 20:01:00,1,25097.744,25085.564988685423,25116.012516971863,25116.002516971865,1.4991789152879405,tp,5,1.9660873433413781,-0.7593391418342237,25097.709,NAS100
2025-12-16 14:41:00,1,24992.4705,24942.130310992612,25067.98078351108,24942.120310992614,-1.000198648439658,sl,6,0.5746601387562643,-1.06454705587486,24992.4355,NAS100
2025-12-16 15:16:00,1,25021.981,24982.41068666835,25081.336469997474,24982.400686668352,-1.0002527147034341,sl,7,0.42188192598028446,-1.2551075748060272,25021.946,NAS100
2025-12-17 01:43:00,-1,25083.3385,25096.8686871986,25063.043219202104,25080.721,0.19345630341844805,sl,1,0.0,0.0,25083.3485,NAS100
2025-12-17 03:42:00,-1,25119.458000000002,25127.38231496599,25107.57152755102,25112.568,0.8694757880744293,tp,10,0.8066312390961246,0.0,25119.468,NAS100
2025-12-17 08:18:00,-1,25167.820000000003,25173.070593635908,25159.944109546144,25169.438,-0.3081556319519126,tp,2,0.0,0.0,25167.83,NAS100
2025-12-17 11:49:00,-1,25233.4615,25242.984427349173,25219.177108976244,25236.314,-0.2995402459145552,sl,2,0.0,-0.13646014007556476,25233.4715,NAS100
2025-12-17 14:31:00,-1,25187.306500000002,25202.526620562596,25164.476319156114,25170.232,1.1218373684875143,tp,1,0.0,0.0,25187.3165,NAS100
2025-12-17 15:25:00,1,25064.981,25031.553059535636,25115.122910696547,25031.543059535637,-1.0002991509455708,sl,9,0.8661915630389916,-1.0831956589907106,25064.946,NAS100
2025-12-18 01:36:00,-1,24745.4365,24754.208737619883,24732.278143570176,24747.285,-0.21072160605980048,sl,12,0.0,-0.16466722204688813,24745.4465,NAS100
2025-12-18 02:11:00,-1,24750.132,24760.609452522498,24734.41582121626,24737.057,1.2479178475804888,sl,1,0.0,0.0,24750.142,NAS100
2025-12-18 11:01:00,1,24847.5085,24833.506767952338,24868.511098071493,24868.501098071494,1.4992858026446758,tp,60,1.6606874007335204,-0.6410278363739523,24847.4735,NAS100
2025-12-18 13:12:00,-1,24864.605,24871.557858322296,24854.175712516553,24868.09,-0.5012327072486013,sl,3,0.0,-0.4961988063149929,24864.614999999998,NAS100
2025-12-19 09:55:00,1,25145.807,25138.74206834497,25156.404397482547,25138.732068344973,-1.00141544185941,sl,7,0.6413367066011526,-1.2049656551083945,25145.772,NAS100
2025-12-19 20:54:00,1,25327.123499999998,25321.208153838023,25335.99651924296,25343.937,2.842352677191301,tp,1,3.5662325453762844,-0.08325801846771241,25327.088499999998,NAS100
2025-12-22 00:32:00,1,25419.284,25413.091647705987,25428.57252844102,25428.56252844102,1.4983851047996626,tp,30,2.209984082015788,-0.9004655638524599,25419.249,NAS100
2025-12-22 07:25:00,-1,25461.414500000003,25465.947035801186,25454.615696298228,25461.971,-0.12277895297671967,sl,8,0.0,0.0,25461.4245,NAS100
2025-12-22 18:07:00,1,25466.71,25451.68352421629,25489.249713675563,25451.67352421629,-1.000665492038342,sl,10,0.2536855650567227,-1.2689602189137545,25466.675,NAS100
2025-12-22 20:27:00,1,25451.236999999997,25445.542032202873,25459.779451695686,25459.769451695687,1.4982440638204082,tp,8,1.8309146550869955,-0.012818334114820511,25451.201999999997,NAS100
2025-12-23 13:30:00,-1,25443.821500000002,25449.122137556657,25435.87054366502,25438.999,0.909796217616808,tp,1,0.0,0.0,25443.8315,NAS100
2025-12-24 02:16:00,1,25582.029,25579.625434478978,25585.63434828153,25579.61543447898,-1.0041604857079793,sl,9,0.7043702304748579,-1.090463304235572,25581.994,NAS100
2025-12-24 18:06:00,-1,25655.473,25666.073996789608,25639.57150481559,25644.267,1.0570704078496647,tp,6,0.9705691081888287,0.0,25655.483,NAS100
2025-12-26 14:51:00,1,25675.721,25653.772710152858,25708.643434770718,25653.76271015286,-1.0004556163631901,sl,7,0.6932202967048231,-1.0391242396941986,25675.686,NAS100
2025-12-26 17:54:00,-1,25648.7095,25657.331435784938,25635.776596322597,25654.429,-0.6633661097304463,sl,3,0.0,-0.6252076255793196,25648.7195,NAS100
2025-12-30 01:38:00,-1,25500.728,25503.559151647572,25496.48127252864,25501.035,-0.10843643796468604,sl,2,0.0,0.0,25500.737999999998,NAS100
2025-12-30 15:13:00,1,25478.465,25459.573996766212,25506.801504850682,25506.791504850684,1.499470647488932,tp,12,1.6613199210016227,-0.3617595061217166,25478.43,NAS100
2025-12-30 18:27:00,1,25522.3495,25514.161047722184,25534.632178416723,25514.151047722185,-1.001221232005649,sl,13,1.0829274811826803,-1.1165113613435829,25522.3145,NAS100
2025-12-31 02:14:00,-1,25413.2545,25417.094416632615,25407.494625051077,25416.818,-0.9280149391087977,sl,6,0.21602031485633272,-0.6105601304166548,25413.264499999997,NAS100
2025-12-31 05:39:00,1,25410.058,25406.29405398382,25415.703919024272,25406.28405398382,-1.0026567862438542,sl,1,1.194756774052339,-1.3783407035327266,25410.023,NAS100
2025-12-31 17:06:00,1,25378.398,25366.295157182714,25396.55226422593,25366.285157182716,-1.0008262521582216,sl,4,0.9097862515632588,-1.0679309146722322,25378.363,NAS100
2026-01-02 13:58:00,-1,25498.168,25504.145181232547,25489.20222815118,25489.23722815118,1.4941443970600283,tp,1,0.0,0.0,25498.178,NAS100
2026-01-02 18:32:00,1,25136.269,25123.93483295962,25154.77025056057,25154.760250560572,1.4991892439948444,tp,7,1.8268765070419704,-0.41786364520001984,25136.234,NAS100
2026-01-02 18:39:00,1,25150.0745,25130.97304390143,25178.72668414785,25130.963043901433,-1.0005235202984943,sl,10,0.8821055270893029,-1.317255599267378,25150.0395,NAS100
2026-01-02 19:05:00,-1,25160.404000000002,25168.54189356301,25148.197159655487,25148.232159655487,1.4956991327390754,tp,1,0.0,0.0,25160.414,NAS100
2026-01-05 02:44:00,-1,25282.664500000003,25289.750366867265,25272.03569969911,25286.329,-0.5171562024301173,sl,3,0.0,-0.5122167926648058,25282.6745,NAS100
2026-01-05 04:17:00,1,25282.6775,25276.330909628323,25292.19738555752,25276.320909628324,-1.0015756491931516,sl,11,1.1977297343654358,-1.1222561380020677,25282.6425,NAS100
2026-01-05 09:15:00,1,25333.0085,25324.138223299295,25346.313915051058,25346.30391505106,1.4988726394524305,tp,8,1.643635310591899,-0.15890146920552095,25332.9735,NAS100
2026-01-05 09:40:00,-1,25341.7465,25348.4695066145,25331.661990078253,25336.993,0.7070497282795186,tp,4,0.5425399987167614,0.0,25341.7565,NAS100
2026-01-05 11:20:00,-1,25375.679,25381.10121347258,25367.545679791132,25376.155,-0.0877870269044146,sl,4,0.0,-0.06731568239566406,25375.689,NAS100
2026-01-06 00:00:00,-1,25386.814500000004,25391.863649984494,25379.240775023267,25386.351,0.09179762958697177,sl,2,0.0,0.0,25386.824500000002,NAS100
2026-01-06 11:47:00,1,25410.2265,25407.70003177178,25414.016202342333,25416.11,2.3287448994131785,tp,1,2.33270299391312,-0.9758681991175473,25410.1915,NAS100
2026-01-06 21:00:00,-1,25638.884500000004,25652.67348795249,25618.201018071275,25635.204,0.2669158906139324,time,60,0.359816109572486,0.0,25638.894500000002,NAS100
2026-01-07 00:49:00,1,25644.5845,25636.32225385154,25656.97786922269,25636.31225385154,-1.0012103246282806,sl,28,1.3089055694637248,-1.1177953106278655,25644.5495,NAS100
2026-01-07 01:44:00,1,25635.774999999998,25628.684628497347,25646.410557253974,25646.400557253975,1.498589636665066,tp,22,1.9635078352097193,-0.9002349168321812,25635.739999999998,NAS100
2026-01-07 07:18:00,1,25593.429999999997,25587.28100636941,25602.65349044588,25587.27100636941,-1.0016262823803646,sl,18,0.46397836319274305,-1.2065388981853085,25593.394999999997,NAS100
2026-01-07 08:54:00,-1,25586.827500000003,25593.58316094861,25576.694008577095,25582.427,0.6513796404942019,tp,5,0.6362811918338963,0.0,25586.8375,NAS100
2026-01-07 15:40:00,-1,25684.5165,25718.738047440165,25633.184178839758,25713.879,-0.8580120478578456,sl,10,0.14039400200714666,-0.8325310259512798,25684.5265,NAS100
2026-01-07 17:33:00,-1,25798.079,25807.678896827714,25783.679154758433,25800.431,-0.24500263307093872,sl,11,0.07604248390418762,-0.2241690758369303,25798.089,NAS100
2026-01-08 01:26:00,-1,25661.204999999998,25664.51871482201,25656.23442776698,25660.779,0.12855662689187153,tp,5,0.0,0.0,25661.214999999997,NAS100
2026-01-08 04:23:00,-1,25604.167,25607.84920226584,25598.643696601244,25604.627,-0.1249252395140877,sl,2,0.0,-0.0828308653302292,25604.177,NAS100
2026-01-09 00:30:00,-1,25515.507500000003,25519.344920986485,25509.75136852028,25516.59,-0.28209049875170167,sl,3,0.0,-0.2729697897851449,25515.5175,NAS100
2026-01-09 03:39:00,1,25502.55,25494.375908140235,25514.811137789646,25494.365908140237,-1.001223377491954,sl,26,1.1437356174110276,-1.1953621475795824,25502.515,NAS100
2026-01-09 10:05:00,-1,25548.746500000005,25553.617616607153,25541.439825089285,25550.916,-0.4453804281368989,sl,8,0.0,-0.36223727377098475,25548.756500000003,NAS100
2026-01-09 13:07:00,-1,25572.5235,25578.299456715817,25563.85956492627,25571.254,0.21979042822845682,tp,5,0.0,0.0,25572.533499999998,NAS100
2026-01-09 15:12:00,-1,25516.355000000003,25590.90223273572,25404.534150896427,25582.982,-0.8937555098282665,sl,5,0.0,-0.8294204590960529,25516.365,NAS100
2026-01-12 05:12:00,1,25555.8295,25553.129003197668,25559.880245203498,25553.11900319767,-1.0037030223438013,sl,3,1.46806320843567,-1.8161473088082158,25555.7945,NAS100
2026-01-12 12:00:00,-1,25551.083000000002,25556.295735183034,25543.263897225457,25552.427,-0.2578300935701389,sl,4,0.0,-0.25111576821676446,25551.093,NAS100
2026-01-13 04:20:00,1,25715.672,25709.900754515627,25724.328868226556,25709.89075451563,-1.0017327282343957,sl,22,0.8592599315748497,-1.091965333490952,25715.637,NAS100
2026-01-13 04:50:00,-1,25717.9415,25720.80503327054,25713.646200094194,25718.84,-0.3137732008367802,sl,2,0.0,-0.07385980186564232,25717.9515,NAS100
2026-01-13 08:42:00,-1,25747.5665,25757.844595541057,25732.149356688416,25757.59,-0.9752293077992977,sl,22,0.6070677174653377,-0.9538245641751151,25747.5765,NAS100
2026-01-13 13:27:00,-1,25738.789500000003,25743.60711698112,25731.563074528327,25740.732,-0.40320764552508215,sl,3,0.0,-0.24026401528695723,25738.7995,NAS100
2026-01-13 19:50:00,-1,25695.2335,25704.262032642113,25681.690701036827,25697.211,-0.2190278396709381,sl,2,0.0,0.0,25695.243499999997,NAS100
2026-01-14 00:04:00,1,25731.1445,25720.329870765032,25747.36644385245,25747.35644385245,1.499075326598877,tp,2,1.61896442490976,-0.18008014493013003,25731.1095,NAS100
2026-01-14 07:21:00,-1,25695.0645,25699.675448860933,25688.148076708603,25692.09,0.6450949879757689,tp,1,0.0,0.0,25695.0745,NAS100
2026-01-14 14:34:00,-1,25598.425,25607.91967733088,25584.18298400368,25581.721,1.7593014926026274,sl,1,0.0,0.0,25598.434999999998,NAS100
2026-01-14 14:36:00,1,25556.8185,25521.652931356683,25609.566852964977,25521.642931356684,-1.0002843690685008,sl,5,1.013789947820826,-1.1350733555558916,25556.7835,NAS100
2026-01-14 16:45:00,1,25347.948,25328.364466165265,25377.323300752105,25328.354466165267,-1.0005106330697406,sl,2,0.2389762766768589,-1.3270842851612892,25347.913,NAS100
2026-01-14 18:31:00,1,25323.892,25304.3455985962,25353.2116021057,25304.3355985962,-1.0005116031228365,sl,2,0.40749188740447084,-1.7945502742607438,25323.857,NAS100
2026-01-14 18:47:00,-1,25320.724000000002,25334.36192008797,25300.26711986805,25304.011,1.2254801239632676,tp,3,0.7603065521076716,0.0,25320.734,NAS100
2026-01-14 20:02:00,-1,25361.0495,25371.24428513165,25345.757322302532,25316.608,4.3592385151937165,sl,1,0.0,0.0,25361.0595,NAS100
2026-01-15 14:31:00,-1,25759.4585,25786.974109760842,25718.18508535874,25728.568,1.122653659813231,tp,5,0.9382492419536083,0.0,25759.4685,NAS100
2026-01-15 15:31:00,-1,25722.335000000003,25736.352283150336,25701.309075274505,25723.428,-0.07797516738977582,sl,4,0.0,0.0,25722.345,NAS100
2026-01-19 00:04:00,1,25285.7685,25264.525829301165,25317.63250604825,25264.515829301166,-1.0004707506010038,sl,11,0.4438001291673404,-1.004275794811829,25285.7335,NAS100
2026-01-19 10:37:00,-1,25134.469,25152.13570291632,25107.968945625522,25115.481,1.074790247503544,tp,36,1.2203748544436677,0.0,25134.479,NAS100
2026-01-19 15:39:00,-1,25156.811,25175.260682096985,25129.136476854525,25170.709,-0.7532921124028339,sl,22,0.0,-0.6747541737877595,25156.821,NAS100
2026-01-20 16:50:00,-1,25251.596500000003,25286.28220738866,25199.56793891702,25201.742,1.4373211260009888,tp,4,1.0897139728614884,0.0,25251.6065,NAS100
2026-01-21 05:26:00,1,25058.047499999997,25048.348772682944,25072.595590975576,25072.585590975577,1.4989689368850676,tp,5,1.5984055941799133,-0.06243087161892274,25058.012499999997,NAS100
2026-01-21 08:55:00,-1,25075.571,25085.632484904978,25060.478772642535,25060.901,1.4580352839112418,tp,6,0.8911209512985862,0.0,25075.581,NAS100
2026-01-21 18:11:00,-1,25086.4255,25112.929408799773,25046.669636800343,25051.397,1.321635244998339,tp,14,1.0863114651319143,-0.0838178253925609,25086.4355,NAS100
2026-01-22 12:05:00,-1,25530.880500000003,25542.51602136692,25513.42721794963,25541.377,-0.9021082656289915,sl,18,0.1419360549411583,-0.7187903091112404,25530.8905,NAS100
2026-01-23 04:52:00,-1,25561.4075,25566.826157463267,25553.2795138051,25564.99,-0.6611416248926816,sl,2,0.0,-0.462014810305065,25561.4175,NAS100
2026-01-23 05:03:00,1,25558.107500000002,25553.445061492213,25565.101157761685,25565.091157761686,1.4978551995952987,tp,3,2.119170040204116,-0.08868749674910394,25558.072500000002,NAS100
2026-01-23 13:04:00,1,25495.561,25479.49459685617,25519.660604715747,25479.48459685617,-1.0006224168476836,sl,15,0.24168446199414198,-1.227032573720053,25495.526,NAS100
2026-01-26 00:58:00,1,25440.251,25434.83031689545,25448.38202465682,25448.372024656823,1.4981552140556182,tp,2,2.368151716750968,-0.6678125118513984,25440.216,NAS100
2026-01-26 06:59:00,1,25542.0415,25538.542841484872,25547.28948777269,25538.532841484874,-1.0028582383662659,sl,1,0.5446373207793372,-1.7731081707966787,25542.0065,NAS100
2026-01-26 13:25:00,1,25561.804999999997,25546.03464539116,25585.460531913253,25546.02464539116,-1.0006341011503188,sl,11,0.11692825213779334,-1.2612905983007472,25561.769999999997,NAS100
2026-01-27 03:45:00,1,25839.346,25835.70850544192,25844.802241837126,25835.69850544192,-1.0027491450059158,sl,3,0.8063242303634183,-1.137596203630778,25839.311,NAS100
2026-01-27 05:01:00,-1,25860.007500000003,25863.473521516207,25854.8084677257,25855.34,1.34664484285002,tp,4,1.1308354497165276,0.0,25860.0175,NAS100
2026-01-27 09:13:00,1,25853.910999999996,25849.200897916526,25860.9761531252,25849.190897916527,-1.0021230962346852,sl,2,1.1451981091733006,-1.1209948120921744,25853.875999999997,NAS100
2026-01-27 14:50:00,-1,25857.342,25884.997609827933,25815.8585852581,25878.184,-0.7536264840903955,sl,4,0.0,-0.6888295039785579,25857.352,NAS100
2026-01-27 16:49:00,-1,25961.638000000003,25966.884968492493,25953.76754726127,25953.802547261268,1.4933294815755491,tp,1,0.0,0.0,25961.648,NAS100
2026-01-27 19:17:00,-1,25959.939000000002,25963.263666413317,25954.952000380028,25955.987,1.1886906861313675,tp,1,0.0,0.0,25959.949,NAS100
2026-01-27 20:50:00,1,25962.3495,25950.199995250092,25980.57375712486,25950.189995250093,-1.0008230788171406,sl,2,0.6375156979184123,-1.3439642467832085,25962.3145,NAS100
2026-01-28 17:53:00,-1,26024.1505,26033.360508049103,26010.335487926342,26028.022,-0.420357938816123,sl,2,0.0,-0.24869685105455244,26024.160499999998,NAS100
2026-01-28 21:11:00,-1,26039.019500000002,26051.44473833777,26020.38164249335,26020.41664249335,1.4971831526246488,tp,1,0.0,0.0,26039.0295,NAS100
2026-01-29 01:10:00,1,26015.1945,25998.57023063158,26040.130904052632,25998.56023063158,-1.0006015301952094,sl,9,1.0908449326769922,-1.1319294450164208,26015.1595,NAS100
2026-01-30 09:31:00,-1,25598.833000000002,25614.90510636654,25574.724840450195,25588.46,0.645403891900594,tp,15,0.6475815778368149,-0.09227166409775837,25598.843,NAS100
2026-01-30 12:41:00,-1,25760.676000000003,25770.88913479981,25745.356297800292,25745.39129780029,1.4965730404341169,tp,1,0.0,0.0,25760.686,NAS100
2026-01-30 14:32:00,1,25700.0805,25691.705496286922,25712.64300556962,25714.089,1.6726559748416088,tp,1,5.248057374752849,-0.5831042190911876,25700.0455,NAS100
2026-01-30 16:07:00,1,25728.899999999998,25706.0254133891,25763.211879916344,25706.0154133891,-1.000437166370195,sl,3,0.9833620332743123,-1.001285854455014,25728.864999999998,NAS100
2026-02-02 20:01:00,-1,25761.5765,25797.661794299645,25707.44855855053,25724.364,1.0312372594495558,time,60,0.9676379444227484,-0.40738201766981696,25761.586499999998,NAS100
2026-02-03 04:27:00,-1,25849.158,25854.382354436962,25841.321468344555,25851.377,-0.4247414731858973,sl,4,0.0,-0.4180420808643839,25849.167999999998,NAS100
2026-02-04 00:06:00,-1,25313.49,25331.957949864653,25285.788075203025,25301.943,0.6252453620801779,tp,43,0.7531426120354655,-0.613495276034106,25313.5,NAS100
2026-02-05 08:00:00,-1,24967.9745,24986.27343419769,24940.526098703464,24984.699,-0.9139603333898838,sl,3,0.0,0.0,24967.9845,NAS100
2026-02-05 12:08:00,1,24927.106,24899.794525054855,24968.073212417716,24899.784525054856,-1.0003661464647546,sl,11,0.7666374680260108,-1.1974087838787544,24927.071,NAS100
2026-02-05 14:09:00,1,24697.536,24633.170185721134,24794.0847214183,24633.160185721135,-1.000155361974527,sl,13,0.18048400583681676,-1.086725939595032,24697.501,NAS100
2026-02-05 15:00:00,1,24656.6445,24593.047733613996,24752.039649579005,24593.037733613997,-1.0001572406989643,sl,2,0.7090533459878458,-1.0233146069879948,24656.6095,NAS100
2026-02-05 20:55:00,-1,24532.030500000004,24567.52637873226,24478.786681901624,24539.846,-0.22018049078174506,sl,6,0.0,-0.37293061822321255,24532.040500000003,NAS100
2026-02-06 06:28:00,-1,24497.566500000004,24520.677384969407,24462.900172545902,24505.34,-0.3363566566268342,sl,3,0.0,-0.3075823366091765,24497.576500000003,NAS100
2026-02-06 06:32:00,1,24502.878,24487.965669429108,24525.24649585634,24487.95566942911,-1.0006705859926361,sl,4,0.32865419504341387,-1.5144514060116512,24502.843,NAS100
2026-02-06 08:45:00,1,24459.2135,24435.756338090312,24494.399242864536,24494.389242864538,1.499573690967522,tp,8,1.6121089220250586,-0.6252461425840528,24459.1785,NAS100
2026-02-06 11:27:00,-1,24724.007,24742.746958416425,24695.897062375367,24739.993,-0.8530435150799194,sl,8,0.0,-0.4567245993724617,24724.017,NAS100
2026-02-06 16:03:00,-1,24847.931500000002,24872.405112277997,24811.22108158301,24868.222999999998,-0.8291174906877639,sl,3,0.0,-0.4579013458537595,24847.9415,NAS100
2026-02-06 19:50:00,1,25003.969,24997.378554479306,25013.85466828104,24997.368554479308,-1.0015173481014292,sl,6,1.0666957154753747,-1.772414317563363,25003.934,NAS100
2026-02-06 20:11:00,1,25001.854499999998,24980.810277287423,25033.42083406886,25033.41083406886,1.499524810199218,tp,10,1.6966414244736256,-0.003682720956621873,25001.819499999998,NAS100
2026-02-09 02:57:00,1,25145.558,25125.375564525493,25175.83165321176,25125.365564525495,-1.0004954803403698,sl,34,0.4899805086700248,-1.3325448276036815,25145.523,NAS100
2026-02-09 04:00:00,-1,25121.751500000002,25131.688807886603,25106.8455381701,25106.8805381701,1.4964779193321334,tp,1,0.0,0.0,25121.7615,NAS100
2026-02-09 04:56:00,-1,25105.1485,25117.674945497034,25086.35883175445,25109.427,-0.3415573876095305,sl,20,0.7224315949918271,-0.4324850175001359,25105.158499999998,NAS100
2026-02-09 05:39:00,1,25124.547,25114.143276337523,25140.152585493714,25114.133276337525,-1.000961194311078,sl,3,0.6119924179615408,-1.11710002851365,25124.512,NAS100
2026-02-09 12:47:00,-1,25004.176000000003,25012.414072598734,24991.818891101906,25002.314,0.22602374253066987,tp,10,0.23027230911956403,-0.011653211215025395,25004.186,NAS100
2026-02-10 00:03:00,-1,25272.09,25280.06362496305,25260.129562555423,25265.405,0.838389067830329,tp,6,0.8154384022486271,0.0,25272.1,NAS100
2026-02-10 08:05:00,-1,25256.143,25272.434246814057,25231.706129778915,25267.623,-0.7046728915858192,sl,8,0.0,-0.6682115938852382,25256.153,NAS100
2026-02-10 10:34:00,-1,25271.4415,25282.58181779947,25254.731023300796,25276.557,-0.4591879775856804,sl,17,0.3254395489664362,-0.45604623597382776,25271.4515,NAS100
2026-02-10 13:36:00,1,25248.493,25223.844321333396,25285.466017999905,25285.456017999906,1.4995942987398294,tp,21,1.5045025537311558,-0.18228157625691593,25248.458,NAS100
2026-02-10 14:30:00,-1,25306.572500000002,25313.32830174752,25296.438797378727,25296.473797378727,1.4948192677482401,tp,1,0.0,0.0,25306.5825,NAS100
2026-02-11 05:28:00,1,25224.4215,25219.43290476355,25231.904392854674,25219.422904763553,-1.0020045723343787,sl,3,1.1555357223377505,-1.4331689906933094,25224.3865,NAS100
2026-02-11 07:10:00,1,25187.71,25182.932376859986,25194.87643471002,25182.922376859988,-1.0020930910005539,sl,2,1.023312190334437,-2.1504416943127946,25187.675,NAS100
2026-02-11 14:32:00,1,25349.998,25315.966598060542,25401.045102909186,25315.956598060544,-1.0002938462545912,sl,2,0.7052897803828525,-1.0165611179212228,25349.963,NAS100
2026-02-12 00:04:00,1,25153.086,25142.542401944545,25168.90139708318,25168.89139708318,1.4990515571680745,tp,2,1.5519370061282889,-0.23739524086901986,25153.051,NAS100
2026-02-12 06:13:00,-1,25255.959000000003,25261.870576716727,25247.091634924916,25259.032,-0.5198274753507035,sl,2,0.0,0.0,25255.969,NAS100
2026-02-12 06:30:00,-1,25249.975000000002,25264.494789854507,25228.195315218247,25239.618,0.7133023345231363,tp,2,0.6905058613428267,0.0,25249.985,NAS100
2026-02-12 17:05:00,1,24783.501,24757.35082808409,24822.726257873866,24822.716257873868,1.499617593336337,tp,3,1.551500316344627,-0.5613347417830733,24783.466,NAS100
2026-02-12 17:53:00,1,24777.4445,24753.856963558075,24812.82580466289,24753.846963558077,-1.0004239527100687,sl,5,0.9044395141697497,-1.117051798303375,24777.4095,NAS100
2026-02-13 02:00:00,-1,24725.566500000004,24745.11777926591,24696.239581101145,24744.405,-0.9635430880906577,sl,4,0.0,-0.7077030516423577,24725.576500000003,NAS100
2026-02-13 05:05:00,1,24689.6825,24673.441054588246,24714.04466811763,24673.431054588247,-1.000615708746659,sl,11,0.4215449934674579,-1.554449087501008,24689.6475,NAS100
2026-02-13 10:22:00,-1,24725.8925,24735.26481294575,24711.834030581384,24719.416,0.6910247275662967,tp,7,0.6761938100751885,0.0,24725.9025,NAS100
2026-02-13 12:58:00,1,24630.873,24620.14943172184,24646.95835241724,24620.13943172184,-1.0009325254186858,sl,1,1.7742228618759968,-3.4827959342655124,24630.838,NAS100
2026-02-13 12:59:00,-1,24621.702,24655.942442990185,24570.341335514728,24573.743,1.400653607599413,tp,12,1.0366104203201545,-0.40936970365770087,24621.712,NAS100
2026-02-13 14:33:00,1,24681.9385,24631.482423872352,24757.622614191474,24631.472423872354,-1.0001981921854783,sl,3,0.8810336318570922,-1.3158871060846704,24681.9035,NAS100
2026-02-15 23:36:00,-1,24749.447000000004,24761.560716044023,24731.276425933975,24734.362,1.2452826156058299,tp,3,1.128885632642375,0.0,24749.457000000002,NAS100
2026-02-16 00:00:00,1,24746.804500000002,24731.50119058897,24769.75946411655,24769.74946411655,1.4993465465716187,tp,1,1.537085826876205,-0.037475554116993555,24746.769500000002,NAS100
2026-02-16 01:45:00,1,24766.704,24762.0916175155,24773.622573726752,24773.612573726754,1.4978319230823074,tp,4,1.5655683422312314,-0.5337805371249785,24766.669,NAS100
2026-02-16 04:40:00,1,24760.742000000002,24752.958977558614,24772.416533662086,24752.948977558615,-1.001284847894723,sl,23,0.696644528630127,-1.116147366324715,24760.707000000002,NAS100
2026-02-16 12:48:00,-1,24794.822000000004,24799.57180090044,24787.69729864935,24798.438,-0.76129506810726,sl,5,0.0,-0.6187627779775168,24794.832000000002,NAS100
2026-02-17 05:57:00,-1,24522.387000000002,24539.976387282426,24496.002919076367,24531.362,-0.510250860697515,sl,12,0.5243502716673927,-0.5082610244719616,24522.397,NAS100
2026-02-17 13:50:00,-1,24522.458000000002,24541.259761721827,24494.255357417263,24510.155,0.6543535750547477,sl,1,0.0,0.0,24522.468,NAS100
2026-02-17 14:47:00,1,24575.8125,24565.59954991392,24591.13192512912,24565.589549913922,-1.0009791490131759,sl,1,3.6444415850747105,-2.351769057672844,24575.7775,NAS100
2026-02-17 16:36:00,-1,24697.744000000002,24724.4607519087,24657.668872136957,24665.763,1.1970392250261401,tp,11,1.1279439994422105,0.0,24697.754,NAS100
2026-02-17 19:31:00,-1,24777.761000000002,24796.12552726996,24750.214209095066,24785.793999999998,-0.4374193727892395,sl,4,0.0,-0.3299839909253275,24777.771,NAS100
2026-02-17 19:51:00,1,24778.4365,24757.700508320107,24809.540487519836,24757.69050832011,-1.0004822532798416,sl,2,0.4542584770196476,-1.2601037077641604,24778.4015,NAS100
2026-02-18 01:52:00,1,24653.954999999998,24644.772591899313,24667.728612151026,24667.718612151028,1.4989109610584992,tp,6,2.4732074365446604,-0.2388262399092934,24653.92,NAS100
2026-02-18 10:52:00,-1,24860.638000000003,24866.981690451168,24851.122464323256,24851.424,1.4524668362894018,tp,1,0.0,0.0,24860.648,NAS100
2026-02-18 15:41:00,1,24996.2225,24960.82579079125,25049.31756381313,25032.659000000003,1.0293753519605415,time,60,1.4508834619943822,-0.4452815064543819,24996.1875,NAS100
2026-02-19 04:40:00,1,24909.734500000002,24904.848008066296,24917.064237900562,24904.838008066297,-1.0020464578953707,sl,4,0.7765284485219807,-1.233297850843331,24909.699500000002,NAS100
2026-02-19 12:24:00,-1,24802.632,24815.060814947763,24783.988777578357,24807.557,-0.3962566037630375,sl,2,0.0,-0.3812109215489503,24802.642,NAS100
2026-02-19 15:50:00,1,24817.924499999997,24781.151191316898,24873.084463024647,24873.074463024648,1.4997280636321149,tp,29,1.8162494045769177,-0.8380399018639492,24817.889499999997,NAS100
2026-02-20 03:01:00,1,24840.6695,24835.050715344296,24849.097676983554,24849.087676983556,1.4982202556935393,tp,3,1.6657516835953283,-0.14033283856114318,24840.6345,NAS100
2026-02-20 07:25:00,1,24890.0825,24880.324862698802,24904.718955951797,24880.314862698804,-1.0010248382564058,sl,6,0.32461751776843356,-1.2515837208359948,24890.0475,NAS100
2026-02-20 18:35:00,1,24934.14,24864.58582604057,25038.471260939143,25038.461260939144,1.4998562271761569,tp,11,1.6558028575995645,-0.4166967753352307,24934.105,NAS100
2026-02-23 04:15:00,1,24777.7135,24771.53382184219,24786.983017236722,24771.52382184219,-1.0016182072501232,sl,9,1.2338021180535497,-1.427501525924899,24777.6785,NAS100
2026-02-23 08:11:00,-1,24840.887000000002,24857.466064116914,24816.018403824637,24850.84,-0.6003354549938164,sl,38,0.8631367789575287,-0.46317451611538724,24840.897,NAS100
2026-02-23 13:36:00,-1,24871.820000000003,24886.376558859953,24849.98516171008,24879.004,-0.49352323369250567,sl,5,0.0,-0.4780662838620588,24871.83,NAS100
2026-02-23 15:07:00,-1,24834.295000000002,24899.879370110873,24735.918444833696,24767.725,1.0150284265514113,tp,46,1.0130614944945397,-0.13373613233106413,24834.305,NAS100
2026-02-24 00:48:00,-1,24758.5835,24765.7546559169,24747.826766124654,24757.927,0.0915473052892345,sl,2,0.0,0.0,24758.5935,NAS100
2026-02-24 01:26:00,1,24760.6445,24742.019570670196,24788.581893994702,24788.571893994704,1.499463085211153,tp,53,1.540596449624523,-0.7226067686851079,24760.6095,NAS100
2026-02-24 04:31:00,1,24820.6985,24814.799111502158,24829.54758274676,24829.53758274676,1.4983049090592933,tp,34,2.3672792536232166,-0.9584891725755035,24820.6635,NAS100
2026-02-25 02:17:00,-1,25043.444,25053.40737537688,25028.49893693468,25048.212,-0.4785526811590827,sl,5,0.0,-0.05279335366830324,25043.453999999998,NAS100
2026-02-25 02:54:00,-1,25054.780500000004,25064.12413876613,25040.76504185082,25047.843,0.742483755381894,tp,12,0.6276462678828537,0.0,25054.790500000003,NAS100
2026-02-25 06:31:00,-1,24997.134500000004,25007.998952277125,24980.837821584322,24988.885,0.7593111727664009,time,60,0.7894093306538549,-0.5232201177749655,24997.144500000002,NAS100
2026-02-26 18:56:00,-1,24961.8735,24970.695065888023,24948.64115116797,24948.67615116797,1.4960324504238665,tp,1,0.0,0.0,24961.8835,NAS100
2026-02-26 19:58:00,1,25022.181999999997,25007.820367721364,25043.724448417946,25007.810367721366,-1.0006962996826814,sl,3,1.208219209582377,-1.0165975368774962,25022.146999999997,NAS100
2026-02-27 00:27:00,1,24953.200500000003,24939.036149098418,24974.44702635238,24939.02614909842,-1.0007059977592958,sl,7,0.5329224086895893,-1.0399699994973506,24953.165500000003,NAS100
2026-02-27 01:13:00,-1,24950.423000000003,24958.77961997113,24937.88807004331,24951.784,-0.16286489091276604,sl,2,0.0,-0.14742802762994195,24950.433,NAS100
2026-02-27 01:23:00,1,24949.668,24934.377647801528,24972.60352829771,24934.36764780153,-1.0006540071718817,sl,8,1.0190085746719275,-1.0408524142164415,24949.633,NAS100
2026-02-27 14:53:00,1,24842.862,24770.798670847907,24950.95699372814,24950.946993728143,1.4998612331664931,tp,20,1.5023868765693096,-0.4526574109719018,24842.827,NAS100
2026-02-27 19:09:00,1,24872.462499999998,24847.680373930023,24909.635689104958,24847.670373930025,-1.000403516630097,sl,34,0.30342433005021874,-1.0168820838390913,24872.427499999998,NAS100
2026-03-02 07:34:00,1,24512.727000000003,24493.955352499175,24540.884471251244,24493.945352499177,-1.0005327182921988,sl,26,1.4897467043723207,-1.1049110100265636,24512.692000000003,NAS100
2026-03-02 23:46:00,1,24915.8945,24909.409820529727,24925.621519205408,24925.61151920541,1.498457903734113,tp,2,1.5719358291697019,-0.4647107098835605,24915.8595,NAS100
2026-03-03 08:20:00,-1,24619.572000000004,24660.52364753157,24558.144528702658,24566.438,1.297481376275534,tp,13,1.2983360427446393,0.0,24619.582000000002,NAS100
2026-03-03 09:19:00,1,24486.947,24466.455114905828,24517.684827641257,24517.674827641258,1.4995120019483683,tp,6,1.5255307091727315,-0.15752577106325805,24486.912,NAS100
2026-03-03 09:39:00,1,24491.786,24465.378261174374,24531.39760823844,24465.368261174375,-1.0003786768743976,sl,6,0.4967104562269243,-1.1740119138831708,24491.751,NAS100
2026-03-03 14:15:00,-1,24449.399500000003,24471.31817488724,24416.521487669146,24466.688,-0.7887566236981421,sl,5,0.0,-0.3066106885826739,24449.4095,NAS100
2026-03-03 17:44:00,-1,24653.6425,24677.00871956786,24618.593170648215,24643.901,0.4169052666696613,tp,10,0.6303758276868301,0.0,24653.6525,NAS100
2026-03-03 18:14:00,-1,24641.0785,24668.508222711145,24599.93391593328,24660.293999999998,-0.700535699990527,sl,6,0.0,-0.444353744598651,24641.088499999998,NAS100
2026-03-04 02:12:00,-1,24630.2355,24670.537111265152,24569.78308310227,24575.807,1.3505291300117324,tp,23,1.261401179856886,0.0,24630.245499999997,NAS100
2026-03-04 05:17:00,-1,24557.219,24576.24703599467,24528.676946007996,24551.057,0.3238379411162717,tp,5,0.45038804858264136,0.0,24557.229,NAS100
2026-03-04 05:32:00,-1,24531.2245,24557.434351926127,24491.90972211081,24552.318,-0.8047927954515489,sl,10,0.7367649406958312,-0.6139485276510815,24531.2345,NAS100
2026-03-04 08:23:00,-1,24622.4745,24655.60437141854,24572.77969287219,24637.101,-0.44148979074556455,sl,51,0.8404348947885669,-0.4158030022504385,24622.4845,NAS100
2026-03-04 14:30:00,-1,24860.583000000002,24877.98465577226,24834.480516341617,24817.754,2.4612025752332434,sl,1,0.0,0.0,24860.593,NAS100
2026-03-05 07:58:00,-1,25023.632,25034.44445542479,25007.413316862818,25024.405,-0.07149162420825168,sl,2,0.0,0.0,25023.642,NAS100
2026-03-05 08:01:00,1,25021.4575,25017.051496645305,25028.066505032046,25017.041496645306,-1.002269630591121,sl,1,4.0407368235487215,-1.295391660089784,25021.4225,NAS100
2026-03-05 19:29:00,-1,24808.561,24837.153515988048,24765.67222601793,24782.674,0.905376777994113,tp,4,0.870332642653966,0.0,24808.571,NAS100
2026-03-06 07:01:00,1,25082.187,25072.39067945456,25096.881480818167,25072.38067945456,-1.0010207914238831,sl,8,0.8302096651768794,-1.3255997432669704,25082.152000000002,NAS100
2026-03-06 07:56:00,-1,25101.1045,25106.771417876775,25092.604123184843,25093.855,1.2792668179849185,tp,1,0.0,0.0,25101.1145,NAS100
2026-03-06 17:28:00,-1,24794.7635,24838.245055339947,24729.541166990082,24737.215,1.3235152135216275,tp,15,1.2880519006767746,0.0,24794.7735,NAS100
2026-03-09 01:38:00,1,24053.1775,24032.55717719374,24084.107984209397,24032.54717719374,-1.0004849584602702,sl,4,0.6292578502241608,-1.0737707749792018,24053.1425,NAS100
2026-03-09 08:08:00,-1,24258.579,24273.380268143934,24236.377097784105,24242.666,1.075110581421631,tp,4,0.8872212753867894,0.0,24258.589,NAS100
2026-03-09 13:37:00,1,24398.361500000003,24369.675341750615,24441.390737374084,24369.665341750617,-1.0003486001824107,sl,3,0.7653342705959918,-1.0890792600529131,24398.326500000003,NAS100
2026-03-10 16:52:00,-1,25120.853,25136.773686762688,25096.971969855964,25113.952,0.4334612006921015,sl,1,0.0,0.0,25120.862999999998,NAS100
2026-03-11 07:07:00,-1,25009.101000000002,25015.476113938646,24999.538329092036,24999.573329092036,1.4945099020446215,tp,1,0.0,0.0,25009.111,NAS100
2026-03-11 08:15:00,1,24995.002,24980.502064043034,25016.751903935452,24980.492064043035,-1.0006896582183589,sl,7,0.5948302134297434,-1.4231786996330844,24994.967,NAS100
2026-03-12 00:05:00,1,24739.444,24712.89400613146,24779.268990802808,24779.25899080281,1.4996233520788023,tp,35,1.6049344572728443,-0.7200378310690146,24739.409,NAS100
2026-03-12 10:31:00,1,24883.236999999997,24862.392240998284,24914.50413850257,24862.382240998286,-1.000479736896818,sl,23,0.3682940157462311,-1.2315325880183463,24883.201999999997,NAS100
2026-03-12 11:51:00,1,24850.399999999998,24837.397281541394,24869.904077687905,24837.387281541396,-1.0007690699471987,sl,6,1.1730623906501918,-1.0229399369328631,24850.364999999998,NAS100
2026-03-12 13:32:00,-1,24746.6895,24793.751761307147,24676.09610803928,24773.934,-0.5789033345038952,sl,3,0.0,-0.5599922160136269,24746.6995,NAS100
2026-03-12 18:08:00,-1,24648.0675,24673.899745868144,24609.319131197786,24616.054,1.2392844262712963,tp,13,1.2406393220158827,0.0,24648.0775,NAS100
2026-03-12 19:31:00,1,24601.273,24579.56716062971,24633.831759055436,24579.557160629713,-1.0004607055192756,sl,10,0.8743730051728356,-1.9558331412932615,24601.238,NAS100
2026-03-13 06:01:00,1,24561.849,24550.620441971987,24578.691837042017,24550.61044197199,-1.0008905863044437,sl,3,0.48358836339041417,-1.0552557123042188,24561.814,NAS100
2026-03-13 06:13:00,1,24561.992000000002,24547.18624174278,24584.200637385835,24547.17624174278,-1.0006754128917053,sl,13,0.9065391833918218,-1.8017314302015701,24561.957000000002,NAS100
2026-03-13 08:31:00,1,24410.0085,24393.775294181713,24434.35830872743,24434.348308727433,1.4993839787340628,tp,6,1.7953631787977464,-0.16450847909485286,24409.9735,NAS100
2026-03-13 11:50:00,1,24623.441,24606.913583466,24648.232124800998,24648.222124801,1.499394944758849,tp,7,1.5116700150085032,-0.1219791366577219,24623.406,NAS100
2026-03-16 09:02:00,1,24504.1335,24483.237525960678,24535.47746105898,24483.22752596068,-1.000478561084522,sl,5,0.5726222657762572,-1.1813998214940715,24504.0985,NAS100
2026-03-16 09:54:00,1,24475.9165,24462.390933272538,24496.20485009119,24496.194850091193,1.4992606594459295,tp,9,1.528327826591572,-0.2895627280480277,24475.8815,NAS100
2026-03-16 13:32:00,1,24653.731,24632.484842857684,24685.60023571347,24685.590235713473,1.4995293266479564,tp,2,1.7899707577826078,-0.06250542115008605,24653.696,NAS100
2026-03-16 22:32:00,1,24623.143500000002,24616.111539757603,24633.6914403636,24616.101539757605,-1.0014220785746348,sl,5,1.251500249807368,-1.1394404581086566,24623.108500000002,NAS100
2026-03-17 07:03:00,-1,24536.511000000002,24547.61745607282,24519.851315890774,24541.36,-0.43659291210499784,sl,4,0.0,-0.14279982647937126,24536.521,NAS100
2026-03-17 08:00:00,-1,24574.7245,24583.46756227964,24561.609906580543,24561.644906580543,1.4959968259540635,tp,1,0.0,0.0,24574.7345,NAS100
2026-03-17 14:38:00,1,24826.984,24804.412650318674,24860.84102452199,24804.402650318676,-1.0004430395230939,sl,31,1.397302352109407,-1.4801507429411742,24826.949,NAS100
2026-03-17 19:50:00,1,24773.378999999997,24765.462799476183,24785.25330078572,24765.452799476185,-1.00126323227517,sl,1,1.599883676759427,-1.1031807460820813,24773.343999999997,NAS100
2026-03-18 09:10:00,1,24943.481,24935.119240236887,24956.02363964467,24935.10924023689,-1.001195920509761,sl,3,0.40661297338393704,-1.0714251848660867,24943.446,NAS100
2026-03-18 14:10:00,1,24715.709,24683.626983198923,24763.832025201613,24683.616983198925,-1.000311701102222,sl,4,0.793591006384265,-1.4030601716563338,24715.674,NAS100
2026-03-18 16:13:00,-1,24680.235500000003,24691.701878005202,24663.035932992203,24663.9,1.424643422063479,tp,1,0.0,0.0,24680.2455,NAS100
2026-03-18 16:16:00,1,24658.9715,24646.865235057725,24677.13089741341,24677.120897413413,1.4991739814016891,tp,5,2.0801213355295434,-0.6473920765299904,24658.9365,NAS100
2026-03-19 07:16:00,-1,24378.745,24393.054898870367,24357.280151694446,24383.199,-0.31125307315935463,sl,3,0.0,-0.17134991813803918,24378.754999999997,NAS100
2026-03-19 13:18:00,-1,24257.989,24282.012957404717,24221.95306389293,24256.449,0.06410267775860269,sl,3,0.0,0.0,24257.999,NAS100
2026-03-19 23:49:00,1,24394.6445,24388.51400337555,24403.840244936673,24388.50400337555,-1.0016311892185892,sl,3,1.107822157982608,-1.1014605200283896,24394.6095,NAS100
2026-03-20 03:39:00,1,24391.1445,24388.502054183726,24395.108168724408,24388.492054183727,-1.0037843727719284,sl,1,2.0600233187295087,-2.0165030318447585,24391.1095,NAS100
2026-03-20 09:12:00,1,24348.379,24326.848252970834,24380.67512054375,24326.838252970836,-1.0004644520687023,sl,3,0.47699227463349503,-1.097453793312051,24348.344,NAS100
2026-03-20 13:20:00,-1,24268.8055,24293.37603976412,24231.949690353817,24288.254,-0.7915373527284709,sl,6,0.0,-0.7901128825973359,24268.815499999997,NAS100
2026-03-20 14:32:00,1,24071.335000000003,24037.470188239018,24122.13221764148,24037.46018823902,-1.000295291763881,sl,21,1.2368000240371173,-1.0594182614455776,24071.300000000003,NAS100
2026-03-23 02:16:00,-1,23832.638000000003,23847.211090014607,23810.778364978098,23814.416,1.2503868418942212,tp,1,0.0,0.0,23832.648,NAS100
2026-03-23 09:21:00,1,23731.549499999997,23711.389838753592,23761.788991869606,23711.379838753594,-1.0004960400810397,sl,5,1.3304042995654917,-1.3234101344215512,23731.514499999997,NAS100
2026-03-23 18:08:00,-1,24229.771,24265.577431773352,24176.061352339973,24250.143,-0.5689480629890912,sl,26,0.0013963971700884277,-0.5397633621338671,24229.781,NAS100
2026-03-23 19:39:00,1,24262.0385,24249.379451778295,24281.027072332552,24281.017072332554,1.4992100511961812,tp,7,1.7144653863305352,-0.3534625922609977,24262.0035,NAS100
2026-03-24 03:39:00,-1,24047.8265,24058.7337802531,24031.465579620348,24052.745,-0.4509373451371117,sl,18,0.2509791567170019,-0.4477284792064959,24047.836499999998,NAS100
2026-03-24 10:02:00,1,24168.823500000002,24148.347380936117,24199.53767859583,24199.52767859583,1.4995116262037245,tp,5,1.5528577412932378,-0.4402933960226031,24168.788500000002,NAS100
2026-03-24 11:51:00,1,24165.1875,24148.986502234693,24189.48899664796,24148.976502234695,-1.000617245934063,sl,2,1.2645826076139262,-2.4577189983487777,24165.1525,NAS100
2026-03-24 12:55:00,1,24074.672000000002,24049.89806226557,24111.832906601652,24049.88806226557,-1.0004036500012874,sl,13,0.39803926633315756,-1.8075447060546532,24074.637000000002,NAS100
2026-03-25 04:57:00,-1,24203.248500000005,24210.43522372197,24192.46841441706,24195.378,1.0951443668206997,tp,9,0.7877720389756643,0.0,24203.258500000004,NAS100
2026-03-25 05:50:00,-1,24202.782000000003,24214.343948130998,24185.43907780351,24187.555,1.3169925887474272,tp,2,0.2925977492437075,0.0,24202.792,NAS100
2026-03-25 13:32:00,1,24238.3725,24212.853158453527,24276.651512319713,24276.641512319715,1.4996081403597272,tp,5,2.6939370623963006,-0.6146514388482128,24238.3375,NAS100
2026-03-25 17:14:00,-1,24208.888000000003,24231.05902083664,24175.631468745043,24187.61,0.959721257617481,tp,3,0.7122360362363569,0.0,24208.898,NAS100
2026-03-26 07:33:00,1,24025.672000000002,24013.219090356688,24044.351364464972,24044.341364464974,1.4991969748206126,tp,3,1.715342085651873,-0.039830048896975105,24025.637000000002,NAS100
2026-03-27 13:45:00,-1,23432.349000000002,23468.230049571186,23378.527425643224,23421.335,0.30695869077498045,tp,6,0.013154576179974186,-0.03896207097353518,23432.359,NAS100
2026-03-27 19:40:00,1,23137.8555,23130.369505887415,23149.084491168884,23130.359505887416,-1.0013358279271933,sl,1,1.2500009830711178,-1.0863620619639218,23137.8205,NAS100
2026-03-30 02:33:00,1,23027.1875,23012.793160689896,23048.779008965153,23048.769008965155,1.499305282459668,tp,10,1.9178719776755857,-0.842866055789291,23027.1525,NAS100
2026-03-30 05:53:00,1,23165.655499999997,23146.381168160697,23194.56699775895,23194.55699775895,1.4994811752708237,tp,34,1.9167201388882025,-0.479471873632112,23165.620499999997,NAS100
2026-03-30 13:31:00,-1,23313.174000000003,23340.90784260963,23271.57323608556,23304.754,0.3036001941209071,sl,1,0.0,0.0,23313.184,NAS100
2026-03-30 13:32:00,1,23329.715,23318.45215739037,23346.609263914448,23353.262000000002,2.090680018902819,tp,1,2.345411448563882,-0.8172004456611414,23329.68,NAS100
2026-03-31 00:11:00,1,22856.024999999998,22840.643129532862,22879.0978057007,22840.633129532864,-1.000650115993355,sl,2,1.0322541744142808,-1.726383020630225,22855.989999999998,NAS100
2026-03-31 09:19:00,-1,23151.9205,23166.38677626106,23130.22108560841,23161.46,-0.6594302381516658,sl,6,0.11347080412255311,-0.344421737154975,23151.9305,NAS100
2026-03-31 23:09:00,1,23771.460499999997,23763.21910059637,23783.822599105442,23783.812599105444,1.4987866138374295,tp,9,2.1517583521305745,-0.6073604438818614,23771.425499999998,NAS100
2026-04-01 01:03:00,-1,23840.5985,23853.668037301788,23820.994194047318,23826.773,1.0578415808268637,tp,3,0.8638025768865232,0.0,23840.6085,NAS100
2026-04-01 03:48:00,-1,23803.178000000004,23808.81129932064,23794.728051019047,23807.49,-0.765448408573079,sl,14,0.07810698046708882,-0.39071241819759406,23803.188000000002,NAS100
2026-04-01 23:51:00,-1,24009.460000000003,24022.41451079435,23990.02823380848,23999.625,0.7591950137008087,tp,1,0.0,0.0,24009.47,NAS100
2026-04-02 00:17:00,1,24000.427,23982.79669672973,24026.872454905406,23982.78669672973,-1.0005672052173522,sl,15,0.5230766515260242,-1.1924922491522352,24000.392,NAS100
2026-04-02 00:34:00,1,23997.9115,23977.80651923943,24028.06897114085,24028.05897114085,1.499502610814828,tp,8,1.8280296030965286,-0.5459095002728761,23997.8765,NAS100
2026-04-02 03:15:00,-1,23705.5835,23720.489086288,23683.225120568004,23691.797,0.9249216859791115,tp,23,0.8134869548717865,-0.5311766908742727,23705.5935,NAS100
2026-04-02 05:31:00,1,23628.170000000002,23617.92838403253,23643.532423951212,23647.241,1.8621084856696697,tp,1,2.026535662527885,-0.2881381228678598,23628.135000000002,NAS100
2026-04-02 10:07:00,-1,23647.181,23666.603728635422,23618.046907046868,23627.46,1.0153568208761226,tp,8,1.005986355818562,0.0,23647.191,NAS100
2026-04-06 13:36:00,1,24124.1125,24089.106678464286,24176.62123230357,24089.096678464288,-1.000285666770831,sl,1,0.8072228778053766,-1.2378941015794096,24124.0775,NAS100
2026-04-06 19:55:00,1,24168.238,24155.10115636688,24187.943265449685,24187.933265449687,1.4992387821400746,tp,5,2.2003763466529875,-0.3138501237545725,24168.203,NAS100
2026-04-07 04:24:00,-1,24051.489,24061.22648768139,24036.882768477917,24055.732,-0.43573867704176,sl,2,0.0,-0.2065214422650637,24051.499,NAS100
2026-04-07 13:32:00,-1,24058.418,24090.44842101241,24010.37236848139,24073.232,-0.4624978233742081,sl,6,0.1409597456822044,-0.44407783445893345,24058.428,NAS100
2026-04-08 00:38:00,-1,24879.551000000003,24901.336039087073,24846.873441369396,24887.204999999998,-0.35134203658775554,sl,9,0.016479199260059817,-0.3153081329136613,24879.561,NAS100
2026-04-08 18:18:00,1,24925.204999999998,24901.218413186714,24961.184880219924,24901.208413186716,-1.0004168996646434,sl,1,0.7699303007868198,-1.3540901109786954,24925.17,NAS100
2026-04-09 10:35:00,1,24837.7435,24832.338803138085,24845.850545292873,24832.328803138087,-1.0018502425305045,sl,5,0.4132516692540423,-1.1131984186565032,24837.7085,NAS100
2026-04-09 12:32:00,-1,24855.4555,24875.306622984775,24825.678815522835,24864.834,-0.4724417861494091,sl,11,0.0,-0.22993661383797248,24855.4655,NAS100
2026-04-09 13:39:00,-1,24897.662,24921.29544295291,24862.211835570637,24913.86,-0.6853846911884951,sl,5,0.2897588816681034,-0.5850184430406584,24897.672,NAS100
2026-04-10 08:47:00,1,25062.1035,25057.14908544351,25069.535121834735,25057.139085443512,-1.0020184019492875,sl,1,0.23928155112626395,-1.5544722614932414,25062.0685,NAS100
2026-04-10 13:39:00,1,25138.1765,25131.54073905318,25148.13014142023,25163.392,3.7999409867344527,tp,1,4.030811268572,-0.20517616757349905,25138.1415,NAS100
2026-04-10 15:06:00,1,25165.7365,25143.99693569257,25198.345846461147,25198.33584646115,1.4995400091807194,tp,7,1.65838190177891,-0.10434891738943183,25165.7015,NAS100
2026-04-13 04:54:00,-1,24907.103,24912.469937216003,24899.05259417599,24905.754,0.2513537881486129,sl,1,0.0,0.0,24907.112999999998,NAS100
2026-04-13 09:01:00,1,24945.166,24932.41532991767,24964.292005123498,24964.2820051235,1.4992157274923084,tp,27,1.5197632653715383,-0.2849262020382445,24945.5285,NAS100
2026-04-13 16:07:00,1,25151.700999999997,25122.21957919263,25195.923131211046,25195.913131211048,1.499660803322074,tp,19,1.7288176283305274,-0.34899946197390774,25151.665999999997,NAS100
2026-04-14 01:25:00,-1,25425.3385,25431.027434781703,25416.805097827448,25422.873,0.43338517571556845,tp,6,0.4376038916830019,0.0,25425.3485,NAS100
2026-04-14 04:40:00,1,25423.731,25420.128611781925,25429.13458232711,25429.124582327113,1.4972240637618606,tp,8,2.128587907746496,-0.012491713073142511,25423.696,NAS100
2026-04-14 05:29:00,-1,25432.958000000002,25435.7593962928,25428.755905560807,25428.790905560807,1.4875062303424713,tp,1,0.0,0.0,25432.968,NAS100
2026-04-14 08:11:00,-1,25472.805500000002,25482.65890864275,25458.025387035883,25459.579,1.3423273589426965,tp,1,0.0,0.0,25472.8155,NAS100
2026-04-14 13:30:00,-1,25511.664500000003,25518.926149090865,25500.77202636371,25495.112,2.2794409083786067,sl,1,0.0,0.0,25511.6745,NAS100
2026-04-14 23:03:00,1,25834.6835,25831.37941450125,25839.639628248122,25839.629628248123,1.4969734439371538,tp,4,1.7855167495617694,-0.1817446916031458,25834.6485,NAS100
2026-04-15 13:47:00,-1,25870.4235,25888.812712883297,25842.839680675057,25874.373,-0.21477265095921552,sl,4,0.0,-0.15142029284610015,25870.4335,NAS100
2026-04-16 13:30:00,1,26250.4435,26241.280397049224,26264.188154426167,26241.270397049226,-1.001091333367323,sl,1,4.320534235254962,-2.50390071171856,26250.4085,NAS100
2026-04-16 15:30:00,-1,26316.2115,26343.935261103197,26274.625858345207,26333.185,-0.6122365553800471,sl,7,0.01055051653744931,-0.47322222807945913,26316.2215,NAS100
2026-04-16 23:04:00,1,26322.452500000003,26318.39008536239,26328.546121956424,26318.38008536239,-1.0024615901847658,sl,5,0.38806969268935015,-1.2321489671824508,26322.417500000003,NAS100
2026-04-17 01:02:00,-1,26331.366,26338.117409355575,26321.238885966643,26335.068,-0.5483299567581021,sl,6,0.0,-0.13093562446609955,26331.376,NAS100
2026-04-17 01:55:00,-1,26337.8715,26342.857264213155,26330.39285368027,26335.184,0.5390347166658375,tp,13,0.5460547036735494,-0.032392225763958525,26337.8815,NAS100
2026-04-20 03:45:00,1,26528.6015,26524.52003244427,26534.723701333598,26524.510032444272,-1.0024500991032892,sl,2,0.6998708089661404,-1.3670327948990457,26528.5665,NAS100
2026-04-20 11:34:00,1,26543.085000000003,26528.477264786474,26564.996602820298,26564.9866028203,1.4993154311842045,tp,14,1.5568464014144978,-0.8205241828934304,26543.050000000003,NAS100
2026-04-21 13:53:00,-1,26645.358500000002,26664.58333958069,26616.52124062897,26653.329,-0.4145938366115474,sl,4,0.0,-0.3907184748392903,26645.3685,NAS100
2026-04-22 03:12:00,1,26666.043999999998,26663.979901618834,26669.140147571743,26663.969901618835,-1.004844730314045,sl,2,0.8730204027322934,-1.8182272871507337,26666.009,NAS100
2026-04-22 11:05:00,-1,26676.0695,26684.666486267182,26663.174020599232,26670.87,0.6048049675095555,tp,20,0.5241953237969865,-0.07392125336134925,26676.0795,NAS100
2026-04-22 13:47:00,-1,26722.113,26743.04100592346,26690.720991114813,26717.74,0.20895445156089923,tp,2,0.21062685169915712,0.0,26722.123,NAS100
2026-04-22 15:12:00,1,26812.874,26787.355135705857,26851.152296441214,26851.142296441216,1.4996081330311908,tp,13,1.6848712193617292,-0.07978411486232774,26812.839,NAS100
2026-04-23 05:33:00,1,26798.836,26791.8344544459,26809.33831833115,26809.32831833115,1.498571743921234,tp,1,2.071256965757915,-0.10526247302203764,26798.801,NAS100
2026-04-23 19:56:00,-1,26768.99,26783.02284868407,26747.940726973895,26775.829,-0.48735649859629554,sl,3,0.0,-0.38174715060394254,26769.0,NAS100
2026-04-23 22:45:00,-1,26893.719,26899.27278936887,26885.388315946693,26897.285,-0.6420841272783161,sl,4,0.0,-0.49317678760920197,26893.729,NAS100
2026-04-24 05:14:00,-1,26905.388000000003,26914.60145144293,26891.567822835612,26906.677,-0.13990413993949555,sl,2,0.0,0.0,26905.398,NAS100
2026-04-24 13:42:00,-1,27117.412500000002,27124.588974291724,27106.64778856242,27106.68278856242,1.4951229533365393,tp,1,0.0,0.0,27117.4225,NAS100
2026-04-26 23:50:00,1,27238.99,27232.113739230925,27249.304391153615,27249.294391153617,1.4985457212377418,tp,10,1.560295683992749,-0.648753755829686,27238.955,NAS100
2026-04-27 03:00:00,-1,27390.195000000003,27395.61589610274,27382.0636558459,27382.829,1.3588159338239076,sl,1,0.0,0.0,27390.205,NAS100
2026-04-27 13:37:00,-1,27260.068000000003,27294.42933031261,27208.526004531093,27228.785,0.9104129472113295,tp,11,0.8291588172169253,0.0,27260.078,NAS100
2026-04-27 14:46:00,1,27214.036,27196.34424888656,27240.573626670164,27240.563626670166,1.4994347648272657,tp,3,1.5983720220048654,-0.004578404900618969,27214.001,NAS100
2026-04-27 17:23:00,-1,27268.5955,27276.460464821987,27256.79805276702,27253.966,1.8600846070031052,sl,1,0.0,0.0,27268.605499999998,NAS100
2026-04-27 23:17:00,-1,27349.603,27355.60696967312,27340.597045490314,27351.949,-0.39074148067465364,sl,2,0.0,-0.3414407652950932,27349.612999999998,NAS100
2026-04-27 23:46:00,1,27358.8675,27352.767855153463,27368.016967269807,27352.757855153464,-1.0016394397132935,sl,7,0.590444212837252,-1.3681944129479506,27358.8325,NAS100
2026-04-28 00:02:00,1,27356.2535,27348.150503233333,27368.407995149995,27348.140503233335,-1.001234111315401,sl,2,0.913180667977062,-1.0237570418547677,27356.2185,NAS100
2026-04-28 00:15:00,1,27358.551499999998,27346.263845982074,27376.982981026886,27346.253845982075,-1.0008138249973357,sl,6,0.715067334023652,-1.0382372405169151,27358.516499999998,NAS100
2026-04-28 09:10:00,-1,27211.333000000002,27217.24722246391,27202.46166630414,27202.807,1.441609620205086,tp,2,0.8097429593199366,0.0,27211.343,NAS100
2026-04-29 05:06:00,1,27162.776,27158.666655533627,27168.940016699562,27169.065000000002,1.5304144131652229,tp,1,1.5328478913221955,-0.7446443161531384,27162.741,NAS100
2026-04-29 06:45:00,1,27154.933999999997,27144.660832134374,27170.343751798435,27144.650832134375,-1.0009734095781557,sl,6,0.4422199714270585,-1.055954710552133,27154.898999999998,NAS100
2026-04-29 12:40:00,-1,27102.667500000003,27119.682483520777,27077.14502471884,27078.964,1.393095677763257,tp,43,1.3278002868717913,-0.5573029200069962,27102.6775,NAS100
2026-04-29 18:37:00,1,27083.6635,27063.88048732189,27113.33801901716,27114.303,1.5487782623678277,tp,1,1.6575584585400345,-0.2410401326424419,27083.6285,NAS100
2026-04-29 20:05:00,1,27181.3005,27111.32346201821,27286.26605697269,27111.31346201821,-1.0001429040194727,sl,7,0.4130140519454362,-1.0323029108319537,27181.2655,NAS100
2026-04-29 22:57:00,1,27343.677,27317.709360930214,27382.62845860468,27382.61845860468,1.4996149053068888,tp,45,1.6615295631631828,-0.9030855649594578,27343.642,NAS100
2026-04-30 13:26:00,1,27372.516,27362.385164313557,27387.712253529666,27362.37516431356,-1.000987085400248,sl,3,0.8188860481770357,-1.2410624739305125,27372.481,NAS100
2026-05-01 15:57:00,-1,27775.228,27792.324532103263,27749.583201845104,27759.96,0.8930466078021451,tp,9,0.640422275925212,0.0,27775.237999999998,NAS100
2026-05-03 22:45:00,-1,27744.166,27761.14718730578,27718.694219041332,27726.043,1.0672398621873915,tp,6,0.5566159674113923,-0.34473443432348105,27744.176,NAS100
2026-05-04 05:06:00,-1,27820.894000000004,27823.801026795947,27816.533459806087,27819.771,0.3863053486711506,sl,1,0.0,0.0,27820.904000000002,NAS100
2026-05-04 05:27:00,1,27817.8775,27813.575381417028,27824.330677874455,27824.320677874457,1.4976755638401085,tp,1,1.5577208928012887,-0.06845464491975511,27817.8425,NAS100
2026-05-04 07:01:00,-1,27769.709,27781.500373248433,27752.02194012735,27776.543,-0.5795762593564072,sl,3,0.0,-0.501892347508164,27769.718999999997,NAS100
2026-05-04 13:31:00,-1,27735.356000000003,27754.73270619164,27706.290940712548,27719.673,0.8093738866089327,tp,1,0.0,0.0,27735.366,NAS100
2026-05-05 06:35:00,-1,27745.2245,27757.16714660898,27727.31053008653,27754.21,-0.7523876653306641,sl,17,0.09424209196274161,-0.7457727161837548,27745.2345,NAS100
2026-05-05 14:17:00,-1,27950.697000000004,27991.9302518242,27888.84712226371,27971.969,-0.5158943100266076,sl,8,0.3160798487485545,-0.41005739911286504,27950.707000000002,NAS100
2026-05-05 19:01:00,-1,28051.6485,28061.35473247622,28037.08915128567,28054.281,-0.27121748901538156,sl,10,0.5916301730944272,-0.0838121281345081,28051.658499999998,NAS100
2026-05-06 04:28:00,1,28208.2155,28199.30066525032,28221.587752124513,28199.290665250322,-1.0011217257839538,sl,9,0.5270428596752388,-1.3409670886420229,28208.1805,NAS100
2026-05-06 06:46:00,-1,28211.503500000003,28224.69331536341,28191.71877695489,28217.732,-0.47222040857960945,sl,19,0.5820020817955402,-0.4579669869191467,28211.5135,NAS100
2026-05-07 05:13:00,-1,28594.453,28598.206672447315,28588.822491329032,28592.743,0.4555538673137129,tp,7,0.4390367095510306,0.0,28594.463,NAS100
2026-05-07 06:25:00,-1,28604.333000000002,28614.60472650413,28588.92541024381,28608.666,-0.42183755557132907,sl,19,0.587924532217007,-0.3253591300988915,28604.343,NAS100
2026-05-07 06:56:00,-1,28619.663000000004,28627.914581751917,28607.285627372134,28623.296,-0.4402792227262779,sl,6,0.0,0.0,28619.673000000003,NAS100
2026-05-07 13:31:00,-1,28629.9305,28648.289875592774,28602.391436610837,28628.112,0.09905020956775526,sl,3,0.0,0.0,28629.940499999997,NAS100
2026-05-07 15:48:00,1,28741.3,28715.65960767344,28779.76058848984,28715.64960767344,-1.0003900096328886,sl,3,0.3297141436967838,-1.0648433008459435,28741.265,NAS100
2026-05-07 19:59:00,-1,28566.4855,28586.880755564427,28535.892616653357,28542.956,1.153675173408409,tp,3,0.2963189150000335,0.0,28566.495499999997,NAS100
2026-05-07 23:03:00,1,28508.24,28499.504825938096,28521.34276109286,28521.33276109286,1.4988552031215943,tp,8,2.272192844623101,-0.5238590516424023,28508.205,NAS100
2026-05-08 03:40:00,1,28636.1335,28631.098464711748,28643.68605293238,28643.67605293238,1.4980139166011943,tp,4,1.668210751093841,-0.09106192384994781,28636.0985,NAS100
2026-05-08 07:14:00,-1,28715.98,28723.581546593323,28704.577680110015,28714.035,0.25586898351817927,sl,1,0.0,0.0,28715.989999999998,NAS100
2026-05-11 02:35:00,-1,29233.867000000002,29243.4854368793,29219.439344681057,29238.786,-0.5114136591763787,sl,6,0.0,-0.4151402197786868,29233.877,NAS100
2026-05-11 05:25:00,1,29225.569,29220.46743633998,29233.22134549003,29234.241,1.6998709764150028,tp,1,1.9235278933993618,-0.4435894856578009,29225.534,NAS100
2026-05-11 06:01:00,-1,29219.024,29225.478527108527,29209.342209337214,29219.674,-0.10070451158833725,sl,7,0.17181738977212177,-0.008366220962765025,29218.8165,NAS100
2026-05-11 08:04:00,-1,29209.2125,29221.504435401122,29190.77459689832,29213.961,-0.38631019811288775,sl,2,0.0,-0.27111271669170006,29209.2225,NAS100
2026-05-11 16:17:00,-1,29359.541,29370.45625084244,29343.168123736345,29350.615999999998,0.8176632977872743,tp,3,0.8208698205236805,0.0,29359.551,NAS100
2026-05-13 08:46:00,1,29328.628500000003,29318.39460528464,29343.979342073046,29318.384605284642,-1.0009771450925118,sl,2,0.21062362472436766,-1.1318760180927279,29328.593500000003,NAS100
2026-05-13 11:39:00,1,29260.6915,29249.344676437042,29277.71173534444,29277.701735344443,1.499118696087844,tp,23,2.508323130440548,-0.7113444529401887,29260.6565,NAS100
2026-05-14 12:20:00,-1,29450.295000000002,29461.467799123744,29433.53580131439,29455.329,-0.45055853454864514,sl,3,0.0,-0.2907955261717437,29450.305,NAS100
2026-05-14 20:09:00,1,29602.0155,29584.19551869233,29628.74547196151,29603.649,0.0916667628207148,time,60,0.7545181876374673,-0.1700619067819164,29601.9805,NAS100
2026-05-14 23:28:00,-1,29613.464000000004,29617.025572733484,29608.121640899783,29610.65,0.7901003883899373,sl,1,0.0,0.0,29613.474000000002,NAS100
2026-05-15 11:24:00,-1,29204.3985,29232.117804461166,29162.81954330825,29168.922,1.2798481307386815,tp,35,1.1926525806704118,-0.20662495366811207,29204.408499999998,NAS100
2026-05-18 03:36:00,-1,28950.1865,28962.97451232034,28931.004481519492,28956.913,-0.5260004316153258,sl,6,0.0,-0.1347746590186508,28950.1965,NAS100
2026-05-18 07:41:00,1,28984.315,28970.455098147402,29005.104852778895,29005.094852778897,1.4992784941695163,tp,8,2.781549278631964,-0.867610761453195,28984.28,NAS100
2026-05-18 16:02:00,-1,28887.067,28949.661488031023,28793.175267953462,28929.31,-0.6748677292330508,sl,19,0.20556123078474803,-0.655888422310481,28887.076999999997,NAS100
2026-05-19 06:40:00,1,28897.014,28868.285944645544,28940.106083031682,28940.096083031684,1.4996519082174196,tp,27,1.7452973889589667,-0.17829261106617406,28896.979,NAS100
2026-05-19 11:39:00,1,28810.3725,28796.157990648284,28831.694264027577,28796.147990648285,-1.0007035065193572,sl,5,0.6475425758461174,-1.1203693075819774,28810.3375,NAS100
2026-05-20 01:26:00,1,28829.8695,28804.976589963608,28867.208865054592,28804.96658996361,-1.0004017208106155,sl,5,0.8145492017749651,-1.0722129297450382,28829.8345,NAS100
2026-05-20 13:40:00,-1,29007.081500000004,29051.502535455224,28940.449946817174,29015.583,-0.19138455267584004,sl,5,0.0,0.0,29007.091500000002,NAS100
2026-05-20 16:48:00,1,29148.1015,29130.40296486402,29174.64930270397,29177.208000000002,1.6445711340725688,tp,1,1.8269591099811995,-0.04805482450756376,29148.0665,NAS100
2026-05-20 18:21:00,1,29205.348,29195.80158444369,29219.66762333447,29195.79158444369,-1.0010475135865824,sl,4,0.9364771465544017,-1.3444836885939706,29205.313000000002,NAS100
2026-05-21 00:09:00,-1,29100.627500000002,29118.969079909115,29073.115130136335,29109.538,-0.48580874952714104,sl,2,0.0,-0.0868245815186093,29100.6375,NAS100
2026-05-21 12:20:00,1,29162.982,29140.86895607526,29196.151565887107,29140.858956075263,-1.0004522217760898,sl,3,0.391940613399906,-1.0549881816090527,29162.947,NAS100
2026-05-21 14:15:00,1,29149.0965,29093.934564525036,29231.839403212445,29093.924564525038,-1.0001812844294222,sl,6,0.5016412089557595,-1.6791017066839475,29149.0615,NAS100
2026-05-22 00:00:00,1,29458.09,29452.732368272205,29466.12644759169,29469.567000000003,2.1421778470627597,tp,1,3.139260190793706,-0.9926027525203179,29458.055,NAS100
2026-05-22 03:15:00,-1,29465.5175,29472.758391357984,29454.65616296303,29458.873,0.9176356433904442,tp,1,0.0,0.0,29465.5275,NAS100
2026-05-22 07:33:00,1,29466.925,29459.008561185154,29478.79965822227,29458.998561185155,-1.0012631942508854,sl,3,0.5930697008856091,-1.1698441959320847,29466.89,NAS100
2026-05-25 07:01:00,-1,29889.1755,29903.97747304556,29866.972540431663,29876.362,0.865661622309457,tp,13,0.8680261719470037,-0.10785724275309039,29889.1855,NAS100
2026-05-25 11:51:00,-1,29902.0345,29909.219923109875,29891.25636533519,29894.493,1.0495554520151358,tp,24,1.0363342403274582,-0.3265639286815847,29902.0445,NAS100
2026-05-25 13:31:00,1,29868.272999999997,29860.910628052254,29879.316557921615,29879.306557921616,1.4986417420815523,tp,4,1.7923571497970439,-0.3307358032548086,29868.237999999998,NAS100
2026-05-26 11:34:00,1,29778.147,29766.01629897619,29796.343051535718,29766.00629897619,-1.000824354666624,sl,1,1.7703016468581125,-1.1371148273231872,29778.112,NAS100
2026-05-26 11:44:00,-1,29781.9775,29794.147647601134,29763.722278598303,29779.288,0.22099156790423882,sl,7,0.0,-0.025348911953250515,29781.9875,NAS100
2026-05-26 13:30:00,-1,29843.662,29852.893609639956,29829.814585540065,29830.038,1.4757989702070617,sl,1,0.0,0.0,29843.672,NAS100
2026-05-26 13:32:00,-1,29833.498000000003,29861.516518672604,29791.4702219911,29792.896,1.4491130125200566,tp,3,1.2800462586579686,0.0,29833.508,NAS100
2026-05-27 00:16:00,-1,30025.2845,30035.11464844796,30010.539277328062,30014.362,1.1111225896357133,tp,4,0.8659584384778498,0.0,30025.2945,NAS100
2026-05-27 02:40:00,-1,30074.844,30085.809614691007,30058.395577963493,30084.046,-0.8391686430077928,sl,8,0.0,-0.5733376720921156,30074.854,NAS100
2026-05-27 05:36:00,-1,30021.021500000003,30032.462703312038,30003.859695031948,30030.438,-0.8230340588467938,sl,10,0.0,-0.4693999270468287,30021.0315,NAS100
2026-05-27 17:50:00,-1,29896.007,29915.634554106702,29866.56566883995,29911.796,-0.8044303388065447,sl,6,0.0,-0.7129772728646475,29896.017,NAS100
2026-05-27 23:20:00,1,29987.558500000003,29969.876197847778,30014.081953228342,29969.86619784778,-1.0005655372197755,sl,3,0.756547415875673,-1.5929204103357502,29987.523500000003,NAS100
2026-05-28 06:46:00,1,29835.753,29826.07531662873,29850.26952505691,29826.06531662873,-1.001033305142849,sl,5,0.7062640652502317,-2.065783641914536,29835.718,NAS100
2026-05-28 07:54:00,-1,29877.575500000003,29890.531726690675,29858.141159963994,29877.46,0.00891463253623636,sl,1,0.0,0.0,29877.5855,NAS100
2026-05-28 11:34:00,-1,29833.806,29844.6037487333,29817.60937690005,29837.064,-0.3017295623809158,sl,4,0.0,-0.2425505598145294,29833.816,NAS100
2026-05-28 19:27:00,-1,30220.7975,30234.206712474403,30200.6836812884,30231.339,-0.7861386356673017,sl,6,0.0,-0.5483170629175045,30220.8075,NAS100
2026-05-29 03:43:00,1,30183.814000000002,30176.814372413286,30194.313441380076,30194.303441380078,1.4985713525649025,tp,6,1.8919577986021965,-0.13472145315167444,30183.779000000002,NAS100
2026-05-29 03:53:00,-1,30184.930000000004,30197.301010517196,30166.373484224216,30194.864,-0.8030063499010069,sl,16,0.0,-0.7728552155630942,30184.940000000002,NAS100
2026-05-29 08:28:00,-1,30234.4575,30246.206862802956,30216.833455795568,30241.494,-0.5988835410060325,sl,6,0.0,-0.4562375075055658,30234.4675,NAS100
2026-05-29 09:52:00,1,30261.986,30254.926866384838,30272.574700422745,30254.91686638484,-1.0014166044366861,sl,9,0.4334809576949867,-1.3865724228503136,30261.951,NAS100
2026-05-31 22:14:00,-1,30351.9155,30367.48209260204,30328.565611096936,30365.377,-0.8647685684429238,sl,11,0.4250448488728707,-0.805924605385718,30351.925499999998,NAS100
2026-06-01 04:33:00,1,30493.768500000002,30488.84466250103,30501.15425624846,30501.144256248463,1.497969063763683,tp,6,1.772093413281261,-0.7688109123811584,30493.733500000002,NAS100
2026-06-01 06:37:00,1,30507.801499999998,30495.493601477363,30526.263347783948,30526.25334778395,1.4991875136131625,tp,13,1.6085199243064994,-0.6652232292083963,30507.766499999998,NAS100
2026-06-01 11:33:00,1,30404.8285,30390.765264339316,30425.923353491024,30425.913353491025,1.4992889260877442,tp,4,1.5835971562547053,-0.08024469099624106,30404.7935,NAS100
2026-06-01 15:12:00,-1,30368.056,30396.156762078776,30325.90485688184,30391.818,-0.845599842929052,sl,3,0.0,-0.611869526947329,30368.066,NAS100
2026-06-02 12:30:00,1,30478.0445,30469.883668594244,30490.28574710863,30494.86,2.060513097739138,tp,1,2.3875631086137203,-0.4614113210751509,30478.0095,NAS100
2026-06-02 19:00:00,-1,30589.058,30603.280049903708,30567.72492514444,30600.586,-0.8105723210121716,sl,3,0.0,-0.5870461752368319,30589.068,NAS100
2026-06-03 02:06:00,1,30635.049499999997,30626.505164458864,30647.866003311698,30626.495164458865,-1.0011703660220572,sl,16,1.4312991269042479,-1.4063703306300417,30635.014499999997,NAS100
2026-06-03 07:35:00,1,30648.251,30640.531568178507,30659.83014773224,30659.82014773224,1.4987045678708664,tp,4,1.7108772129091214,-0.22540519046452218,30648.216,NAS100
2026-06-03 09:50:00,-1,30707.882500000003,30718.974270507097,30691.244844239365,30698.232,0.8700594728165147,tp,9,0.797843770238894,0.0,30707.8925,NAS100
2026-06-03 23:40:00,-1,30345.6105,30364.247276499565,30317.65533525065,30332.34,0.7120598350421442,tp,7,0.4578849781342909,0.0,30345.620499999997,NAS100
2026-06-04 11:57:00,-1,30210.774,30232.944722718643,30177.51791592204,30185.927,1.1207122255473283,tp,16,0.729565752333487,-0.22254574479202038,30210.784,NAS100
2026-06-04 13:40:00,1,30236.512,30190.586719730316,30305.399920404525,30190.576719730318,-1.0002177449966485,sl,4,1.034985518234947,-1.3003295711930454,30236.477,NAS100
2026-06-05 08:10:00,-1,30094.518500000002,30108.502706067975,30073.542190898042,30084.982,0.6819479027731671,tp,6,0.5942775699677484,0.0,30094.5285,NAS100
2026-06-08 17:43:00,1,29476.479499999998,29445.701979713805,29522.645780429288,29522.63578042929,1.4996750875345515,tp,7,1.6480372534352397,-0.3621961709826335,29476.444499999998,NAS100
2026-06-09 05:08:00,1,29566.090500000002,29555.670062999896,29581.721155500163,29581.711155500165,1.4990403473485345,tp,1,1.6255076442402536,-0.17556845264597082,29566.055500000002,NAS100
2026-06-09 05:28:00,1,29566.106499999998,29553.801636770004,29584.563794844988,29553.791636770005,-1.000812686806142,sl,2,0.7457620477757804,-1.3060283320195452,29566.0715,NAS100
2026-06-09 05:31:00,-1,29569.4745,29581.36637648189,29551.636685277168,29560.09,0.7891521589795438,sl,1,0.0,0.0,29569.4845,NAS100
2026-06-09 05:38:00,1,29575.503,29551.602227883493,29611.354158174763,29611.344158174765,1.4995816034750746,tp,12,1.533883500553525,-0.03150525833768146,29575.468,NAS100
2026-06-09 10:14:00,-1,29636.8495,29657.707779175198,29605.562081237204,29605.597081237203,1.4983220092268459,tp,1,0.0,0.0,29636.8595,NAS100
2026-06-10 01:13:00,1,29036.2055,29001.987208542992,29087.53293718551,29001.977208542994,-1.00029224135901,sl,18,1.143642722465202,-1.4616889935268418,29036.1705,NAS100
2026-06-10 01:36:00,1,29042.482999999997,28997.546953895326,29109.887069157005,28997.536953895327,-1.0002225384933758,sl,8,0.2177761696525076,-1.1597371045642761,29042.447999999997,NAS100
2026-06-10 03:05:00,-1,28971.742000000002,28985.963007042443,28950.41048943634,28975.184,-0.24203630514540164,sl,2,0.0,-0.23957515735921453,28971.752,NAS100
2026-06-10 10:00:00,1,28724.3725,28696.827474623777,28765.69003806434,28696.81747462378,-1.0003630419599117,sl,18,0.8087304221265225,-1.3179693793761025,28724.3375,NAS100
2026-06-10 16:42:00,1,28727.166500000003,28661.092136573596,28826.278045139614,28661.082136573597,-1.0001513446286854,sl,5,0.35929971578822867,-1.2581354656952939,28727.131500000003,NAS100
2026-06-10 19:05:00,1,28566.926499999998,28533.87285150291,28616.50697274563,28616.49697274563,1.4996974615374372,tp,3,1.9248253337481969,-0.12438868890256993,28566.891499999998,NAS100
2026-06-11 00:06:00,-1,28350.462000000003,28375.599333910362,28312.755999134464,28339.332,0.4427677191103346,tp,4,0.32171271738051954,0.0,28350.472,NAS100
2026-06-11 06:00:00,1,28692.5555,28680.811246269863,28710.171880595204,28714.84,1.8974811437204744,tp,1,1.898332623961636,-0.29022704024620133,28692.5205,NAS100
2026-06-12 05:16:00,-1,29509.359500000002,29521.154189012173,29491.667466481747,29506.644,0.23023074175163874,tp,2,0.23319817904173915,0.0,29509.3695,NAS100
2026-06-12 11:06:00,1,29534.359999999997,29506.042570162655,29576.83614475601,29576.82614475601,1.4996468606064943,tp,11,1.5394405583560202,-0.47069949767903335,29534.324999999997,NAS100
2026-06-12 19:36:00,-1,29651.932,29674.341165887312,29618.318251169032,29618.353251169032,1.4984381391001325,tp,1,0.0,0.0,29651.942,NAS100
2026-06-14 23:53:00,-1,30019.977500000005,30028.82427318795,30006.707340218083,30015.634,0.4909699737667379,tp,1,0.0,0.0,30019.987500000003,NAS100
2026-06-15 03:04:00,-1,30169.676500000005,30181.054712310004,30152.60918153501,30180.644,-0.9639036169466672,sl,14,0.5606768292063004,-0.9549391155627973,30169.686500000003,NAS100
2026-06-15 06:31:00,1,30208.1445,30196.316817331848,30225.886024002226,30196.30681733185,-1.0008454741540647,sl,5,1.229699883576134,-1.0701589106783942,30208.1095,NAS100
2026-06-15 15:38:00,-1,30506.3495,30520.396801947107,30485.27854707934,30495.567,0.7675851235063827,sl,1,0.0,0.0,30506.3595,NAS100
2026-06-16 19:09:00,1,30101.359,30089.161217939713,30119.655673090434,30119.645673090436,1.4991801788270067,tp,1,1.6228360124948074,-0.03910546996506144,30101.324,NAS100
2026-06-17 08:10:00,1,30232.808,30215.07479298789,30259.40781051817,30215.06479298789,-1.0005639137913165,sl,2,0.7241216995453679,-1.5178303609503445,30232.773,NAS100
2026-06-17 13:43:00,-1,30163.655000000002,30195.780257682665,30115.467113476006,30184.438,-0.6469364450020237,sl,3,0.0,-0.23710315650196576,30163.665,NAS100
2026-06-17 16:38:00,-1,30128.384500000004,30144.10050871065,30104.810486934035,30130.418,-0.12939035841970875,tp,3,0.0,0.0,30128.394500000002,NAS100
2026-06-18 05:41:00,-1,30039.565,30057.59670397866,30012.517444032008,30021.034,1.0276898967468306,tp,21,1.0296309224003837,0.0,30039.574999999997,NAS100
2026-06-18 06:04:00,1,30034.376999999997,30008.029540187606,30073.89818971858,30008.019540187608,-1.0003795432299587,sl,4,0.26985523654392796,-1.0901999739075583,30034.341999999997,NAS100
2026-06-18 06:10:00,-1,30018.754,30042.072903291642,29983.77564506254,30033.878,-0.6485725255107008,sl,18,0.21493292104345818,-0.6470715972911305,30018.764,NAS100
2026-06-18 08:27:00,1,30105.3325,30086.934396966273,30132.929654550593,30132.919654550595,1.4994564657031082,tp,15,2.14573752128853,-0.24282394721939837,30105.2975,NAS100
2026-06-18 10:24:00,1,30151.9615,30141.82967784664,30167.159233230042,30167.149233230044,1.4990130107053943,tp,2,1.6528616221752899,-0.15875722803408587,30151.9265,NAS100
2026-06-18 13:57:00,1,30116.761000000002,30076.736856287556,30176.797215568673,30176.787215568675,1.4997501508072622,tp,4,1.6134511324952236,-0.5645592361036544,30116.726000000002,NAS100
2026-06-18 14:38:00,-1,30285.632500000003,30321.35237762126,30232.052683568116,30310.243,-0.6889861231033256,sl,10,0.5298030469382825,-0.42020020782669776,30285.6425,NAS100
2026-06-18 17:30:00,-1,30393.5515,30417.404562775733,30357.771905836402,30375.188,0.7698592072916607,time,60,0.8644801799197153,-0.49538711699611687,30393.5615,NAS100
2026-06-18 19:31:00,-1,30359.876500000002,30374.61714461521,30337.76553307719,30363.136,-0.2211233012587122,sl,5,0.16440936358375266,-0.15450477638180363,30359.8865,NAS100
2026-06-19 06:36:00,1,30200.6895,30183.453223420216,30226.543914869675,30226.533914869677,1.4994198282933133,tp,18,1.7989674194696472,-0.7979391567741364,30200.6545,NAS100
2026-06-19 15:52:00,-1,30379.515000000003,30385.274689290243,30370.875466064645,30370.910466064644,1.4939232833165184,tp,1,0.0,0.0,30379.525,NAS100
2026-06-22 13:36:00,-1,30546.934,30588.043329133645,30485.270006299535,30579.924,-0.8024942438916871,sl,3,0.0,-0.7289099732711734,30546.944,NAS100
2026-06-22 23:48:00,-1,30253.2355,30269.196306936912,30229.29428959463,30266.032,-0.8017451780840309,sl,13,0.8244257356165036,-0.569238136637603,30253.245499999997,NAS100
2026-06-23 13:36:00,1,29368.8455,29303.007353822453,29467.602719266317,29467.59271926632,1.4998481123697915,tp,4,1.967073915640843,-0.09521076099399894,29368.8105,NAS100
2026-06-23 16:22:00,-1,29567.2995,29590.735371397994,29532.14569290301,29587.834,-0.8761995511614171,sl,3,0.0,-0.5269486160884969,29567.3095,NAS100
2026-06-23 17:17:00,1,29525.003,29508.292633167603,29550.068550248598,29554.488,1.7644735328511867,tp,1,1.7986439377098555,-0.30555882173096727,29524.968,NAS100
2026-06-23 17:36:00,1,29579.3435,29529.56944247785,29654.004586283227,29529.55944247785,-1.0002009078724183,sl,6,0.3066959126892128,-1.0526467523103138,29579.3085,NAS100
2026-06-23 20:04:00,-1,29364.504,29412.5405951622,29292.4491072567,29400.954,-0.7587964941504163,time,60,0.0,-0.758067882976338,29364.514,NAS100
2026-06-24 06:47:00,1,29516.12,29493.08167116626,29550.67749325061,29493.07167116626,-1.0004340592614407,sl,16,0.727309698586381,-1.3055634467699868,29516.085,NAS100
2026-06-24 12:31:00,1,29530.859,29516.53461109261,29552.345583361086,29516.524611092613,-1.0006981100599162,sl,4,0.6778648682869979,-1.233351043051322,29530.824,NAS100
2026-06-24 13:39:00,1,29429.8365,29353.268245605028,29544.68888159246,29353.25824560503,-1.000130602428871,sl,3,0.40965410858392615,-1.425022692004401,29429.8015,NAS100
2026-06-24 15:58:00,1,29446.152,29401.037839137683,29513.82324129347,29401.027839137685,-1.0002216598914233,sl,36,1.142368582611734,-1.0070008868977043,29446.117,NAS100
2026-06-24 19:45:00,-1,29110.188,29122.179812284623,29092.20028157306,29092.23528157306,1.497081341905017,tp,1,0.0,0.0,29110.197999999997,NAS100
2026-06-25 02:47:00,-1,29680.01,29695.193562731994,29657.234655902004,29688.511,-0.5598817714953153,sl,10,0.0,-0.466096141262544,29680.019999999997,NAS100
2026-06-25 03:36:00,1,29707.1225,29681.418967756636,29745.67779836505,29704.421000000002,-0.1051022861146443,time,60,1.454060852264562,-0.3121944456513639,29707.0875,NAS100
2026-06-26 17:35:00,1,29311.948999999997,29277.76328623123,29363.227570653144,29277.753286231233,-1.0002925198539379,sl,6,0.32381947836109304,-1.4585917479235329,29311.913999999997,NAS100
2026-06-29 03:49:00,-1,29256.993000000002,29274.576518809987,29230.617721785027,29265.262,-0.4702699209046356,sl,2,0.0,-0.13990373750459176,29257.003,NAS100
2026-06-29 04:26:00,1,29254.387,29228.053810569985,29293.88678414502,29228.043810569987,-1.0003797489105897,sl,11,1.1541328892488867,-1.1160440735106216,29254.352,NAS100
2026-06-29 12:59:00,-1,29413.047000000002,29441.335253182504,29370.61462022625,29439.438,-0.9329314125454995,sl,15,0.0,-0.7696480888917092,29413.057,NAS100
2026-06-29 13:32:00,-1,29426.395,29443.53204698479,29400.689429522816,29374.743,3.0140548745560602,sl,1,0.0,0.0,29426.405,NAS100
2026-06-29 13:36:00,1,29406.876500000002,29364.502677306384,29470.43723404043,29364.492677306385,-1.0002359947572044,sl,2,1.1051988473782306,-1.2111840928557833,29406.841500000002,NAS100
2026-06-29 20:00:00,1,29732.719,29704.050393529396,29775.721909705906,29740.665,0.277167291271983,time,60,1.2153014844207601,-0.69141832967447,29732.684,NAS100
2026-06-30 10:07:00,-1,29808.735500000003,29817.78535380245,29795.16071929633,29803.945,0.5293455678485282,tp,4,0.5074667613702656,0.0,29808.7455,NAS100
2026-06-30 23:49:00,-1,30254.1715,30268.736467704737,30232.324048442897,30258.324,-0.2851019023303212,sl,12,0.38259611095394097,-0.1985929566501832,30254.1815,NAS100
2026-07-01 00:02:00,1,30253.244000000002,30243.689274352768,30267.576088470854,30267.566088470856,1.4989533974739198,tp,1,2.0023599532169856,-0.07001770900615191,30253.209000000003,NAS100
2026-07-01 01:00:00,1,30244.482999999997,30234.098997503803,30260.05900374429,30234.088997503804,-1.0009630197991637,sl,6,0.8885783688307829,-1.172380303689049,30244.447999999997,NAS100
2026-07-01 05:44:00,1,30158.3385,30150.333762081627,30170.345606877563,30150.32376208163,-1.0012492601382295,sl,6,1.4815600611702762,-1.00871509877519,30158.3035,NAS100
2026-07-01 09:32:00,-1,30084.277000000002,30087.975027831864,30078.72995825221,30078.76495825221,1.4905354957850474,tp,1,0.0,0.0,30084.287,NAS100
2026-07-01 10:43:00,-1,30114.6605,30124.00640370068,30100.64164444898,30109.365999999998,0.566504874174832,tp,1,0.0,0.0,30114.6705,NAS100
2026-07-01 13:00:00,1,29991.051499999998,29958.75698034204,30039.49327948693,30039.483279486933,1.4996903499384375,tp,19,1.6417181788594677,-0.6660108348970916,29991.016499999998,NAS100
2026-07-01 23:45:00,1,29795.96,29785.31044643425,29811.934330348624,29785.300446434252,-1.0009390064979402,sl,1,1.2847486906873804,-1.9265596321321017,29795.925,NAS100
2026-07-02 05:54:00,1,29797.661,29787.39308419218,29813.06287371173,29813.05287371173,1.4990260925208794,tp,2,1.6845677665981589,-0.08872297134596402,29797.626,NAS100
2026-07-02 09:55:00,1,29703.428,29687.63248092909,29727.121278606366,29687.62248092909,-1.000633090938861,sl,6,1.4606674143738487,-1.1457046722401918,29703.393,NAS100
2026-07-02 11:04:00,1,29721.6825,29708.934878175165,29740.80393273725,29740.79393273725,1.4992155399543687,tp,9,1.6486604551649666,-0.832900453582339,29721.6475,NAS100
2026-07-02 18:56:00,1,29217.1975,29196.720340864646,29247.913238703026,29247.903238703027,1.4995116510091016,tp,1,1.9001903409943537,-0.12968107453013455,29217.1625,NAS100
2026-07-03 00:03:00,-1,29353.865,29401.330744892366,29282.666382661453,29341.221,0.2663815774654408,time,60,1.0316071118453516,-0.34317379906150697,29353.875,NAS100
2026-07-03 05:21:00,1,29576.115999999998,29555.528834555476,29606.99674816678,29606.986748166782,1.499514260473335,tp,42,1.6647750800060235,-0.740801352235444,29576.081,NAS100
2026-07-03 08:05:00,-1,29615.704,29625.548949383458,29600.936575924818,29616.611,-0.09212845741222594,sl,2,0.0,-0.061452829916651575,29615.714,NAS100
2026-07-03 11:02:00,-1,29641.516,29650.732752965545,29627.690870551683,29649.267,-0.840968617578828,sl,12,0.044267216613557966,-0.8370626867011496,29641.525999999998,NAS100
2026-07-03 14:44:00,1,29674.633,29666.145956557815,29687.36356516328,29687.35356516328,1.4988217333788454,tp,8,1.5501275667571972,-0.707195626001673,29675.1045,NAS100
2026-07-05 22:16:00,-1,29678.7945,29692.236710204084,29658.631184693873,29665.321,1.0023277270211224,tp,1,0.0,0.0,29678.8045,NAS100
2026-07-05 23:14:00,1,29726.5325,29701.17338151223,29764.571177731654,29764.561177731655,1.49960566452635,tp,18,1.9791105918845535,-0.1089351745934327,29726.4975,NAS100
2026-07-06 07:35:00,-1,29616.7165,29631.750427001676,29594.165609497482,29622.622,-0.39281153881762304,sl,9,0.7359022029816773,-0.2980924411500491,29616.726499999997,NAS100
2026-07-06 10:58:00,-1,29640.310500000003,29652.83715250112,29621.520521248327,29651.111,-0.8622016136421161,sl,3,0.0,-0.38928995592106164,29640.3205,NAS100
2026-07-06 11:19:00,-1,29640.583000000002,29660.189311735372,29611.173532396948,29655.232,-0.747157354107091,sl,14,0.0,-0.6036831485570667,29640.593,NAS100
2026-07-06 12:01:00,-1,29662.893,29678.404062468584,29639.626406297124,29671.324,-0.5435475498262348,tp,2,0.0,0.0,29662.903,NAS100
2026-07-06 19:50:00,1,29771.967500000002,29756.940656840623,29794.50776473907,29756.930656840625,-1.000665475768419,sl,1,0.8568998733417403,-1.8309567557326556,29771.932500000003,NAS100
2026-07-07 13:31:00,1,29389.5525,29328.617839254053,29480.954491118922,29328.607839254055,-1.0001641102104448,sl,3,0.5598045444483286,-1.2247134731929141,29389.5175,NAS100
2026-07-07 15:44:00,-1,29092.992500000004,29125.398195945138,29044.383956082303,29093.335,-0.010569129592991541,sl,2,0.0,0.0,29093.002500000002,NAS100
2026-07-07 16:59:00,-1,29293.7885,29314.5221079983,29262.68808800255,29309.754,-0.7700299919488854,sl,3,0.0,-0.23664477501471654,29293.798499999997,NAS100
2026-07-08 01:08:00,-1,29285.640000000003,29310.526772818772,29248.30984077185,29303.904,-0.7338838238689371,sl,5,0.0,-0.6568549533939391,29285.65,NAS100
2026-07-08 05:23:00,1,29158.8655,29147.698380245467,29175.616179631797,29147.68838024547,-1.0008954860535404,sl,8,1.471686554926428,-1.7708684454621846,29158.8305,NAS100
2026-07-08 06:26:00,1,29106.3525,29088.750317185422,29132.75577422187,29088.740317185424,-1.0005681113589002,sl,4,0.6725018212055901,-1.0231969631109379,29106.3175,NAS100
2026-07-08 11:41:00,1,28767.267499999998,28740.643641742892,28807.20328738566,28807.19328738566,1.499624397038926,tp,3,4.122373960232055,-0.20964279279495096,28767.2325,NAS100
2026-07-08 13:12:00,-1,28971.276500000004,29010.24507044279,28912.823644335826,28970.449,0.02123506175875726,sl,19,0.5507643661580094,-0.2454670492478286,28971.286500000002,NAS100
2026-07-08 14:27:00,1,29068.9105,29015.738939838175,29148.667840242742,29015.728939838176,-1.0001880704641346,sl,17,0.7222940211479669,-1.5991537532698716,29068.875500000002,NAS100
2026-07-08 20:11:00,1,29193.8305,29161.538758816,29242.268111776,29205.109,0.3492688714348117,time,60,0.5026207756193691,-0.29061610355809103,29193.7955,NAS100
2026-07-09 00:51:00,1,29310.5885,29289.511088425807,29342.204617361294,29289.501088425808,-1.0004744415585944,sl,4,0.9409836653889206,-1.4012868656112303,29310.5535,NAS100
2026-07-09 01:10:00,-1,29316.229000000003,29345.950792576135,29271.646311135803,29285.273,1.0415253360209717,tp,44,0.9901825377664866,-0.01463572558362415,29316.239,NAS100
2026-07-09 04:31:00,-1,29282.6845,29303.635101975615,29251.258597036576,29294.349,-0.5567620450035449,sl,2,0.0,-0.4025898639960976,29282.694499999998,NAS100
2026-07-09 10:25:00,1,29428.967,29415.708797341915,29448.85430398713,29415.698797341916,-1.000754250048539,sl,9,0.563123086329281,-1.4240995168742763,29428.932,NAS100
2026-07-09 12:18:00,1,29490.0295,29462.629874522936,29531.128938215596,29531.118938215597,1.49963503150769,tp,10,1.5270099233663208,-0.21118901807054608,29489.9945,NAS100
2026-07-09 16:40:00,-1,29683.322000000004,29695.34923172876,29665.281152406867,29691.362,-0.6684830043453918,sl,3,0.0,-0.2983230123867517,29683.332000000002,NAS100
2026-07-09 19:57:00,-1,29721.703000000005,29730.831795829487,29708.00980625578,29710.278,1.2515341796898778,sl,1,0.0,0.0,29721.713000000003,NAS100
2026-07-09 23:03:00,-1,29705.384500000004,29720.002765540914,29683.45710168864,29704.755,0.04306256431319003,sl,2,0.0,0.0,29705.394500000002,NAS100
2026-07-10 05:31:00,-1,29661.340500000002,29672.74642610512,29644.231610842326,29653.175,0.7158997809338963,tp,12,0.5414290731928991,-0.15224541909137454,29661.3505,NAS100
2026-07-10 16:00:00,-1,29755.200500000003,29777.23041735677,29722.15562396485,29768.177,-0.5890398856176251,sl,16,0.0,-0.5874511370339133,29755.2105,NAS100
2026-07-10 19:10:00,1,29829.3485,29816.095478829524,29849.228031755716,29849.218031755718,1.4992454550650793,tp,23,1.6049548043719415,-0.7231935931221718,29829.3135,NAS100
2026-07-13 10:50:00,1,29538.351,29523.150940461142,29561.15108930828,29561.141089308283,1.4993421078401268,tp,11,2.6299896982515585,-0.1996702705171258,29538.316,NAS100
2026-07-13 14:17:00,-1,29366.8515,29453.48750948037,29236.89748577945,29405.743,-0.4489068717876601,sl,8,0.0,-0.44850288272803257,29366.8615,NAS100
2026-07-14 18:01:00,-1,29648.954500000003,29661.652884596835,29629.906923104754,29660.121,-0.8793638210313693,sl,4,0.0,-0.6350807804332024,29648.964500000002,NAS100
2026-07-15 01:15:00,-1,29708.3375,29729.445324011675,29676.675763982494,29714.567,-0.295127531694058,sl,12,0.09614918140677109,-0.3186733031447076,29708.3475,NAS100
2026-07-15 06:55:00,-1,29831.421000000002,29846.343950234448,29809.036574648333,29816.077,1.028214914540359,tp,7,0.9285027278332785,0.0,29831.431,NAS100
2026-07-15 07:16:00,1,29822.632,29809.18591487344,29842.801127689843,29809.17591487344,-1.0007437108946042,sl,5,0.758585112617511,-1.0611267045911528,29822.597,NAS100
2026-07-16 13:03:00,1,29211.6775,29194.79366588049,29237.003251179267,29236.99325117927,1.4994077174693003,tp,5,1.9854198852416174,-0.13832758504195894,29211.6425,NAS100
2026-07-16 17:34:00,1,29096.695,29077.078720371403,29126.119419442897,29077.068720371404,-1.0005097806611516,sl,5,0.2408713624325746,-1.0500462060078837,29096.66,NAS100
2026-07-17 05:18:00,1,28620.422000000002,28597.931660910104,28654.15750863485,28597.921660910106,-1.0004446353591392,sl,8,0.5918096631089083,-1.1022955190184935,28620.387000000002,NAS100
2026-07-17 07:03:00,1,28567.0335,28539.173778354227,28608.82308246866,28539.16377835423,-1.0003589411310545,sl,7,0.4222762936966293,-1.01309339550709,28566.9985,NAS100
2026-07-17 12:48:00,1,28478.782,28464.062635397397,28500.861046903905,28464.0526353974,-1.0006793771516898,sl,2,0.8163395856010681,-1.0406699211249155,28478.747,NAS100
2026-07-17 18:50:00,1,28657.0785,28621.34034389671,28710.685734154933,28621.330343896712,-1.0002798129811035,sl,22,1.3824859866078616,-1.3854799855061461,28657.0435,NAS100
2026-07-20 08:11:00,-1,28727.993,28745.707343788927,28701.421484316605,28731.554,-0.2010235345114634,sl,2,0.0,0.0,28728.002999999997,NAS100
2026-07-20 23:46:00,1,28645.443499999998,28632.39908948198,28665.010115777026,28632.38908948198,-1.0007666118744567,sl,4,0.7494780991827664,-1.2598116240898962,28645.408499999998,NAS100
2026-07-21 01:48:00,-1,28738.071,28751.703684968412,28717.621972547382,28732.324,0.4215603905845159,tp,4,0.3281818666216505,0.0,28738.081,NAS100
2026-07-21 10:49:00,-1,29010.549500000005,29020.862469701835,28995.08004544726,28999.389,1.082181013100882,tp,6,1.0133356639408706,0.0,29010.559500000003,NAS100
2026-07-21 13:31:00,1,28990.882999999998,28985.090265387273,28999.572101919086,28985.080265387274,-1.0017263003860788,sl,1,6.374364176616524,-1.3763792980405596,28990.847999999998,NAS100
2026-07-22 04:31:00,-1,29055.344500000003,29069.67866082127,29033.8432587681,29038.511,1.1743624345993968,tp,23,1.0651826912215892,0.0,29055.3545,NAS100
2026-07-22 05:04:00,1,29031.833,29024.390357076212,29042.99696438568,29024.380357076214,-1.0013436087288885,sl,2,0.7580640449601781,-1.0498958609212812,29031.798,NAS100
2026-07-22 17:37:00,-1,29135.0815,29150.815938941003,29111.479841588494,29112.867,1.4118393470079562,tp,14,1.2919748887280065,0.0,29135.0915,NAS100
2026-07-23 05:48:00,1,28958.4665,28929.891365805473,29001.32920129179,28929.881365805475,-1.0003499546119476,sl,7,0.22314855834426237,-1.6238418928891754,28958.4315,NAS100
2026-07-23 06:50:00,1,28936.9215,28912.877088046276,28972.98811793059,28912.867088046278,-1.000415897049911,sl,3,0.18297390713762512,-1.0476654637460951,28936.8865,NAS100
2026-07-24 09:04:00,1,28468.033,28455.910840655582,28486.216239016627,28486.20623901663,1.4991750644656239,tp,4,2.1584438264335666,-0.6464194849582043,28467.998,NAS100
2026-07-24 19:05:00,-1,28142.4775,28174.61388159994,28094.27292760009,28121.156,0.6634692189503401,tp,3,0.6583348512404051,0.0,28142.4875,NAS100
2026-07-27 03:03:00,1,28472.566000000003,28456.622347163553,28496.481479254675,28456.612347163555,-1.0006272088398425,sl,2,0.4097555351343599,-1.1736959021851492,28472.531000000003,NAS100
2026-07-27 04:05:00,1,28451.3165,28438.704212543224,28470.234931185165,28470.224931185166,1.4992071224165728,tp,11,1.678720063474564,-0.5256381939214926,28451.2815,NAS100
2026-07-27 11:00:00,1,28585.166,28580.383057954044,28592.340413068938,28580.373057954046,-1.0020907633632845,sl,1,1.24964926243499,-2.388488066599165,28585.131,NAS100
2026-07-27 20:00:00,-1,28057.243000000002,28091.970899263426,28005.151151104867,28037.832,0.5589454131032862,time,60,0.9313837198919684,0.0,28057.253,NAS100
2026-07-27 23:12:00,1,27973.0945,27956.79385776227,27997.545463356593,27997.535463356595,1.499386527239077,tp,8,1.5333444925346948,-0.3399559305199061,27973.0595,NAS100
2026-07-28 00:05:00,1,28000.977499999997,27977.978240880533,28035.47638867919,28035.466388679193,1.4995652033855407,tp,1,1.6038560115524212,-0.48508084291096376,28000.942499999997,NAS100
2026-07-28 07:41:00,1,27791.738999999998,27774.393350615723,27817.75747407641,27774.383350615724,-1.0005765134401636,sl,5,0.8944606025571132,-1.0497156720177612,27791.703999999998,NAS100
2026-07-28 11:15:00,-1,27777.977000000003,27802.39353687752,27741.352194683728,27741.387194683728,1.4985665452812884,tp,1,0.0,0.0,27777.987,NAS100
2026-07-29 07:26:00,-1,27779.354500000005,27806.470146025345,27738.681030961994,27798.745,-0.7151037442321289,sl,6,0.0,-0.5310402704969319,27779.364500000003,NAS100
2026-07-29 13:30:00,1,27726.8555,27714.0468785249,27746.068432212654,27767.122000000003,3.143702862815764,tp,1,5.730320014739509,-0.889361905349838,27726.8205,NAS100
2026-07-29 13:39:00,1,27725.4385,27687.18758916418,27782.81486625373,27782.804866253733,1.4997385683169397,tp,7,1.94255504970654,-0.3714290637674316,27725.4035,NAS100
2026-07-29 15:16:00,-1,27463.760000000002,27512.457195176095,27390.714207235862,27393.934,1.4338813508150505,tp,25,1.2548361313015108,0.0,27463.77,NAS100
2026-07-30 08:46:00,-1,27364.461,27386.985936115256,27330.673595827117,27334.954999999998,1.309926023719838,tp,8,1.1920566550158704,0.0,27364.470999999998,NAS100
2026-07-30 11:00:00,-1,27491.5165,27507.708175656513,27467.228986515234,27502.824,-0.69835267453938,sl,3,0.0,-0.5306121603630041,27491.5265,NAS100
2026-07-31 02:38:00,-1,28273.715500000002,28306.37137349223,28224.73168976166,28303.724,-0.9189311689101549,sl,9,0.0,-0.8535524247002826,28273.7255,NAS100
2026-07-31 03:15:00,-1,28293.0165,28308.778313438124,28269.37377984282,28296.124,-0.19715371027563414,sl,2,0.0,-0.005868614062840511,28293.0265,NAS100
2026-07-31 08:07:00,-1,28437.460000000003,28460.06867376128,28403.546989358085,28411.043999999998,1.1684011313059333,tp,3,1.0648125694677044,0.0,28437.47,NAS100
2026-07-31 10:50:00,-1,28441.282000000003,28457.425428922386,28417.066856616428,28452.2,-0.6763123282228867,sl,12,0.0,-0.4187462299676253,28441.292,NAS100
2026-08-02 23:45:00,1,28474.316000000003,28455.203304328872,28502.9850435067,28455.193304328874,-1.0005232124327446,sl,1,0.6362263183190718,-1.0799104613578678,28474.281000000003,NAS100
2026-08-03 10:01:00,1,28423.2055,28413.683149749377,28437.489025375937,28413.67314974938,-1.0010501609093558,sl,10,1.460196236647612,-1.588945964155115,28423.1705,NAS100
2026-08-04 23:40:00,-1,29694.865500000004,29708.87920616987,29673.844940745206,29690.221,0.33142553038462536,sl,1,0.0,0.0,29694.875500000002,NAS100
2026-08-05 01:41:00,1,29702.682,29687.329710182585,29725.710434726127,29725.700434726128,1.4993486313692934,tp,5,1.7936737989900113,-0.6402302273405026,29702.647,NAS100
2026-08-05 12:34:00,-1,29792.2985,29817.78997751307,29754.061283730392,29794.122,-0.07153371157335174,sl,2,0.0,-0.040935249809066675,29792.3085,NAS100
2026-08-05 12:55:00,1,29786.305,29768.651545537094,29812.78518169436,29812.77518169436,1.4994335386300042,tp,8,1.7751766412543766,-0.17599954765388162,29786.27,NAS100
2026-08-06 05:59:00,-1,29451.895,29460.71907078758,29438.65889381863,29456.543,-0.5267410146508078,tp,2,0.0,0.0,29451.905,NAS100
2026-08-06 08:56:00,1,29387.999,29375.10269169957,29407.343462450648,29375.09269169957,-1.0007754157054438,sl,6,0.9925321031268706,-1.8119914207709855,29387.964,NAS100
2026-08-06 13:34:00,-1,29206.322000000004,29249.331752887934,29141.80737066811,29217.956,-0.2704967877938986,sl,2,0.0,0.0,29206.332000000002,NAS100
2026-08-06 15:52:00,1,29447.0265,29418.638603659023,29489.608344511464,29418.628603659025,-1.000352262805186,sl,3,1.0060449586317062,-1.4726874967361505,29446.9915,NAS100
2026-08-06 18:34:00,1,29418.138,29383.469051979955,29470.141422030065,29383.459051979957,-1.0002884425565095,sl,52,0.9965113443888903,-1.0940337727603209,29418.103,NAS100
2026-08-07 00:10:00,1,29462.844999999998,29456.40531452378,29472.504528214322,29472.494528214324,1.4984471291283818,tp,1,1.885340525534006,-0.2142961803172137,29462.809999999998,NAS100
2026-08-10 04:09:00,-1,29778.2095,29786.586495941116,29765.64400608833,29782.734,-0.5401100862175491,sl,9,0.05318135559969569,-0.48149718924908436,29778.2195,NAS100
2026-08-10 04:56:00,1,29762.962,29753.717751208133,29776.8283731878,29776.8183731878,1.4989182463363386,tp,8,1.7310222128680506,-0.3399951765431943,29762.927,NAS100
2026-08-10 13:31:00,1,29688.1715,29678.217666168002,29703.102250747997,29711.255,2.3190561937848866,tp,1,3.225340159567128,-0.290892941239456,29688.1365,NAS100
2026-08-10 13:49:00,-1,29709.460000000003,29729.65819011731,29679.162714824044,29694.355,0.7478392822464452,tp,4,0.6620890249243302,0.0,29709.47,NAS100
2026-08-10 16:16:00,-1,29703.9275,29712.327287675613,29691.327818486585,29696.833,0.8446046821637906,sl,1,0.0,0.0,29703.9375,NAS100
2026-08-10 18:32:00,-1,29651.183500000003,29660.3061834108,29637.499474883807,29643.399,0.8533125232414849,tp,6,0.7803076879307355,0.0,29651.1935,NAS100
2026-08-11 05:18:00,1,29727.051,29722.890479056143,29733.291781415784,29722.880479056144,-1.0024035451649786,sl,1,2.415082182156896,-1.3402167842068695,29727.016,NAS100
2026-08-11 06:19:00,1,29688.944,29675.495499313405,29709.11675102989,29675.485499313407,-1.0007435773125526,sl,2,0.5097222478363499,-1.1750008694836398,29688.909,NAS100
2026-08-11 22:33:00,-1,29545.8925,29555.307417429216,29531.77012385618,29533.743,1.2904521034144787,tp,13,1.2941696081364267,0.0,29545.9025,NAS100
2026-08-11 23:06:00,-1,29538.6595,29546.410003439705,29527.033744840446,29544.354,-0.734726465744986,sl,23,0.17140822016770357,-0.6213144781445483,29538.6695,NAS100
2026-08-13 02:28:00,1,29759.494,29753.507371653384,29768.473942519922,29753.497371653386,-1.0016703893108805,sl,3,0.4999475208269456,-2.1449469144451183,29759.459,NAS100
2026-08-14 06:20:00,1,30056.982500000002,30051.222590909867,30065.622363635204,30065.612363635206,1.4982638614877575,tp,10,1.653932353951995,-0.7690225541212958,30056.947500000002,NAS100
2026-08-17 03:32:00,-1,30134.1995,30140.183788340997,30125.2230674885,30137.055,-0.47716617871476436,sl,3,0.0,-0.47131753005255506,30134.209499999997,NAS100
2026-08-17 11:01:00,-1,30214.06,30227.81184350535,30193.432234741977,30225.188,-0.8092005988628282,sl,9,0.0,-0.6007194596698878,30214.07,NAS100
2026-08-17 17:51:00,1,30014.6115,29990.50439398785,30050.772159018226,29990.49439398785,-1.000414815448746,sl,15,0.32677086980212205,-1.1597617725623788,30014.5765,NAS100
2026-08-18 01:14:00,-1,30016.972,30023.147855420633,30007.708216869054,30011.343,0.911452684140887,tp,4,0.7929265933981252,0.0,30016.982,NAS100
2026-08-18 04:27:00,-1,29803.499,29812.638427664984,29789.789858502525,29788.067,1.688508358036996,sl,1,0.0,0.0,29803.509,NAS100
2026-08-18 06:48:00,1,29778.882999999998,29769.118500918343,29793.52974862248,29793.519748622482,1.4989758819254553,tp,11,2.45255796531252,-0.4468227159951722,29778.847999999998,NAS100
2026-08-18 10:29:00,-1,29630.9985,29651.527265601413,29600.205351597884,29644.966,-0.680386744687582,sl,9,0.0,-0.6694752264623178,29631.0085,NAS100
2026-08-18 13:32:00,1,29596.111,29592.527508928586,29601.486236607125,29592.517508928588,-1.0027905748330639,sl,1,15.542664650204095,-6.288560387316126,29596.076,NAS100
2026-08-18 13:35:00,-1,29599.165,29654.716222809264,29515.838165786106,29643.588,-0.7996763663065843,sl,6,0.0,-0.6508407587018968,29597.6415,NAS100
2026-08-19 11:16:00,1,29449.8775,29435.72078651996,29471.11257022006,29471.10257022006,1.499293621361294,tp,9,1.5548453411193894,-0.4161629751357884,29449.8425,NAS100
2026-08-20 05:18:00,-1,29534.245000000003,29538.703337541137,29527.5574936883,29528.132,1.3711388928271213,tp,1,0.0,0.0,29534.255,NAS100
2026-08-20 14:27:00,1,29260.877,29214.798599447087,29329.99460082937,29329.98460082937,1.499782978578284,tp,13,1.5210597407676028,-0.4075445279059588,29260.842,NAS100
2026-08-21 05:40:00,1,29274.7055,29269.452549628037,29282.584925557945,29284.499,1.8643808348677164,tp,1,1.9995429722807436,-0.5704413306461742,29274.6705,NAS100
2026-08-21 18:25:00,1,29299.3775,29293.288064716464,29308.5116529253,29293.278064716465,-1.0016421884021722,sl,2,1.4486564992084232,-1.1753963490425154,29299.3425,NAS100
2026-08-24 02:49:00,-1,29287.0445,29300.501987029882,29266.858269455177,29272.156,1.1063358238385346,tp,4,0.8150481568842493,0.0,29287.0545,NAS100
2026-08-24 05:15:00,1,29202.011499999997,29185.84871728936,29226.255674065957,29185.83871728936,-1.000618705341613,sl,9,0.8941838951092389,-1.1393149514949945,29201.976499999997,NAS100
2026-08-24 06:52:00,-1,29094.754500000003,29104.38891518972,29080.30287721543,29080.33787721543,1.4963671899837752,tp,1,0.0,0.0,29094.7645,NAS100
2026-08-24 07:03:00,-1,29085.987,29105.35137060607,29056.9404440909,29096.011,-0.5176517328611906,sl,4,0.0,-0.4613627874482908,29085.997,NAS100
2026-08-24 07:39:00,1,29116.227000000003,29094.880214707395,29148.247177938916,29094.870214707396,-1.0004684546109086,sl,3,0.20902444742071036,-1.2609861218458462,29116.192000000003,NAS100
2026-08-24 08:07:00,-1,29117.3655,29131.19854305073,29096.615935423906,29096.650935423906,1.4974698264240691,tp,1,0.0,0.0,29117.3755,NAS100
2026-08-24 10:41:00,1,29136.5825,29127.21197460139,29150.638288097918,29127.20197460139,-1.001067176019808,sl,2,0.2248006286083084,-1.0097085913029955,29136.5475,NAS100
2026-08-24 13:30:00,1,29132.9115,29118.677730948257,29154.262153577612,29118.66773094826,-1.0007025546053225,sl,1,2.193410605898735,-5.558225633169155,29132.8765,NAS100
2026-08-24 23:18:00,1,29041.277,29038.6725544971,29045.183668254344,29047.177000000003,2.265357441130056,tp,1,2.3505963143378117,-0.7560150511144346,29041.242,NAS100
2026-08-24 23:22:00,-1,29047.988500000003,29050.361207087877,29044.429439368192,29042.024,2.5137953312838874,sl,1,0.0,0.0,29047.9985,NAS100
2026-08-25 13:39:00,1,29246.2715,29220.05376118473,29285.598108222905,29285.588108222906,1.499618578853468,tp,3,2.020025463414656,-0.7283427504769154,29246.2365,NAS100
2026-08-25 18:22:00,-1,29152.772500000003,29162.021201203675,29138.899448194494,29150.632,0.23143790169708814,tp,4,0.12699080380438638,0.0,29152.7825,NAS100
2026-08-26 12:11:00,1,29133.8285,29123.09746239882,29149.92505640177,29149.915056401773,1.4990681236642671,tp,3,1.8041591800841446,-0.08261083717598373,29133.7935,NAS100
2026-08-26 12:30:00,1,29141.8445,29125.512556276306,29166.34241558554,29190.789,2.9968570078401706,tp,1,3.1375628563831754,-0.30489328669273624,29141.8095,NAS100
2026-08-27 03:20:00,-1,29492.704500000003,29498.978577445265,29483.29338383211,29496.167,-0.5518739655681094,sl,5,0.18879269666931645,-0.5462954561688848,29492.714500000002,NAS100
2026-08-27 07:53:00,-1,29469.255,29480.73514992754,29452.034775108696,29469.443,-0.01637609275008818,sl,3,0.0,0.0,29469.265,NAS100
2026-08-27 13:41:00,-1,29472.265500000005,29527.34012033479,29389.65356949783,29511.232,-0.7075218996177857,sl,5,0.03875650866095271,-0.5523687646882046,29472.275500000003,NAS100
2026-08-27 23:00:00,1,29576.067,29573.95132955051,29579.240505674235,29573.94132955051,-1.0047266340562686,sl,1,1.0805085454360075,-2.9631268903492605,29576.032,NAS100
2026-08-27 23:01:00,-1,29578.971,29582.180122131023,29574.157316803467,29574.192316803466,1.4890935905306637,tp,1,0.0,0.0,29578.981,NAS100
2026-08-28 07:12:00,1,29550.111,29537.556489596216,29568.94276560568,29537.546489596218,-1.0007965264814616,sl,33,1.2883815839702666,-1.1100393047426518,29550.076,NAS100
2026-08-28 09:53:00,1,29556.993,29542.40024110523,29578.88213834215,29542.390241105233,-1.0006852713781207,sl,8,0.227235989021353,-1.2095039825763938,29556.958,NAS100
2026-08-28 14:22:00,-1,29610.655000000002,29655.321007137733,29543.65598929341,29639.233,-0.6398154173905872,sl,17,0.6002775201581253,-0.6163747727686003,29610.665,NAS100
2026-08-28 17:40:00,-1,29419.716,29450.967444585425,29372.838833121863,29437.01,-0.5533824189382801,sl,7,0.0,-0.515336177691787,29419.726,NAS100
2026-08-28 19:53:00,1,29430.139,29420.980398303596,29443.8769025446,29443.866902544603,1.4989081302657647,tp,2,1.5520928271815948,-0.3563862812465321,29430.104,NAS100
2026-08-31 08:00:00,-1,29459.8325,29469.13242645588,29445.882610316185,29455.143,0.5042512994321791,tp,1,0.0,0.0,29459.8425,NAS100
2026-08-31 10:25:00,1,29397.2385,29391.366086844013,29406.04711973398,29410.0,2.173127070766628,tp,1,2.3125927347525796,-0.12405462297188918,29397.2035,NAS100
2026-08-31 15:30:00,1,29358.7835,29342.05348409798,29383.878523853033,29342.043484097983,-1.0005977280629597,sl,2,0.7653011255328526,-1.5285998620548227,29358.7485,NAS100
2026-08-31 15:45:00,1,29347.872,29327.88855514165,29377.847167287524,29377.837167287526,1.4994995857786642,tp,9,1.5614925365064658,-0.2911910354419274,29347.837,NAS100
2026-09-01 00:41:00,-1,29451.2205,29470.660916407618,29422.05987538857,29450.999,0.011393788865183252,time,60,0.8115824100257962,-0.5504254526053018,29451.230499999998,NAS100
2026-09-01 17:33:00,1,29091.2335,29067.994795167644,29126.091557248532,29067.984795167646,-1.0004303165804866,sl,33,0.9404784026333884,-1.049090307565523,29091.1985,NAS100
2026-09-01 19:34:00,-1,29069.155000000002,29080.997914064315,29051.390628903533,29055.156,1.182057044742694,tp,7,0.6541464337183356,0.0,29069.165,NAS100
2026-09-01 19:55:00,-1,29064.315000000002,29085.666410897764,29032.28788365336,29077.666,-0.6252982561165765,sl,6,0.31829278320500054,-0.4941125460287653,29064.325,NAS100
2026-09-02 03:39:00,-1,29025.877000000004,29034.61374538859,29012.771881917128,29016.678,1.0529092460474692,tp,4,1.0569153144909404,0.0,29025.887000000002,NAS100
2026-09-02 07:00:00,1,29027.516,29013.94272910367,29047.875906344496,29047.865906344497,1.4992632579079164,tp,3,2.0927159132792283,-0.6055283256907127,29027.481,NAS100
2026-09-02 11:09:00,-1,28924.572,28944.38912976366,28894.846305354513,28936.655,-0.6097250279986182,sl,4,0.0,-0.48912229548876984,28924.582,NAS100
2026-09-02 16:58:00,1,29104.5435,29089.753344009736,29126.728733985394,29126.718733985395,1.4993238746091115,tp,3,1.5114445050286744,-0.1262664167456811,29104.5085,NAS100
2026-09-03 04:28:00,1,29186.477000000003,29183.102985433874,29191.538021849196,29193.866,2.189972762470157,tp,1,2.26169740836463,-0.5637201507947976,29186.442000000003,NAS100
2026-09-03 07:01:00,1,29130.65,29112.99627145754,29157.130592813694,29157.120592813695,1.4994335474246967,tp,4,1.7304559728854805,-0.09170867197308778,29130.615,NAS100
2026-09-03 16:39:00,-1,29469.587500000005,29484.140229652177,29447.758405521745,29475.299,-0.39246932613370056,sl,3,0.0,-0.3771457404334158,29469.597500000003,NAS100
2026-09-03 17:05:00,-1,29475.021500000003,29489.422939135176,29453.41934129724,29459.911,1.0492354172505471,tp,4,0.8348124022299404,0.0,29475.0315,NAS100
2026-09-04 11:26:00,-1,29632.615,29644.361416272517,29614.99537559123,29641.332,-0.7420986791003767,sl,31,0.6644579775588741,-0.6796115355352224,29632.625,NAS100
2026-09-07 01:06:00,1,29513.795000000002,29506.623895891575,29524.551656162643,29506.613895891576,-1.0013944854024148,sl,1,1.5918050871110219,-1.3027282631446033,29513.760000000002,NAS100
2026-09-07 12:33:00,-1,29524.511000000002,29530.243338786837,29515.91249181975,29522.977,0.2676045602061087,tp,2,0.1939871388193088,0.0,29524.521,NAS100
2026-09-07 14:06:00,-1,29586.865,29598.803277711988,29568.95758343202,29572.322,1.2181824171672586,tp,15,1.1661648636322386,0.0,29586.875,NAS100
2026-09-07 14:58:00,1,29572.5435,29567.630510362367,29579.91298445645,29567.62051036237,-1.00203542053535,sl,1,0.7051714445852794,-1.0359272816318654,29572.5085,NAS100
2026-09-07 16:35:00,-1,29572.371000000003,29576.17652462411,29566.662713063844,29569.054,0.8716275225212393,sl,3,0.0,0.0,29572.381,NAS100
2026-09-08 01:08:00,-1,29604.738500000003,29609.74581172732,29597.22753240903,29601.756,0.5956289846568142,sl,1,0.0,0.0,29604.7485,NAS100
2026-09-08 08:48:00,1,29477.334,29454.619149068894,29511.406276396658,29454.609149068896,-1.000440240617415,sl,13,0.14615988500516486,-1.1061485754940132,29477.299,NAS100
2026-09-08 12:20:00,-1,29547.31,29556.460834934805,29533.583747597797,29546.21,0.12020761032618552,sl,6,0.24292865250435777,0.0,29547.32,NAS100
2026-09-08 16:25:00,-1,29564.9045,29593.398145672916,29522.164031490625,29541.222,0.8311502245748144,tp,35,0.8495402897148233,0.0,29564.9145,NAS100
2026-09-09 06:47:00,-1,29577.404000000002,29588.37946869515,29560.94079695728,29562.289,1.3771621440350856,tp,8,1.255982808834036,0.0,29577.414,NAS100
2026-09-09 19:18:00,-1,29441.399500000003,29448.78410447483,29430.32259328776,29432.924,1.1477256539459526,tp,11,0.9181940648435853,0.0,29441.4095,NAS100
2026-09-09 20:04:00,1,29412.3945,29396.265800406436,29436.587549390344,29424.565000000002,0.7545865634983662,time,60,1.0893934689573246,-0.14164192139270518,29412.3595,NAS100
2026-09-09 23:18:00,-1,29408.311,29411.742340322395,29403.16398951641,29403.19898951641,1.489799904203194,tp,1,0.0,0.0,29408.321,NAS100
2026-09-09 23:27:00,1,29397.772999999997,29390.07469041115,29409.320464383265,29409.310464383267,1.4987010135296837,tp,21,1.5621611291686053,-0.39813935314311233,29397.737999999998,NAS100
2026-09-10 04:25:00,1,29403.477000000003,29396.882986544406,29413.3680201834,29413.3580201834,1.4984834729161658,tp,13,1.7826775876564565,-0.18895927471080154,29403.442000000003,NAS100
2026-09-10 08:37:00,-1,29418.772,29426.79601763995,29406.735973540075,29412.667,0.7608407999509499,tp,2,0.7331738617711709,0.0,29418.782,NAS100
2026-09-10 10:41:00,-1,29375.626500000002,29384.94012825644,29361.656057615346,29366.156,1.016843247255149,tp,5,0.9587563250476677,0.0,29375.6365,NAS100
2026-09-10 13:33:00,1,29035.571500000002,29017.733234429303,29062.32889835605,29062.31889835605,1.4994394073818116,tp,1,2.3060818237602114,-0.19034922350184938,29035.536500000002,NAS100
2026-09-10 22:24:00,1,29126.06,29120.34791754399,29134.62812368402,29120.33791754399,-1.0017506750078293,sl,1,0.6640310305755452,-1.4852726768801412,29126.025,NAS100
2026-09-11 04:11:00,1,29036.024,29025.90606132396,29051.200908014063,29056.065000000002,1.9807394215045864,tp,1,1.9817277651107874,-0.04546380589279663,29035.989,NAS100
2026-09-11 10:27:00,1,29292.194,29266.29890232901,29331.036646506484,29299.455,0.2804005643175019,time,60,0.6090341963710422,-0.858888438367046,29292.159,NAS100
2026-09-14 01:36:00,-1,29003.994000000002,29014.243142130283,28988.62028680458,29012.124,-0.7932371213760394,sl,5,0.23270240276556944,-0.5402403371534892,29004.004,NAS100
2026-09-14 05:10:00,1,28998.067,28989.496620959668,29010.922568560498,28989.48662095967,-1.0011668095368176,sl,4,0.33044046087985773,-1.0620300405811554,28998.032,NAS100
2026-09-14 05:54:00,-1,28985.537500000002,29000.86426175254,28962.547357371193,28994.378,-0.5768015542183594,sl,7,0.0207806453276721,-0.2961160402488285,28985.5475,NAS100
2026-09-15 00:08:00,-1,29139.555000000004,29146.418641561184,29129.259537658232,29142.233,-0.39017188996912777,sl,2,0.0,-0.13739062443603858,29139.565000000002,NAS100
2026-09-15 17:02:00,1,28965.8285,28960.0025070171,28974.56748947435,28959.9925070171,-1.0017164455960985,sl,1,2.3140261307508254,-1.393496357415671,28965.7935,NAS100
2026-09-16 00:00:00,-1,28977.649500000003,28983.41473995959,28969.001640060626,28977.724,-0.012922272189432753,tp,2,0.0,0.0,28977.6595,NAS100
2026-09-16 11:07:00,1,29074.877,29067.951122058003,29085.265816912997,29085.255816913,1.4985561397295555,tp,3,2.7176338014658348,-0.21195868773530324,29074.842,NAS100
2026-09-16 14:09:00,-1,29158.0665,29175.725351351208,29131.578222973192,29151.878,0.3504474825072482,tp,3,0.3185088252989504,0.0,29158.0765,NAS100
2026-09-17 16:04:00,1,29426.7045,29419.9516049071,29436.833842639353,29419.9416049071,-1.001480846342321,sl,2,0.9877985528033277,-2.069260636773405,29426.6695,NAS100
2026-09-18 00:08:00,-1,29390.8925,29406.179085719556,29367.962621420673,29374.788,1.0535053605463518,tp,33,1.0020223142704543,-0.3630307056008398,29390.9025,NAS100
2026-09-18 05:29:00,-1,29520.9395,29525.78504728005,29513.671179079927,29513.706179079927,1.49277687369929,tp,1,0.0,0.0,29520.9495,NAS100
2026-09-18 13:59:00,1,29477.1165,29445.96123447112,29523.84939829332,29445.951234471122,-1.0003209730306786,sl,4,0.5044251664435596,-1.1632544093198522,29477.0815,NAS100
2026-09-18 14:46:00,-1,29425.838,29461.46010810697,29372.404837839546,29458.5,-0.9169025006021138,sl,6,0.0,-0.836025759917655,29425.847999999998,NAS100
2026-09-18 15:30:00,-1,29464.905000000002,29479.689780621575,29442.727829067644,29458.789,0.4136686337488179,tp,1,0.0,0.0,29464.915,NAS100
2026-09-18 16:33:00,-1,29422.438000000002,29433.676078677196,29405.580881984213,29426.411,-0.35353018199283953,sl,19,0.28020804004440375,-0.2832334682312531,29422.448,NAS100
2026-09-21 02:43:00,-1,29796.06,29801.485517528054,29787.92172370792,29794.61,0.26725561064056913,sl,3,0.0,0.0,29796.07,NAS100
2026-09-21 05:25:00,1,29794.9555,29789.701425233307,29802.83661215004,29802.826612150042,1.4980967153224025,tp,7,1.970375462798349,-0.9349885980191457,29794.9205,NAS100
2026-09-21 10:35:00,1,29963.172,29948.19691477952,29985.634627830717,29948.186914779522,-1.0006677758324023,sl,26,0.9247359728587791,-1.1936493006100921,29963.137,NAS100
