time,dir,entry,stop,target,exit,r,reason,bars_held,mfe,mae,entry_signal,symbol
2023-08-02 01:58:00,-1,35595.754,35604.354022700754,35582.853965948874,35582.893965948875,1.4953488494860594,tp,6,1.2761594221183854,0.0,35595.764,US30
2023-08-02 04:40:00,1,35518.769,35511.217120083784,35530.09681987432,35511.20712008378,-1.0013241735982275,sl,4,0.06223615910416112,-1.128195905459447,35518.774000000005,US30
2023-08-02 12:15:00,1,35516.094000000005,35510.068340303515,35525.13248954474,35510.05834030351,-1.0016595693261374,sl,1,0.6629979456560484,-2.2412483744927303,35516.054000000004,US30
2023-08-02 17:43:00,1,35354.424000000006,35345.77922974813,35367.39115537782,35367.38115537782,1.498843231258822,tp,1,1.7114393522230127,-0.14170417076609876,35354.384000000005,US30
2023-08-03 13:47:00,-1,35153.339,35212.55357444818,35064.51713832773,35201.339,-0.8106112464255578,sl,15,0.0,-0.6055941520171036,35153.349,US30
2023-08-03 20:01:00,-1,35223.738999999994,35249.390260528824,35185.26210920675,35201.299,0.8748108099706976,sl,1,0.0,0.0,35223.748999999996,US30
2023-08-04 05:06:00,-1,35276.964,35283.124336593006,35267.72349511049,35280.819,-0.6257774947524681,sl,5,0.0,-0.5283802193037492,35276.974,US30
2023-08-06 23:48:00,-1,35103.754,35108.14461853503,35097.168072197455,35097.299,1.4701801007089157,tp,4,1.2469769250777687,0.0,35103.764,US30
2023-08-07 01:37:00,-1,35132.748999999996,35135.88583278815,35128.04375081776,35133.269,-0.16577230446176805,sl,2,0.0,0.0,35132.759,US30
2023-08-07 12:34:00,-1,35120.51899999999,35133.377481636315,35101.23127754551,35127.569,-0.5482762428260425,sl,2,0.0,-0.5451654556326399,35120.528999999995,US30
2023-08-08 00:04:00,1,35470.789,35469.488645999845,35472.739531000225,35469.47864599984,-1.0076902135886607,sl,1,1.9225533967735315,-3.106846289181103,35470.748999999996,US30
2023-08-08 00:55:00,1,35471.15900000001,35467.2338845724,35477.04667314142,35467.2238845724,-1.0025476957777355,sl,6,0.5426592005446103,-1.5133312916690946,35471.119000000006,US30
2023-08-08 05:16:00,1,35414.304,35409.84483184817,35420.99275222774,35409.834831848166,-1.0022425707355163,sl,9,1.1044660870174283,-1.9162766931079025,35414.263999999996,US30
2023-08-08 06:50:00,-1,35378.984,35385.28560734259,35369.53158898611,35371.039000000004,1.2607894411788851,tp,5,0.9973645862570257,0.0,35378.994,US30
2023-08-08 13:31:00,1,35229.099,35216.68511784408,35247.719823233885,35216.675117844075,-1.0008055497769701,sl,1,1.3815178672222723,-1.5224890781633085,35229.059,US30
2023-08-08 13:32:00,-1,35228.214,35248.38648886406,35197.95526670391,35226.839,0.0681621394992929,tp,4,0.07014503810295197,0.0,35228.224,US30
2023-08-09 07:26:00,1,35316.304,35311.63938414422,35323.30092378367,35324.489,1.754699690836626,tp,1,1.8768962484146052,-0.2754782043637217,35316.263999999996,US30
2023-08-09 09:17:00,1,35391.059,35383.82370782942,35401.91193825587,35383.81370782942,-1.0013821141933557,sl,2,1.2494312305391266,-1.0379677589989469,35391.019,US30
2023-08-09 14:52:00,1,35303.004,35290.45329494437,35321.83005758345,35290.443294944365,-1.0007967679869545,sl,1,0.6210806457043966,-1.1764279324986668,35302.964,US30
2023-08-10 17:55:00,1,35154.029,35138.56253787531,35177.22869318704,35138.489,-1.0047546668860636,sl,2,1.405622037200756,-1.663728898861928,35153.989,US30
2023-08-11 03:18:00,1,35187.274,35181.196791624505,35196.38981256324,35196.37981256324,1.4983545076323652,tp,2,1.562395003319713,-0.08638834931369443,35187.234,US30
2023-08-11 07:00:00,-1,35205.498999999996,35213.45808518854,35193.56037221718,35200.639,0.6106229403083319,tp,3,0.49000606321033335,0.0,35205.509,US30
2023-08-11 11:37:00,1,35184.104,35169.56954535701,35205.90568196449,35169.559545357006,-1.0006880203108866,sl,6,0.5156712229045837,-1.0722796542981559,35184.064,US30
2023-08-11 12:05:00,1,35176.609000000004,35160.24602719603,35201.15345920596,35160.23602719603,-1.0006111358933267,sl,22,0.6105247573088716,-1.0401532902303905,35176.569,US30
2023-08-11 12:43:00,-1,35155.504,35184.69026711199,35111.72459933202,35116.119,1.3494360155370415,tp,5,1.3343604322733775,0.0,35155.514,US30
2023-08-14 05:38:00,1,35209.539,35202.474792058645,35220.135311912025,35220.12531191202,1.4985844131309471,tp,5,2.1587699748659306,-0.11749371010667442,35209.498999999996,US30
2023-08-14 10:24:00,1,35336.814000000006,35320.571043609416,35361.17843458589,35361.16843458589,1.4993843485285825,tp,22,1.8768135102335466,-0.7581747868963612,35336.774000000005,US30
2023-08-14 13:37:00,1,35243.339,35222.85522993816,35274.064655092756,35274.054655092754,1.4995118086186356,tp,1,1.6808429256949058,-0.15182751957339796,35243.299,US30
2023-08-15 00:02:00,-1,35303.514,35307.72924492982,35297.19113260528,35303.239,0.06523938812103384,sl,1,0.0,0.0,35303.524000000005,US30
2023-08-15 06:30:00,1,35300.059,35295.83833458893,35306.3899981166,35295.82833458893,-1.0023692946557214,sl,3,1.2296639260694102,-1.132522845203798,35300.019,US30
2023-08-15 10:03:00,1,35138.609000000004,35109.92821400551,35181.63017899175,35109.918214005505,-1.0003486654795288,sl,13,0.7646233964508883,-1.0323984846748042,35138.569,US30
2023-08-15 12:40:00,1,35027.964,35013.387458586396,35049.82881212041,35049.81881212041,1.4993139662067527,tp,4,1.6879861485550922,-0.3364995756415235,35027.924,US30
2023-08-15 14:59:00,1,34991.024,34962.437899360455,35033.90315095931,35033.89315095931,1.4996501796405137,tp,6,1.7062488030470306,-0.2377029342224756,34990.984,US30
2023-08-15 16:20:00,-1,35030.014,35064.92076335032,34977.65385497453,34996.329,0.9649992370232567,tp,27,0.9395027453815762,0.0,35030.024000000005,US30
2023-08-15 19:19:00,-1,35018.854,35034.33152676637,34995.637709850445,35006.239,0.8150527012756824,tp,6,0.8118222109815696,0.0,35018.864,US30
2023-08-16 01:20:00,-1,34933.238999999994,34945.340032031294,34915.08745195305,34939.799,-0.5421025234076917,sl,8,0.0,-0.5387970202161118,34933.248999999996,US30
2023-08-16 02:50:00,1,34954.049,34949.46215591922,34960.92926612117,34949.452155919214,-1.0021801482295711,sl,2,0.7085481744662839,-1.050831446439164,34954.009,US30
2023-08-16 05:35:00,1,34944.529,34936.655959346615,34956.33856098008,34936.64595934661,-1.0012701572927527,sl,6,0.22481784077100808,-1.1774358101423334,34944.489,US30
2023-08-16 06:43:00,1,34941.789,34929.072984201586,34960.86302369762,34960.853023697615,1.4992135901561519,tp,17,1.6679752790694973,-0.7541670403708545,34941.748999999996,US30
2023-08-16 07:00:00,-1,34956.344000000005,34963.96592469342,34944.91111295989,34953.269,0.403441404067146,sl,1,0.0,0.0,34956.35400000001,US30
2023-08-16 11:56:00,-1,34960.744,34967.83912520051,34950.10131219923,34964.049,-0.46581278083188954,sl,3,0.0,-0.4601751072362222,34960.754,US30
2023-08-16 19:59:00,1,34769.89400000001,34749.333379021926,34800.73493146713,34749.323379021924,-1.0004863666332207,sl,2,0.6018787084876898,-1.1023499739706193,34769.85400000001,US30
2023-08-17 14:06:00,1,34822.014,34793.19434176,34865.243487360014,34865.23348736001,1.4996530146223415,tp,2,1.9169207191814917,-0.20142501176305647,34821.974,US30
2023-08-17 19:59:00,1,34467.15900000001,34445.29544578472,34499.95433132294,34473.759,0.30187223609679076,time,60,1.3780924960008107,-0.7981318969541341,34467.119000000006,US30
2023-08-18 04:09:00,-1,34490.009,34494.906283236574,34482.66307514513,34494.269,-0.869870047169318,sl,3,0.0,-0.6554654580777972,34490.019,US30
2023-08-18 05:02:00,1,34483.934,34481.24590804293,34487.966137935604,34481.23590804293,-1.00372011083019,sl,2,0.5077951282167242,-2.8737856157357586,34483.894,US30
2023-08-18 11:01:00,1,34405.188,34398.99571689145,34414.47642466283,34419.559,2.3207918223485633,tp,1,2.440295402373148,-0.2695290203537603,34405.148,US30
2023-08-18 18:16:00,-1,34488.234000000004,34510.175782349404,34455.3213264759,34504.769,-0.7535850887905661,sl,22,0.7731824028628805,-0.6136693813465172,34488.244000000006,US30
2023-08-21 01:20:00,-1,34509.094000000005,34524.43859175571,34486.077112366445,34488.247,1.3585894191191201,tp,34,1.1642538481588893,-0.008146192611886226,34509.10400000001,US30
2023-08-22 01:53:00,1,34413.643000000004,34406.03987038117,34425.04769442825,34425.03769442825,1.4986847521345328,tp,4,1.7961024847155425,-0.5082117751131885,34413.603,US30
2023-08-22 02:37:00,-1,34442.524,34450.00529849286,34431.3020522607,34434.307,1.0983387453172324,tp,9,1.103685410744233,0.0,34442.534,US30
2023-08-22 05:41:00,-1,34432.248,34436.866021554095,34425.32096766886,34434.239,-0.43113700892889073,sl,12,0.21199554582658234,-0.43113700892889073,34432.258,US30
2023-08-22 07:35:00,-1,34490.772999999994,34503.15875242818,34472.19437135772,34490.129,0.05199522626719734,sl,3,0.0,0.0,34490.782999999996,US30
2023-08-22 08:24:00,-1,34515.809,34525.136696165944,34501.81745575109,34509.557,0.6702619691695667,tp,6,0.6745502735149547,0.0,34515.819,US30
2023-08-22 09:03:00,1,34514.093,34502.007505248876,34532.22124212669,34532.21124212669,1.4991725618017329,tp,29,1.5064339834579992,-0.7276491514079653,34514.053,US30
2023-08-22 10:37:00,-1,34536.54899999999,34546.9005877878,34521.02161831828,34545.109000000004,-0.826926281791602,sl,5,0.0,-0.8220961049117039,34536.558999999994,US30
2023-08-22 23:32:00,-1,34313.518,34313.96965090362,34312.840523644554,34313.249,0.5955927417248884,sl,1,0.0,0.0,34313.528,US30
2023-08-23 04:31:00,1,34359.753000000004,34356.84962424254,34364.1080636362,34364.227,1.5409648539259884,tp,4,1.8068622314939762,-0.17014676751221902,34359.713,US30
2023-08-23 09:07:00,-1,34436.289,34443.62158020083,34425.29012969875,34428.099,1.116932890698503,tp,8,1.1223879963919026,0.0,34436.299,US30
2023-08-23 11:36:00,1,34340.818999999996,34325.74481079008,34363.43028381487,34325.734810790076,-1.0006633855965836,sl,9,0.3151081583135586,-1.1489838530484402,34340.778999999995,US30
2023-08-23 12:06:00,-1,34344.519,34352.151670204796,34333.06999469281,34338.099,0.8411211054245099,tp,3,0.6459076401470727,0.0,34344.529,US30
2023-08-23 13:35:00,-1,34341.009,34364.881973218566,34305.19954017215,34357.759,-0.7016302429800609,sl,4,0.0,-0.4490433555072878,34341.019,US30
2023-08-23 16:15:00,1,34433.074,34422.85551875298,34448.401721870534,34422.845518752976,-1.0009786190100365,sl,1,0.3077756785934571,-1.0348896029024566,34433.034,US30
2023-08-23 16:38:00,1,34432.039,34415.86009586147,34456.30735620779,34456.29735620779,1.4993819111657516,tp,14,1.5884883042729836,-0.033376797054361654,34431.998999999996,US30
2023-08-24 19:31:00,-1,34235.024,34245.41312089863,34219.44031865205,34220.309,1.4163854808865306,tp,4,0.5991844796818678,0.0,34235.034,US30
2023-08-25 07:22:00,-1,34164.789,34180.77548739497,34140.80926890754,34175.109000000004,-0.6455451873220167,sl,6,0.0,-0.6430430741928087,34164.799,US30
2023-08-25 08:05:00,1,34170.104,34152.46393060067,34196.56410409899,34152.45393060067,-1.0005668911938872,sl,45,0.9588964542648507,-1.2927953673963388,34170.064,US30
2023-08-25 10:46:00,-1,34202.524,34205.2925848858,34198.37112267129,34199.047,1.2558762484871235,tp,1,0.0,0.0,34202.534,US30
2023-08-25 12:00:00,1,34202.139,34190.95571416684,34218.913928749746,34218.90392874974,1.4991058084223883,tp,5,1.5120779574329581,-0.09746688194015458,34202.099,US30
2023-08-25 14:10:00,-1,34195.984000000004,34272.670846319714,34080.95373052044,34250.809,-0.7149205193734274,sl,6,0.0,-0.7009676702037165,34195.994000000006,US30
2023-08-25 19:30:00,1,34395.764,34375.82414608301,34425.67378087549,34375.81414608301,-1.0005015081877564,sl,8,1.379398270142694,-1.2314533547848563,34395.724,US30
2023-08-28 02:39:00,-1,34402.733,34406.471337924304,34397.12549311355,34405.249,-0.6730263691910183,sl,27,0.2632185800003618,-0.5285771484584004,34402.743,US30
2023-08-28 13:30:00,1,34500.844000000005,34490.49781970715,34516.363270439295,34516.35327043929,1.499033459719883,tp,1,3.4742290374358,-0.10873578153126655,34500.804000000004,US30
2023-08-29 01:17:00,1,34572.544,34566.82378523273,34581.12432215091,34566.81378523273,-1.001748186109943,sl,7,0.6564438841494566,-1.5462706139298956,34572.504,US30
2023-08-29 18:20:00,-1,34792.729,34804.20844107007,34775.50983839489,34791.539000000004,0.10366358368245301,sl,1,0.0,0.0,34792.739,US30
2023-08-30 07:04:00,1,34826.689000000006,34822.27528917276,34833.309566240874,34822.265289172756,-1.0022656672340884,sl,1,1.4450425616065419,-1.7400324354271623,34826.649000000005,US30
2023-08-30 08:57:00,1,34812.599,34809.1809030622,34817.726145406705,34821.789,2.6886305939326585,tp,1,2.691556198496839,-0.020479231945005977,34812.559,US30
2023-08-30 09:23:00,1,34814.479,34805.772319639014,34827.53902054147,34805.76231963901,-1.0011485433698528,sl,6,0.5283299500245022,-1.2013763646212132,34814.439,US30
2023-08-30 11:30:00,1,34820.193999999996,34812.268975810715,34832.08153628392,34812.25897581071,-1.0012618258018144,sl,16,0.8712907159760969,-1.0946338828504196,34820.153999999995,US30
2023-08-30 12:52:00,1,34851.969000000005,34835.113367089456,34877.25244936583,34877.242449365825,1.4994067265195494,tp,12,1.8462670707855664,-0.23374975125001668,34851.929000000004,US30
2023-08-30 16:22:00,1,34898.40900000001,34879.51707488552,34926.74688767173,34926.73688767173,1.4994706733198742,tp,25,1.740955450579099,-0.6171949089012838,34898.369000000006,US30
2023-08-30 17:45:00,1,34891.924000000006,34884.980661671514,34902.339007492745,34903.689,1.6944298899729586,tp,1,2.430387113752694,-0.09577525515058037,34891.884000000005,US30
2023-08-30 19:55:00,-1,34887.024,34902.723125923905,34863.47531111413,34898.249,-0.7150079599598425,sl,7,0.2410962252511265,-0.653858058706776,34887.034,US30
2023-08-31 13:39:00,1,35008.818999999996,34984.24726816464,35045.67659775303,34984.23726816464,-1.0004069717213684,sl,4,0.5872601938152443,-1.305972253604938,35008.778999999995,US30
2023-08-31 19:54:00,1,34756.529,34748.79757412266,34768.12613881601,34768.11613881601,1.4987065775239021,tp,1,1.5870293778484375,-0.4229491495983872,34756.489,US30
2023-09-01 13:58:00,-1,34923.484000000004,34959.58018457009,34869.339723144876,34917.759,0.15860402056870135,tp,3,0.005402233015191817,0.0,34923.494000000006,US30
2023-09-04 12:02:00,1,34885.829000000005,34879.570394080954,34895.21690887858,34895.20690887858,1.4984022000855497,tp,2,1.8007205032180922,-0.11663939373161894,34885.789000000004,US30
2023-09-04 13:36:00,-1,34873.51899999999,34885.93251465184,34854.89872802222,34858.779,1.187415523596226,tp,13,1.1487479895852553,0.0,34873.528999999995,US30
2023-09-05 15:03:00,1,34785.314000000006,34762.47020701323,34819.57968948016,34787.289,0.08645674565230439,time,60,1.2469470379322527,-0.94270684437008,34785.274000000005,US30
2023-09-05 23:07:00,1,34652.288,34650.461346172335,34655.0279807415,34650.45134617233,-1.005474491034142,sl,4,1.4841345190551785,-1.1436211767992572,34652.248,US30
2023-09-06 19:59:00,-1,34454.988999999994,34466.33169949886,34437.97495075169,34444.239,0.9477461693368647,tp,1,0.0,0.0,34454.998999999996,US30
2023-09-07 02:03:00,1,34439.009,34435.31821961357,34444.545170579644,34435.308219613566,-1.0027094540869468,sl,2,0.4037086588742421,-1.4251728494422367,34438.969,US30
2023-09-07 09:42:00,-1,34490.034,34494.886943016245,34482.75458547563,34492.569,-0.5223634383337207,sl,2,0.0,0.0,34490.044,US30
2023-09-07 19:58:00,-1,34515.848999999995,34531.28888367225,34492.689174491614,34503.279,0.8141253047509168,tp,3,0.7506533239511506,0.0,34515.859,US30
2023-09-08 01:21:00,-1,34504.879,34509.41887371644,34498.06918942535,34498.10918942535,1.4911891822329641,tp,1,0.0,0.0,34504.889,US30
2023-09-08 07:08:00,1,34570.229,34560.74635106595,34584.45297340107,34560.73635106595,-1.0010545576527812,sl,7,1.0617286446036245,-1.2327778958501892,34570.189,US30
2023-09-08 10:06:00,1,34422.943999999996,34412.85455031619,34438.07817452571,34438.06817452571,1.499008865665444,tp,3,1.797422116005548,-0.19277562810128462,34422.903999999995,US30
2023-09-11 02:53:00,1,34590.309,34581.81403318973,34603.05145021541,34581.80403318973,-1.0011771676364818,sl,27,0.5285482686723768,-1.071222548979965,34590.269,US30
2023-09-11 10:05:00,-1,34653.923,34663.342493528085,34639.79375970788,34640.567,1.4179106297149235,tp,10,1.4145134194611197,0.0,34653.933000000005,US30
2023-09-11 12:37:00,-1,34654.089,34661.4297597595,34643.07786036075,34646.079,1.091167707761631,tp,6,1.0203303534494776,0.0,34654.099,US30
2023-09-12 07:07:00,-1,34633.897999999994,34646.94921721293,34614.321174180586,34615.097,1.4405552902264,tp,5,1.443620138458427,0.0,34633.907999999996,US30
2023-09-13 03:13:00,-1,34602.839,34606.20098362867,34597.796024557,34600.239,0.7733529627654271,tp,8,0.7555063559330614,-0.12195181336027057,34602.849,US30
2023-09-13 09:56:00,-1,34628.034,34637.46680553316,34613.884791700264,34624.127,0.41419278562097145,tp,8,0.4184333055659941,-0.13410644325835405,34628.044,US30
2023-09-13 10:05:00,-1,34618.533,34629.98386765982,34601.35669851027,34603.589,1.305053943854447,tp,6,1.0421917669939198,0.0,34618.543000000005,US30
2023-09-13 19:17:00,1,34523.254,34501.2029182904,34556.330622564405,34556.3206225644,1.4995465075078813,tp,15,1.6078576310642454,-0.36120677003052226,34523.214,US30
2023-09-14 23:28:00,-1,34951.977999999996,34953.55266823979,34949.6159976403,34950.237,1.1056297167848845,tp,8,0.6217182611872781,0.0,34951.988,US30
2023-09-15 00:06:00,-1,34951.28399999999,34954.071908835605,34947.10213674657,34953.329,-0.7335247027745226,sl,3,0.0,0.0,34951.293999999994,US30
2023-09-15 06:54:00,1,34993.554,34987.209245443926,35003.071131834105,34987.199245443924,-1.0015761050981034,sl,7,1.251900279169542,-1.1087899362892732,34993.513999999996,US30
2023-09-15 07:48:00,-1,34988.038,35004.051066609674,34964.01840008549,34979.607,0.5265075207333183,time,60,0.9347990840776385,-0.1855359796107314,34988.048,US30
2023-09-15 16:29:00,-1,34712.119,34733.742197237596,34679.6842041436,34723.039000000004,-0.5050131985578178,sl,9,0.0,-0.5031633333615958,34712.129,US30
2023-09-18 03:25:00,1,34657.799,34652.399049957894,34665.89892506316,34665.888925063155,1.4981481310152753,tp,17,1.661126478959871,-0.2907434305424945,34657.759,US30
2023-09-18 04:36:00,1,34673.174000000006,34670.95568181157,34676.50147728267,34670.945681811565,-1.0045079195825704,sl,6,0.59729934456756,-1.557486215464786,34673.134000000005,US30
2023-09-18 05:03:00,-1,34672.01899999999,34674.24576562357,34668.678851564626,34674.28576562357,-1.0179632735377864,sl,2,0.0,-0.5658431164321048,34672.028999999995,US30
2023-09-18 08:04:00,-1,34659.534,34671.60785636368,34641.42321545449,34670.099,-0.8750311153101153,sl,37,0.7426790355874469,-0.49404265052787494,34659.544,US30
2023-09-18 12:46:00,-1,34610.76899999999,34628.11753055231,34584.74620417152,34619.039000000004,-0.47669743411833004,sl,3,0.0,-0.3896583621088184,34610.778999999995,US30
2023-09-19 00:23:00,1,34646.298,34640.81197193192,34654.52704210213,34640.80197193192,-1.0018228124023318,sl,3,0.632333622239577,-1.0041873522409854,34646.258,US30
2023-09-19 05:55:00,1,34605.329000000005,34601.40392706519,34611.216609402225,34611.20660940222,1.4974522766409402,tp,3,1.5209908450473126,-0.15286340151393218,34605.289000000004,US30
2023-09-19 06:01:00,-1,34606.879,34612.43825958676,34598.54011061987,34607.237,-0.06439706482730462,sl,2,0.0,0.0,34606.889,US30
2023-09-19 07:06:00,1,34608.619,34600.906353807826,34620.18796928826,34620.177969288256,1.4987034281421874,tp,5,1.8735463341582388,-0.2632040870822072,34608.579,US30
2023-09-19 13:53:00,1,34551.333999999995,34532.92902487388,34578.94146268917,34532.91902487388,-1.0005433313510894,sl,6,1.0956276692490237,-1.4455330592786526,34551.293999999994,US30
2023-09-20 03:34:00,-1,34489.498999999996,34492.59909166048,34484.84886250927,34485.819,1.1870616752732297,tp,5,0.8064277685271929,0.0,34489.509,US30
2023-09-20 07:46:00,-1,34533.429,34544.265789884754,34517.173815172864,34541.069,-0.7050058256414918,sl,34,0.6773223508117218,-0.701314695664234,34533.439,US30
2023-09-20 16:48:00,1,34733.529,34723.357252848065,34748.78662072791,34748.776620727906,1.499016884724653,tp,10,1.5425078667048282,-0.7137416897567703,34733.489,US30
2023-09-21 00:04:00,-1,34439.358,34445.93363431669,34429.49454852497,34434.269,0.7739177324818309,tp,4,0.5868635350058748,0.0,34439.368,US30
2023-09-21 01:54:00,1,34401.64400000001,34394.074041399894,34412.99893790018,34394.06404139989,-1.0013210111878137,sl,5,0.28467791091475425,-1.1155939478823682,34401.60400000001,US30
2023-09-21 04:06:00,-1,34393.744,34397.67974165075,34387.84038752387,34390.797,0.748778822776604,tp,5,0.7482706593406155,0.0,34393.754,US30
2023-09-21 04:48:00,1,34389.139,34382.790135898256,34398.66229615262,34382.780135898254,-1.001575084903658,sl,8,0.10395560361965366,-1.0915338380126667,34389.099,US30
2023-09-21 07:36:00,-1,34403.514,34411.55776370684,34391.448354439744,34399.049,0.5550884091992365,tp,5,0.4245525011006206,0.0,34403.524000000005,US30
2023-09-21 16:44:00,1,34232.764,34224.61550067559,34244.98674898663,34244.97674898663,1.4987727801647555,tp,2,2.575320824672856,-0.06933792070269808,34232.724,US30
2023-09-22 05:01:00,1,34129.64400000001,34124.32839835119,34137.61740247324,34124.318398351184,-1.0018812545902975,sl,20,1.1014745623939919,-1.2030623102508913,34129.60400000001,US30
2023-09-25 07:06:00,-1,34041.514,34044.76808954058,34036.63286568914,34044.067,-0.7845512448768321,sl,2,0.0,0.0,34041.524000000005,US30
2023-09-25 13:34:00,1,33867.568999999996,33856.36341343901,33884.37737984148,33884.367379841475,1.4991075879921492,tp,2,2.608520298416922,-0.6550304136287718,33867.528999999995,US30
2023-09-26 14:02:00,1,33810.809,33800.56690951385,33826.172135729226,33800.55690951385,-1.0009763631765956,sl,3,1.4069393371872823,-2.5971260492150927,33810.769,US30
2023-09-26 17:08:00,-1,33719.744,33743.308642606054,33684.397036090915,33691.289000000004,1.2075294531597105,sl,1,0.0,0.0,33719.754,US30
2023-09-26 17:18:00,1,33717.279,33688.551181058116,33760.37072841283,33688.54118105811,-1.0003480946472918,sl,8,0.2777795284820829,-1.0783972170902523,33717.239,US30
2023-09-26 18:56:00,1,33590.914000000004,33574.70264471287,33615.23103293071,33615.221032930705,1.4993831484272255,tp,8,1.9939727078613758,-0.26000293777707656,33590.874,US30
2023-09-27 09:21:00,1,33730.089,33724.23955829636,33738.86316255546,33738.85316255546,1.4982904351374573,tp,10,1.5745092380808068,-0.8530728662346105,33730.049,US30
2023-09-28 01:54:00,1,33604.899,33598.58136727918,33614.37544908123,33614.365449081226,1.4984171286233399,tp,4,1.6427039143637985,-0.0949722825800236,33604.859,US30
2023-09-28 11:28:00,1,33587.594000000005,33576.75383148549,33603.85425277178,33576.74383148549,-1.000922494884526,sl,2,0.783659404244584,-1.1083776035325585,33587.554000000004,US30
2023-09-28 13:37:00,1,33537.083999999995,33511.80378897914,33575.00431653128,33511.793788979136,-1.0003955663184056,sl,7,1.3811198004320928,-2.250179001791609,33537.043999999994,US30
2023-09-29 12:31:00,1,33844.348999999995,33817.85719237667,33884.08671143498,33884.07671143498,1.4996225248144412,tp,10,1.572184148104013,-0.8323327842900207,33844.308999999994,US30
2023-09-29 15:23:00,-1,33745.729,33756.10670796119,33730.162438058214,33719.779,2.5005521543912637,sl,1,0.0,0.0,33745.739,US30
2023-09-29 16:18:00,-1,33617.289,33654.58129783503,33561.35055324745,33570.239,1.2616546239153088,tp,34,1.1608295147564445,-0.5491750626523265,33617.299,US30
2023-10-02 12:51:00,-1,33442.419,33453.6857082142,33425.5189376787,33433.019,0.8343164499595692,tp,3,0.8378667327254316,0.0,33442.429000000004,US30
2023-10-02 14:32:00,-1,33409.40899999999,33470.47619452061,33317.80820821907,33438.169,-0.4709566277897114,sl,50,1.0760278168306008,-0.34011714739885457,33409.418999999994,US30
2023-10-02 18:06:00,-1,33345.674,33351.52292095639,33336.900618565414,33339.189,1.1087515198702023,sl,1,0.0,0.0,33345.684,US30
2023-10-03 07:22:00,-1,33405.068999999996,33420.662987173426,33381.67801923985,33415.019,-0.6380664476214165,sl,14,0.0,-0.5688089839599149,33405.079,US30
2023-10-03 13:16:00,1,33253.499,33235.54719478358,33280.426707824634,33280.41670782463,1.4994429529575728,tp,11,1.5987250114403817,-0.28019466228417095,33253.459,US30
2023-10-04 00:54:00,1,32984.564000000006,32973.18633934183,33001.63049098727,32973.17633934183,-1.0008789152974829,sl,1,0.5038821399436005,-1.345179862524014,32984.524000000005,US30
2023-10-04 02:52:00,-1,32907.848,32921.019643243475,32888.09053513478,32915.819,-0.6051636726459753,sl,4,0.0,-0.6021268457853114,32907.858,US30
2023-10-04 13:30:00,-1,33052.539,33062.66963632869,33037.34304550696,33037.38304550696,1.4960515806997021,tp,1,0.0,0.0,33052.549,US30
2023-10-04 14:46:00,1,32929.339,32906.84299654809,32963.08300517786,32906.83299654809,-1.0004445234027197,sl,2,1.0415183323601005,-1.5380509730967782,32929.299,US30
2023-10-04 17:56:00,-1,32975.03399999999,33007.26186123557,32926.69220814662,32930.839,1.3713289776486957,tp,8,1.1271303340442003,0.0,32975.043999999994,US30
2023-10-05 00:00:00,1,33074.404,33071.81572423273,33078.286413650916,33071.80572423273,-1.0038635759483123,sl,1,2.2737144451165534,-1.6014522302507679,33074.364,US30
2023-10-05 00:01:00,-1,33075.263999999996,33080.82142455458,33066.927863168115,33071.839,0.6162926669276775,tp,1,0.0,0.0,33075.274,US30
2023-10-05 15:01:00,-1,33017.75399999999,33038.148278990244,32987.16258151462,32990.539000000004,1.3344428608140366,tp,1,0.0,0.0,33017.763999999996,US30
2023-10-05 23:49:00,1,33090.054,33087.893572730354,33093.29464090446,33087.88357273035,-1.004628714024561,sl,2,1.4973889866407242,-1.7473395439131376,33090.013999999996,US30
2023-10-06 01:35:00,-1,33103.749,33119.63487506625,33079.92018740063,33105.799,-0.1290454565106858,sl,4,0.0,-0.15611352787641783,33103.759000000005,US30
2023-10-06 04:36:00,-1,33101.219,33104.12158315151,33096.86512527273,33098.757,0.8482099810710678,tp,5,0.7655250113466412,0.0,33100.994000000006,US30
2023-10-06 08:44:00,-1,33142.92799999999,33150.22310606775,33131.985340898354,33142.629,0.040986381447316415,sl,3,0.0,0.0,33142.937999999995,US30
2023-10-09 23:30:00,-1,33608.354,33609.95080732398,33605.95878901403,33607.757,0.37387103067275956,sl,1,0.0,0.0,33608.364,US30
2023-10-10 07:47:00,-1,33661.164,33673.37132756896,33642.853008646554,33652.639,0.6983510479123832,tp,5,0.7016277683718699,0.0,33661.174,US30
2023-10-10 11:46:00,1,33647.839,33640.998667332344,33658.09949900149,33640.98866733234,-1.0014619172031385,sl,2,0.3976414791728488,-1.7221384649462101,33647.799,US30
2023-10-10 19:55:00,-1,33751.199,33775.644175219895,33714.53123717016,33743.829,0.30149098681872144,time,60,0.5698466005947604,0.0,33751.209,US30
2023-10-10 22:59:00,1,33730.784,33728.34722071878,33734.43916892183,33728.33722071878,-1.0041037775062807,sl,3,1.3193644680019598,-1.2619115829229899,33730.744,US30
2023-10-11 00:00:00,-1,33743.503000000004,33746.07279894272,33739.648301585934,33744.309,-0.31364321410521545,sl,2,0.0,-0.27472966396850645,33743.513000000006,US30
2023-10-12 11:48:00,1,33938.099,33925.7549498841,33956.615075173846,33956.605075173844,1.4991898931135417,tp,21,1.6161632375667885,-0.97212826319821,33938.429000000004,US30
2023-10-12 23:05:00,1,33620.288,33616.32666449119,33626.23000326321,33616.31666449119,-1.0025244011722316,sl,1,0.5046277942253462,-1.40836341370063,33620.248,US30
2023-10-13 05:11:00,1,33662.044,33657.2764327126,33669.195350931106,33669.185350931104,1.497902494207379,tp,10,1.624518236052907,-0.282114529050273,33662.004,US30
2023-10-13 07:53:00,-1,33700.519,33719.8471974859,33671.52670377115,33702.589,-0.10709741565451034,sl,9,0.15159199413902927,-0.10502790037611685,33700.529,US30
2023-10-13 08:17:00,1,33701.712999999996,33688.73792028278,33721.17561957582,33688.72792028278,-1.0007707081744375,sl,9,0.43051758615332375,-1.3582960863516813,33701.672999999995,US30
2023-10-13 18:06:00,1,33676.299000000006,33640.43501352203,33730.094979716974,33640.42501352203,-1.000278831245048,sl,39,0.9181912897556754,-1.199253184707213,33676.259000000005,US30
2023-10-16 00:08:00,1,33724.429000000004,33719.1702054937,33732.31719175946,33719.160205493696,-1.0019015764905903,sl,1,0.5343429937465902,-1.1656663884953027,33724.389,US30
2023-10-16 06:01:00,-1,33706.223,33711.52684390498,33698.26723414252,33707.299,-0.2028717321393249,sl,2,0.0,0.0,33706.233,US30
2023-10-16 07:35:00,1,33728.699,33712.214123079706,33753.42631538044,33712.204123079704,-1.0006066166008025,sl,3,0.40036695644802206,-1.0130497231336784,33728.659,US30
2023-10-16 09:19:00,1,33773.839,33759.65592388448,33795.113614173286,33759.645923884476,-1.0007050656656276,sl,4,0.3144592868057891,-1.0456123819128509,33773.799,US30
2023-10-16 14:00:00,1,33884.564000000006,33869.66595117488,33906.911073237694,33908.689,1.6193395714548942,tp,1,1.8945433949974728,-0.2876215570442267,33884.524000000005,US30
2023-10-16 19:41:00,-1,34013.988999999994,34043.891907806974,33969.13463828953,34013.769,0.007357144041441245,tp,19,0.5106526796177512,-0.059191567971557946,34013.998999999996,US30
2023-10-16 20:04:00,-1,33988.469,34016.02310434133,33947.137843488,33998.039000000004,-0.34731667854112014,time,60,0.0,-0.3531234359669534,33988.479,US30
2023-10-17 10:22:00,-1,33909.30299999999,33930.88223680416,33876.93414479375,33922.639,-0.6180014669210097,sl,4,0.0,-0.5192954737788668,33909.312999999995,US30
2023-10-17 11:28:00,-1,33897.689,33922.30668783388,33860.76246824917,33918.619,-0.8502016981137666,sl,12,0.0,-0.8250165546437919,33897.699,US30
2023-10-17 14:49:00,-1,33935.708999999995,33973.195990811735,33879.478513782386,33955.039000000004,-0.5156455501345667,sl,16,0.5337851763158387,-0.5145785133003286,33935.719,US30
2023-10-17 18:20:00,-1,33911.848999999995,33926.46688865224,33889.92216702162,33889.96216702162,1.4972636267145811,tp,1,0.0,0.0,33911.859,US30
2023-10-18 07:52:00,-1,33932.314,33950.395113727674,33905.192329408485,33946.087,-0.7617340506475168,sl,5,0.0,-0.5948195538166678,33932.324,US30
2023-10-19 07:03:00,-1,33635.149,33640.8293319048,33626.62850214279,33632.599,0.448917429954863,tp,1,0.0,0.0,33635.159,US30
2023-10-19 07:18:00,-1,33631.559,33643.427119047476,33613.75682142879,33637.619,-0.5106116627038081,sl,2,0.0,-0.4583708655298634,33631.569,US30
2023-10-19 07:24:00,1,33629.339,33608.317706720765,33660.87093991885,33608.30770672076,-1.0004757081245765,sl,6,0.5689469168775404,-1.0603534094650333,33629.299,US30
2023-10-19 17:17:00,-1,33822.723999999995,33841.873586861715,33793.999619707414,33801.789000000004,1.0932350734855327,tp,3,0.8102002467221033,0.0,33822.734,US30
2023-10-19 19:49:00,-1,33442.484,33470.4015488683,33400.607676697546,33441.799,0.02453653804741444,sl,2,0.0,0.0,33442.494,US30
2023-10-20 00:50:00,1,33356.054,33351.238387684134,33363.277418473794,33363.26741847379,1.4979234208772454,tp,5,1.5024049955534962,-0.5845570231479361,33356.013999999996,US30
2023-10-20 10:38:00,-1,33337.509,33351.413806175595,33316.65179073661,33320.339,1.2348248356120326,tp,7,1.0219488010511177,0.0,33337.519,US30
2023-10-20 17:16:00,-1,33304.53399999999,33330.73034602301,33265.239480965465,33265.279480965466,1.498473069489702,tp,1,0.0,0.0,33304.543999999994,US30
2023-10-20 17:45:00,1,33298.03400000001,33270.2254776838,33339.746783474315,33270.2154776838,-1.0003596019913725,sl,8,0.7618168185673426,-1.2702940342651359,33297.994000000006,US30
2023-10-23 08:36:00,1,33073.089,33055.412939124704,33099.60309131294,33055.4029391247,-1.0005657369066892,sl,2,0.9051790505180851,-1.244621194462367,33073.049,US30
2023-10-24 01:20:00,1,32972.669,32969.31844315175,32977.69483527238,32980.219,2.253356782750229,tp,1,2.277233410912356,-0.7371908944899215,32972.629,US30
2023-10-24 07:04:00,1,33033.359000000004,33026.12803308317,33044.20545037525,33048.089,2.037071966918918,tp,1,2.135260771841596,-0.041488227432571155,33033.319,US30
2023-10-24 07:20:00,1,33034.869,33017.36713429675,33061.12179855487,33017.35713429675,-1.0005713676571169,sl,12,0.7547766748974101,-1.134164799145608,33034.829,US30
2023-10-24 11:39:00,1,33095.708999999995,33084.67222466889,33112.26416299665,33084.662224668886,-1.000906061752825,sl,10,0.3515519600248414,-1.0609983123410018,33095.668999999994,US30
2023-10-24 12:00:00,1,33090.114,33083.642234788036,33099.82164781795,33083.632234788034,-1.0015451734842835,sl,1,0.9170604627350843,-1.0128612187415507,33090.074,US30
2023-10-24 12:20:00,-1,33091.019,33101.475271358526,33075.334592962216,33075.37459296222,1.4961745445739703,tp,1,0.0,0.0,33091.029,US30
2023-10-25 14:32:00,1,33021.294,32981.4254434905,33081.09683476425,33081.086834764246,1.4997491757695494,tp,8,1.9806335346297301,-0.8531786193938086,33021.254,US30
2023-10-25 22:23:00,1,33023.509,33010.939675835136,33042.36298624729,33042.352986247286,1.4992044122759098,tp,18,1.6086783771975874,-0.26333953652423153,33023.469,US30
2023-10-26 09:14:00,1,32930.589,32920.21729676848,32946.14655484728,32920.20729676848,-1.0009641617947231,sl,2,0.28732021476929953,-1.0200831786095386,32930.549,US30
2023-10-26 13:18:00,1,33044.354,33033.55489878183,33060.55265182725,33033.54489878183,-1.0009260029885834,sl,5,0.7570074430130127,-1.7922787840377443,33044.314,US30
2023-10-26 14:41:00,-1,32974.094000000005,33023.63804951487,32899.77792572771,33012.769,-0.7806184673780393,sl,8,0.0,-0.6387245352340877,32974.10400000001,US30
2023-10-27 00:55:00,-1,32856.729,32864.19466054584,32845.53050918123,32862.739,-0.805019189272903,sl,9,0.09778103297266887,-0.33620601748351775,32856.739,US30
2023-10-27 01:33:00,-1,32867.009,32872.5233884007,32858.73741739894,32869.809,-0.5077625652275513,sl,5,0.0,-0.40076973898259954,32867.019,US30
2023-10-27 05:53:00,-1,32896.498999999996,32900.23479052033,32890.895314219495,32892.739,1.0064804168037143,tp,6,0.8592558877509429,0.0,32896.509,US30
2023-10-27 13:00:00,-1,32798.684,32814.68030002066,32774.689549969014,32809.139,-0.6535886415297075,sl,4,0.0,-0.3353900585179305,32798.694,US30
2023-10-31 23:27:00,1,32993.318999999996,32990.24100325784,32997.93599511323,32990.23100325784,-1.0032488663373427,sl,9,0.6237823366444885,-1.0038996980331976,32993.278999999995,US30
2023-11-01 03:21:00,1,33006.529,32999.76827271732,33016.67009092402,32999.689,-1.011725471833168,sl,31,0.4792383813940922,-1.010246341026094,33006.489,US30
2023-11-02 13:43:00,1,33492.809,33472.66259928553,33523.0286010717,33532.239,1.957173420644036,tp,1,2.034110240374944,-0.722709738893543,33492.769,US30
2023-11-02 18:59:00,-1,33783.214,33793.12238392987,33768.351424105196,33783.799,-0.05904090961146797,sl,4,0.0,-0.0005046231588087726,33783.224,US30
2023-11-03 02:36:00,-1,33886.233,33889.73729498641,33880.97655752039,33889.039000000004,-0.8007316766676931,sl,3,0.0,-0.5838549573989185,33886.243,US30
2023-11-03 03:52:00,-1,33892.242999999995,33895.09495956431,33887.96506065352,33889.269,1.0427917833078983,tp,6,1.0434930555227755,-0.34923356293989716,33892.253,US30
2023-11-03 12:02:00,-1,33856.169,33864.23246237043,33844.07380644436,33849.109000000004,0.8755544052498134,tp,4,0.8780347293445117,0.0,33856.179000000004,US30
2023-11-03 13:30:00,1,34002.844000000005,33987.37461000596,34026.048084991075,34026.03808499107,1.4993535620987068,tp,1,1.7735023818363846,-0.33259230014784763,34002.804000000004,US30
2023-11-03 14:26:00,1,34015.579000000005,33986.91770160367,34058.570947594504,33986.90770160367,-1.000348902546694,sl,1,0.13676979827611402,-1.2309281844857878,34015.539000000004,US30
2023-11-06 01:31:00,-1,34085.733,34088.83075834969,34081.08636247546,34082.769,0.9568209219074101,tp,1,0.0,0.0,34085.743,US30
2023-11-06 08:55:00,-1,34121.308,34130.487266373704,34107.53910043943,34122.839,-0.16678892818581575,sl,3,0.0,0.0,34121.318,US30
2023-11-06 10:23:00,-1,34101.164,34107.275054117665,34091.99741882349,34094.537000000004,1.0844282954120497,tp,9,1.0909738110024336,0.0,34101.174,US30
2023-11-07 03:41:00,1,34026.289,34020.78331606619,34034.54752590071,34020.77331606619,-1.0018163047719892,sl,4,0.4518966271797201,-1.0153143673344662,34026.248999999996,US30
2023-11-07 18:44:00,-1,34157.889,34170.67973366831,34138.70289949754,34160.807,-0.22813390347016677,sl,2,0.0,-0.1860722036527759,34157.899000000005,US30
2023-11-07 18:50:00,1,34165.274,34152.00416338584,34185.17875492123,34151.99416338584,-1.0007535887812944,sl,6,0.868511070264949,-1.9966334756323536,34165.234,US30
2023-11-07 18:58:00,-1,34164.852999999996,34178.07133877288,34145.025491840664,34172.309,-0.5640648290312299,sl,27,0.9497411297814847,-0.42713385524576214,34164.863,US30
2023-11-08 03:04:00,1,34148.814000000006,34145.902634180864,34153.181048728715,34145.89263418086,-1.0034348139750384,sl,2,0.3280247345474378,-1.581731835184029,34148.774000000005,US30
2023-11-08 05:06:00,-1,34133.503,34135.5520358167,34130.429446274946,34134.307,-0.3923796711851881,sl,2,0.0,-0.1395778432319237,34133.513,US30
2023-11-08 07:59:00,-1,34120.204,34124.03631872757,34114.45552190863,34117.339,0.7475891760733492,tp,1,0.0,0.0,34120.214,US30
2023-11-08 10:39:00,-1,34145.583999999995,34154.281785682724,34132.5373214759,34150.837,-0.6039468195261579,sl,7,0.0,-0.5708349436412019,34145.594,US30
2023-11-09 02:33:00,1,34118.138,34111.35394902375,34128.31407646437,34111.34394902375,-1.0014740455278197,sl,14,0.46594579124891095,-1.090646285811299,34118.098,US30
2023-11-09 13:33:00,-1,34172.543,34184.1130395278,34155.18794070829,34182.609000000004,-0.8700056707513297,sl,4,0.0,-0.5588572091272554,34172.553,US30
2023-11-09 17:03:00,-1,34103.468,34124.79667687503,34071.47498468746,34106.799,-0.15617471348626613,tp,59,0.9363450024123227,-0.199777980836115,34103.478,US30
2023-11-09 20:02:00,1,33879.148,33862.44214305315,33904.206785420276,33904.196785420274,1.4994014075402506,tp,5,1.6252383871344944,-0.44170137595917763,33879.108,US30
2023-11-10 00:01:00,-1,33888.104,33892.47049461116,33881.554258083255,33884.789000000004,0.7591902189738784,tp,4,0.7569000524020011,0.0,33888.114,US30
2023-11-10 07:08:00,1,33948.023,33944.644503113544,33953.09074532968,33953.08074532968,1.4970401038267158,tp,3,1.854670941126099,-0.2438954445403538,33947.983,US30
2023-11-10 08:19:00,-1,33989.059,33996.64365147181,33977.68202279229,33979.609000000004,1.2459372767653158,tp,7,1.183970025964018,0.0,33989.069,US30
2023-11-10 11:56:00,-1,33922.40899999999,33929.97837171534,33911.05494242697,33924.637,-0.2943441125361102,sl,2,0.0,-0.14796472443530792,33922.418999999994,US30
2023-11-12 23:37:00,1,34237.15900000001,34230.214156674585,34247.576264988136,34230.20415667458,-1.0014399172930843,sl,1,0.5238419111162149,-1.209530525945788,34237.119000000006,US30
2023-11-13 01:27:00,-1,34200.779,34204.296879964946,34195.50218005259,34195.54218005259,1.488629515390099,tp,1,0.0,0.0,34200.789000000004,US30
2023-11-13 04:48:00,-1,34163.244,34166.09642445137,34158.965363322946,34160.799,0.8571655592234415,tp,3,0.8641771384388717,0.0,34163.254,US30
2023-11-13 07:40:00,-1,34199.738999999994,34204.815666537754,34192.124000193355,34203.279,-0.6973079625533969,sl,10,0.49047932958968,-0.10439921473353429,34199.748999999996,US30
2023-11-13 08:07:00,-1,34206.289,34208.918223867135,34202.34516419929,34199.069,2.7460575306027986,sl,1,0.0,0.0,34206.299,US30
2023-11-13 15:10:00,1,34236.15900000001,34222.47052851495,34256.6917072276,34256.681707227595,1.4992694582435335,tp,1,1.7781386348769022,-0.6136550753074629,34236.119000000006,US30
2023-11-14 02:38:00,-1,34335.238,34338.29953309445,34330.64570035832,34335.799,-0.18324152726574783,sl,9,0.0,-0.1603771655749913,34335.248,US30
2023-11-15 00:51:00,-1,34859.583,34862.19011167412,34855.672332488815,34858.027,0.5968290562469695,tp,4,0.5308556644257053,0.0,34859.593,US30
2023-11-15 08:39:00,1,34921.549000000006,34910.2256122005,34938.53408169927,34938.52408169927,1.4991168720722898,tp,6,1.611708467741924,-0.15631364317320054,34921.509000000005,US30
2023-11-15 17:14:00,-1,34942.40899999999,34958.17902560484,34918.75396159272,34953.009,-0.6721612421952539,sl,10,0.0,-0.6366508369473698,34942.418999999994,US30
2023-11-16 01:01:00,-1,34968.799,34973.08747031508,34962.36629452738,34968.089,0.1655601992866502,tp,3,0.17022386687144886,0.0,34968.809,US30
2023-11-16 01:22:00,-1,34959.139,34965.02979605684,34950.30280591475,34951.539000000004,1.290148212001776,tp,19,1.1984797864132455,-0.4006249710954638,34959.149000000005,US30
2023-11-16 02:51:00,1,34917.844000000005,34910.887629912635,34928.27855513106,34928.26855513106,1.4985624686616092,tp,16,1.761694654838495,-0.6936088706328231,34917.804000000004,US30
2023-11-16 04:43:00,1,34929.699,34925.63263450753,34935.79854823871,34935.78854823871,1.497540801479712,tp,9,1.6894693830943168,-0.17214389638437466,34929.659,US30
2023-11-16 05:43:00,1,34953.139,34946.00915978508,34963.83376032239,34963.82376032239,1.4985974440239063,tp,20,1.565252469001109,-0.4404025764036055,34953.799,US30
2023-11-16 07:33:00,-1,34967.279,34974.69487299537,34956.15519050695,34973.559,-0.8468321941218745,sl,14,0.36138698730052404,-0.6364726044995183,34967.289000000004,US30
2023-11-16 17:16:00,1,34853.529,34839.73048897245,34874.22676654134,34874.216766541336,1.499275284124611,tp,11,1.8096155411360941,-0.3464141884913104,34853.489,US30
2023-11-17 07:03:00,1,34968.039,34965.86628109915,34971.29807835126,34971.789,1.725948072961122,tp,1,1.7305506011566227,-0.37280478375853077,34967.998999999996,US30
2023-11-17 08:05:00,1,34973.599,34967.4046626264,34982.8905060604,34967.3946626264,-1.0016143776805988,sl,1,0.4019800423868537,-1.1381362645906856,34973.559,US30
2023-11-17 09:32:00,-1,35024.14399999999,35039.73830043231,35000.75254935151,35034.339,-0.6537644983982354,sl,40,0.471005418413708,-0.6319616607863703,35024.153999999995,US30
2023-11-20 01:29:00,-1,34939.492999999995,34944.90014632748,34931.38228050876,34936.329,0.5851515399004537,tp,3,0.5537116657581003,0.0,34939.503,US30
2023-11-20 02:05:00,1,34931.053,34925.736949531485,34939.027075702776,34939.01707570277,1.4981189042395993,tp,20,1.5511515642745697,-0.5368647301041798,34931.013,US30
2023-11-20 07:41:00,1,34912.538,34907.77334759865,34919.68497860202,34919.674978602015,1.4979012110090448,tp,4,1.731710795453566,-0.06275379079374852,34912.498,US30
2023-11-20 09:03:00,1,34929.858,34918.71274739686,34946.57587890471,34946.56587890471,1.4991027569888495,tp,7,1.520019384327109,-0.07348420257179394,34929.818,US30
2023-11-20 23:37:00,-1,35165.313,35168.67478668279,35160.27031997581,35166.547,-0.3670667167293298,sl,2,0.0,-0.35278859484820957,35165.323000000004,US30
2023-11-21 01:14:00,-1,35169.684,35174.53508020182,35162.407379697266,35173.339,-0.7534404396420642,sl,3,0.0,-0.4813360948191854,35169.694,US30
2023-11-21 14:30:00,1,35089.903,35077.070066545624,35109.152400181556,35115.329,1.98130848962931,tp,1,2.3841781856646556,-0.18655126737092453,35089.863,US30
2023-11-21 17:17:00,1,35066.779,35059.98431278016,35076.971030829765,35078.449,1.7175183525615392,tp,1,1.7543118048443538,-0.19574116614483186,35066.739,US30
2023-11-21 20:25:00,1,35067.244,35049.684357652186,35093.58346352172,35093.573463521716,1.4994305123188751,tp,26,1.8481583711779692,-0.9581630232971581,35067.204,US30
2023-11-22 19:03:00,1,35260.809,35243.88141397368,35286.20037903948,35243.87141397368,-1.000590751687009,sl,35,1.0621715330252663,-2.5154206827712984,35260.769,US30
2023-11-23 13:59:00,-1,35303.787,35305.36623899643,35301.418141505346,35303.837,-0.03166081898675679,sl,1,0.0,0.0,35303.309,US30
2023-11-24 05:49:00,1,35306.689000000006,35303.50806653653,35311.46040019522,35311.450400195215,1.4968562687283895,tp,9,1.512134741335883,-0.9305444562091606,35306.649000000005,US30
2023-11-24 06:59:00,-1,35311.987,35314.56532383211,35308.11951425184,35309.249,1.0619302222241693,tp,4,0.29088665692799054,0.0,35311.984,US30
2023-11-24 14:23:00,1,35330.224,35326.430519802016,35335.91422029698,35337.009,1.7885950752023991,tp,1,1.8650420275694657,-0.03822347618449229,35330.184,US30
2023-11-27 05:28:00,1,35304.309,35299.40553062069,35311.66420406898,35311.989,1.566237984966013,tp,15,2.68993216428445,-0.9360719207030799,35304.269,US30
2023-11-27 13:30:00,1,35344.574,35338.97006945713,35352.97989581431,35338.96006945713,-1.0017844618032887,sl,4,0.8788474379412149,-1.3410230448982365,35344.534,US30
2023-11-28 07:00:00,1,35363.90900000001,35362.441912022005,35366.10963196701,35367.229,2.262986303325186,tp,1,3.319500993135011,-0.44987077114636453,35363.869000000006,US30
2023-11-28 08:17:00,1,35323.239,35313.260979483224,35338.20603077517,35313.25097948322,-1.0010022027901448,sl,23,0.7366190506062956,-1.175583872600805,35323.199,US30
2023-11-28 08:51:00,-1,35321.079,35331.43145166176,35305.550322507355,35327.839,-0.6529854203493717,sl,2,0.0,-0.6491216012939668,35320.579,US30
2023-11-28 12:38:00,1,35332.369,35328.08344492791,35338.79733260814,35328.073444927904,-1.002333420020001,sl,2,0.9660358880834755,-1.3580504513638496,35332.329,US30
2023-11-28 14:33:00,-1,35331.778999999995,35350.97479064053,35302.98531403919,35343.329,-0.6016944139624081,sl,7,0.0,-0.5204265970117831,35331.789,US30
2023-11-28 19:24:00,-1,35390.979,35408.28314486388,35365.022782704174,35394.759,-0.21844477318774344,sl,12,0.38661257476903765,-0.18666048079294392,35390.989,US30
2023-11-29 00:29:00,1,35398.924000000006,35394.91025483562,35404.94461774659,35404.934617746585,1.497508561307181,tp,10,1.5135490050278366,-0.05356593186615099,35398.884000000005,US30
2023-11-29 02:51:00,-1,35436.009,35440.87471224573,35428.71043163141,35431.789000000004,0.8672933759486898,tp,7,0.8755141662422338,0.0,35436.019,US30
2023-11-29 04:11:00,1,35439.759,35436.220967424124,35445.06604886381,35436.21096742412,-1.0028264296010803,sl,6,0.8366231617490739,-1.2747197498260314,35439.719,US30
2023-11-29 06:15:00,1,35423.829000000005,35421.874955590065,35426.760066614916,35427.269,1.760451288873335,tp,1,1.765568879830412,-0.06652868243083153,35423.789000000004,US30
2023-11-29 13:33:00,1,35513.579000000005,35500.536094689975,35533.14335796505,35500.52609468997,-1.0007667003450793,sl,5,0.4569534055735516,-1.115549001863355,35513.539000000004,US30
2023-11-29 18:04:00,1,35541.774,35527.32500138603,35563.44749792095,35527.31500138603,-1.000692089484483,sl,5,0.3789189926776979,-1.4530418723758987,35541.734,US30
2023-11-30 00:13:00,1,35516.079000000005,35513.45993148831,35520.00760276755,35513.44993148831,-1.0038181513608289,sl,2,0.8438114505681805,-1.0958094403356642,35516.039000000004,US30
2023-11-30 10:10:00,-1,35572.314,35577.22256494138,35564.95115258792,35574.539000000004,-0.4532893068700067,sl,15,0.2617873075616718,-0.4451402856227489,35572.324,US30
2023-11-30 14:34:00,-1,35616.979,35635.973510242904,35588.48723463564,35623.249,-0.33009537597033944,sl,3,0.0,-0.3279895043532592,35616.989,US30
2023-11-30 16:23:00,-1,35752.234,35764.41530989022,35733.962035164666,35756.309,-0.3345288837349061,sl,3,0.0,-0.20892662800153958,35752.244,US30
2023-12-01 06:15:00,1,35965.779,35960.74803007972,35973.325454880425,35960.738030079716,-1.001987688290824,sl,13,0.7910999395859898,-1.2999481419342616,35965.739,US30
2023-12-01 15:41:00,1,35996.304,35980.879076745994,36019.441384881,36019.431384881,1.49935169855711,tp,8,1.5517095032414157,-0.7134557377549272,35996.263999999996,US30
2023-12-04 03:34:00,1,36230.804,36227.33951696276,36236.00072455585,36227.269,-1.0203542525692515,sl,4,0.570070622017643,-1.026127119626717,36230.763999999996,US30
2023-12-04 16:33:00,1,36073.274,36061.132535337594,36091.4861969936,36091.4761969936,1.499176376139116,tp,11,1.8090898100637989,-0.7062574605640399,36073.234,US30
2023-12-04 19:33:00,1,36163.064000000006,36150.528113842716,36181.86782923594,36181.85782923594,1.49920229013916,tp,11,1.7322269624608424,-0.8228377212889937,36163.024000000005,US30
2023-12-05 05:16:00,-1,36146.53399999999,36150.05839369474,36141.24740945788,36148.289000000004,-0.4979579899456037,sl,12,0.2113838760710163,-0.35041488181342006,36146.543999999994,US30
2023-12-05 17:27:00,-1,36093.28399999999,36100.873557596766,36081.89966360483,36094.279,-0.1311011857177169,sl,2,0.0,0.0,36093.293999999994,US30
2023-12-05 18:42:00,-1,36130.259,36141.65620255146,36113.16319617281,36135.339,-0.44572341125509074,sl,2,0.0,-0.08335378753821585,36130.269,US30
2023-12-06 12:41:00,1,36167.814000000006,36160.041386101824,36179.47292084728,36179.462920847276,1.498713431525992,tp,12,1.5805493699964055,-0.2978406016724856,36167.774000000005,US30
2023-12-06 15:03:00,1,36219.068999999996,36198.3809918789,36250.10101218164,36198.370991878895,-1.0004833718134438,sl,4,0.5428265463870557,-1.0542339249062374,36219.028999999995,US30
2023-12-07 05:11:00,1,36036.249,36031.86044327504,36042.83183508745,36031.85044327504,-1.0022786534682717,sl,3,0.5126970302566947,-1.0299513674499328,36036.209,US30
2023-12-07 10:25:00,1,35985.579000000005,35972.80465310952,36004.740520335734,35972.794653109515,-1.000782818885988,sl,14,0.3131275543308692,-1.1022089912468012,35985.539000000004,US30
2023-12-07 15:06:00,1,36050.079000000005,36032.57383603864,36076.336745942055,36032.56383603864,-1.0005712600021404,sl,4,0.9797109034707535,-1.2499168844286836,36050.039000000004,US30
2023-12-07 15:12:00,-1,36055.734,36069.583700048315,36034.95944992752,36054.269,0.10577846414618748,sl,1,0.0,0.0,36055.744,US30
2023-12-07 19:12:00,1,36143.589,36135.19904770812,36156.17392843782,36156.16392843782,1.4988080981090064,tp,8,1.9880923537722055,-0.39690332962019187,36143.549,US30
2023-12-07 20:52:00,1,36120.414000000004,36104.898705648826,36143.68694152677,36104.888705648824,-1.0006445253164842,sl,9,0.7337920726673175,-1.0412306485683316,36120.374,US30
2023-12-08 00:15:00,1,36093.779,36090.78096597292,36098.27605104063,36098.278999999995,1.50098363105244,tp,1,1.6577530325209857,-0.19012459326685274,36093.739,US30
2023-12-08 01:46:00,1,36102.649,36096.24545472107,36112.254317918385,36112.24431791838,1.4984383650670905,tp,31,1.888016633503629,-0.919802975296261,36102.609,US30
2023-12-08 07:00:00,1,36127.318999999996,36125.50981135494,36130.03278296758,36125.49981135494,-1.0055273395780817,sl,1,2.7360330905954813,-2.807888505090436,36127.278999999995,US30
2023-12-08 19:36:00,-1,36223.988999999994,36234.455382924396,36208.28942561339,36233.219,-0.8818710405181072,sl,7,0.0,-0.633456662907598,36223.998999999996,US30
2023-12-11 08:06:00,1,36230.449,36219.165546510194,36247.37418023471,36219.15554651019,-1.0008862534871146,sl,9,0.46528308064041163,-1.3781241721828104,36230.409,US30
2023-12-11 10:53:00,1,36231.949,36225.31417495544,36241.90123756684,36225.30417495544,-1.0015071987482531,sl,3,0.0,-1.1288918622112427,36232.929000000004,US30
2023-12-11 13:31:00,1,36230.774,36220.23478369307,36246.58282446039,36220.22478369307,-1.0009488371536188,sl,10,0.44642788068687916,-1.126744119692821,36230.734,US30
2023-12-11 14:27:00,-1,36233.68899999999,36239.91367582968,36224.35198625545,36225.239,1.3575004114569453,tp,1,0.0,0.0,36233.69899999999,US30
2023-12-12 05:57:00,1,36421.539,36418.436042356625,36426.19343646505,36418.42604235662,-1.0032227317132083,sl,9,1.3535473192731422,-2.1721211742592237,36421.498999999996,US30
2023-12-12 07:15:00,1,36417.549,36413.78662588957,36423.19256116565,36423.182561165646,1.4973421037598817,tp,2,2.1715012277338146,-0.4917108043213287,36417.509,US30
2023-12-13 01:32:00,-1,36635.223999999995,36637.6251624372,36631.622256344184,36634.269,0.3977240294935372,tp,1,0.0,0.0,36635.234,US30
2023-12-13 06:19:00,1,36622.899,36620.46202500627,36626.55446249059,36620.45202500627,-1.0041034479335185,sl,3,0.9848275038444103,-1.7111377879279088,36622.859,US30
2023-12-14 07:28:00,1,37194.024,37185.50253057799,37206.806204133005,37185.49253057799,-1.0011735065288405,sl,6,0.5497878086503404,-1.0309254853758931,37193.984,US30
2023-12-14 16:36:00,1,37158.554,37147.23496771125,37175.53254843311,37147.22496771125,-1.0008834677512122,sl,2,0.7655248062695467,-1.2602667468474942,37158.513999999996,US30
2023-12-14 20:53:00,1,37209.939000000006,37186.861860989695,37244.55470851547,37244.54470851547,1.499566670721132,tp,7,2.5926090739957957,-0.24526437170026097,37209.899000000005,US30
2023-12-15 00:55:00,-1,37258.729,37266.767302562555,37246.67154615617,37265.537000000004,-0.8469449796176498,sl,6,0.0,-0.6879561893774228,37258.739,US30
2023-12-15 01:18:00,-1,37262.369,37267.589916605946,37254.53762509108,37265.259,-0.5535426474169814,sl,4,0.0,-0.5458811574871659,37262.379,US30
2023-12-15 07:00:00,-1,37308.384,37313.92763459144,37300.06854811283,37313.289000000004,-0.8847985773770162,sl,7,0.0,-0.8703676117925884,37308.394,US30
2023-12-15 12:35:00,-1,37360.274,37369.17916788395,37346.916248174064,37351.539000000004,0.9808911088283261,tp,7,0.977522278460412,-0.14092940373040186,37360.284,US30
2023-12-15 17:54:00,1,37259.28400000001,37250.073593725174,37273.09960941225,37273.08960941225,1.4989142715633512,tp,9,1.6258783329579745,-0.8734685267888829,37259.244000000006,US30
2023-12-18 01:39:00,1,37333.939000000006,37330.19193827241,37339.5595925914,37330.181938272406,-1.0026687577438038,sl,2,0.14945043362194885,-1.6653048317957517,37333.899000000005,US30
2023-12-18 14:31:00,1,37336.549,37317.32662572765,37365.38256140852,37317.316625727646,-1.0005202270989189,sl,3,1.0763498674439231,-1.081552138431976,37336.509,US30
2023-12-18 14:42:00,1,37336.304,37321.25388048469,37358.87917927295,37358.86917927295,1.499335553449136,tp,5,1.9577917617225826,-0.29933317110313845,37336.263999999996,US30
2023-12-18 17:15:00,-1,37366.238999999994,37373.353749943104,37355.56687508533,37355.779,1.4701851904326635,tp,9,0.8067746647300545,0.0,37366.248999999996,US30
2023-12-18 19:23:00,-1,37315.114,37325.51561533019,37299.51157700473,37312.039000000004,0.29562716005017514,sl,1,0.0,0.0,37315.124,US30
2023-12-18 19:45:00,-1,37323.25399999999,37331.53092002734,37310.83861995897,37327.769,-0.545492766039679,sl,11,0.5986526369257111,-0.36668229123585305,37323.263999999996,US30
2023-12-19 08:04:00,-1,37306.379,37309.59967574121,37301.54798638819,37301.58798638819,1.4875802461299952,tp,1,0.0,0.0,37306.389,US30
2023-12-19 10:41:00,1,37327.844000000005,37321.15451081599,37337.87823377602,37321.14451081599,-1.0014948824531977,sl,12,0.8154583780524323,-1.0531446880641095,37327.804000000004,US30
2023-12-19 18:40:00,-1,37502.089,37506.80141906128,37495.02037140808,37505.329,-0.6875449653064267,sl,2,0.0,-0.35226069210240346,37502.099,US30
2023-12-20 14:34:00,1,37475.799000000006,37464.07365696809,37493.38701454789,37493.377014547885,1.499147146486787,tp,3,2.2148605741682994,-0.6473158166326426,37475.759000000005,US30
2023-12-21 02:41:00,1,37146.15900000001,37138.14700644148,37158.17699033779,37155.269,1.137045347509131,time,60,1.4503256792602104,-0.17973054889410234,37146.119000000006,US30
2023-12-21 12:09:00,-1,37237.074,37248.1476936685,37220.46345949725,37246.639,-0.8637587679720352,sl,10,0.04379749110996737,-0.8086732636894094,37237.084,US30
2023-12-21 16:22:00,1,37293.794,37259.290971876486,37345.54854218528,37259.280971876484,-1.0002898296336842,sl,35,1.0574434182817107,-1.3774153338040027,37293.754,US30
2023-12-21 18:47:00,1,37212.564,37194.24190443517,37240.04714334724,37240.03714334724,1.4994542109025326,tp,10,1.621812302793867,-0.29172427253690064,37212.524,US30
2023-12-21 19:50:00,-1,37246.734,37259.290769433275,37227.89884585008,37239.739,0.5570700359805023,tp,7,0.5602555687095546,-0.15887844485822747,37246.744,US30
2023-12-22 02:49:00,-1,37291.619,37295.34001866698,37286.03747199952,37293.339,-0.46223901408037554,sl,3,0.0,-0.45148926956665103,37291.629,US30
2023-12-22 03:49:00,-1,37295.278999999995,37298.859792789095,37289.907810816345,37295.269,0.002792677650938433,sl,1,0.0,0.0,37295.289,US30
2023-12-22 04:29:00,1,37297.249,37294.016018423885,37302.09847236418,37293.759,-1.0794988829460592,sl,11,0.0,-1.0764057629369923,37297.749,US30
2023-12-22 16:57:00,1,37447.264,37430.62422064537,37472.223669031955,37430.614220645366,-1.0006009695074023,sl,14,1.186013322616783,-1.2052443468497203,37447.224,US30
2023-12-22 20:10:00,-1,37408.744,37427.41928397049,37380.73107404426,37424.309,-0.833454528701942,sl,18,0.2663948782711422,-0.641221842672859,37408.754,US30
2023-12-26 04:45:00,-1,37443.384,37445.98524656231,37439.482130156524,37444.259,-0.3363771864908507,sl,6,0.22489217611069023,-0.3248442543830405,37443.394,US30
2023-12-26 13:20:00,-1,37424.818999999996,37432.965337798916,37412.59949330162,37423.109000000004,0.20991027406431564,sl,5,0.0,-0.1522156373345564,37424.829,US30
2023-12-26 18:56:00,-1,37538.259,37542.57643812849,37531.78284280726,37532.769,1.2715874174938058,tp,2,1.2808521709912342,0.0,37538.109,US30
2023-12-27 00:03:00,-1,37562.76899999999,37565.339757514805,37558.912863727775,37558.952863727776,1.484440383906141,tp,1,0.0,0.0,37562.778999999995,US30
2023-12-27 10:35:00,-1,37557.589,37562.95408587174,37549.54137119239,37561.859000000004,-0.7958866087303291,sl,7,0.5051177305986976,-0.7008275524179868,37557.599,US30
2023-12-28 07:30:00,1,37690.039,37688.39060642727,37692.51159035909,37692.50159035909,1.4939334876285189,tp,4,2.402338898620982,-0.20626142058621796,37689.998999999996,US30
2023-12-28 09:43:00,-1,37632.294,37639.727769968864,37621.14334504671,37638.139,-0.7862766839011842,sl,15,0.24012042442533454,-0.4338310189186775,37632.304000000004,US30
2023-12-28 13:42:00,-1,37646.754,37653.93403484801,37635.98394772799,37637.629,1.270885196682426,tp,5,1.2193534133645272,0.0,37646.764,US30
2023-12-29 01:55:00,1,37740.789,37738.867826342364,37743.67076048645,37744.289,1.8218030348765675,tp,1,1.8270081864058467,-0.5621563650447482,37740.748999999996,US30
2023-12-29 07:52:00,-1,37757.484,37761.01779062529,37752.18331406206,37761.05779062529,-1.0113192897492596,sl,9,0.27873751006754033,-0.1627147901432911,37757.494,US30
2024-01-02 06:46:00,-1,37734.464,37736.52109889427,37731.3783516586,37735.809,-0.6538334174147122,sl,3,0.0,-0.405911452446276,37734.474,US30
2024-01-02 14:30:00,-1,37498.804,37505.74012324545,37488.399815131816,37484.339,2.0854589066705462,sl,1,0.0,0.0,37498.814,US30
2024-01-02 15:40:00,-1,37677.229,37686.033206385924,37664.022690421116,37664.06269042112,1.495456717135975,tp,1,0.0,0.0,37677.239,US30
2024-01-02 18:29:00,1,37736.319,37724.03224464591,37754.749133031146,37724.02224464591,-1.0008138845214904,sl,2,0.9343394304804734,-1.4674337919490092,37736.279,US30
2024-01-04 01:52:00,-1,37476.903999999995,37481.17588027038,37470.496179594425,37477.439,-0.12523759238122079,sl,4,0.0,0.0,37476.914,US30
2024-01-04 02:07:00,1,37472.159,37468.083577245125,37478.27213413231,37466.629,-1.3569144436325853,sl,8,1.236681518247894,-1.3642756431456786,37472.144,US30
2024-01-04 09:49:00,-1,37471.929,37486.422393885776,37450.188909171324,37484.519,-0.8686716237220905,sl,6,0.0,-0.6547810730043457,37471.939,US30
2024-01-04 10:16:00,-1,37476.039,37489.30861475288,37456.134577870675,37485.999,-0.7505869752429436,sl,4,0.0,-0.7475725697198157,37476.049,US30
2024-01-04 14:36:00,1,37484.944,37458.5276075934,37524.56858860991,37524.55858860991,1.4996214471739941,tp,3,1.694213173060414,-0.08839208488676452,37484.904,US30
2024-01-04 19:19:00,1,37551.294,37532.158104087815,37579.99784386828,37532.14810408781,-1.000522578093439,sl,6,0.8316830355387637,-1.074681848938465,37551.254,US30
2024-01-05 06:07:00,1,37470.068999999996,37466.906341486945,37474.812987769576,37466.89634148694,-1.0031618968537932,sl,1,0.9928356118909117,-1.1287971765718108,37470.028999999995,US30
2024-01-05 14:32:00,-1,37424.348999999995,37441.95968591797,37397.932971123024,37397.972971123025,1.497728651786561,tp,1,0.0,0.0,37424.359,US30
2024-01-05 19:37:00,1,37476.279,37465.819610686936,37491.9680839696,37465.809610686934,-1.0009560787635607,sl,4,1.4312499087590687,-2.922732779609947,37476.239,US30
2024-01-08 08:15:00,-1,37323.087999999996,37338.68934878257,37299.685976826135,37330.119,-0.45066616341881793,sl,3,0.0,-0.3833642900597493,37323.098,US30
2024-01-08 14:32:00,1,37329.329000000005,37305.425117076134,37365.18482438581,37305.41511707613,-1.0004183420757993,sl,7,1.4407701087593123,-1.088944423084178,37329.289000000004,US30
2024-01-08 18:45:00,-1,37457.598999999995,37467.33825796805,37442.99011304791,37454.779,0.2895497797925435,sl,3,0.0,0.0,37457.609,US30
2024-01-09 02:13:00,-1,37626.884,37631.22331440774,37620.375028388386,37629.399,-0.5795846448721044,sl,4,0.0,-0.5657575758100825,37626.894,US30
2024-01-09 10:40:00,1,37562.839,37557.76591351099,37570.44862973351,37557.75591351099,-1.001971186579158,sl,5,0.9560254906965581,-1.4271390830192185,37562.799,US30
2024-01-09 12:56:00,1,37546.219000000005,37535.93187341644,37561.649689875354,37535.92187341644,-1.0009720887480877,sl,5,0.3868913216597283,-1.7050436637994306,37546.179000000004,US30
2024-01-09 21:11:00,1,37504.794,37479.080043365364,37543.364934951955,37509.229,0.1724744294708637,time,60,0.6006465756885767,-0.10014017043708233,37504.754,US30
2024-01-10 05:37:00,1,37476.579000000005,37472.44477221919,37482.78034167123,37472.43477221919,-1.0024188314075106,sl,2,0.15722404145475896,-1.3497079251164399,37476.539000000004,US30
2024-01-10 08:30:00,1,37488.639,37480.694797103264,37500.55530434511,37480.68479710326,-1.0012587795316938,sl,3,0.6835172855705177,-1.4010216184903568,37488.599,US30
2024-01-10 16:57:00,-1,37573.208999999995,37581.572581873,37560.663627190486,37567.829,0.6432650605553635,tp,4,0.5966343219649658,0.0,37573.219,US30
2024-01-10 18:02:00,-1,37581.753000000004,37590.348958094044,37568.859062858945,37568.899062858945,1.4953466501856718,tp,1,0.0,0.0,37581.763000000006,US30
2024-01-10 18:15:00,-1,37577.339,37606.77691925761,37533.18212111358,37603.299,-0.8818558055284151,sl,40,0.12195155400015552,-0.7527705951661563,37577.349,US30
2024-01-10 23:53:00,-1,37708.614,37714.174928752065,37700.272606871906,37701.789000000004,1.2273129731187786,tp,17,1.0996364586991987,-0.21129564006004717,37708.624,US30
2024-01-11 05:31:00,1,37757.034,37752.81612234633,37763.360816480505,37752.80612234633,-1.0023708606135937,sl,3,1.1273442215335037,-1.0253972151696757,37756.994,US30
2024-01-12 06:07:00,1,37685.774,37682.24556972247,37691.066645416286,37692.199,1.8209230435776365,tp,1,1.823757165046816,-0.4180329166183887,37685.734,US30
2024-01-12 13:12:00,1,37543.864,37538.27910569088,37552.24134146368,37565.028999999995,3.7896867565491172,tp,1,3.8863761422598673,-0.04923996494480686,37543.824,US30
2024-01-15 03:44:00,-1,37616.238999999994,37619.13027595584,37611.90208606623,37611.94208606623,1.4861652776795593,tp,1,0.0,0.0,37616.248999999996,US30
2024-01-17 10:20:00,-1,37227.291,37235.99770653744,37214.23094019383,37218.639,0.9937167358043774,tp,10,0.7222018995310098,0.0,37227.301,US30
2024-01-18 03:43:00,1,37268.733,37266.54935553161,37272.00846670258,37266.53935553161,-1.0045795000728415,sl,7,1.0505373164966008,-1.2392127194576883,37268.693,US30
2024-01-18 05:27:00,-1,37242.083,37246.50129103191,37235.455563452124,37239.579,0.5667349619828042,tp,6,0.5757882361360788,-0.3404031081558793,37242.093,US30
2024-01-18 07:01:00,-1,37268.553,37272.59804895979,37262.485426560306,37271.127,-0.6363334598877199,sl,2,0.0,-0.6264448280322191,37268.563,US30
2024-01-19 00:47:00,1,37459.208999999995,37456.96456434691,37462.575653479624,37462.56565347962,1.4955445370043636,tp,1,1.6904026608157987,-0.30920913194482247,37459.168999999994,US30
2024-01-19 07:04:00,-1,37447.297,37449.985444346974,37443.264333479536,37443.30433347954,1.4851215071474788,tp,1,0.0,0.0,37447.307,US30
2024-01-19 07:16:00,-1,37448.814999999995,37451.90311018131,37444.182834728024,37445.543,1.0595476870599054,sl,1,0.0,0.0,37448.825,US30
2024-01-19 11:57:00,-1,37588.447,37597.19396738193,37575.32654892711,37579.879,0.9795394936193378,sl,1,0.0,0.0,37588.457,US30
2024-01-22 04:08:00,-1,37936.797,37938.99609400541,37933.498358991885,37933.567,1.4687866876317468,tp,4,1.0431568611250641,0.0,37936.807,US30
2024-01-22 06:03:00,-1,37925.522999999994,37929.426808488526,37919.66728726719,37926.555,-0.2643572303913136,sl,2,0.0,-0.14754822161492673,37925.532999999996,US30
2024-01-22 11:05:00,-1,37911.37099999999,37914.69537728328,37906.384434075066,37913.891,-0.7580367044019719,sl,2,0.0,-0.4307573653590394,37911.380999999994,US30
2024-01-22 14:32:00,1,37985.085,37963.77481059467,38017.050284108,38017.040284108,1.499530740914208,tp,2,1.8502885755737881,-0.540117207833069,37985.045,US30
2024-01-23 05:22:00,1,37993.303,37988.91030301953,37999.8920454707,37988.90030301953,-1.0022765057654794,sl,5,0.790402801613793,-1.0280700034818115,37993.263,US30
2024-01-23 06:01:00,1,37986.671,37982.78287886529,37992.503181702064,37992.49318170206,1.497428063669004,tp,4,1.5729962591429496,-0.49998442246265107,37986.631,US30
2024-01-23 08:02:00,1,38005.255,37995.755645425466,38019.5040318618,38019.494031861796,1.4989472969010746,tp,5,1.8733904351476076,-0.07537354189515529,38005.215,US30
2024-01-23 11:20:00,1,37989.359000000004,37980.36467203179,38002.850491952326,37980.35467203179,-1.00111181180377,sl,1,0.13519631531012558,-1.0891308427514947,37989.319,US30
2024-01-24 06:27:00,1,37942.064999999995,37937.35796465925,37949.125553011116,37937.347964659246,-1.0021244794819089,sl,6,0.3581872405771894,-1.12894839645607,37942.024999999994,US30
2024-01-25 03:18:00,-1,37872.204999999994,37875.80602498461,37866.80346252307,37866.84346252307,1.4888920515209503,tp,12,0.823654379701629,-0.41599267053323635,37872.215,US30
2024-01-25 05:08:00,-1,37888.473,37893.616623684284,37880.75756447357,37890.827,-0.45765400901919345,sl,30,0.9110308777677215,-0.39388573588596526,37888.483,US30
2024-01-25 13:17:00,1,37766.447,37752.456063890284,37787.43340416458,37787.423404164576,1.4992852515428574,tp,2,1.6530702319436315,-0.030019435204666614,37766.407,US30
2024-01-25 14:32:00,1,37905.017,37882.23207601489,37939.194385977666,37939.18438597766,1.4995611133040334,tp,3,1.5886820611579577,-0.5153407581113836,37904.977,US30
2024-01-25 14:50:00,-1,37925.115,37945.52412323325,37894.50131515012,37894.54131515012,1.4980400921911203,tp,1,0.0,0.0,37925.125,US30
2024-01-26 07:19:00,-1,37920.241,37925.84624921507,37911.8331261774,37922.755,-0.44850815789536375,sl,5,0.0,-0.441371989909589,37920.251000000004,US30
2024-01-26 11:22:00,-1,37996.297,38002.445709402986,37987.07393589552,37993.555,0.4459472419799606,sl,1,0.0,0.0,37996.307,US30
2024-01-26 11:56:00,1,37992.311,37987.870825291764,37998.97126206236,37987.86082529176,-1.002252163632995,sl,3,1.1747285507310252,-1.1954484561513032,37992.271,US30
2024-01-26 15:16:00,1,38069.053,38051.54986114933,38095.307708276,38095.297708276,1.49942867390295,tp,6,2.2945598696694587,-0.5015100477057067,38069.013,US30
2024-01-26 16:39:00,-1,38153.467,38178.32518960632,38116.17971559051,38173.315,-0.7984491354492841,sl,19,0.34065232159298103,-0.6972350068321713,38153.477,US30
2024-01-29 03:21:00,1,38031.890999999996,38028.547937264,38036.905594104,38036.895594104,1.4970087309787175,tp,13,1.557852906535139,-0.774140422830688,38031.850999999995,US30
2024-01-29 06:57:00,1,38058.640999999996,38055.49641236938,38063.35788144592,38063.347881445916,1.4968199327923601,tp,2,1.6682632561831647,-0.09985411026274187,38058.600999999995,US30
2024-01-30 09:07:00,-1,38295.640999999996,38302.938016867156,38284.695474699256,38301.691,-0.8291059360477518,sl,3,0.0,-0.6865819404295748,38295.651,US30
2024-01-30 09:42:00,-1,38291.153,38295.78072978017,38284.21140532974,38293.679000000004,-0.5458399949859657,sl,9,0.10329038701516154,-0.5371964479551385,38291.163,US30
2024-01-30 11:04:00,1,38286.333,38279.635322999544,38296.37951550068,38279.62532299954,-1.00149305498031,sl,3,0.49897897431859217,-1.3745064145931647,38286.293,US30
2024-01-30 14:00:00,-1,38255.415,38262.972526675774,38244.07870998634,38258.691,-0.4334751487546462,sl,13,0.0,-0.4250067697803916,38255.425,US30
2024-01-30 18:47:00,-1,38437.753,38442.993447554654,38429.89232866801,38432.827,0.9399960496926715,tp,2,0.756805589338583,0.0,38437.763,US30
2024-01-31 01:03:00,1,38483.314999999995,38478.2589207801,38490.89911882984,38490.88911882984,1.498022182887743,tp,15,1.760257229550477,-0.7966647326545389,38483.274999999994,US30
2024-01-31 13:02:00,-1,38516.041,38530.974812252425,38493.64028162135,38522.639,-0.44181618788817956,sl,20,0.8867126341330333,-0.40003181364696777,38516.051,US30
2024-01-31 14:47:00,1,38529.821,38513.19986036237,38554.75270945645,38513.18986036237,-1.0006016434624854,sl,2,0.8688934883440853,-1.1201397982271977,38529.781,US30
2024-01-31 15:48:00,-1,38500.723,38513.88240983964,38480.98388524053,38482.803,1.361763195945964,tp,5,1.004908287008034,0.0,38500.733,US30
2024-02-01 14:30:00,-1,38177.309,38187.712216955384,38161.70417456693,38137.067,3.8682265469024815,sl,1,0.0,0.0,38177.319,US30
2024-02-01 19:40:00,-1,38430.973,38442.88820890685,38413.10018663972,38427.803,0.2660465313516482,sl,6,0.1465354081198791,0.0,38430.983,US30
2024-02-02 05:33:00,1,38519.303,38515.381962190724,38525.18455671391,38525.17455671391,1.4974496547873068,tp,6,1.65670424922505,-0.01020138084520579,38519.263,US30
2024-02-02 16:22:00,-1,38470.710999999996,38504.79893500319,38419.579097495196,38494.755,-0.7053522015266233,sl,8,0.08542611923319753,-0.5428313565566584,38470.721,US30
2024-02-05 00:13:00,1,38657.314999999995,38636.05743178192,38689.20135232711,38636.04743178192,-1.0004704206943829,sl,7,0.18459308043850745,-1.0401942392070633,38657.274999999994,US30
2024-02-05 08:48:00,-1,38591.492999999995,38598.83690968354,38580.47713547468,38583.103,1.1424432436572083,tp,4,0.9387370347761769,0.0,38591.503,US30
2024-02-06 04:19:00,-1,38363.253,38366.35710137777,38358.59684793334,38365.315,-0.6642824280066733,sl,10,0.0,-0.651396250935491,38363.263,US30
2024-02-06 04:58:00,-1,38368.73499999999,38372.061173410635,38363.745739884034,38371.039000000004,-0.6926878774989798,sl,3,0.0,-0.44856350400497136,38368.744999999995,US30
2024-02-06 15:54:00,-1,38451.23499999999,38475.743659742235,38414.47201038663,38468.279,-0.695427664313814,sl,27,0.7532031614187156,-0.6520144376749079,38451.244999999995,US30
2024-02-07 02:51:00,1,38551.517,38546.34981258384,38559.26778112425,38559.257781124245,1.4980647111875367,tp,10,1.6972482888013285,-0.33712731118474654,38551.477,US30
2024-02-07 08:38:00,-1,38540.029,38546.881690654554,38529.74996401818,38544.615,-0.6692261815363408,sl,18,0.6482125378083403,-0.4462480730785481,38540.039000000004,US30
2024-02-08 20:30:00,-1,38708.496999999996,38719.22678121509,38692.402328177355,38704.779,0.34651219120510457,tp,20,0.35135851555794123,-0.345393808663342,38708.507,US30
2024-02-09 00:45:00,1,38708.779,38706.46724694982,38712.24662957528,38716.753,3.449330368293381,tp,1,3.4536560898496873,-0.45506590763211585,38708.739,US30
2024-02-09 11:15:00,-1,38742.640999999996,38747.403776171086,38735.49683574336,38745.591,-0.6193866547646693,sl,5,0.0,-0.49592924696698193,38742.651,US30
2024-02-12 08:05:00,-1,38649.496999999996,38657.72352005277,38637.15721992083,38655.043,-0.6741611233452725,sl,3,0.0,-0.3654035948027312,38649.507,US30
2024-02-12 10:02:00,-1,38627.064999999995,38630.3810388269,38622.09094175964,38630.139,-0.9270096523203861,sl,9,0.5325631249153951,-0.9149470673842993,38627.075,US30
2024-02-13 02:03:00,1,38766.803,38764.39629898974,38770.41305151539,38764.38629898974,-1.004155065361011,sl,1,0.39390019614221544,-1.0803169936421637,38766.763,US30
2024-02-13 02:05:00,-1,38766.615,38770.54396362676,38760.72155455985,38760.76155455985,1.4898191981904862,tp,5,1.1748645287908586,0.0,38766.625,US30
2024-02-13 04:32:00,1,38753.523,38749.97487709435,38758.84518435848,38749.964877094346,-1.002818391658898,sl,21,0.8387533575177998,-1.0766256134795638,38753.483,US30
2024-02-14 03:32:00,1,38242.071,38239.349855319524,38246.15271702073,38239.33985531952,-1.0036749240397886,sl,1,1.0025192778484777,-1.2288945986566815,38242.031,US30
2024-02-14 13:47:00,1,38377.835,38360.16081473657,38404.34627789514,38360.15081473657,-1.0005657969435642,sl,5,0.6769194631423945,-1.0365400003985732,38377.795,US30
2024-02-15 06:13:00,-1,38417.741,38421.53948702035,38412.043269469475,38420.291,-0.6713199193083156,sl,4,0.0,-0.6607894107698981,38417.751000000004,US30
2024-02-15 16:13:00,-1,38584.729,38601.13657900927,38560.11763148609,38563.803,1.2753862095180963,tp,12,1.1842088335533596,0.0,38584.739,US30
2024-02-16 02:14:00,-1,38714.991,38718.720288423756,38709.39706736437,38717.291,-0.6167396400196818,sl,3,0.0,-0.4848109865895713,38715.001000000004,US30
2024-02-16 13:06:00,1,38724.62100000001,38719.44729478888,38732.3815578167,38732.371557816696,1.4980671492491437,tp,3,1.6270737617375772,-0.40241952624813176,38724.581000000006,US30
2024-02-19 14:42:00,-1,38648.961,38654.91103526681,38640.035947099794,38642.755,1.0430190279089446,tp,1,0.0,0.0,38648.971000000005,US30
2024-02-19 14:49:00,1,38648.267,38630.34101644687,38675.15597532969,38630.33101644687,-1.0005578494464418,sl,26,0.2773627447144666,-1.0601370878021485,38648.257,US30
2024-02-20 01:35:00,1,38566.517,38560.69002598471,38575.257461022935,38560.68002598471,-1.0017161566150454,sl,6,0.7225019347867431,-1.592250107114408,38566.477,US30
2024-02-20 03:57:00,1,38507.791,38504.91505361231,38512.10491958153,38512.09491958153,1.4965228837223044,tp,3,1.5507938601001785,-0.018081004645535165,38508.721000000005,US30
2024-02-20 13:40:00,-1,38498.279,38508.42622132853,38483.05816800721,38495.579,0.26608269521163125,sl,1,0.0,0.0,38498.289000000004,US30
2024-02-20 19:22:00,1,38532.523,38523.13637515748,38546.60293726378,38546.59293726378,1.498934654343834,tp,1,1.5741547412300474,-0.7176168338477249,38532.483,US30
2024-02-20 20:31:00,1,38580.779,38562.66633226998,38607.94800159503,38562.65633226998,-1.0005520997873474,sl,2,0.384261451915426,-2.2954100754077746,38580.739,US30
2024-02-21 01:50:00,1,38535.029,38530.07805286284,38542.45542070575,38542.44542070575,1.4979801844533271,tp,13,1.5693966800154069,-0.6717906509311269,38534.989,US30
2024-02-21 05:14:00,1,38537.303,38535.488288229375,38540.02506765594,38534.989,-1.2751336258769703,sl,2,0.535622249073133,-1.695035018669539,38537.263,US30
2024-02-21 06:14:00,1,38537.743,38534.86134255738,38542.065486163934,38542.05548616393,1.4965297748935174,tp,1,1.5518846667363173,-0.18739215564401504,38537.703,US30
2024-02-21 09:48:00,-1,38503.183,38509.6986575244,38493.40951371339,38495.627,1.159668072131895,tp,11,1.1639654127906938,0.0,38503.193,US30
2024-02-21 14:28:00,1,38506.043,38500.52354451225,38514.32218323162,38514.589,1.5483411396244733,tp,1,1.5501529125474074,-0.9906774340587077,38506.003,US30
2024-02-21 18:01:00,1,38456.147000000004,38446.462932852366,38470.67310072146,38506.693,5.219501189881889,tp,1,5.22053381386617,-0.14911090330009547,38456.107,US30
2024-02-21 18:09:00,-1,38480.693,38508.60954663176,38438.81818005236,38502.791,-0.7915735528283414,sl,5,0.0,-0.7901407108465409,38480.703,US30
2024-02-21 19:14:00,1,38506.284999999996,38475.38113410305,38552.640798845416,38475.37113410305,-1.0003235841119484,sl,2,0.2562138997887684,-1.1975847980771461,38506.244999999995,US30
2024-02-22 04:07:00,-1,38650.132999999994,38654.071564620106,38644.22515306983,38653.767,-0.9226711633596076,sl,5,0.0,-0.9125151791727242,38650.143,US30
2024-02-22 08:00:00,-1,38721.217,38727.83652389563,38711.28771415654,38718.803,0.3646787953418791,sl,1,0.0,0.0,38721.227,US30
2024-02-22 14:08:00,1,38846.085,38823.02905268045,38880.66892097932,38823.01905268045,-1.0004337275698734,sl,18,0.4761461261101999,-1.1529346260028364,38846.045,US30
2024-02-22 14:31:00,1,38821.989,38799.799256382634,38855.27361542605,38799.78925638263,-1.0004506586544881,sl,1,0.9120429847669588,-1.409930666144015,38821.949,US30
2024-02-22 14:36:00,1,38854.065,38821.659938069584,38902.67259289563,38902.66259289563,1.499691406236979,tp,13,2.4436305713603295,-0.7506851877720554,38854.025,US30
2024-02-23 10:11:00,-1,39049.547,39056.56549734195,39039.01925398707,39052.067,-0.3590512152709509,sl,9,0.035335198963057764,-0.42117277473754317,39049.557,US30
2024-02-23 13:30:00,1,39102.441,39099.90750581598,39106.24124127603,39106.23124127603,1.4960528821966605,tp,3,4.389984421578075,-0.7602148890446657,39102.401,US30
2024-02-23 14:34:00,-1,39162.23499999999,39200.5787399271,39104.719390109334,39191.539000000004,-0.7642446995446923,sl,15,0.0,-0.7300279016397526,39162.244999999995,US30
2024-02-26 17:02:00,-1,39144.009,39159.69451486257,39120.48072770615,39127.839,1.030887423312147,tp,8,1.033437546808337,0.0,39144.019,US30
2024-02-26 20:38:00,-1,39105.479,39126.28347255228,39074.27229117158,39119.327,-0.6656261034833119,sl,13,0.5998710118046027,-0.13093338430748863,39105.489,US30
2024-02-27 01:13:00,1,39059.053,39051.73340707789,39070.03238938317,39051.72340707789,-1.0013661961953961,sl,3,0.5391010185940075,-1.069185142299394,39059.013,US30
2024-02-27 05:01:00,-1,39055.246999999996,39057.51633560225,39051.842996596606,39056.291,-0.4600465435624442,sl,5,0.0,-0.4424202392110364,39055.257,US30
2024-02-27 06:41:00,1,39052.583,39049.854332724695,39056.67600091295,39049.84433272469,-1.0036647927332676,sl,1,0.25360365709145666,-1.0378693018507401,39052.543,US30
2024-02-27 06:45:00,-1,39054.98499999999,39061.71413001322,39044.89130498015,39058.267,-0.4877302108229614,sl,26,0.6345545399781679,-0.48178590599867577,39054.994999999995,US30
2024-02-27 17:45:00,-1,38904.48499999999,38911.499856330076,38893.962715504866,38894.00271550487,1.4942978162181744,tp,1,0.0,0.0,38904.494999999995,US30
2024-02-27 20:48:00,1,38942.803,38935.50482471854,38953.750262922185,38961.489,2.5603660201848286,tp,1,2.5617362256973544,-0.21758863534527573,38942.763,US30
2024-02-28 00:24:00,-1,38920.991,38923.183151296296,38917.70277305556,38922.039000000004,-0.47806919247499163,sl,3,0.0,-0.09670865343915416,38921.001000000004,US30
2024-02-28 02:17:00,-1,38929.967,38934.13260947817,38923.71858578274,38930.755,-0.18916799669523265,sl,11,0.540617168220164,0.0,38929.977,US30
2024-02-28 05:00:00,-1,38933.479,38936.028317780685,38929.655023328974,38933.815,-0.1317999672495115,sl,2,0.0,0.0,38933.489,US30
2024-02-28 06:11:00,-1,38929.009,38932.06520625832,38924.42469061252,38926.755,0.7375156679511081,tp,12,0.5712965200716807,-0.22707891462298233,38929.019,US30
2024-02-29 02:32:00,-1,38903.352999999996,38907.634523123335,38896.930715314986,38906.279,-0.6834016577082694,sl,4,0.0,-0.31530835198496676,38903.363,US30
2024-02-29 06:37:00,1,38927.041000000005,38924.89786385016,38930.25570422478,38924.887863850156,-1.0046660591314978,sl,1,1.0367983388049322,-1.090924624723517,38927.001000000004,US30
2024-02-29 13:07:00,1,38816.597,38808.28890917863,38829.05913623206,38829.04913623206,1.4987963540340328,tp,14,2.0435501206024678,-0.37096368663581514,38816.557,US30
2024-02-29 13:30:00,-1,38825.55299999999,38834.44996361456,38812.20755457814,38813.067,1.4034001419924833,sl,1,0.0,0.0,38825.562999999995,US30
2024-02-29 18:54:00,-1,38924.47299999999,38933.65965090426,38910.69302364359,38933.267,-0.9572585365059156,sl,9,0.40907181944282,-0.3023952938840327,38924.48299999999,US30
2024-03-01 14:33:00,1,38964.123,38935.25296887483,39007.42804668775,38935.24296887483,-1.0003463799522307,sl,8,0.8581909694721475,-1.2555580505904318,38964.083,US30
2024-03-04 05:28:00,1,39034.559,39031.52183598954,39039.11474601569,39030.740999999995,-1.2570937844819374,sl,8,0.30949925547771406,-1.5712026033376387,39034.519,US30
2024-03-05 00:50:00,-1,38939.121,38941.04314317859,38936.23778523211,38936.767,1.2246746372577468,sl,1,0.0,0.0,38939.131,US30
2024-03-05 02:25:00,1,38939.041,38935.600620054924,38944.20156991761,38935.59062005492,-1.002906655707128,sl,2,0.859788757995025,-1.4027520439744359,38939.001,US30
2024-03-05 02:58:00,1,38932.534999999996,38928.86272708418,38938.04340937371,38938.753,1.6932292731361542,tp,3,1.9780664908434153,-0.4727317494627174,38932.494999999995,US30
2024-03-05 07:43:00,-1,38909.496999999996,38912.161563734,38905.50015439899,38910.755,-0.47212231553984835,sl,8,0.47662586703761456,-0.4796282347073431,38909.507,US30
2024-03-05 23:47:00,1,38584.779,38577.5908897957,38595.561165306455,38577.580889795696,-1.0013911862391938,sl,14,0.20478261436682352,-2.0144376739427656,38584.739,US30
2024-03-06 03:15:00,1,38565.053,38560.832646950745,38571.38352957388,38560.82264695074,-1.0023694700147898,sl,4,0.6421263738770331,-1.0221893641717497,38565.013,US30
2024-03-06 07:01:00,1,38572.034999999996,38568.4085151158,38577.47472732629,38568.3985151158,-1.0027574911577917,sl,12,1.4482343557772752,-1.0467436432830557,38571.994999999995,US30
2024-03-06 07:31:00,1,38571.147000000004,38567.72934224764,38576.27348662855,38576.704999999994,1.6262599718037762,tp,8,2.092661266346304,-0.9901518072333195,38571.107,US30
2024-03-06 11:51:00,1,38651.079,38647.96294778192,38655.75307832712,38647.952947781916,-1.0032091888396528,sl,1,0.6328520390511098,-2.243864836227587,38651.039,US30
2024-03-06 12:00:00,-1,38655.029,38659.9377698169,38647.66584527466,38651.567,0.7052683521814311,sl,1,0.0,0.0,38655.039000000004,US30
2024-03-06 12:26:00,1,38650.109000000004,38644.795913051305,38658.07863042306,38658.068630423055,1.4981178550069,tp,3,1.7703455807923019,-0.6741843366367146,38650.069,US30
2024-03-06 15:14:00,1,38710.827,38683.827108483274,38751.32683727508,38751.31683727508,1.4996296281414374,tp,2,1.513932008752172,-0.07600030536141435,38710.787,US30
2024-03-07 03:01:00,1,38590.059,38584.1344378009,38598.94584329865,38584.1244378009,-1.0016878884322553,sl,3,0.1991708349656036,-1.1916492329291108,38590.019,US30
2024-03-07 06:10:00,1,38630.671,38624.6994706498,38639.6282940253,38639.6182940253,1.4983253871128779,tp,14,1.8574806133412018,-0.823909539997433,38630.631,US30
2024-03-08 06:06:00,1,38771.797,38769.4343762908,38775.34093556379,38775.33093556379,1.4957674173999373,tp,1,1.6786422588429801,-0.8710654989142603,38771.757,US30
2024-03-08 07:04:00,-1,38772.48499999999,38775.13744610585,38768.50633084121,38768.54633084121,1.4849195804911803,tp,1,0.0,0.0,38772.494999999995,US30
2024-03-11 08:23:00,-1,38676.059,38686.21228783203,38660.82906825196,38670.103,0.5866080129443478,tp,6,0.5870019740008046,0.0,38676.069,US30
2024-03-11 10:21:00,1,38580.835,38576.55416579083,38587.25625131375,38576.54416579083,-1.0023359932932288,sl,1,0.29246636025274536,-2.285535837629255,38580.795,US30
2024-03-11 18:37:00,-1,38731.021,38743.19560319766,38712.75909520351,38729.327,0.13914211186192862,sl,5,0.5189491515595848,0.0,38731.031,US30
2024-03-12 03:26:00,-1,38812.717,38816.097920929096,38807.645618606344,38813.827,-0.3283129133387538,sl,7,0.2857209678244906,-0.29163651581377825,38812.727,US30
2024-03-12 08:03:00,-1,38836.297,38844.443779680936,38824.07683047859,38835.639,0.08076811031670017,sl,3,0.0,0.0,38836.307,US30
2024-03-12 08:58:00,1,38763.061,38756.96363126822,38772.20705309768,38756.95363126822,-1.0016400517078643,sl,6,1.2362709771363223,-1.8837633912698846,38763.021,US30
2024-03-13 01:14:00,1,38985.155000000006,38980.61241317328,38991.96888024009,38980.117,-1.1090597036838845,sl,10,0.3346111055167454,-1.6519221946089824,38985.115000000005,US30
2024-03-13 08:40:00,-1,39012.703,39024.91515612251,38994.38476581624,39021.003000000004,-0.6796506625645088,sl,27,0.6786680351003603,-0.6334671717584649,39012.713,US30
2024-03-13 16:14:00,1,39161.227000000006,39145.288902308166,39185.13414653776,39185.12414653776,1.4993725725491822,tp,8,1.736217240916949,-0.10114130501493726,39161.187000000005,US30
2024-03-13 23:12:00,1,39069.721,39066.761596425866,39074.160105361196,39066.653,-1.036695375654921,sl,4,0.49131521388786475,-1.0333163164115495,39069.681,US30
2024-03-14 12:30:00,1,39191.527,39182.699785345874,39204.76782198119,39182.68978534587,-1.0011328601822729,sl,1,1.5180326439366263,-4.998632267243107,39191.487,US30
2024-03-14 12:38:00,-1,39196.435000000005,39199.204699321686,39192.28045101748,39192.479,1.4283138855679178,sl,1,0.0,0.0,39196.44500000001,US30
2024-03-14 16:24:00,-1,38972.670999999995,38979.017177721944,38963.15173341707,38964.203,1.334346495010032,sl,1,0.0,0.0,38972.681,US30
2024-03-15 08:53:00,1,38917.085,38908.23508620936,38930.35987068596,38930.34987068596,1.4988700454902764,tp,10,1.633236248615753,-0.5661072094623936,38917.045,US30
2024-03-15 12:07:00,1,38972.727,38966.85628672532,38981.53306991202,38966.84628672532,-1.0017033705333847,sl,4,1.2046236409641935,-1.3136393550784993,38972.687,US30
2024-03-15 12:54:00,-1,38975.077,38982.25113104144,38964.31580343783,38969.103,0.832714089760003,tp,5,0.8382896779071669,0.0,38975.087,US30
2024-03-19 03:46:00,1,38765.284999999996,38761.77577717239,38770.5488342414,38761.76577717239,-1.002849633805917,sl,1,0.9979417586289574,-3.0052238111063936,38765.244999999995,US30
2024-03-19 05:48:00,1,38776.827,38773.80074771071,38781.36637843393,38781.35637843393,1.4966955828377448,tp,3,1.796281169036404,-0.6978929045264177,38776.787,US30
2024-03-19 08:58:00,1,38789.365,38781.57138538395,38801.05542192407,38781.561385383946,-1.001283101679347,sl,2,0.44061711659814246,-1.35572523412172,38789.325,US30
2024-03-19 19:30:00,1,39028.534999999996,39013.21069722379,39051.52145416431,39051.511454164305,1.4993474417630561,tp,9,1.614429077870793,-0.4434785777364278,39028.494999999995,US30
2024-03-20 01:16:00,-1,39100.246999999996,39102.59983798217,39096.71774302673,39099.267,0.4165182674800753,tp,2,0.43351901309194874,0.0,39100.257,US30
2024-03-21 08:43:00,1,39641.585,39635.31253120257,39650.99370319614,39650.983703196136,1.4984057314073622,tp,9,2.065215534482025,-0.25221329130427206,39641.545,US30
2024-03-22 01:36:00,1,39824.279,39821.91590976982,39827.823635345274,39821.90590976982,-1.0042317470041213,sl,1,0.0,-3.4023245906207578,39824.549,US30
2024-03-22 08:12:00,-1,39779.511,39790.78783226933,39762.595751596,39781.055,-0.13691788288817183,sl,2,0.0,-0.13337078747648762,39779.521,US30
2024-03-22 13:30:00,1,39773.049,39757.93327168647,39795.722592470294,39795.71259247029,1.49933843743429,tp,1,1.6688577273129739,-0.022890064760423604,39773.009,US30
2024-03-25 04:32:00,1,39408.573,39403.73866815483,39415.824497767746,39415.814497767744,1.497931461818858,tp,33,1.6502797605795265,-0.47038558229538613,39408.532999999996,US30
2024-03-25 07:11:00,-1,39396.121,39400.91658885148,39388.92761672277,39389.355,1.4108799168431085,tp,12,0.8828947040958719,0.0,39396.131,US30
2024-03-26 01:54:00,-1,39355.140999999996,39358.41542684235,39350.22935973646,39353.639,0.45870623235928937,tp,21,0.6309501172157911,-0.2705817056424005,39355.151,US30
2024-03-26 16:49:00,1,39417.403,39399.47923516717,39444.28864724924,39399.46923516717,-1.000557918500678,sl,12,0.1894691227917089,-1.011394657822991,39417.363,US30
2024-03-26 18:53:00,-1,39395.693,39408.16678645883,39376.982320311756,39401.243,-0.44493306169062274,sl,17,0.015552615129026443,-0.441726336921613,39395.703,US30
2024-03-26 23:42:00,-1,39385.990999999995,39391.55952107504,39377.63821838742,39390.767,-0.8576783558220544,sl,17,0.21837036865002526,-0.6838440491982108,39386.001,US30
2024-03-27 00:46:00,-1,39397.841,39400.060749382545,39394.51137592619,39395.791,0.9235276811534573,sl,1,0.0,0.0,39397.851,US30
2024-03-27 08:01:00,1,39430.043,39421.162289951586,39443.364065072616,39443.35406507261,1.4988739639119482,tp,24,1.801207326080842,-0.7337251148247144,39430.049,US30
2024-03-28 02:46:00,1,39764.053,39760.464109110304,39769.43633633455,39760.217,-1.0688538932784337,sl,11,0.7551079381599011,-1.4907112432308758,39764.013,US30
2024-03-28 05:33:00,1,39764.041,39759.89699299307,39770.257010510395,39770.24701051039,1.4975868766675158,tp,6,1.8518308456446022,-0.061293332655107516,39764.001,US30
2024-03-28 12:31:00,1,39790.293,39769.4082446295,39821.620133055745,39769.3982446295,-1.0004788181534634,sl,6,0.753372482506062,-1.2109311098623428,39790.253,US30
2024-03-28 12:37:00,-1,39782.420999999995,39790.70466361114,39769.995504583276,39770.03550458328,1.4951712186927713,tp,1,0.0,0.0,39782.431,US30
2024-03-28 16:19:00,1,39782.034999999996,39775.72115292929,39791.505770606054,39775.71115292929,-1.0015838204330978,sl,6,1.4989276575794395,-1.0801655351525299,39781.994999999995,US30
2024-04-01 07:58:00,1,39941.055,39938.10325500624,39945.48261749065,39938.093255006235,-1.0033878265308036,sl,5,1.3700370487784779,-2.546290420034423,39941.301,US30
2024-04-01 19:04:00,-1,39536.377,39546.23228086776,39521.594078698356,39543.803,-0.7535046539657784,sl,3,0.0,-0.495774810029087,39536.387,US30
2024-04-02 02:17:00,-1,39430.979,39434.46204787841,39425.75442818238,39432.815,-0.5271245369269324,sl,7,0.0,-0.35486161636118274,39430.989,US30
2024-04-02 16:46:00,-1,39098.003,39118.682538966124,39066.983691550806,39104.827,-0.32998801429655,sl,4,0.0,-0.328053735197466,39098.013,US30
2024-04-03 02:26:00,-1,39134.659,39138.494064990744,39128.90640251388,39129.155,1.4351777644666806,tp,4,1.1754689974958534,0.0,39134.669,US30
2024-04-03 13:30:00,1,39139.503000000004,39123.13728293769,39164.051575593476,39186.429,2.8673354073838087,tp,1,2.974021841797811,-0.7853001460964218,39139.463,US30
2024-04-03 19:59:00,-1,39150.890999999996,39171.80234606182,39119.52398090726,39153.703,-0.1344724529779982,time,60,0.05815024993598968,-0.3466060950155045,39150.901,US30
2024-04-04 03:43:00,-1,39195.640999999996,39197.933331202374,39192.20250319643,39193.615,0.8838164388708695,tp,6,0.7040867385655384,-0.1788572260318347,39195.651,US30
2024-04-04 07:06:00,1,39201.753000000004,39195.008306083844,39211.870040874244,39211.86004087424,1.4985173530294567,tp,1,1.723132308813878,-0.057823231840405484,39201.713,US30
2024-04-04 07:13:00,-1,39208.882999999994,39214.23802643363,39200.85046034954,39204.891,0.7454678421222362,sl,1,0.0,0.0,39208.893,US30
2024-04-04 17:09:00,-1,39316.761,39326.59587000387,39302.00869499419,39306.079,1.086135352658226,tp,9,1.0902025136868045,0.0,39316.771,US30
2024-04-04 23:18:00,1,38606.683,38596.661446448976,38621.71533032653,38621.70533032653,1.4990021507193345,tp,13,2.2471565796012345,-0.4398519628273105,38606.643,US30
2024-04-05 00:21:00,1,38608.683,38599.87528380094,38621.89457429858,38599.240999999995,-1.0720145593487556,sl,15,1.0009405163336693,-1.2452717312999952,38608.643,US30
2024-04-05 08:43:00,-1,38662.291,38674.67262438612,38643.718563420814,38649.839,1.0056838756919806,tp,11,0.9866233717841355,-0.059442927442490794,38662.301,US30
2024-04-05 12:30:00,1,38693.208999999995,38685.86758189615,38704.22112715576,38685.85758189615,-1.0013621346530854,sl,1,1.4136233426846156,-15.20278485998804,38693.168999999994,US30
2024-04-05 14:21:00,1,38688.255,38663.16837622725,38725.884935659116,38663.15837622725,-1.0003986188054887,sl,7,1.3337785228935426,-1.4745706849634501,38688.215,US30
2024-04-08 04:56:00,-1,38884.091,38888.11078325365,38878.061325119525,38884.539000000004,-0.11144879505558189,sl,5,0.0726407324912614,0.0,38884.101,US30
2024-04-08 13:33:00,1,38944.339,38904.28765971075,39004.416010433866,39004.406010433864,1.4997503204653464,tp,14,1.7142996839593423,-0.6202039637276713,38944.299,US30
2024-04-08 15:03:00,-1,38953.627,38979.12774711563,38915.37587932656,38966.827,-0.5176318929066854,sl,2,0.0,-0.4362225133858523,38953.637,US30
2024-04-08 17:43:00,1,38914.427,38905.52460290832,38927.78059563752,38927.77059563752,1.4988767070371396,tp,2,1.89387193430698,-0.2952013904726434,38914.387,US30
2024-04-08 22:44:00,1,38919.147000000004,38916.06192117002,38923.774618244985,38923.76461824498,1.4967585917400754,tp,9,2.161371027276636,-0.27357485708338464,38919.107,US30
2024-04-09 00:40:00,1,38900.390999999996,38897.90275735196,38904.123363972045,38904.293,1.5681750343307852,tp,1,1.691153394277344,-0.22184331597744059,38900.350999999995,US30
2024-04-09 09:45:00,1,38889.227,38883.34088608767,38898.05617086848,38898.04617086848,1.4983010862252029,tp,3,1.9489938813415069,-0.6985933438003057,38889.187,US30
2024-04-10 11:45:00,1,38956.585,38944.22576914869,38975.12384627697,38975.11384627697,1.4991908881613503,tp,18,1.5546274870302526,-0.45067529419996255,38956.545,US30
2024-04-11 03:08:00,-1,38446.961,38451.19307622774,38440.6128856584,38448.327,-0.32277301411575365,sl,2,0.0,-0.2452696842266798,38446.971000000005,US30
2024-04-11 07:21:00,-1,38458.529,38477.3592170267,38430.283674459955,38475.339,-0.8927140869467435,sl,13,0.1556009681591065,-0.8243133883156917,38458.539000000004,US30
2024-04-11 08:01:00,1,38459.239,38446.79021271205,38477.91218093193,38477.90218093193,1.4991967089025842,tp,1,1.5111512121506558,-0.051410630224093076,38459.199,US30
2024-04-12 06:13:00,1,38488.803,38486.106389335655,38492.84791599652,38492.83791599652,1.4962916411587994,tp,3,1.8482460467490198,-0.7476051425069192,38488.763,US30
2024-04-12 17:47:00,-1,37965.127,37999.04974178427,37914.24288732359,37986.279,-0.6235345048026116,sl,3,0.0,-0.4023259701941163,37965.137,US30
2024-04-12 19:28:00,1,37902.034999999996,37875.243933518876,37942.22159972168,37942.211599721675,1.499626741249398,tp,16,1.9294491332186974,-0.8868627912493947,37901.994999999995,US30
2024-04-15 07:45:00,1,38125.347,38107.232219489495,38152.519170765765,38107.22221948949,-1.0005520353943145,sl,2,0.2570276795401927,-1.2723311765568848,38125.307,US30
2024-04-15 17:10:00,1,38021.809,37981.47120515304,38082.31569227045,37981.461205153035,-1.0002479064619167,sl,4,0.209580122861727,-1.2046766607932635,38021.769,US30
2024-04-16 00:23:00,1,37742.153,37739.46144221587,37746.19033667619,37746.18033667619,1.4962846794295088,tp,1,1.7038460132812348,-0.15827265627048487,37742.113,US30
2024-04-16 01:56:00,1,37703.433,37698.81872260595,37710.35441609107,37698.80872260595,-1.0021671865707389,sl,3,0.613313799394519,-1.3501572332943452,37703.393,US30
2024-04-16 04:37:00,-1,37656.246999999996,37662.32761458405,37647.12607812391,37660.779,-0.7453193977942918,sl,2,0.0,-0.3295719490684509,37656.257,US30
2024-04-16 08:41:00,1,37695.793,37683.50201449957,37714.229478250636,37683.49201449957,-1.0008136044096456,sl,4,0.8547727925997114,-1.016517349204122,37695.753,US30
2024-04-16 13:01:00,1,37933.841,37906.117222672045,37975.42666599194,37994.041,2.171421278127687,tp,1,2.2786938176817793,-0.1457954286743408,37933.801,US30
2024-04-16 16:53:00,1,37879.767,37856.38692592289,37914.83711111567,37856.37692592289,-1.0004277146414957,sl,5,0.7050448148979291,-1.434041649714956,37879.727,US30
2024-04-16 17:40:00,-1,37867.240999999995,37900.09470343741,37817.96044484387,37852.755,0.44092441595181664,tp,7,0.2877605569797302,0.0,37867.251,US30
2024-04-16 19:33:00,1,37874.791000000005,37856.77775292806,37901.81087060792,37856.767752928055,-1.000555146996102,sl,1,0.942195481592292,-1.0285763541688209,37874.751000000004,US30
2024-04-17 22:50:00,1,37755.173,37749.98483249858,37762.95525125213,37749.97483249858,-1.0019274628275388,sl,2,0.7644317572462076,-1.0712838393286734,37755.133,US30
2024-04-18 12:04:00,1,37843.723000000005,37832.36339170458,37860.762412443146,37832.35339170458,-1.0008803120443919,sl,11,0.7901680908848314,-1.169406519532675,37843.683000000005,US30
2024-04-18 12:39:00,1,37841.485,37818.23245329807,37876.363820052895,37818.22245329807,-1.0004300604200576,sl,4,0.4695399665229725,-1.0356715033714476,37841.445,US30
2024-04-18 13:24:00,1,37895.377,37867.39172224682,37937.35491662977,37867.38172224682,-1.0003573307397637,sl,11,1.2234289865538228,-1.2604484511858083,37895.337,US30
2024-04-19 07:31:00,1,37605.865,37594.87303905547,37622.352941416786,37594.86303905547,-1.000909755779929,sl,3,1.2472751740283832,-1.1690361769703814,37605.825,US30
2024-04-19 08:16:00,-1,37641.433,37657.738371880514,37616.97494217922,37651.043,-0.5893763153898711,sl,3,0.0,-0.5569943492582471,37641.443,US30
2024-04-19 15:08:00,-1,37958.739,38001.71933261007,37894.2685010849,37907.277,1.197338337673698,time,60,0.7445265789428838,-0.024104047993277214,37958.749,US30
2024-04-22 12:01:00,-1,38210.070999999996,38225.91553228512,38186.304201572304,38189.339,1.3084639941980964,tp,8,0.9764882750448131,0.0,38210.081,US30
2024-04-23 09:33:00,1,38271.347,38264.52011898645,38281.587321520325,38281.57732152032,1.4985352022421086,tp,3,1.7929124552934685,-0.41307296764116835,38271.307,US30
2024-04-23 19:56:00,1,38480.183,38469.35539040573,38496.4244143914,38469.34539040573,-1.0009235648842876,sl,1,1.5730157105980633,-1.0107494091580242,38480.143,US30
2024-04-23 19:59:00,-1,38500.467,38522.1119074616,38467.999638807596,38478.803,1.0008820799270177,tp,6,0.9570842488816141,0.0,38500.477,US30
2024-04-23 22:49:00,-1,38505.359000000004,38507.983329084745,38501.422506372895,38508.02332908475,-1.0152419908895738,sl,8,0.21338787245126067,-1.4693279217199806,38505.369000000006,US30
2024-04-24 02:49:00,-1,38540.740999999995,38542.71776866843,38537.77584699734,38540.291,0.2276442394006894,tp,3,0.24787928290354544,0.0,38540.751,US30
2024-04-24 05:59:00,-1,38569.259,38578.27509827681,38555.73485258478,38567.303,0.21694528386280293,tp,8,0.5039874079109373,0.0,38569.269,US30
2024-04-24 14:17:00,1,38450.291000000005,38437.32583292792,38469.73875060813,38469.72875060813,1.4992287025728186,tp,2,1.8066870924035696,-0.35109458865394144,38450.251000000004,US30
2024-04-24 16:57:00,-1,38368.729,38387.722198331925,38340.23920250211,38384.267,-0.8180823328676898,sl,2,0.0,-0.552092376267731,38368.739,US30
2024-04-25 04:49:00,1,38394.671,38391.958242526285,38398.740136210574,38398.73013621057,1.49631371395985,tp,8,1.5076909895644084,-0.9097753941929776,38394.631,US30
2024-04-26 08:15:00,1,38152.383,38144.60567997176,38164.04898004236,38164.03898004236,1.4987142100407689,tp,6,1.686956426167022,-0.8187910458718857,38152.343,US30
2024-04-29 04:16:00,1,38354.309,38349.263420078685,38361.87736988197,38362.204999999994,1.5649340855023048,tp,12,2.767967254070935,-0.018630167685478278,38354.269,US30
2024-04-29 13:02:00,-1,38308.778999999995,38318.868689417395,38293.64446587389,38296.079,1.2587106970899662,tp,10,1.2626751402304945,0.0,38308.789,US30
2024-04-30 02:39:00,1,38340.017,38336.90727776015,38344.68158335978,38336.897277760145,-1.003215721286577,sl,6,0.7338275974471329,-1.2264760984501237,38339.977,US30
2024-04-30 07:27:00,1,38364.549,38353.27281870881,38381.46327193679,38353.262818708805,-1.0008868250468665,sl,11,1.1541141157572619,-1.0196714386793928,38364.509,US30
2024-04-30 13:30:00,1,38212.067,38204.516283050776,38223.39307542384,38204.506283050774,-1.0013243775484209,sl,1,5.392865376070625,-1.6973222657113156,38212.027,US30
2024-04-30 13:37:00,-1,38226.873,38237.29803451234,38211.235448231484,38205.827,2.0187942759405453,sl,1,0.0,0.0,38226.883,US30
2024-05-01 04:20:00,-1,37853.597,37857.144880596956,37848.275179104574,37848.315179104575,1.48872566341752,tp,4,1.2959849900093727,0.0,37853.607,US30
2024-05-01 04:54:00,1,37848.40900000001,37844.48743981396,37854.29134027908,37854.28134027908,1.497449994510447,tp,4,1.6172134811424825,-0.17697038094159043,37848.369000000006,US30
2024-05-01 12:20:00,1,37750.817,37728.565457484015,37784.19431377399,37784.184313773985,1.4995505929536699,tp,13,2.3945306246394966,-0.7085351493576564,37750.777,US30
2024-05-01 22:35:00,-1,37980.021,37989.02000205703,37966.52249691446,37983.767,-0.4162683791226129,sl,3,0.0,-0.304700452630479,37980.031,US30
2024-05-02 05:12:00,-1,38065.223,38068.67524764574,38060.04462853138,38062.779,0.707944577211913,tp,10,1.012673585080383,0.0,38065.233,US30
2024-05-02 05:37:00,1,38059.534999999996,38056.26035878843,38064.446961817346,38056.25035878843,-1.0030537696669533,sl,2,1.4438222982422115,-1.3045704014558055,38059.494999999995,US30
2024-05-02 10:05:00,1,38039.597,38035.656828845094,38045.507256732366,38045.497256732364,1.4974620391842763,tp,2,1.6379999107297654,-0.9090975643383099,38039.557,US30
2024-05-03 05:29:00,1,38450.541000000005,38447.33542669274,38455.3493599609,38455.3393599609,1.4968804332194245,tp,3,1.9522248908847006,-0.729354713151029,38450.501000000004,US30
2024-05-03 18:32:00,-1,38719.423,38730.903072787136,38702.2028908193,38721.991,-0.22369196150720033,sl,4,0.0,-0.174563353138915,38719.433000000005,US30
2024-05-06 02:33:00,-1,38718.377,38722.25436123037,38712.56095815444,38712.855,1.4241644437832897,tp,29,1.434480738197017,-0.2388222156724461,38718.387,US30
2024-05-06 05:01:00,-1,38709.388999999996,38711.07214118603,38706.864288220946,38709.439,-0.0297063611881275,sl,1,0.0,0.0,38709.100999999995,US30
2024-05-06 05:21:00,1,38708.373,38706.646167935236,38710.96324809715,38710.95324809715,1.494209048926962,tp,2,1.5786132627642602,-0.03358751622741314,38708.333,US30
2024-05-06 07:01:00,-1,38734.852999999996,38742.44636152563,38723.46295771154,38725.739,1.2002589326510984,tp,4,0.7445977622567127,0.0,38734.863,US30
2024-05-06 08:19:00,-1,38723.361,38727.37880028718,38717.33429956922,38727.239,-0.9652047694791613,sl,3,0.0,-0.9552490730428624,38723.371,US30
2024-05-07 02:28:00,-1,38852.433,38855.92607443981,38847.193388340274,38855.567,-0.8972038970263783,sl,20,0.0,-0.8857526666875857,38852.443,US30
2024-05-07 05:14:00,-1,38864.289,38866.363143457966,38861.177784813044,38864.103,0.08967557151345941,sl,3,0.0,0.0,38864.289,US30
2024-05-07 12:07:00,1,38871.117000000006,38865.67665921483,38879.277511177774,38865.666659214825,-1.001838120146679,sl,11,0.7760543257687874,-1.239260602639653,38871.077000000005,US30
2024-05-07 16:31:00,1,38903.789000000004,38896.219668850856,38915.14299672373,38896.20966885085,-1.0013211206915107,sl,2,0.9213495700712083,-1.3906116396016326,38903.749,US30
2024-05-07 23:42:00,1,38877.339,38874.33628038687,38881.84307941969,38874.32628038687,-1.0033303142785364,sl,6,0.38631645623267075,-1.0403901804039282,38877.744999999995,US30
2024-05-08 01:45:00,1,38878.005,38873.8358653465,38884.258701980245,38873.825865346495,-1.002398579281588,sl,7,0.3017412735626786,-1.1402845902347867,38877.965,US30
2024-05-08 02:06:00,1,38876.797,38870.384149046615,38886.41627643007,38870.37414904661,-1.0015593688477604,sl,10,0.2654045778354901,-1.024505332769802,38876.757,US30
2024-05-08 09:23:00,1,38881.883,38877.90247772194,38887.8537834171,38887.8437834171,1.4974877668557443,tp,3,1.6751570608573856,-0.21504715718266273,38881.843,US30
2024-05-08 15:06:00,-1,38952.865,38970.2648829704,38926.765175544395,38963.815,-0.6293145774964297,sl,19,0.5539117714984062,-0.553681884895126,38952.875,US30
2024-05-08 17:05:00,1,38965.547,38941.22615534717,39002.02826697924,38941.21615534717,-1.0004111699303533,sl,20,0.3152851025305853,-1.1639398386068665,38965.507,US30
2024-05-09 00:15:00,-1,39054.776999999995,39061.726997251775,39044.352004122324,39049.539000000004,0.7536693627682091,time,60,0.9389931770586041,-0.5683455484809546,39054.787,US30
2024-05-09 02:55:00,-1,39043.789,39045.60846542673,39041.0598018599,39042.315,0.8101280619766669,tp,2,0.82551719748552,0.0,39043.531,US30
2024-05-09 23:40:00,-1,39453.965,39455.260286074445,39452.02207088833,39452.06207088833,1.4691187909809384,tp,2,1.1410606731221793,0.0,39453.975,US30
2024-05-10 02:42:00,-1,39432.923,39435.86785503198,39428.50571745203,39435.90785503198,-1.0135830115800257,sl,7,0.15212972969431182,-0.8706710422601319,39432.933000000005,US30
2024-05-10 12:32:00,-1,39497.253,39507.46286805794,39481.938197913085,39492.327,0.48247440339513353,tp,6,0.48639218174191157,0.0,39497.263,US30
2024-05-10 13:30:00,1,39498.297,39493.90729284252,39504.88156073621,39493.89729284252,-1.0022780562901576,sl,1,5.72202178845266,-2.5846826662857385,39498.257,US30
2024-05-10 17:48:00,-1,39472.723,39483.85956646415,39456.018150303775,39480.291,-0.6795631332477895,sl,11,0.17707432594685948,-0.6759713619303335,39472.733,US30
2024-05-13 01:36:00,-1,39507.789,39510.417703933956,39503.845944099055,39509.779,-0.757027055918187,sl,16,0.5668192529214006,-0.5379076668687233,39507.524999999994,US30
2024-05-13 09:13:00,1,39524.965000000004,39515.426138598894,39539.27329210167,39539.26329210167,1.498951656851075,tp,20,1.5278553054872444,-0.045917429930469184,39524.925,US30
2024-05-13 16:16:00,-1,39509.48499999999,39518.30121614673,39496.26067577989,39498.315,1.2669834557231885,tp,21,1.2148068765260507,0.0,39509.494999999995,US30
2024-05-14 04:03:00,1,39430.534999999996,39428.96773791391,39432.885893129125,39432.87589312912,1.4936194462363275,tp,7,2.074956083523871,-0.5308620730261427,39430.494999999995,US30
2024-05-14 05:07:00,1,39434.071,39432.03418466161,39437.126223007595,39437.11622300759,1.495090374754569,tp,11,2.2800299626807923,-0.8994433444535868,39434.031,US30
2024-05-14 06:37:00,1,39449.499,39444.3617935248,39457.20480971281,39444.351793524795,-1.001946583235519,sl,23,0.5450433058334369,-1.6102136520941652,39449.459,US30
2024-05-14 09:15:00,-1,39462.522999999994,39468.132371629916,39454.10894255511,39467.055,-0.8079336330350386,tp,46,0.8906523456819748,-0.6203903448721263,39462.532999999996,US30
2024-05-15 05:14:00,1,39567.890999999996,39565.09828262969,39572.080076055456,39572.070076055454,1.4964192581360498,tp,14,1.579823310054357,-0.8966177625481427,39567.850999999995,US30
2024-05-15 07:34:00,-1,39561.093,39568.24640991523,39550.362885127164,39551.703,1.3126606906744982,tp,17,1.3182524295060347,0.0,39560.865000000005,US30
2024-05-15 09:29:00,-1,39568.629,39573.603077690685,39561.167883463975,39563.667,0.9975718733330488,tp,8,1.005613565177909,0.0,39568.639,US30
2024-05-15 19:15:00,1,39834.623,39823.54160468812,39851.245092967816,39851.235092967814,1.4990975865655367,tp,2,1.6438363118835164,-0.1642392450388375,39834.583,US30
2024-05-16 04:36:00,-1,39964.771,39967.07628159048,39961.31307761428,39964.743,0.012146021602759629,sl,10,0.42164046423443213,-0.203012075372134,39964.781,US30
2024-05-16 11:02:00,1,39917.352999999996,39910.00072430919,39928.381413536204,39928.3714135362,1.498639876900353,tp,5,1.5295944375521147,-0.17708802753740482,39917.312999999995,US30
2024-05-17 07:37:00,-1,39866.803,39873.7008400535,39856.45623991975,39872.579,-0.8373635739884954,sl,10,0.000869837507783285,-0.7660368983650334,39866.813,US30
2024-05-17 11:05:00,1,39861.829000000005,39856.00394413641,39870.56658379539,39855.99394413641,-1.0017167217338705,sl,8,0.6307235648940769,-1.1718342553026029,39861.789000000004,US30
2024-05-17 16:30:00,-1,39900.229,39913.04106718767,39881.0108992185,39905.791,-0.4341219819196545,sl,6,0.0,-0.3882277486641435,39900.239,US30
2024-05-20 12:10:00,1,40028.435000000005,40018.0537522224,40044.00687166642,40043.996871666415,1.4990367246581275,tp,7,1.7785915908700773,-0.2211680184490385,40028.395000000004,US30
2024-05-20 13:31:00,1,39991.343,39968.88145181518,40025.03532227724,39968.871451815176,-1.0004452052868196,sl,3,1.035369414816866,-1.712081450644718,39991.303,US30
2024-05-21 00:06:00,1,39791.511,39788.38982177086,39796.1927673437,39796.1827673437,1.49679608171405,tp,2,2.479832752819533,-0.3883148961778954,39791.471,US30
2024-05-21 07:30:00,1,39814.091,39807.992690017396,39823.23846497391,39807.982690017394,-1.0016397985721557,sl,36,1.307247421456423,-1.3243013266032622,39814.051,US30
2024-05-21 14:29:00,-1,39860.729,39875.78486096267,39838.145208556,39867.315,-0.4374376208928523,sl,8,0.06734918730434254,-0.39758603077166504,39860.739,US30
2024-05-21 19:47:00,1,39854.029,39848.1495398968,39862.8481901548,39862.8381901548,1.4982991635581306,tp,4,2.4270936020525706,-0.055447267993803506,39853.989,US30
2024-05-22 13:30:00,-1,39799.814999999995,39813.085042799226,39779.909935801144,39798.139,0.12629951729238476,sl,1,0.0,0.0,39799.825,US30
2024-05-23 01:17:00,1,39613.403,39610.47090435743,39617.80114346385,39617.791143463844,1.4965894700510902,tp,2,1.6834375824394399,-0.034105299481653695,39613.363,US30
2024-05-23 11:06:00,1,39719.697,39714.11805250796,39728.06542123806,39728.05542123806,1.498207547209815,tp,3,1.5153395890644958,-0.44990565040879044,39719.657,US30
2024-05-24 05:48:00,-1,39089.782999999996,39097.26044517149,39078.56683224276,39089.803,-0.002674710351648918,tp,14,0.6076941917700833,-0.1947189135611191,39089.793,US30
2024-05-24 09:49:00,1,39108.347,39103.4340139229,39115.716479115654,39115.70647911565,1.4979645779895423,tp,11,1.9238808845919997,-0.5764315134543091,39108.307,US30
2024-05-24 10:59:00,1,39120.233,39116.96873322198,39125.12940016703,39126.505,1.9214115838272314,tp,1,1.9244750589296222,-0.37680743751828744,39120.193,US30
2024-05-24 13:48:00,1,39115.102999999996,39103.006882569905,39133.24717614513,39141.717,2.200210121455739,tp,1,2.20302094072863,-0.19642666448376814,39115.062999999995,US30
2024-05-24 14:16:00,-1,39107.967,39139.16678583192,39061.16732125211,39075.339,1.0457764093564028,tp,28,1.0470584694390057,-0.2342323770866142,39107.977,US30
2024-05-24 15:35:00,1,39188.529,39171.54258037834,39214.0086294325,39171.532580378334,-1.0005887055792078,sl,1,0.5869394623505371,-2.7215858921227722,39188.489,US30
2024-05-24 19:42:00,1,39058.999,39034.13783044813,39096.29075432781,39056.693,-0.09275508922429823,time,60,0.8160517130002422,-0.8762258732259904,39058.959,US30
2024-05-27 09:55:00,-1,39028.784999999996,39032.02924755582,39023.91862866626,39023.95862866626,1.4876704846605608,tp,1,0.0,0.0,39028.795,US30
2024-05-27 13:33:00,-1,39039.877,39049.4173253493,39025.56651197605,39046.291,-0.6723041159669202,sl,4,0.013207096759347357,-0.6182179101926154,39039.887,US30
2024-05-28 05:26:00,-1,39097.491,39100.56211858168,39092.88432212749,39098.291,-0.26049140686680344,tp,7,0.23704718025099442,0.0,39097.501000000004,US30
2024-05-28 06:00:00,1,39096.005,39092.39338699454,39101.422419508184,39092.38338699454,-1.0027688459386221,sl,1,2.6287423335940505,-1.461396886106638,39095.965,US30
2024-05-28 08:17:00,1,39094.859000000004,39085.534208181154,39108.84618772828,39085.52420818115,-1.0010724100008133,sl,2,0.715082988396437,-1.2139681206741566,39094.819,US30
2024-05-28 11:20:00,1,39031.829000000005,39024.15236744266,39043.34394883603,39024.142367442655,-1.001302654507342,sl,2,0.58228656466242,-1.27373557702019,39031.789000000004,US30
2024-05-28 17:24:00,-1,38849.217,38861.93031452068,38830.14702821897,38830.18702821897,1.4968536922505802,tp,6,1.2174637837217968,0.0,38849.227,US30
2024-05-29 01:30:00,1,38769.903,38757.3969043826,38788.662143426096,38757.3869043826,-1.0007996100707983,sl,10,0.5075924728391527,-1.0155047897066247,38769.863,US30
2024-05-29 12:26:00,1,38626.079,38615.82633098101,38641.458003528474,38615.81633098101,-1.00097535578136,sl,5,0.7252745588717122,-1.0791336362767474,38626.039,US30
2024-05-30 04:09:00,1,38130.653,38128.5595892539,38133.79311611915,38128.5495892539,-1.004776893412183,sl,1,1.5983485353931757,-1.1244807089984707,38130.613,US30
2024-05-30 12:30:00,-1,38094.272999999994,38102.52217812521,38081.89923281217,38080.103,1.7177468815558483,sl,1,0.0,0.0,38094.282999999996,US30
2024-05-31 05:51:00,1,38093.373,38087.6363608683,38101.97795869755,38101.96795869755,1.498256819059239,tp,15,2.4282510508690156,-0.9193536283041727,38093.333,US30
2024-05-31 07:54:00,-1,38103.659,38115.45897827026,38085.959032594605,38106.667,-0.2549157236655759,sl,12,0.0,-0.418983822407821,38103.669,US30
2024-05-31 11:47:00,-1,38080.867,38089.31699657525,38068.19200513711,38087.939,-0.8369234161242121,sl,8,0.0,-0.6859174377626707,38080.877,US30
2024-05-31 14:05:00,1,38160.373,38105.84057887932,38242.17163168102,38105.830578879315,-1.0001833771506294,sl,9,0.3656907137108445,-1.3215991243173624,38160.333,US30
2024-05-31 19:30:00,-1,38385.741,38406.69567174132,38354.308992388025,38389.803,-0.19384698792435687,sl,11,0.2597034239993548,-0.16864974281756115,38385.751000000004,US30
2024-06-02 23:47:00,1,38733.189000000006,38727.55508390073,38741.639874148925,38727.545083900724,-1.00177496431005,sl,4,0.8161285895931326,-1.582203185657059,38733.149000000005,US30
2024-06-03 02:05:00,1,38772.547,38768.71339023914,38778.29741464128,38778.28741464128,1.4973914924507585,tp,2,2.140019592961255,-0.08660245061773854,38772.507,US30
2024-06-03 10:34:00,-1,38662.791,38672.632929292835,38648.02810606074,38663.579,-0.08006560264296347,sl,26,0.1719175122734145,-0.2271912278044603,38662.801,US30
2024-06-03 13:28:00,1,38691.221,38677.597228602666,38711.656657096,38711.646657096,1.4992659888582425,tp,2,3.9520627900839935,-0.08764093033957855,38691.181,US30
2024-06-04 06:04:00,-1,38558.949,38564.23119609777,38551.025705853346,38558.243,0.1336565297711583,tp,1,0.0,0.0,38558.959,US30
2024-06-04 07:05:00,1,38513.941,38504.80159327946,38527.65011008081,38504.79159327946,-1.001094162926305,sl,3,1.0514905719648981,-1.142087262244637,38513.901,US30
2024-06-05 01:29:00,-1,38765.021,38770.2148789738,38757.2301815393,38767.291,-0.4370529254625552,sl,15,0.9091470986950586,-0.42935155232647215,38765.031,US30
2024-06-05 04:20:00,-1,38786.271,38789.26629157107,38781.778062643396,38786.755,-0.1615869402070496,sl,11,0.3405344607705765,-0.14823264762757316,38786.281,US30
2024-06-05 06:25:00,-1,38793.223,38802.808622566714,38778.84456614993,38778.88456614993,1.4958270837677874,tp,26,1.3048709056658743,0.0,38793.233,US30
2024-06-05 19:04:00,1,38824.517,38813.98325986307,38840.3176102054,38813.973259863065,-1.0009493304250954,sl,3,0.5002971339229826,-1.121538963978928,38824.477,US30
2024-06-06 01:48:00,-1,38808.509,38812.30611789328,38802.81332316008,38809.803,-0.34078478371511167,sl,3,0.0,-0.2607240617305299,38808.519,US30
2024-06-06 08:18:00,1,38777.365,38756.97727680302,38807.946584795456,38776.589,-0.03806212162588003,time,60,0.5117785786668649,-0.7277909287192008,38777.325,US30
2024-06-06 12:20:00,-1,38776.827,38791.01882369742,38755.539264453866,38761.115,1.1071163463545663,tp,3,0.9179933655999223,0.0,38776.837,US30
2024-06-06 16:19:00,1,38841.847,38805.890452636435,38895.781821045355,38823.189,-0.5189041042051914,time,60,0.29802638978787077,-0.9937550354517476,38841.807,US30
2024-06-06 19:54:00,-1,38878.140999999996,38894.555605872716,38853.519091190916,38859.215000000004,1.1529975283443035,tp,3,0.8827504060928614,0.0,38878.151,US30
2024-06-07 03:49:00,1,38959.170999999995,38956.00420825388,38963.92118761917,38955.99420825388,-1.0031577700094427,sl,2,1.0041708628006263,-1.691301616710634,38959.130999999994,US30
2024-06-07 08:00:00,1,38934.709,38930.56586086534,38940.923708702,38930.55586086534,-1.0024136288154972,sl,3,0.9543488334526604,-1.8155315946482027,38934.669,US30
2024-06-07 12:06:00,-1,38917.123,38929.157721209405,38899.07091818589,38912.239,0.405825769871688,tp,17,0.4091494862507273,-0.2931517846247351,38917.133,US30
2024-06-10 07:21:00,-1,38704.72299999999,38713.19241239812,38692.01888140279,38708.779,-0.4788998113855155,sl,3,0.0,-0.3575218513002944,38704.73299999999,US30
2024-06-10 10:13:00,1,38670.433,38659.861695753454,38686.289956369816,38686.27995636981,1.499054042929313,tp,14,1.7778317189335824,-0.20186723891671365,38670.393,US30
2024-06-10 13:28:00,-1,38729.98499999999,38732.04614620502,38726.89328069245,38725.279,2.2831956260591064,sl,1,0.0,0.0,38729.994999999995,US30
2024-06-11 02:18:00,-1,38816.715000000004,38818.848097535745,38813.51535369639,38817.527,-0.38066707517706305,sl,5,0.10688681421384147,-0.09376036334296162,38816.725000000006,US30
2024-06-11 04:25:00,-1,38809.935,38814.37489860912,38803.27515208631,38813.455,-0.7928108972509557,sl,4,0.0,-0.6765920270851591,38809.945,US30
2024-06-11 12:53:00,1,38726.915,38714.49768189797,38745.54097715305,38714.48768189797,-1.000805326876534,sl,2,0.23225627114494132,-1.4991965130503995,38726.875,US30
2024-06-11 18:11:00,-1,38674.905,38685.54685369651,38658.94221945523,38684.039000000004,-0.8583091123492569,sl,3,0.0,-0.8545503686997387,38674.915,US30
2024-06-12 10:28:00,-1,38781.267,38785.5892512117,38774.78362318245,38776.127,1.189195108809728,tp,5,1.1984495454543644,0.0,38781.277,US30
2024-06-12 11:45:00,1,38786.453,38779.94625737341,38796.213113939884,38779.93625737341,-1.001536867304567,sl,6,1.0140250473465102,-1.293120149799987,38786.413,US30
2024-06-12 12:08:00,-1,38794.309,38797.824621239924,38789.03556814011,38789.615,1.3351836502459768,sl,1,0.0,0.0,38794.319,US30
2024-06-12 18:38:00,-1,38776.265,38798.25816870936,38743.275246935955,38756.815,0.8843655162667259,tp,1,0.0,0.0,38776.275,US30
2024-06-12 19:25:00,1,38708.803,38663.281089910095,38777.08586513485,38663.27108991009,-1.0002196744377,sl,4,0.7567345028352849,-1.4183060392783584,38708.763,US30
2024-06-13 00:02:00,1,38692.053,38690.39340573204,38694.54239140195,38690.383405732035,-1.006025569137636,sl,1,0.4061233597933774,-1.6955951549844637,38692.013,US30
2024-06-13 00:06:00,-1,38694.979,38697.17535568758,38691.684466468636,38691.815,1.440568127417485,tp,1,0.0,0.0,38694.989,US30
2024-06-13 06:31:00,-1,38668.490999999995,38671.8230276204,38663.49295856939,38667.303,0.35653966153225497,tp,2,0.3685443639410646,0.0,38668.501,US30
2024-06-13 11:05:00,1,38577.299,38564.45008043649,38596.57237934526,38596.56237934526,1.499221724444904,tp,11,1.538183806218856,-0.09712878922081707,38577.259,US30
2024-06-13 13:30:00,-1,38633.059,38656.84468051968,38597.38047922048,38628.077,0.20945375079270057,tp,1,0.0,0.0,38633.069,US30
2024-06-14 00:06:00,1,38624.096,38617.58814169114,38633.857787463276,38617.57814169114,-1.0015366038299316,sl,5,0.2616836321842323,-1.6221926629283332,38624.056,US30
2024-06-14 00:55:00,1,38617.835,38614.12927316217,38623.39359025674,38614.11927316217,-1.0026985259409735,sl,6,0.5979933483980142,-1.1528102817483048,38617.795,US30
2024-06-14 10:59:00,-1,38338.067,38355.26253870198,38312.27369194703,38315.343,1.3215055598920717,tp,3,0.9132601352116764,0.0,38338.077000000005,US30
2024-06-14 17:22:00,1,38588.047,38562.43356817924,38626.467147731135,38562.42356817924,-1.0003904201542386,sl,2,0.33935319799510183,-1.1223798591762515,38588.007,US30
2024-06-17 05:16:00,-1,38547.973,38551.013280578176,38543.41257913273,38547.339,0.2085333848950846,sl,1,0.0,0.0,38547.983,US30
2024-06-17 06:23:00,-1,38565.859000000004,38573.70777595401,38554.08583606899,38570.267,-0.5616162349168711,sl,8,0.0,-0.48975789632962824,38565.869000000006,US30
2024-06-17 08:10:00,-1,38575.309,38585.632538098136,38559.8236928528,38562.615,1.2296171990004416,tp,12,1.1401130008064144,0.0,38575.319,US30
2024-06-18 00:42:00,-1,38838.871,38843.43520487099,38832.02469269351,38841.255,-0.5223253704384748,sl,2,0.0,-0.18491720329236908,38838.881,US30
2024-06-18 07:03:00,1,38814.821,38807.44944308478,38825.87833537284,38807.439443084775,-1.0013565655284276,sl,3,1.3812550207625598,-1.055679294008072,38814.781,US30
2024-06-18 11:51:00,1,38748.835,38744.94455858394,38754.67066212409,38754.660662124086,1.497429597588303,tp,2,1.6039311051552245,-0.46164427321523793,38748.795,US30
2024-06-18 17:14:00,-1,38780.740999999995,38788.649762006105,38768.87785699083,38785.743,-0.6324630828621158,tp,2,0.0,0.0,38780.381,US30
2024-06-19 07:15:00,1,38821.091,38814.93555211602,38830.324171825974,38814.925552116016,-1.001624577153526,sl,2,0.1618078844580803,-1.2327291438448436,38821.051,US30
2024-06-19 23:06:00,1,38768.797,38763.89592875969,38776.148606860464,38776.13860686046,1.497959629739762,tp,45,2.1427968468654512,-0.32278657510432557,38768.757,US30
2024-06-20 11:09:00,1,38881.329000000005,38874.83380710143,38891.07178934787,38874.82380710143,-1.0015396001563295,sl,9,1.3428392560761364,-1.1242160339232765,38881.289000000004,US30
2024-06-20 12:25:00,-1,38860.279,38869.1620585596,38846.9544121606,38860.591,-0.03512303762321554,tp,6,0.47055864508318923,0.0,38860.289000000004,US30
2024-06-20 13:30:00,-1,38805.170999999995,38825.76180105827,38774.284798412584,38780.279,1.2088893447879285,tp,2,0.652912917858299,0.0,38805.181,US30
2024-06-20 17:36:00,1,39007.671,38983.69821152996,39043.63018270506,39043.62018270506,1.4995828603746062,tp,7,2.275746939834596,-0.37008627557409984,39007.631,US30
2024-06-20 19:59:00,1,39106.261,39067.38442393662,39164.575864095066,39113.693,0.19116909853082664,time,60,0.7263499736697926,-0.2587161992764196,39106.221,US30
2024-06-21 08:06:00,1,39078.12100000001,39052.23316648403,39116.952750273966,39090.541,0.4797620469988991,time,60,1.4472435469299911,-0.0036310493091896473,39078.081000000006,US30
2024-06-21 13:52:00,1,39150.809,39083.05947080247,39252.43329379629,39252.42329379629,1.4998523974981948,tp,30,1.5559960526462784,-0.2665405976085121,39150.769,US30
2024-06-21 16:39:00,1,39132.523,39111.22797702818,39164.46553445773,39164.45553445773,1.4995304067052835,tp,16,1.8879528823801854,-0.10443754876175225,39132.483,US30
2024-06-21 19:57:00,1,39152.291000000005,39135.56368690287,39177.38196964571,39177.371969645705,1.4994021753555036,tp,3,1.5199093753044632,-0.6920418080767236,39152.251000000004,US30
2024-06-24 09:47:00,-1,39250.022999999994,39255.99768486219,39241.060972706706,39251.603,-0.26444909421192686,sl,2,0.0,-0.17005080994850977,39250.032999999996,US30
2024-06-25 00:56:00,1,39440.779,39438.39888633035,39444.34917050447,39449.217,3.5452088308194054,tp,1,3.5494103108283457,-0.4520792488702776,39440.739,US30
2024-06-25 07:01:00,-1,39467.284999999996,39479.40051679684,39449.11172480472,39479.44051679684,-1.0033015512810222,sl,7,0.020304540377775588,-0.9671894477543816,39467.295,US30
2024-06-25 08:11:00,-1,39435.176999999996,39451.513264087145,39410.67260386927,39446.339,-0.6832651541660875,sl,10,0.25330148789980345,-0.6036875963433325,39435.187,US30
2024-06-25 13:43:00,1,39349.505,39320.89483996604,39392.42024005094,39320.884839966035,-1.0003495261819635,sl,1,0.11303676722413322,-1.1094660065627078,39349.465,US30
2024-06-25 19:22:00,-1,39148.867,39166.277469916,39122.751295126,39131.191,1.0152511727299118,tp,14,0.9745859865853373,0.0,39148.877,US30
2024-06-26 03:44:00,-1,39116.627,39120.7856335303,39110.38904970455,39112.339,1.0311079273414936,tp,35,1.172500525587812,0.0,39116.637,US30
2024-06-26 08:49:00,1,39131.335,39127.95644729187,39136.40282906219,39136.39282906219,1.4970401527333452,tp,4,1.8433928779684534,-0.09471511254802568,39131.295,US30
2024-06-26 17:12:00,1,39156.809,39127.09460776254,39201.38058835619,39126.693,-1.0135155974025165,sl,9,0.587392125018606,-1.7026765883578334,39156.769,US30
2024-06-26 17:22:00,-1,39139.259,39166.44530509042,39098.479542364366,39157.639,-0.6760756910096117,sl,52,0.29279447771678757,-0.6723973684250154,39139.269,US30
2024-06-26 19:44:00,-1,39130.238999999994,39142.40557718778,39111.98913421831,39118.403,0.9728290724095445,tp,3,0.8958969997686914,0.0,39130.248999999996,US30
2024-06-26 20:00:00,1,39119.527,39109.86932247696,39134.01351628457,39109.85932247696,-1.001035445631538,sl,1,1.0739642088120125,-1.7279516695588382,39119.487,US30
2024-06-27 07:52:00,-1,39092.635,39096.47801142083,39086.870482868755,39087.703,1.2833685513570012,tp,7,0.9128258066021522,0.0,39092.645000000004,US30
2024-06-28 05:34:00,-1,39167.491,39169.616467456355,39164.30279881547,39166.303,0.5589358691194253,tp,2,0.3481587063557526,0.0,39167.501000000004,US30
2024-06-28 11:11:00,-1,39210.30299999999,39220.14164266736,39195.54503599894,39198.639,1.1855293859463116,tp,13,1.067626943585677,0.0,39210.312999999995,US30
2024-06-28 19:37:00,-1,39019.461,39054.964774877575,38966.20533768364,39034.253000000004,-0.4166317539757002,sl,4,0.0,-0.3028973690002434,39019.471000000005,US30
2024-07-01 10:11:00,-1,39191.028999999995,39194.317898457404,39186.09565231388,39194.103,-0.9346594429155121,sl,4,0.0,-0.6257414227454414,39191.039,US30
2024-07-01 10:26:00,1,39193.109000000004,39183.32108104911,39207.79087842635,39183.311081049105,-1.0010216676345813,sl,5,0.5012301414230594,-1.3377716004488376,39193.069,US30
2024-07-01 11:07:00,-1,39188.647,39195.82065631377,39177.88651552933,39193.543,-0.6824971515013127,sl,6,0.0,-0.676921194381083,39188.657,US30
2024-07-01 17:35:00,1,39174.814999999995,39164.19324875153,39190.74762687269,39190.73762687269,1.4990585356621753,tp,3,1.617812317200613,-0.1909289676023452,39174.774999999994,US30
2024-07-02 10:58:00,1,39038.365,39035.81399664705,39042.19150502942,39042.18150502942,1.4960799737898771,tp,1,1.5421383101876058,-0.333202227670781,39038.325,US30
2024-07-02 12:32:00,-1,39052.797,39059.44445166628,39042.825822500585,39054.339,-0.23196859148651544,sl,2,0.0,-0.04543094333958438,39052.807,US30
2024-07-02 14:50:00,-1,39141.711,39161.96229877078,39111.33405184384,39126.791,0.7367428711059985,tp,4,0.7387180530661106,0.0,39141.721000000005,US30
2024-07-03 08:15:00,1,39360.359000000004,39352.33902509755,39372.38896235368,39352.32902509755,-1.001246886695241,sl,4,0.6443910439690318,-1.0418985223320456,39360.319,US30
2024-07-03 09:54:00,1,39385.591,39383.512145964,39388.709281054005,39388.699281054,1.4951896574626102,tp,1,1.6528336961124246,-0.019241370153059073,39385.551,US30
2024-07-04 10:23:00,-1,39372.267,39379.53382592158,39361.366761117635,39376.603,-0.5966841708877608,sl,26,0.7931936256910518,-0.5273278927217756,39372.277,US30
2024-07-05 06:59:00,1,39355.261000000006,39352.57881022749,39359.28428465878,39359.27428465878,1.4962717030299262,tp,1,4.292761130466876,-0.19909105816396797,39355.221000000005,US30
2024-07-05 18:33:00,-1,39321.091,39335.500803261035,39299.47629510845,39324.791,-0.25676964029080374,sl,2,0.0,-0.25399375228759713,39321.101,US30
2024-07-08 00:33:00,1,39301.403,39297.40614149009,39307.39828776485,39297.39614149009,-1.0025019649750562,sl,9,0.5244118586661771,-1.7924077077642955,39301.363,US30
2024-07-08 02:46:00,1,39301.261000000006,39297.972684054934,39306.193473917614,39306.18347391761,1.4969589296864787,tp,20,1.8361982549279645,-0.6258522703965469,39301.221000000005,US30
2024-07-09 01:42:00,-1,39384.272999999994,39389.42273546649,39376.54839680025,39380.555,0.7219788325404056,tp,14,0.7134347043443183,0.0,39384.282999999996,US30
2024-07-09 10:43:00,1,39383.623,39377.32598864753,39393.0685170287,39377.315988647526,-1.0015880549426217,sl,6,0.31379965659849085,-1.9545780229801126,39383.583,US30
2024-07-10 10:34:00,-1,39291.573,39302.67355862586,39274.92216206121,39275.891,1.4127216952359665,tp,23,1.0516587852436088,0.0,39291.583,US30
2024-07-10 13:30:00,-1,39303.34099999999,39320.484648998485,39277.625526502256,39286.427,0.9866044271833757,sl,1,0.0,0.0,39303.350999999995,US30
2024-07-10 18:18:00,-1,39505.059,39515.410950457066,39489.53107431441,39489.57107431441,1.4961359938718397,tp,1,0.0,0.0,39505.069,US30
2024-07-11 12:18:00,-1,39656.102999999996,39660.4658326336,39649.55875104959,39649.59875104959,1.49083164463088,tp,1,0.0,0.0,39656.113,US30
2024-07-11 19:46:00,-1,39747.51499999999,39758.09798735779,39731.64051896329,39736.039000000004,1.084381905788928,tp,2,0.6818490617091049,0.0,39747.524999999994,US30
2024-07-11 23:59:00,-1,39808.454999999994,39816.35712509505,39796.60181235742,39796.803,1.474540058507578,tp,1,0.0,0.0,39808.465,US30
2024-07-12 04:35:00,1,39799.529,39798.43132774973,39801.17550837541,39798.421327749726,-1.0091101874895128,sl,2,1.794706935069452,-1.3938586856104311,39799.489,US30
2024-07-12 10:04:00,1,39810.793,39806.10549337614,39817.82425993578,39817.81425993578,1.4978666696808187,tp,9,2.7319428061877624,-0.9126387103594551,39810.753,US30
2024-07-12 12:49:00,-1,39826.153,39834.377269208584,39813.81659618712,39815.079,1.3465026155077677,tp,1,0.0,0.0,39826.163,US30
2024-07-12 13:31:00,-1,39841.76499999999,39872.07197875979,39796.304531860296,39843.291,-0.050351439254296144,sl,2,0.0,0.0,39841.774999999994,US30
2024-07-15 01:41:00,1,40058.773,40054.18428601817,40065.65607097275,40065.64607097275,1.4978207401816723,tp,11,1.7464588186863157,-0.2253354652510653,40058.733,US30
2024-07-15 06:44:00,-1,40092.841,40097.25992029026,40086.21261956461,40093.255,-0.09368804431931213,sl,8,0.0,-0.08463605936066199,40092.851,US30
2024-07-15 11:03:00,-1,40222.041,40230.82941899523,40208.85837150715,40215.091,0.7908134561823289,tp,8,0.7939994672286413,0.0,40221.551,US30
2024-07-15 11:27:00,1,40211.208999999995,40205.35178982305,40219.99481526541,40242.517,5.345206856880973,tp,1,5.60096001491101,-0.03517032747247662,40211.168999999994,US30
2024-07-15 11:36:00,1,40226.579000000005,40209.38214514527,40252.37428228211,40209.372145145266,-1.0005815016807729,sl,7,0.4954394319173817,-1.1964978581150167,40226.539000000004,US30
2024-07-15 13:33:00,1,40202.62100000001,40194.422039290555,40214.91944106418,40237.989,4.313717464120269,tp,1,4.405192472548528,-0.4734746436252863,40202.581000000006,US30
2024-07-16 00:06:00,-1,40278.991,40286.42029601114,40267.84705598329,40269.791,1.2383407507531425,tp,33,1.2437248409739232,-0.7096230910830444,40279.001000000004,US30
2024-07-16 04:06:00,1,40274.261,40270.89173297387,40279.31490053919,40270.729,-1.0482992213461784,sl,2,0.4529175005018506,-1.4976551163409246,40274.221,US30
2024-07-16 06:39:00,-1,40237.782999999996,40244.94396535502,40227.04155196746,40231.079,0.93618662675037,tp,25,0.7658185353665845,-0.030163530934558733,40237.793,US30
2024-07-16 20:05:00,1,40926.003000000004,40919.18444627243,40936.23083059136,40919.17444627243,-1.001466586669487,sl,1,0.5608227422966036,-1.050662689807107,40925.963,US30
2024-07-17 01:04:00,1,40957.849,40954.98517375451,40962.14473936824,40962.13473936824,1.4965081680434418,tp,3,2.1125583332857865,-0.7102386198191161,40957.809,US30
2024-07-17 08:29:00,1,40863.691,40843.16078540216,40894.486321896766,40843.150785402155,-1.0004870869690319,sl,17,1.4372962279265764,-1.0271690000850062,40863.651,US30
2024-07-17 14:15:00,1,41075.033,41021.9707428264,41154.626385760406,41021.9607428264,-1.0001884578707105,sl,35,1.1463892272991492,-1.0682169025444201,41074.993,US30
2024-07-17 19:39:00,1,41168.034999999996,41148.562896267074,41197.24315559938,41148.55289626707,-1.0005135551935835,sl,5,0.7941617511959925,-1.0924346075679674,41167.994999999995,US30
2024-07-18 01:51:00,-1,41295.491,41299.74832629387,41289.1050105592,41296.803,-0.30817464047515214,sl,6,0.0,-0.18133446832797617,41295.501000000004,US30
2024-07-18 06:41:00,-1,41262.47299999999,41268.74786387465,41253.06070418801,41262.827,-0.056415566469325884,sl,6,0.42614470264318255,-0.050040926190286356,41262.48299999999,US30
2024-07-18 17:50:00,1,40926.797,40903.28197882625,40962.06953176062,40903.27197882625,-1.0004252600892063,sl,2,0.10282788954904999,-1.7247698694515314,40926.757,US30
2024-07-19 04:37:00,1,40685.429000000004,40679.80974737379,40693.85787893933,40693.165,1.3766955349017131,time,60,1.3784751309916599,-0.3228187306515721,40685.389,US30
2024-07-22 02:34:00,1,40277.284999999996,40267.39615972727,40292.118260409086,40292.108260409084,1.4989887590736013,tp,4,1.5170636380263238,-0.10213533358209559,40277.244999999995,US30
2024-07-22 13:45:00,1,40340.591,40331.00465881142,40354.97051178287,40357.240999999995,1.7368461723257362,tp,1,2.7760330533303526,-0.03171178596959031,40340.551,US30
2024-07-22 17:48:00,-1,40404.352,40422.562363632365,40377.036454551446,40389.327,0.8250796251699575,tp,5,0.7991603184756827,0.0,40404.362,US30
2024-07-23 00:26:00,1,40402.803,40398.240508769646,40409.646736845534,40409.63673684553,1.4978082149655718,tp,7,1.5772085110277745,-0.7785220443542418,40402.763,US30
2024-07-23 03:01:00,-1,40402.289,40404.08044480496,40399.601832792556,40402.339,-0.02791043288879678,tp,1,0.0,0.0,40401.751000000004,US30
2024-07-23 13:30:00,1,40396.823,40381.56828096188,40419.70507855717,40381.55828096188,-1.0006555348529889,sl,1,2.850003326273847,-1.4804599116880943,40396.782999999996,US30
2024-07-23 17:30:00,1,40385.933,40354.52308684355,40433.04786973467,40433.03786973467,1.4996816291736985,tp,25,1.5621182954442292,-0.5629432947467183,40385.893,US30
2024-07-23 22:49:00,-1,40295.193,40304.2861552928,40281.55326706079,40287.243,0.8742839799833534,tp,12,0.8786828930902855,0.0,40295.203,US30
2024-07-24 13:05:00,-1,40157.797,40173.636374524096,40134.03793821385,40156.055,0.10997909023163534,sl,23,0.675405457691602,0.0,40157.807,US30
2024-07-24 13:50:00,1,40151.103,40134.250914167955,40176.38112874808,40134.24091416795,-1.0005933983544648,sl,3,0.9878895803114089,-2.706133855150031,40151.063,US30
2024-07-26 08:21:00,1,40144.591,40131.705424663065,40163.91936300541,40131.69542466306,-1.0007760615836356,sl,2,0.26851730788313055,-1.3621432913198808,40144.551,US30
2024-07-26 19:32:00,1,40553.784999999996,40542.09381318698,40571.32178021953,40573.789,1.7110324486240023,tp,1,2.0926874569103044,-0.08638986068292383,40553.744999999995,US30
2024-07-29 00:06:00,-1,40699.597,40705.517784772244,40690.71582284164,40703.267,-0.6198502632967814,sl,6,0.0,-0.6130944021162843,40699.607,US30
2024-07-29 01:36:00,1,40763.803,40758.19528649687,40772.2145702547,40775.253,2.0418304169080703,tp,1,2.6206759656677625,-0.01569267045369862,40763.763,US30
2024-07-29 15:00:00,1,40479.284999999996,40434.19926771785,40546.91359842321,40434.18926771785,-1.000221799658026,sl,34,0.9297398063245854,-1.298548277615051,40479.244999999995,US30
2024-07-29 16:57:00,1,40599.797,40571.84009839996,40641.73235240005,40641.72235240005,1.4996423065707087,tp,17,1.9102975273886849,-0.8081725336818459,40599.757,US30
2024-07-29 18:04:00,-1,40580.352999999996,40598.94102020902,40552.47096968646,40582.291,-0.10426070007503022,sl,2,0.0,-0.0765008851946156,40580.363,US30
2024-07-29 18:09:00,1,40578.827,40559.834892778956,40607.31516083156,40559.824892778954,-1.0005265345169787,sl,7,1.1004571402611845,-1.3999499734573226,40578.787,US30
2024-07-30 05:40:00,-1,40533.259,40537.746734566805,40526.52739814979,40535.803,-0.5668784466038582,sl,3,0.0,-0.27630867680475135,40533.269,US30
2024-07-30 19:06:00,-1,40662.132999999994,40676.4742453376,40640.62113199358,40654.827,0.5094397193553343,sl,10,0.3055522652908443,0.0,40662.143,US30
2024-07-30 19:32:00,-1,40685.449,40703.34865211757,40658.59952182364,40703.388652117574,-1.0022346803020605,sl,8,0.0,-0.21441757497780076,40685.459,US30
2024-07-31 01:38:00,-1,40602.73499999999,40610.064936844254,40591.7400947336,40603.039000000004,-0.0414737543406046,tp,3,0.0,0.0,40602.744999999995,US30
2024-07-31 03:01:00,1,40637.927,40632.608552862366,40645.904670706455,40632.598552862364,-1.0018802480767874,sl,7,0.7144942690328021,-1.0627162127840442,40637.887,US30
2024-07-31 07:28:00,-1,40821.028999999995,40832.98546911462,40803.09429632806,40827.339,-0.5277477773340277,sl,19,0.437420107044794,-0.38221986409164843,40821.039,US30
2024-08-01 03:56:00,-1,40929.871,40936.997328230995,40919.181507653506,40923.791,0.8531742859607735,tp,9,0.8520516882158599,-0.1919642143414293,40929.881,US30
2024-08-02 11:06:00,1,39974.853,39959.338468443835,39998.124797334254,39959.32846844383,-1.0006445570055296,sl,12,1.4292407037700101,-1.4712658205220959,39974.813,US30
2024-08-02 17:20:00,1,39527.397000000004,39501.865835882265,39565.693746176614,39501.85583588226,-1.0003916781841957,sl,2,0.7398800897945351,-1.4558678103588356,39527.357,US30
2024-08-02 18:16:00,-1,39486.741,39520.55629095022,39436.01806357468,39507.791,-0.6224994494646106,sl,6,0.25000524207972136,-0.5917441322463743,39486.751000000004,US30
2024-08-02 19:08:00,-1,39580.73499999999,39615.27619332746,39528.9232100088,39606.803,-0.7546930921832957,sl,12,0.10051766211659646,-0.521580126928544,39580.744999999995,US30
2024-08-05 08:45:00,1,39118.109000000004,39098.43999300207,39147.612510496896,39147.602510496894,1.4994915859246618,tp,2,1.6620056113374062,-0.16828505884172132,39118.069,US30
2024-08-05 09:53:00,-1,39099.809,39137.15171090644,39043.79493364035,39069.627,0.808243409955512,tp,19,0.6508900776085601,-0.3679968504276414,39099.819,US30
2024-08-05 13:39:00,-1,38618.496999999996,38676.28762423988,38531.81106364017,38528.243,1.5617412199141452,sl,1,0.0,0.0,38618.507,US30
2024-08-05 18:36:00,-1,38808.059,38867.155395231974,38719.41440715204,38731.579,1.2941567704729593,tp,9,1.253139040195434,0.0,38808.069,US30
2024-08-05 19:53:00,1,38622.083,38566.057144886625,38706.12178267006,38706.11178267006,1.4998215109794968,tp,6,1.5067329151724793,-0.2335350343786547,38622.043,US30
2024-08-06 04:10:00,-1,39095.591,39111.10797855176,39072.31553217236,39073.255,1.439455492285471,tp,10,1.4082638528571108,0.0,39095.601,US30
2024-08-06 06:04:00,1,39088.534999999996,39074.68206599575,39109.31440100636,39112.240999999995,1.7112620324860741,tp,1,2.0737845131725394,-0.8532488494046375,39088.494999999995,US30
2024-08-06 08:55:00,1,38900.573,38858.36619281638,38963.88321077543,38858.356192816376,-1.0002369286062918,sl,6,0.8524217395426882,-1.4043706206472661,38900.532999999996,US30
2024-08-06 13:06:00,-1,38845.517,38877.45743197978,38797.60635203033,38821.043,0.7662388541110808,tp,6,0.3757619811653494,0.0,38845.527,US30
2024-08-07 06:54:00,1,39190.503000000004,39178.59603163316,39208.36345255027,39178.58603163316,-1.000839844341057,sl,4,0.4185784194972654,-1.1421883036053309,39190.463,US30
2024-08-07 07:05:00,-1,39199.335,39235.696825180814,39144.79226222877,39223.815,-0.673233532097815,sl,5,0.0,-0.6174607541934837,39199.345,US30
2024-08-07 08:47:00,-1,39261.746999999996,39276.760668321585,39239.22649751761,39271.779,-0.6681911299172972,sl,5,0.0,-0.33249702158580074,39261.757,US30
2024-08-07 13:05:00,-1,39313.127,39337.19332599262,39277.02751101107,39302.755,0.4309756297318767,tp,25,0.4944668331863154,-0.2534661918012971,39313.137,US30
2024-08-08 03:51:00,1,38799.284999999996,38790.93466731463,38811.81049902805,38790.924667314626,-1.0011975570769247,sl,2,1.1633069442884398,-1.8018443775730735,38799.244999999995,US30
2024-08-08 08:08:00,1,38668.823,38616.8619114978,38746.76463275329,38746.75463275329,1.4998075482964215,tp,55,1.8326790824633212,-0.745711860873755,38668.782999999996,US30
2024-08-08 11:07:00,1,38673.579,38650.4106204299,38708.33156935514,38708.32156935514,1.4995683772370967,tp,5,1.5326061062049132,-0.49705677365801554,38673.539,US30
2024-08-08 15:23:00,-1,39308.723,39338.62466360864,39263.87050458703,39328.291,-0.6544117496640455,sl,4,0.0,-0.5527451654970719,39308.733,US30
2024-08-08 19:18:00,1,39416.333,39396.09524792062,39446.68962811907,39446.67962811907,1.4995058739744012,tp,5,2.1224689299242776,-0.07757778600318156,39416.293,US30
2024-08-09 01:14:00,-1,39446.415,39457.06349071925,39430.442263921126,39457.10349071925,-1.0037564008886783,sl,2,0.0,-0.28999414859927186,39446.425,US30
2024-08-09 11:27:00,1,39458.415,39446.22482807275,39476.70025789087,39446.21482807275,-1.000820332974934,sl,6,0.9994936964559831,-1.1333720379377465,39458.375,US30
2024-08-12 06:59:00,1,39488.243,39478.9386774156,39502.199483876604,39478.9286774156,-1.0010747692710915,sl,2,1.478452609012424,-1.5842099052667153,39488.203,US30
2024-08-12 07:03:00,-1,39491.771,39502.92852911138,39475.03470633294,39496.067,-0.3850314847596206,sl,4,0.0,-0.24808360098061463,39491.781,US30
2024-08-12 07:14:00,1,39500.329,39477.828856587104,39534.07921511934,39534.069215119336,1.4995555583882942,tp,27,2.1431863395309896,-0.9663049519737414,39500.289,US30
2024-08-12 12:32:00,1,39582.597,39569.08318428138,39602.86772357793,39569.07318428138,-1.000739983451769,sl,4,0.49593690927438766,-1.0429326767111475,39582.557,US30
2024-08-12 12:53:00,1,39561.835,39552.444526356245,39575.92071046563,39552.43452635624,-1.0010649090111325,sl,17,1.0879110455514704,-2.3172420077526823,39561.795,US30
2024-08-12 19:13:00,1,39324.303,39300.58760100255,39359.87609849617,39300.57760100255,-1.000421666951634,sl,26,1.135296100348038,-1.1843781335084171,39324.263,US30
2024-08-12 22:52:00,1,39374.797,39366.21118327048,39387.675725094276,39388.289,1.5714288372376808,tp,39,3.1435565014117204,-0.4185973347931144,39374.757,US30
2024-08-13 00:00:00,-1,39381.741,39390.94751714585,39367.93122428123,39369.791,1.2979935637655509,tp,18,1.242815259966825,0.0,39381.751000000004,US30
2024-08-13 09:27:00,-1,39436.15899999999,39443.622160522464,39424.964259216285,39439.839,-0.4930886839331975,sl,4,0.04823693647072973,-0.48772902432512194,39436.168999999994,US30
2024-08-13 15:10:00,-1,39532.127,39557.71067319316,39493.751490210256,39539.339,-0.2818985352708008,sl,3,0.0,-0.23937141292254746,39532.137,US30
2024-08-13 17:39:00,-1,39676.109000000004,39687.97281449583,39658.31327825627,39671.791,0.36396388375142535,tp,8,0.4054345254385109,0.0,39676.119000000006,US30
2024-08-14 00:55:00,1,39749.505,39742.576077194746,39759.898384207874,39759.88838420787,1.4985567742226167,tp,13,1.7021404814992889,-0.47655315159429457,39749.465,US30
2024-08-14 12:38:00,-1,39757.577,39777.94971446552,39727.01792830172,39735.067,1.1049092175758701,tp,4,0.7848733180382064,0.0,39757.587,US30
2024-08-14 19:59:00,1,40007.797,39972.31235814435,40061.02396278347,40061.013962783465,1.4997181879403954,tp,14,1.6177703084486785,-0.6645691985826994,40007.757,US30
2024-08-15 04:13:00,-1,40068.229,40073.118473362745,40060.894789955884,40070.291,-0.42172230974996544,sl,17,0.14930033274298896,-0.6180624733581012,40067.757,US30
2024-08-15 08:08:00,1,40108.839,40096.284664246785,40127.67050362982,40096.27466424678,-1.0007965375626884,sl,12,0.37532849946225194,-1.2167907805146827,40108.799,US30
2024-08-16 08:26:00,1,40607.097,40598.33164799953,40620.24502800072,40598.321647999524,-1.0011408554957628,sl,17,1.191281308432277,-1.8265096483443282,40607.057,US30
2024-08-16 11:42:00,1,40533.823,40519.57576591763,40555.19385112355,40519.56576591763,-1.000701890622715,sl,10,0.5808846792409054,-1.4571249324589697,40533.782999999996,US30
2024-08-16 16:27:00,1,40612.059,40597.065952894394,40634.548570658415,40634.53857065841,1.4993330241726073,tp,9,1.515102289747722,-0.09044192220890679,40612.019,US30
2024-08-16 18:52:00,-1,40680.711,40692.80400224925,40662.57149662613,40682.539000000004,-0.1511618010420215,sl,2,0.0,-0.041676995472727775,40680.721000000005,US30
2024-08-19 10:05:00,1,40677.191,40662.08917452361,40699.843738214586,40662.079174523606,-1.0006621716041992,sl,15,0.6521065956823276,-1.0025278085532014,40677.151,US30
2024-08-19 13:30:00,1,40701.453,40680.98170832154,40732.159937517696,40732.14993751769,1.4995115110390147,tp,2,3.0676129765696607,-0.06106112011071001,40701.413,US30
2024-08-19 16:26:00,-1,40842.009,40858.03637313346,40817.96794029981,40853.791,-0.7351173459237792,sl,10,0.0,-0.3909561440808939,40842.019,US30
2024-08-20 12:09:00,-1,40880.547,40887.67841499146,40869.84987751281,40873.639,0.968671716379823,tp,11,0.9742807014197856,0.0,40880.557,US30
2024-08-20 13:40:00,-1,40859.102999999996,40877.8379243378,40831.00061349329,40831.04061349329,1.497864950010831,tp,1,0.0,0.0,40859.113,US30
2024-08-21 18:25:00,-1,40871.597,40886.944335254724,40848.57599711792,40876.839,-0.34155766541851895,sl,4,0.0,-0.3040267201149237,40871.607,US30
2024-08-22 00:51:00,-1,40919.967,40922.86609035017,40915.618364474736,40917.315,0.9147696965820137,tp,7,0.9285671279033387,0.0,40919.977,US30
2024-08-22 19:22:00,1,40664.397000000004,40652.865270142545,40681.6945947862,40695.717,2.7159845389313837,tp,1,2.8056501843098887,-0.010579505547826615,40664.357,US30
2024-08-23 02:06:00,-1,40781.021,40785.71191888074,40773.98462167889,40784.815,-0.8087967616704749,sl,2,0.0,-0.4779447389728729,40781.031,US30
2024-08-23 02:31:00,1,40788.339,40785.870722106956,40792.041416839565,40792.03141683956,1.4959485923241382,tp,6,1.5703256148427265,-0.05509914437992938,40789.019,US30
2024-08-23 05:55:00,1,40811.289000000004,40808.940150682705,40814.81227397596,40816.204999999994,2.092939706172014,tp,1,2.097197109969009,-0.021287018981875787,40811.249,US30
2024-08-23 06:48:00,1,40829.017,40826.843049139556,40832.27792629067,40833.740999999995,2.1730021988765333,tp,1,2.1776021188581627,-0.23827585499819312,40828.977,US30
2024-08-26 12:34:00,-1,41235.779,41243.33572779194,41224.443908312096,41232.579,0.4234637118221351,tp,3,0.367354770005902,0.0,41235.789000000004,US30
2024-08-26 14:24:00,-1,41363.990999999995,41402.59769198222,41306.08096202665,41381.315,-0.4487304949096265,sl,6,0.0,-0.4464510973366904,41364.001,US30
2024-08-27 04:50:00,-1,41219.615,41221.12637800972,41217.347932985416,41220.391,-0.5134387261246662,sl,2,0.0,0.0,41219.625,US30
2024-08-27 16:31:00,1,41148.920999999995,41140.46370356818,41161.60694464772,41161.59694464772,1.4988175890393551,tp,2,1.942701208651315,-0.3095551895457676,41148.880999999994,US30
2024-08-28 03:28:00,-1,41258.597,41262.915873552716,41252.118689670926,41262.903,-0.9970192337051172,sl,7,0.0,-0.8664296266896533,41258.607,US30
2024-08-28 07:30:00,-1,41282.032999999996,41286.932448513646,41274.68382722952,41274.72382722952,1.4918358158291831,tp,5,1.5067001886909008,0.0,41282.043,US30
2024-08-28 13:31:00,1,41246.421,41221.194798535354,41284.26030219697,41221.18479853535,-1.0003964132299525,sl,3,0.9188065841970658,-2.758798231970625,41246.381,US30
2024-08-28 14:55:00,1,41259.784999999996,41229.89408722614,41304.621369160785,41304.61136916078,1.4996654501628073,tp,12,1.7205898123318084,-0.47793789731595676,41259.744999999995,US30
2024-08-30 16:21:00,1,41231.715000000004,41218.010983135675,41252.2710252965,41218.00098313567,-1.0007297130542847,sl,7,1.2740789925213063,-1.612665849640876,41231.675,US30
2024-09-02 09:34:00,1,41508.009,41501.28762448321,41518.091063275184,41518.08106327518,1.4985122092974783,tp,7,1.7059008191638065,-0.299045931145143,41507.969,US30
2024-09-02 13:44:00,-1,41517.629,41527.423489019435,41502.93726647085,41508.143000000004,0.9685038169092105,tp,16,0.9725877461393628,-0.05697081275910314,41517.639,US30
2024-09-02 15:51:00,-1,41529.098999999995,41533.913297367304,41521.87755394903,41525.155,0.8192265037006076,tp,12,0.8225499377918685,0.0,41529.109,US30
2024-09-02 23:56:00,1,41484.797,41474.55282865385,41500.16325701923,41500.15325701923,1.49902383514874,tp,24,1.6526470934478699,-0.9365325584485626,41484.757,US30
2024-09-03 06:07:00,-1,41486.753,41489.245517088624,41483.014224367056,41485.743,0.4052128687916172,sl,3,0.39237444126578314,0.0,41486.763,US30
2024-09-03 11:15:00,-1,41354.183,41365.69304893109,41336.91792660336,41364.591,-0.9042533235359845,sl,4,0.0,-0.8149400629101875,41354.193,US30
2024-09-03 12:56:00,1,41339.697,41326.99501481997,41358.74997777004,41326.98501481997,-1.0007872785127918,sl,2,0.18438062765804775,-1.4090710819078902,41339.657,US30
2024-09-04 02:41:00,-1,40857.746999999996,40871.389415178935,40837.283377231586,40844.243,0.9898540561087865,tp,5,0.9927860882655722,0.0,40857.757,US30
2024-09-04 03:12:00,1,40830.421,40822.493752771385,40842.311870842925,40822.48375277138,-1.0012614719477824,sl,12,0.6092909506541051,-1.7935608149918107,40830.381,US30
2024-09-04 04:23:00,1,40797.814999999995,40789.65337483346,40810.0574377498,40789.64337483346,-1.0012252461731572,sl,5,0.7287764236458806,-1.0448899362553443,40797.774999999994,US30
2024-09-04 10:57:00,-1,40852.939,40864.88142670702,40835.025359939464,40863.543,-0.8879267388566359,sl,14,0.32254751019191225,-0.8845773358431464,40852.949,US30
2024-09-04 12:14:00,1,40858.817,40846.82008222754,40876.812376658694,40876.80237665869,1.499166452567623,tp,28,1.6239171068350216,-0.7933704456865106,40858.777,US30
2024-09-04 18:07:00,-1,40878.253,40892.316126414145,40857.15831037877,40877.827,0.03029198397668474,sl,4,0.0,0.0,40878.263,US30
2024-09-05 05:12:00,-1,40931.627,40939.404708683025,40919.96043697547,40937.803,-0.7940641970145997,sl,4,0.0,-0.7215492671060715,40931.637,US30
2024-09-05 06:05:00,-1,40944.490999999995,40953.58538955862,40930.84941566206,40947.803,-0.3641805729406624,sl,2,0.0,-0.3008448211248951,40944.501,US30
2024-09-05 14:12:00,1,40895.064999999995,40848.98095437934,40964.191068430984,40964.18106843098,1.499783005162335,tp,13,1.5772486773040673,-0.45113226757753594,40895.024999999994,US30
2024-09-06 02:54:00,-1,40798.889,40804.91227522332,40789.85408716502,40804.743,-0.9718964820558462,sl,12,0.0,-0.7992329457833763,40798.899000000005,US30
2024-09-06 09:09:00,1,40598.079000000005,40583.73944104932,40619.58833842603,40583.72944104932,-1.000697371518638,sl,6,1.0067255241003121,-1.05052045546266,40598.039000000004,US30
2024-09-08 23:22:00,-1,40339.389,40348.86224320223,40325.17913519666,40346.755,-0.7775584182470762,sl,4,0.0,-0.723089215991759,40339.399000000005,US30
2024-09-09 13:18:00,-1,40648.022999999994,40660.220199527525,40629.7272007087,40640.567,0.6112878602306882,sl,1,0.0,0.0,40648.032999999996,US30
2024-09-09 14:23:00,-1,40769.460999999996,40805.83088713391,40714.90616929912,40742.815,0.7326390621417711,tp,8,0.5488606529487354,0.0,40769.471,US30
2024-09-10 07:08:00,-1,40762.973,40772.10887943186,40749.26918085221,40751.679000000004,1.2362247208090515,tp,1,0.0,0.0,40762.983,US30
2024-09-10 19:03:00,-1,40704.323,40726.44975277681,40671.13287083477,40713.915,-0.4335023804331259,sl,18,0.0,-0.5425106937778693,40704.333,US30
2024-09-11 12:12:00,-1,40633.098,40646.076107345616,40613.63083898157,40618.439,1.1295175490245355,tp,13,1.1150316155216509,0.0,40633.108,US30
2024-09-11 23:35:00,-1,40835.979,40838.54204595557,40832.134431066646,40833.839,0.8349440615178558,tp,3,0.8505504925746092,0.0,40835.989,US30
2024-09-12 08:51:00,1,40900.721,40882.69315861192,40927.762762082115,40927.75276208211,1.4994453024191634,tp,17,1.5297449875632387,-0.20357401205142298,40900.681,US30
2024-09-12 10:50:00,1,40925.335,40919.0980891701,40934.69036624485,40938.017,2.0333784377992616,tp,1,2.1972416110704374,-0.037839245490837385,40925.295,US30
2024-09-12 10:54:00,-1,40942.15899999999,40946.39483920768,40935.805241188464,40937.139,1.1851252500049823,tp,1,0.0,0.0,40942.168999999994,US30
2024-09-12 11:30:00,1,40922.835,40911.07971306479,40940.46793040281,40940.45793040281,1.4991493189356282,tp,31,1.679244420727484,-0.7462174295146058,40922.795,US30
2024-09-12 13:32:00,1,40909.779,40842.06752975183,41011.34620537226,40842.05752975183,-1.0001476854654814,sl,4,1.233469007450087,-1.1003157917991595,40909.739,US30
2024-09-12 16:40:00,1,40816.307,40798.530325242464,40842.972012136306,40842.962012136304,1.49943746509747,tp,2,2.049989691382075,-0.1425463442720233,40816.267,US30
2024-09-12 23:55:00,-1,41143.138999999996,41149.1801414621,41134.07728780684,41145.601,-0.4075388757986471,sl,6,0.2631952934673571,-0.3969448514065311,41143.149,US30
2024-09-13 04:11:00,-1,41143.003,41144.92514719496,41140.119779207555,41142.065,0.4879959258334459,tp,2,0.2112221171506036,0.0,41143.013,US30
2024-09-13 11:44:00,-1,41172.291,41183.88205170587,41154.90442244119,41177.925,-0.48606460767929316,sl,45,0.5084957042348394,-0.43326525732431986,41172.301,US30
2024-09-13 12:34:00,1,41176.615,41168.4209227159,41188.90611592615,41188.896115926145,1.4987796063361756,tp,3,1.9216318633653373,-0.40004504306546945,41176.575,US30
2024-09-13 19:43:00,-1,41384.487,41397.7582305184,41364.58015422241,41391.241,-0.5089204042261769,sl,2,0.0,-0.09599712688523196,41384.278999999995,US30
2024-09-15 23:39:00,-1,41409.197,41415.76757070922,41399.341143936166,41412.289000000004,-0.47058317105777797,sl,9,0.14610602982355875,-0.5387659849749957,41409.207,US30
2024-09-16 03:13:00,-1,41416.233,41417.06313920287,41414.98779119569,41414.741,1.7972889303794415,sl,1,0.0,0.0,41416.243,US30
2024-09-16 04:00:00,1,41417.813,41411.8495460438,41426.75818093431,41411.8395460438,-1.0016768805587297,sl,57,0.5701393898522306,-1.1047289118667094,41417.773,US30
2024-09-16 06:00:00,1,41398.645000000004,41395.7811195999,41402.94082060015,41407.215,2.992443399412566,tp,1,3.458244974071557,-0.8980821964198409,41398.605,US30
2024-09-17 00:01:00,1,41604.651000000005,41595.58757805722,41618.24613291419,41595.577578057215,-1.001103336031927,sl,10,0.6450102441329326,-1.0978193515443015,41604.611000000004,US30
2024-09-17 03:42:00,1,41578.747,41576.88244925292,41581.54382612063,41581.53382612063,1.4946367777753964,tp,1,2.0112083330849098,-0.8291541554542627,41578.707,US30
2024-09-17 09:58:00,-1,41718.748999999996,41722.195112078465,41713.57983188229,41722.079,-0.9663063545748483,sl,4,0.19558272762228415,0.0,41718.759,US30
2024-09-17 13:34:00,1,41733.534999999996,41689.67175169176,41799.329872462346,41689.66175169176,-1.0002279812915762,sl,9,0.7792400544486102,-1.2153226688866012,41733.494999999995,US30
2024-09-18 13:02:00,1,41656.76500000001,41649.062800552354,41668.318299171486,41649.05280055235,-1.0012983304405452,sl,4,0.4686972889404326,-2.1373115707908314,41656.725000000006,US30
2024-09-19 07:37:00,-1,41771.064999999995,41784.858839103705,41750.37424134443,41782.567,-0.8338505265669235,sl,7,0.3281174998467853,-0.7567146406104448,41771.075,US30
2024-09-19 09:59:00,-1,41972.022999999994,41979.45649545936,41960.872756810946,41969.579,0.32878206670817267,tp,4,0.33254880069644094,0.0,41972.032999999996,US30
2024-09-19 17:09:00,-1,42071.746999999996,42082.53044874303,42055.57182688544,42063.539000000004,0.7611665057796301,tp,5,0.4599641652863348,0.0,42071.757,US30
2024-09-19 19:54:00,-1,42023.48499999999,42067.844189396,41956.94621590599,42006.339,0.3865264499521717,time,60,0.3874281796849625,0.0,42023.494999999995,US30
2024-09-20 01:50:00,1,42027.303,42020.87303897299,42036.947941540515,42036.93794154051,1.498444780619971,tp,6,2.7079479839543295,-0.1710741317681139,42028.215,US30
2024-09-20 03:29:00,-1,42021.73499999999,42023.76841012183,42018.68488481724,42022.815,-0.5311274830440923,sl,2,0.0,0.0,42021.744999999995,US30
2024-09-20 08:46:00,-1,42032.059,42043.998474305874,42014.149788541195,42041.543,-0.7943398308024073,sl,34,0.4405554101669883,-0.5826052154219847,42032.069,US30
2024-09-23 00:08:00,-1,42078.217,42086.15998361391,42066.302524579136,42083.315,-0.6418243128536486,sl,16,0.4993085964643177,-0.636788421815069,42078.227,US30
2024-09-23 11:04:00,1,42086.573,42077.75807018951,42099.79539471572,42077.74807018951,-1.0011344389821624,sl,11,0.506640449330514,-1.539433698480607,42086.532999999996,US30
2024-09-23 19:39:00,1,42121.517,42107.97790301447,42141.8256454783,42107.96790301447,-1.0007386016964592,sl,4,0.42705950080564975,-1.093278230876422,42121.477,US30
2024-09-23 20:00:00,-1,42131.710999999996,42141.76374880259,42116.631876796106,42118.339,1.3301834416223874,tp,10,1.3144663474120593,0.0,42131.721,US30
2024-09-24 00:04:00,1,42078.803,42075.012343281116,42084.48898507832,42075.002343281114,-1.0026380653125937,sl,3,0.5265578362861908,-1.0721097428192166,42078.763,US30
2024-09-24 03:26:00,1,42042.791000000005,42039.20531708734,42048.169524369005,42039.19531708734,-1.0027888690231694,sl,7,1.3765857495543972,-1.2627998934354618,42042.751000000004,US30
2024-09-24 06:23:00,1,42104.523,42098.183437885,42114.0323431725,42114.022343172495,1.498422603987367,tp,11,2.125698866191743,-0.19685902233644698,42104.483,US30
2024-09-24 18:13:00,1,42121.534999999996,42107.480147410286,42142.61727888456,42107.470147410284,-1.0007114980351597,sl,5,1.1002605613472367,-1.015449995572773,42121.494999999995,US30
2024-09-25 09:28:00,-1,42194.415,42203.2278507119,42181.19572393216,42196.091,-0.19017682867781616,sl,5,0.039941672848695084,-0.1856380022176246,42194.425,US30
2024-09-26 10:27:00,-1,42118.011,42123.53588383816,42109.72367424276,42116.591,0.2570189784245876,sl,4,0.0,-0.009411962590808266,42118.021,US30
2024-09-26 10:48:00,-1,42122.528999999995,42129.162280590375,42112.579079114425,42127.627,-0.76854882445326,sl,3,0.0,-0.76251862575205,42122.539,US30
2024-09-26 17:07:00,1,42157.772999999994,42148.09861978208,42172.28457032686,42148.08861978208,-1.0010336579477745,sl,3,0.41242952107856323,-2.0695899426122804,42157.73299999999,US30
2024-09-27 13:32:00,1,42307.266,42262.649971267034,42374.19004309946,42374.180043099455,1.499775865304779,tp,5,1.5131109136594176,-0.6401959298294747,42307.226,US30
2024-09-27 19:53:00,1,42339.041,42315.063395480654,42375.00740677901,42315.05339548065,-1.0004170558403351,sl,7,0.6154910090412153,-1.869994976513387,42339.001,US30
2024-09-30 01:30:00,-1,42328.871,42336.75799015583,42317.04051476625,42319.327,1.2100940677539662,tp,14,1.2151657109550567,-0.4224678786418806,42328.881,US30
2024-09-30 04:14:00,1,42319.743,42316.38001754928,42324.787473676086,42316.37001754928,-1.002973551051356,sl,3,0.819510669587092,-1.031227504400361,42319.721,US30
2024-09-30 11:00:00,1,42264.585,42259.10680790263,42272.80228814605,42272.79228814605,1.4981745802578779,tp,2,1.7235613195340713,-0.10623942893160887,42264.545,US30
2024-09-30 12:29:00,-1,42245.053,42250.94456431083,42236.215653533756,42236.25565353376,1.493210631695265,tp,3,0.9399880418556311,0.0,42245.063,US30
2024-10-01 02:13:00,-1,42317.489,42326.9423774688,42303.30893379681,42311.279,0.6569080754997667,tp,44,0.712761129262677,0.0,42316.774999999994,US30
2024-10-01 11:58:00,1,42213.043,42206.70817885755,42222.545231713666,42222.535231713664,1.498421423466081,tp,4,1.5855222703453309,-0.5910190541786123,42213.913,US30
2024-10-01 23:46:00,-1,42065.564999999995,42076.119007339505,42049.73398899073,42069.543,-0.3769184416909504,sl,2,0.0,-0.09683525575906739,42065.575,US30
2024-10-02 00:36:00,-1,42082.059,42088.597579485366,42072.251130771954,42084.555,-0.38173429038922235,sl,2,0.0,0.0,42082.069,US30
2024-10-02 06:08:00,1,42000.377,41993.3545998353,42010.91060024705,41993.3445998353,-1.0014240145488011,sl,2,0.5266005800389391,-1.1890521480065765,42000.337,US30
2024-10-02 08:49:00,1,42035.135,42024.11384370152,42051.66673444773,42024.103843701516,-1.0009073458112026,sl,9,1.1559585632362592,-1.1134947792812262,42035.095,US30
2024-10-03 06:10:00,-1,42145.034999999996,42147.67405251612,42141.07642122581,42144.839,0.07426907907236203,sl,1,0.0,0.0,42145.045,US30
2024-10-03 13:30:00,-1,42058.84099999999,42080.60293445872,42026.1980983119,42043.927,0.6853251041755342,sl,1,0.0,0.0,42058.850999999995,US30
2024-10-03 19:47:00,-1,41938.979,41952.70144092248,41918.395338616276,41944.279,-0.38622866222877905,sl,2,0.0,-0.3486260226606282,41938.989,US30
2024-10-04 01:20:00,1,41976.271,41964.621421876436,41993.745367185344,41993.73536718534,1.499141599815924,tp,5,1.8393799133941129,-0.41683912915071086,41976.231,US30
2024-10-04 13:37:00,1,42251.341,42220.27418948326,42297.941215775114,42220.264189483256,-1.0003218869216282,sl,1,1.0508320441329881,-1.4622035298898375,42251.301,US30
2024-10-06 23:25:00,1,42372.973000000005,42367.75030677398,42380.80703983904,42380.79703983904,1.4980852790755144,tp,9,2.006244584266528,-0.20487513887956832,42372.933000000005,US30
2024-10-07 00:48:00,1,42338.473000000005,42333.21739352681,42346.3564097098,42346.3464097098,1.4980972700188508,tp,8,1.7174040800101587,-0.48215177695087436,42338.433000000005,US30
2024-10-07 10:14:00,-1,42156.443,42166.27663485549,42141.69254771677,42162.815,-0.6479801308106493,sl,3,0.0,-0.43686796013223245,42156.453,US30
2024-10-07 11:03:00,-1,42161.032999999996,42174.084199906465,42141.456200140296,42172.039000000004,-0.8432941092682984,sl,24,0.21132156581459294,-0.7252972958689787,42161.043,US30
2024-10-07 13:30:00,1,42183.303,42174.304658957175,42196.80051156424,42212.789,3.2768262349323476,tp,1,4.6297422826869115,-0.4876454425449803,42183.263,US30
2024-10-07 13:35:00,-1,42201.929,42216.75191085072,42179.69463372391,42148.991,3.5713633127204383,sl,1,0.0,0.0,42201.939,US30
2024-10-07 19:50:00,-1,41949.941,41970.58951204804,41918.96823192794,41938.467000000004,0.5556816865688986,sl,1,0.0,0.0,41949.951,US30
2024-10-08 19:28:00,-1,42085.923,42095.36493202735,42071.760101958986,42091.515,-0.5922516688112173,sl,4,0.10040317990623891,-0.27282551839397157,42085.933000000005,US30
2024-10-09 01:29:00,-1,42056.917,42066.95543949344,42041.859340759846,42064.491,-0.7544997412149735,sl,9,0.32056775379326485,-0.6995111147094099,42056.927,US30
2024-10-09 04:03:00,1,42043.633,42037.999355600325,42052.08346659952,42037.98935560032,-1.001775049913092,sl,38,0.5974818006253276,-1.097335856049974,42043.593,US30
2024-10-09 09:03:00,1,41990.297,41979.420617979915,42006.611573030124,42006.60157303012,1.4990805766123725,tp,15,1.5356209417031887,-0.09396507019613938,41990.257,US30
2024-10-10 06:54:00,1,42496.503000000004,42491.99000848944,42503.27248726585,42491.98000848944,-1.0022158251303217,sl,6,1.3073368266221794,-1.5599408914288755,42496.463,US30
2024-10-10 07:10:00,1,42494.105,42485.70487570849,42506.70518643727,42485.69487570849,-1.0011904585759692,sl,9,0.728798740059419,-1.05831767382189,42494.065,US30
2024-10-10 08:09:00,1,42447.839,42440.05866444645,42459.50950333032,42440.04866444645,-1.0012852916089812,sl,4,0.5043484272613777,-1.2292528945790515,42447.799,US30
2024-10-11 04:04:00,1,42475.985,42471.58752574923,42482.58121137616,42471.57752574923,-1.002274032645054,sl,21,0.8445757242009956,-1.0255887227108966,42475.945,US30
2024-10-11 09:36:00,1,42413.541000000005,42405.42981502336,42425.70777746497,42405.41981502336,-1.0012328654852318,sl,10,0.6728979817022729,-1.328782419712832,42413.501000000004,US30
2024-10-11 12:04:00,1,42460.927,42451.550483839805,42474.991774240305,42474.9817742403,1.4989335058109485,tp,5,2.012687833899697,-0.4440881803925867,42460.887,US30
2024-10-11 15:07:00,-1,42774.916999999994,42792.01034273033,42749.276985904486,42772.015,0.16977369761877156,sl,2,0.0,0.0,42774.926999999996,US30
2024-10-11 17:12:00,1,42716.948,42701.07258330703,42740.76112503944,42740.75112503944,1.4993700952737758,tp,15,1.764678089515696,-0.4407443366885909,42716.907999999996,US30
2024-10-14 00:14:00,1,42843.239,42837.818392861365,42851.36991070796,42851.35991070796,1.498155188202605,tp,7,2.3473385313814643,-0.3209972527977311,42843.199,US30
2024-10-14 01:51:00,1,42846.614,42840.83331628507,42855.285025572404,42840.82331628507,-1.0017298991771864,sl,11,1.1868838252253147,-1.4100408190370517,42846.574,US30
2024-10-14 06:37:00,-1,42846.185000000005,42848.91840064452,42842.08489903323,42848.467000000004,-0.8348574895441747,sl,2,0.0,-0.8202237035746275,42846.19500000001,US30
2024-10-14 07:17:00,-1,42856.473,42863.897451104946,42845.33632334258,42860.039000000004,-0.4803048669321731,sl,7,0.7674641423929314,-0.4749172632648503,42856.483,US30
2024-10-14 13:48:00,-1,42825.127,42829.432192618675,42818.66921107199,42808.943,3.7591813963910323,sl,1,0.0,0.0,42825.137,US30
2024-10-14 17:13:00,-1,43061.185,43070.065840591604,43047.86373911259,43057.967000000004,0.36235308660252674,tp,1,0.0,0.0,43061.195,US30
2024-10-14 20:00:00,1,43074.973000000005,43068.16884702277,43085.179229465866,43085.953,1.6137203317925446,tp,1,2.7192216374158154,-0.4476677714613202,43074.933000000005,US30
2024-10-15 08:10:00,1,43152.743,43145.342800008184,43163.843299987726,43165.693,1.7499527059153546,tp,1,1.7513040207464527,-0.6037674664118058,43152.703,US30
2024-10-15 13:30:00,-1,42940.253,42965.682711604815,42902.108432592766,42930.537000000004,0.3820727561122689,sl,1,0.0,0.0,42940.263,US30
2024-10-15 14:48:00,-1,42891.48499999999,42940.997483680716,42817.21627447891,42897.791,-0.12736181930738674,sl,6,0.2768998640504424,-0.11136585341924518,42891.494999999995,US30
2024-10-15 18:53:00,1,42804.499,42773.95210112285,42850.31934831574,42773.94210112285,-1.0003273654730798,sl,10,0.3601020203143122,-1.3171877172152964,42804.459,US30
2024-10-16 00:42:00,1,42746.797,42740.181770437426,42756.719844343854,42740.171770437424,-1.0015116633379761,sl,4,0.6769228426082637,-1.2973094763872157,42746.757,US30
2024-10-16 07:04:00,-1,42730.359000000004,42731.80716096169,42728.18675855748,42719.603,7.427351160941168,sl,1,0.0,0.0,42730.369000000006,US30
2024-10-16 07:14:00,1,42718.597,42707.19802423099,42735.69546365352,42707.188024230985,-1.0008772718009649,sl,2,0.26230426843485943,-1.631199186382042,42718.557,US30
2024-10-16 15:10:00,-1,42929.73499999999,42968.341336345235,42871.82549548213,42957.315,-0.7143905019469323,sl,51,0.19416501822286705,-0.7133544025967332,42929.744999999995,US30
2024-10-16 16:44:00,1,42999.791000000005,42986.25398599514,43020.0965210073,42986.24398599514,-1.0007387153473022,sl,3,0.9222122393840486,-1.4830449309425315,42999.751000000004,US30
2024-10-16 19:33:00,-1,43068.003,43086.66017809574,43040.01723285638,43079.743,-0.6292484286614759,sl,3,0.0,-0.3087283602291112,43068.013,US30
2024-10-17 20:00:00,-1,43252.602,43266.8746534789,43231.19301978164,43236.339,1.1394517511433617,tp,15,1.1422543134041212,-0.15056765745585157,43252.612,US30
2024-10-17 23:54:00,-1,43260.867,43263.9848889617,43256.19016655745,43257.715000000004,1.0109404275499312,tp,9,0.9519261386339194,-0.2629984614822567,43260.877,US30
2024-10-18 00:03:00,-1,43255.026999999995,43260.720876042826,43246.48618593575,43246.52618593575,1.4929749085333117,tp,9,1.1240146346445528,-0.030207893307142564,43255.037,US30
2024-10-18 02:44:00,1,43241.197,43233.61368342141,43252.57197486788,43233.60368342141,-1.0013186842324733,sl,8,0.46180321811811814,-1.0546836489172162,43241.157,US30
2024-10-18 05:53:00,-1,43231.670999999995,43234.2058088113,43227.868786783045,43230.239,0.5649341258434705,sl,1,0.0,0.0,43231.681,US30
2024-10-18 06:21:00,1,43229.155,43226.314836531186,43233.415245203214,43226.104999999996,-1.0738818499338378,sl,6,0.3380087134211682,-2.1266381552770914,43229.115,US30
2024-10-18 13:30:00,1,43184.723000000005,43133.36804648936,43261.75543026597,43133.35804648936,-1.000194723182837,sl,3,1.22044702050023,-1.3155498229786815,43184.683000000005,US30
2024-10-18 19:47:00,-1,43262.996999999996,43277.62559017913,43241.05411473129,43259.655,0.22845673841925088,sl,8,0.12290999870649366,0.0,43263.007,US30
2024-10-20 23:56:00,1,43311.779,43304.23485990774,43323.0952101384,43304.224859907736,-1.0013255321189345,sl,18,0.6654171235690713,-1.2629670026641335,43312.024999999994,US30
2024-10-21 07:29:00,1,43280.615,43274.79042532462,43289.35186201306,43289.34186201306,1.4982831364424465,tp,3,1.701755158520036,-0.18473451882248013,43280.575,US30
2024-10-21 11:51:00,1,43170.829,43162.53882140424,43183.26426789364,43162.52882140424,-1.0012062466310623,sl,10,0.7505266536941743,-1.716488955651293,43170.789,US30
2024-10-21 17:18:00,1,42952.303,42928.738624049416,42987.64956392588,42987.63956392588,1.4995756306036123,tp,8,1.5048138798312054,-0.30130227148335115,42952.263,US30
2024-10-21 17:55:00,1,42948.767,42937.149820901795,42966.19276864731,42937.13982090179,-1.0008607941667684,sl,12,1.1166221929045255,-1.3387070878856602,42948.727,US30
2024-10-22 10:34:00,1,42743.352999999996,42723.04395148327,42773.81657277509,42773.80657277509,1.4995076086410368,tp,12,1.8339608558879672,-0.33256112389661524,42743.312999999995,US30
2024-10-22 13:31:00,1,42794.083,42744.006955729885,42869.19706640517,42743.99695572988,-1.0001996962848763,sl,13,1.1808440714892605,-1.004632069750401,42794.043,US30
2024-10-23 02:30:00,1,42804.327,42798.272841432336,42813.40823785149,42813.398237851485,1.498348242799736,tp,33,1.5526517673671774,-0.7617904203295585,42804.287,US30
2024-10-23 13:29:00,-1,42668.665,42685.21510325347,42643.8398451198,42667.543,0.06779413897420898,sl,1,0.0,0.0,42668.675,US30
2024-10-23 13:30:00,1,42691.739,42662.76490086364,42735.200148704535,42662.75490086364,-1.000345135838563,sl,1,0.3713661622183092,-1.2231614116185179,42691.699,US30
2024-10-23 13:33:00,-1,42679.389,42704.69709205519,42641.42686191722,42641.46686191722,1.4984194778526312,tp,1,0.0,0.0,42679.399000000005,US30
2024-10-24 23:00:00,1,42387.905,42384.39710092533,42393.166848612,42384.38710092533,-1.0028507091535919,sl,2,0.5011546690998127,-1.1990082697559794,42387.865,US30
2024-10-24 23:09:00,1,42385.923,42383.337538044514,42389.801192933235,42383.32753804451,-1.0038677807580225,sl,2,1.460474013930979,-1.2794618744949264,42385.883,US30
2024-10-25 13:15:00,-1,42515.291,42521.83548743889,42505.47426884166,42511.467000000004,0.5843085552075744,sl,1,0.0,0.0,42515.301,US30
2024-10-25 13:35:00,1,42506.473000000005,42497.05900913157,42520.59398630266,42524.189,1.881879879381454,tp,1,2.727642331381912,-0.6702789590715132,42506.433000000005,US30
2024-10-28 02:05:00,-1,42306.653,42310.42891184503,42300.98913223245,42307.691,-0.2749004856576895,tp,6,0.5429152173379677,0.0,42306.663,US30
2024-10-28 09:07:00,-1,42320.191,42330.54060694883,42304.66658957675,42329.455,-0.8951064562938205,sl,4,0.07034083551140856,-0.6991569859395564,42320.201,US30
2024-10-28 18:06:00,-1,42432.373,42448.476576112305,42408.21763583154,42411.227,1.3131244794652577,tp,18,0.9445107033323001,-0.35731193865714245,42432.383,US30
2024-10-28 19:51:00,1,42412.197,42402.00419662942,42427.486205055866,42401.99419662942,-1.000981084363003,sl,5,0.9275171565938461,-3.433599052938253,42412.157,US30
2024-10-28 23:59:00,-1,42382.361,42385.01561814563,42378.37907278154,42378.419072781544,1.4849319194677286,tp,1,0.0,0.0,42382.371,US30
2024-10-29 13:34:00,1,42216.985,42202.80691126857,42238.25213309715,42202.79691126857,-1.000705313684479,sl,1,0.7892460127715045,-1.0445695665005998,42216.945,US30
2024-10-30 10:30:00,1,42265.491,42257.51927573175,42277.44858640238,42257.50927573175,-1.0012544337542961,sl,1,4.13912961483192,-6.532589217541406,42265.451,US30
2024-10-30 12:45:00,1,42173.711,42154.080499951764,42203.15675007236,42203.14675007236,1.499490588625992,tp,32,1.5932350130227002,-0.9799037188423599,42173.671,US30
2024-10-30 13:32:00,-1,42205.989,42213.626679860456,42194.532480209324,42194.572480209325,1.4947628074578485,tp,1,0.0,0.0,42205.999,US30
2024-10-30 13:43:00,1,42185.709,42152.545972190506,42235.45354171425,42235.443541714245,1.499698459378936,tp,5,1.7005081780817295,-0.2595058584347787,42185.669,US30
2024-10-30 20:01:00,-1,42152.897,42207.87076026313,42070.43635960529,42135.227,0.3214260751933205,sl,1,0.0,0.0,42152.907,US30
2024-10-30 20:12:00,1,42166.215000000004,42113.12370832709,42245.851937509375,42167.665,0.02731144702468878,time,60,0.32909351890769956,-0.58510537267365,42166.175,US30
2024-10-31 01:00:00,-1,42133.605,42139.97885114242,42124.04422328638,42132.703,0.14151569904092964,sl,2,0.0,0.0,42133.615000000005,US30
2024-10-31 13:30:00,-1,41931.297,41950.890897309015,41901.90615403648,41910.739,1.0492042331230147,tp,1,0.0,0.0,41931.307,US30
2024-10-31 13:47:00,1,41903.809,41877.86365528244,41942.727017076344,41877.85365528244,-1.0003854255979596,sl,2,0.39814464261134075,-1.875866384887704,41903.769,US30
2024-10-31 13:57:00,-1,41948.51499999999,41975.712110953566,41907.719333569636,41954.155,-0.20737496749689344,sl,3,0.0,-0.09515716593679649,41948.524999999994,US30
2024-10-31 19:53:00,1,41864.167,41853.765427625025,41879.769358562466,41885.593,2.059880874505612,tp,1,2.137369159059196,-0.4822347832785923,41864.127,US30
2024-11-01 12:31:00,-1,41921.691,41954.798396598475,41872.02990510229,41936.015,-0.432652563223889,sl,2,0.0,-0.371034912499435,41921.701,US30
2024-11-01 19:23:00,1,42113.935000000005,42104.00620482747,42128.82819275881,42103.99620482747,-1.0010071715478328,sl,3,1.080493636294534,-2.0381123437798387,42113.895000000004,US30
2024-11-04 14:32:00,-1,42015.447,42029.670789372074,41994.11131594189,41987.227,1.9840001325811565,sl,1,0.0,0.0,42015.457,US30
2024-11-05 01:00:00,1,41791.059,41782.9377639331,41803.24085410035,41782.9277639331,-1.0012313396531831,sl,2,0.817609529546997,-1.400279453315021,41791.019,US30
2024-11-05 03:20:00,-1,41832.647,41836.13475237155,41827.415371442665,41827.667,1.4278536631818468,tp,5,1.1319610968357041,0.0,41832.657,US30
2024-11-05 08:32:00,-1,41831.679,41849.509224219495,41804.933663670745,41848.467000000004,-0.9415473295982928,sl,23,0.0,-0.9393039478265072,41831.689,US30
2024-11-05 10:44:00,-1,41856.477,41865.65198171276,41842.71452743086,41862.967000000004,-0.7073583581073116,sl,20,0.6022900287976038,-0.5473580392011128,41856.195,US30
2024-11-05 11:34:00,-1,41875.339,41878.99225410674,41869.859118839886,41870.027,1.4540461311448094,tp,1,0.0,0.0,41875.349,US30
2024-11-05 14:34:00,1,41841.179,41815.54418198567,41879.631227021484,41890.104999999996,1.9085760613810148,tp,1,1.9590542820291421,-0.15900249409673772,41841.138999999996,US30
2024-11-05 16:33:00,1,42112.453,42087.789847770524,42149.44772834422,42087.77984777052,-1.000405463174739,sl,13,1.084451806936193,-1.0679089094103786,42112.413,US30
2024-11-06 19:45:00,-1,43660.109000000004,43689.767154745816,43615.62176788128,43676.243,-0.5439987800413169,sl,21,0.5667918366492036,-0.4920737694262061,43660.119000000006,US30
2024-11-07 05:37:00,1,43825.791,43820.064036589734,43834.38144511539,43820.05403658973,-1.001746126050695,sl,3,0.33805000334593793,-1.3081976369138617,43825.751,US30
2024-11-07 09:36:00,1,43803.847,43797.97450877801,43812.65573683299,43797.96450877801,-1.00170285482328,sl,1,2.6312512723957227,-1.0298865969103348,43803.807,US30
2024-11-07 14:47:00,-1,43741.741,43766.81524685605,43704.12962971593,43747.743,-0.23936910386412644,sl,4,0.0,-0.16136077877923188,43741.751000000004,US30
2024-11-07 16:53:00,1,43717.403,43703.37261984229,43738.448570236564,43738.43857023656,1.4992872609373638,tp,14,1.6658137368544017,-0.47240345061888167,43717.363,US30
2024-11-08 14:19:00,1,43789.155000000006,43777.640754906366,43806.426367640466,43806.416367640464,1.4991315105835674,tp,5,1.523677831878437,-0.3064030660554907,43789.115000000005,US30
2024-11-08 17:42:00,1,43983.76500000001,43963.72357169823,44013.82714245267,44013.817142452666,1.4995010335664973,tp,11,1.6496828221102162,-0.20786941615512827,43983.725000000006,US30
2024-11-11 00:24:00,1,44051.397000000004,44045.75345833125,44059.86231250313,44045.74345833125,-1.001771936948283,sl,9,0.7955996896165894,-1.6007678387539066,44051.357,US30
2024-11-11 17:32:00,-1,44352.597,44366.48975824376,44331.75786263436,44337.427,1.0919357937298693,tp,15,0.8463402150744272,-0.12711658613861473,44352.607,US30
2024-11-11 20:10:00,-1,44313.859000000004,44323.78102670867,44298.97595993701,44303.379,1.0562358183184564,tp,4,0.8550672407075657,0.0,44313.869000000006,US30
2024-11-12 07:13:00,-1,44231.839,44237.54829144033,44223.2750628395,44223.3150628395,1.4929938766624706,tp,14,1.188939130352869,0.0,44231.849,US30
2024-11-13 14:35:00,-1,43971.602999999996,44001.94284971543,43926.09322542684,43946.791,0.8178023369501449,tp,2,0.784578705012085,0.0,43971.613,US30
2024-11-13 14:50:00,1,43959.321,43917.796607574106,44021.60758863885,43917.786607574104,-1.0002408223075119,sl,4,0.6367823453933156,-1.1203535387790549,43959.281,US30
2024-11-13 15:17:00,-1,43958.991,43986.67205696579,43917.46941455132,43979.039000000004,-0.7242498010382715,sl,17,0.5514240304792928,-0.3521541829868263,43959.001000000004,US30
2024-11-13 19:18:00,1,44038.333,44027.16009585973,44055.09235621041,44027.150095859724,-1.0008950224468491,sl,1,1.0699098327452914,-2.0200656621269157,44038.293,US30
2024-11-14 00:04:00,1,44011.089,44007.754505519944,44016.09074172008,44007.74450551994,-1.0029989553324647,sl,2,1.3981129757092636,-1.158196549162263,44011.049,US30
2024-11-14 06:31:00,-1,43927.48499999999,43931.793931706066,43921.02160244089,43922.315,1.1998333583946865,tp,4,1.2091164017867404,0.0,43927.494999999995,US30
2024-11-14 10:40:00,1,44019.947,44012.08607547829,44031.73838678256,44012.07607547829,-1.0012721150005222,sl,2,0.833998594171969,-2.1508920424449336,44019.907,US30
2024-11-14 11:15:00,-1,44008.492999999995,44017.86962380822,43994.428064287655,44013.627,-0.5475318307536614,sl,3,0.0,-0.4809833573621926,44008.503,US30
2024-11-14 14:30:00,-1,44063.01099999999,44077.54271882584,44041.21342176122,44048.125,1.0243798533668629,sl,1,0.0,0.0,44063.02099999999,US30
2024-11-14 17:47:00,1,43808.921,43794.20143846675,43831.000342299885,43794.19143846675,-1.0006793680626591,sl,1,1.343925901278355,-1.1648444799979991,43808.881,US30
2024-11-14 19:02:00,-1,43790.491,43799.71109610429,43776.66085584357,43788.755,0.18828437148247532,sl,1,0.0,0.0,43790.501000000004,US30
2024-11-15 17:16:00,1,43411.272999999994,43389.34722365871,43444.16166451192,43389.33722365871,-1.0004560841927046,sl,12,1.0952405801380276,-1.074443140954676,43411.23299999999,US30
2024-11-15 17:50:00,1,43363.279,43342.46736561489,43394.496451577674,43394.48645157767,1.499519499534876,tp,9,1.5001224518114509,-0.9406277103350821,43363.239,US30
2024-11-15 19:03:00,1,43387.047,43373.27686383137,43407.70220425294,43407.69220425294,1.4992737907689553,tp,6,2.5382465047540883,-0.9327431365029258,43387.007,US30
2024-11-18 09:13:00,-1,43336.064999999995,43342.63226115164,43326.21410827253,43332.339,0.5673598040278172,tp,1,0.0,0.0,43336.075,US30
2024-11-18 14:25:00,1,43379.458999999995,43361.881253974396,43405.8256190384,43361.871253974394,-1.000568901154191,sl,2,0.7718850858492733,-1.0208362308718644,43379.418999999994,US30
2024-11-18 14:40:00,1,43366.303,43344.85746967341,43398.471295489886,43398.461295489884,1.4995337023681212,tp,2,1.8866402175108457,-0.8201242744831398,43366.263,US30
2024-11-18 15:10:00,1,43367.903,43348.229760322734,43397.4128595159,43348.21976032273,-1.000508304690335,sl,3,0.9706586364661555,-1.0007502741276981,43367.863,US30
2024-11-18 17:11:00,-1,43432.341,43458.277024415234,43393.43696337715,43450.779,-0.7109030938902121,sl,28,0.35186580078338925,-0.6694163963619308,43432.351,US30
2024-11-19 01:31:00,1,43359.303,43348.440725500186,43375.59641174972,43375.58641174972,1.4990793824992907,tp,19,1.6029791919082057,-0.560471934317968,43359.263,US30
2024-11-19 06:01:00,1,43442.029,43436.81327364854,43449.85258952719,43436.80327364854,-1.0019172785012462,sl,10,0.8094749830601129,-1.685287802252182,43441.989,US30
2024-11-19 08:01:00,-1,43446.746999999996,43454.45010819989,43435.19233770015,43451.615,-0.6319526967139394,sl,2,0.0,-0.42735995841868374,43446.757,US30
2024-11-19 08:14:00,1,43438.697,43425.06847882142,43459.139781767866,43425.05847882142,-1.0007337553261284,sl,1,0.2434600171597676,-1.2205286092332692,43438.657,US30
2024-11-19 10:16:00,-1,43138.689,43169.89525030636,43091.87962454045,43153.055,-0.4603564945792901,sl,2,0.0,-0.3320488651559558,43138.699,US30
2024-11-19 10:31:00,1,43117.865,43102.91033646756,43140.29699529865,43140.28699529865,1.4993313122705605,tp,5,1.784460074418879,-0.05764088226601035,43117.825,US30
2024-11-19 11:11:00,1,43162.847,43144.37614799694,43190.55327800459,43144.36614799694,-1.0005413935426681,sl,17,1.0132721542513565,-1.1536013604825872,43162.807,US30
2024-11-19 14:56:00,-1,43032.759,43084.03515070444,42955.84477394333,43069.791,-0.7222070980611175,sl,34,0.409469114033564,-0.7214270083029873,43032.769,US30
2024-11-20 18:25:00,-1,43199.865,43214.91360389313,43177.29209416029,43200.539000000004,-0.04478820791567656,sl,3,0.0,0.0,43199.875,US30
2024-11-21 02:36:00,-1,43353.708999999995,43367.83925432715,43332.51361850927,43342.239,0.8117334433219313,tp,9,0.8145642487041113,0.0,43353.719,US30
2024-11-21 04:58:00,1,43379.491,43372.38435111407,43390.1509733289,43390.1409733289,1.4985928670236968,tp,9,1.5354635039874474,-0.35065753775067815,43379.451,US30
2024-11-22 06:05:00,-1,43863.229,43872.94454553643,43848.65568169535,43868.039000000004,-0.495082852729914,sl,5,0.0,-0.49096573960941325,43862.757,US30
2024-11-25 05:59:00,-1,44547.211,44551.16264185382,44541.28353721928,44541.539000000004,1.435352749520415,tp,3,1.0021151072128658,0.0,44547.221000000005,US30
2024-11-25 07:01:00,-1,44543.503,44547.735344785004,44537.15448282249,44544.303,-0.18902051714618065,sl,2,0.0,-0.06993759134432752,44543.513,US30
2024-11-25 08:49:00,1,44547.871,44538.97561830119,44561.21407254821,44538.96561830119,-1.0011241788537728,sl,3,0.697440560738392,-1.21905954878269,44547.831,US30
2024-11-25 11:39:00,-1,44598.083,44604.8451436194,44587.939784570895,44594.091,0.590345343826235,tp,23,0.5962606278326414,-0.5093059529409416,44598.093,US30
2024-11-25 14:31:00,-1,44691.564999999995,44703.97291842373,44672.95312236439,44678.243,1.0736692122757654,tp,1,0.0,0.0,44691.575,US30
2024-11-25 20:43:00,1,44702.534999999996,44685.32632515383,44728.34801226924,44685.31632515383,-1.0005811022691422,sl,7,0.6780301274972732,-1.2105522468300927,44702.494999999995,US30
2024-11-26 03:49:00,-1,44721.479,44725.40410889259,44715.59133666112,44724.255,-0.7072415252580033,sl,2,0.0,0.0,44721.489,US30
2024-11-26 08:34:00,-1,44686.314999999995,44707.615578285404,44654.36413257188,44703.139,-0.78983771119174,sl,19,0.3152966041580953,-0.5755712279605237,44686.325,US30
2024-11-27 09:15:00,-1,44810.829,44830.217769402254,44781.745845896614,44788.879,1.1320986672544093,tp,18,1.1207518924572648,0.0,44810.839,US30
2024-11-27 10:49:00,1,44800.890999999996,44795.55657506976,44808.89263739536,44808.882637395356,1.4981253836863064,tp,4,1.9136083333257388,-0.5721328990300891,44800.850999999995,US30
2024-11-27 14:31:00,1,44890.485,44855.67123793557,44942.70564309665,44942.695643096646,1.499712757271473,tp,2,1.5680580541384903,-0.04256937234363529,44890.445,US30
2024-11-27 20:59:00,1,44713.341,44684.84319552817,44756.087706707745,44735.992999999995,0.7948682510747804,time,60,1.0955931721289058,-0.1067450653262881,44713.301,US30
2024-11-28 13:32:00,-1,44786.09099999999,44795.59404308615,44771.83643537076,44774.927,1.1747815829910382,tp,36,1.1251132824566796,-0.1363773675715507,44786.100999999995,US30
2024-11-28 14:42:00,1,44774.385,44771.799066131236,44778.263900803155,44780.541,2.380571318683031,tp,1,2.3844383936004605,-0.14308177191676655,44774.345,US30
2024-11-29 06:39:00,1,44856.453,44851.15013800283,44864.40729299576,44851.028999999995,-1.0228438912604472,sl,9,0.6852903209502713,-1.3935870863579032,44856.413,US30
2024-12-02 09:32:00,-1,44879.797,44884.4049342368,44872.885098644794,44883.579,-0.8207582412511224,sl,2,0.0,-0.7165900879467137,44879.807,US30
2024-12-02 10:57:00,1,44878.335,44871.22540593011,44888.99939110483,44888.98939110483,1.4985934499348714,tp,4,2.1047615170296043,-0.0466974621530583,44878.295,US30
2024-12-02 12:38:00,-1,44912.498999999996,44920.31523314742,44900.774650278865,44916.555,-0.5189200377602977,sl,7,0.17911441145479687,-0.44983305048447714,44912.509,US30
2024-12-02 18:04:00,-1,44773.091,44783.27176209171,44757.819856862436,44758.791,1.4046099762656723,tp,3,0.5209826093788001,0.0,44773.101,US30
2024-12-03 01:00:00,1,44763.559,44759.314357696174,44769.92596345574,44759.30435769617,-1.0023559111195355,sl,1,0.280824605390345,-1.3711402712902276,44763.519,US30
2024-12-04 01:07:00,1,44789.803,44784.596295971176,44797.613056043236,44797.603056043234,1.4980793991848436,tp,12,1.723163051007572,-0.8788669328367,44789.763,US30
2024-12-04 05:24:00,1,44834.511000000006,44830.83789921171,44840.02065118245,44840.265,1.566523853176954,tp,3,1.9612856861808774,-0.06425089144197188,44834.471000000005,US30
2024-12-04 06:12:00,-1,44843.204999999994,44848.05961945341,44835.923070819874,44835.963070819875,1.4917604252228782,tp,14,1.5255572699498647,-0.21052113555179142,44843.215,US30
2024-12-04 10:14:00,1,44897.091,44889.287594718386,44908.79610792242,44908.78610792242,1.4987185081839545,tp,28,1.7951137348979371,-0.9037080281628167,44897.051,US30
2024-12-04 13:09:00,1,44878.347,44870.595211384076,44889.97468292389,44870.585211384074,-1.0012900248571657,sl,9,1.0258277662087443,-1.6460717174081723,44878.307,US30
2024-12-04 17:55:00,1,44889.053,44866.723880667225,44922.54667899916,44866.71388066722,-1.0004478456965993,sl,32,1.153023530229821,-1.1129861249619828,44889.013,US30
2024-12-05 14:30:00,-1,44979.539,44992.1065505301,44960.68767420484,44961.055,1.4707718863528998,sl,1,0.0,0.0,44979.549,US30
2024-12-05 14:47:00,-1,44973.865,45003.68798016585,44929.130529751215,44967.827,0.20246132232331313,sl,4,0.0,0.0,44973.875,US30
2024-12-05 19:11:00,1,44860.891,44839.6834294108,44892.70235588381,44839.673429410796,-1.0004715297284983,sl,19,0.48907063429862724,-1.5884893490416354,44860.851,US30
2024-12-06 16:04:00,1,44799.665,44779.42556163103,44830.02415755345,44779.41556163103,-1.0004940848564934,sl,5,0.6224481020834041,-1.6027124571666647,44799.625,US30
2024-12-09 11:14:00,-1,44628.433,44633.8779128612,44620.26563070819,44620.30563070819,1.4926536932692007,tp,1,0.0,0.0,44628.443,US30
2024-12-09 14:30:00,-1,44679.522999999994,44694.33537709014,44657.30443436478,44679.103,0.028354665657981764,sl,1,0.0,0.0,44679.532999999996,US30
2024-12-10 08:42:00,1,44393.865,44386.679544298604,44404.64318355209,44386.6695442986,-1.001391700181256,sl,8,1.2071607369754362,-1.0924846420632275,44393.825,US30
2024-12-10 15:16:00,-1,44308.223,44342.4192976349,44256.928553547645,44334.315,-0.7630065768691143,sl,9,0.0,-0.7040528263336868,44308.233,US30
2024-12-11 05:53:00,-1,44253.967,44257.12717509022,44249.22673736466,44256.243,-0.7202132587666965,sl,2,0.0,-0.7075557322503391,44253.977,US30
2024-12-11 14:31:00,-1,44343.529,44353.61409902937,44328.40135145595,44298.743,4.440809145212812,sl,1,0.0,0.0,44343.539000000004,US30
2024-12-11 20:43:00,1,44207.809,44192.76973363848,44230.36789954228,44192.75973363848,-1.000664926051687,sl,9,0.5613305727196445,-1.1666792500527545,44207.769,US30
2024-12-12 14:29:00,-1,44115.505,44126.51816317704,44098.98525523444,44102.067,1.2201762367425575,sl,1,0.0,0.0,44115.515,US30
2024-12-13 03:04:00,1,43906.435000000005,43902.87408202544,43911.776376961854,43902.86408202544,-1.002808264631048,sl,6,1.4546810785845712,-1.0559075010595227,43906.395000000004,US30
2024-12-13 05:55:00,1,43921.679,43916.24588207553,43929.8286768867,43929.818676886694,1.4981594362307804,tp,35,2.3897879965991566,-0.7502137919069615,43921.638999999996,US30
2024-12-13 13:01:00,-1,43995.161,44000.28436420481,43987.47595369279,43987.51595369279,1.492192629997501,tp,1,0.0,0.0,43995.171,US30
2024-12-13 20:59:00,-1,43846.564999999995,43866.89352870913,43816.0722069363,43830.591,0.7857922345760623,tp,2,0.6378228442162989,0.0,43846.575,US30
2024-12-15 23:47:00,-1,43853.711,43856.86525571681,43848.9796164248,43853.267,0.14076220822471075,tp,2,0.15344348824514198,0.0,43853.721000000005,US30
2024-12-16 15:53:00,1,43896.291000000005,43858.815033181556,43952.50495022768,43858.805033181554,-1.0002668376789445,sl,9,0.46653899777149066,-1.1897758426355913,43896.251000000004,US30
2024-12-16 17:46:00,1,43788.153,43771.407976967035,43813.27053454945,43771.39797696703,-1.0005971923706736,sl,7,0.8127788163210512,-1.8148676141069224,43788.113,US30
2024-12-17 09:24:00,-1,43581.742999999995,43594.58721842612,43562.47667236081,43590.043,-0.6462051426284278,sl,8,0.0,-0.6078999703185457,43581.753,US30
2024-12-17 14:40:00,1,43488.927,43464.03843005993,43526.25985491011,43464.02843005993,-1.0004017908632805,sl,2,0.4138445890943929,-1.6955574426983098,43488.887,US30
2024-12-18 00:58:00,-1,43465.741,43472.70634011518,43455.29298982723,43471.839,-0.8754777080745297,sl,14,0.0,-0.8697349877852946,43465.751000000004,US30
2024-12-18 02:42:00,-1,43506.223,43508.58907461297,43502.673888080535,43504.767,0.6153652095389262,sl,1,0.0,0.0,43506.233,US30
2024-12-18 07:35:00,-1,43523.979,43526.692300991635,43519.90904851255,43526.732300991636,-1.0147421904625311,sl,5,0.0,-0.45111102814433207,43523.989,US30
2024-12-18 11:36:00,-1,43549.071,43552.176234595914,43544.413148106134,43552.216234595915,-1.0128814744153471,sl,5,0.15586584042359183,0.0,43549.081000000006,US30
2024-12-18 14:32:00,1,43506.291,43474.85866248475,43553.439506272865,43474.84866248475,-1.0003181436950779,sl,13,1.167841875654392,-1.0511467683234126,43506.251,US30
2024-12-19 01:20:00,1,42391.165,42379.78733065854,42408.23150401219,42379.77733065854,-1.000878914626706,sl,2,0.29303013648436227,-2.0986723452217975,42391.125,US30
2024-12-19 05:01:00,-1,42396.240999999995,42402.66484949281,42386.60522576077,42390.315,0.922499819869884,tp,4,0.9287266158192005,0.0,42396.251,US30
2024-12-19 14:38:00,1,42650.005,42601.94205572682,42722.099416409765,42722.08941640976,1.4997919395043957,tp,3,1.513556880463352,-0.10956465692291015,42649.965,US30
2024-12-19 18:01:00,1,42458.391,42442.3718348102,42482.41974778471,42442.361834810195,-1.000624252255567,sl,2,0.7693284796036652,-2.446319738617854,42458.351,US30
2024-12-19 18:23:00,-1,42506.989,42538.266692466554,42460.07246130017,42525.243,-0.5836108280532933,sl,2,0.0,-0.5374437394310323,42506.999,US30
2024-12-22 23:42:00,1,42962.821,42941.09396868281,42995.41154697579,42941.08396868281,-1.0004602561599902,sl,45,0.9879858728334107,-1.086480691051895,42962.781,US30
2024-12-23 20:14:00,-1,42796.753,42815.25674533388,42768.99738199917,42773.291,1.267959517203248,tp,3,1.2430996852233487,0.0,42796.763,US30
2024-12-24 13:03:00,-1,42882.772999999994,42889.386787523144,42872.85231871527,42888.339,-0.8415752668986013,sl,10,0.5252663451667341,-0.5331287084235783,42882.782999999996,US30
2024-12-24 14:07:00,-1,42886.797,42893.073004634425,42877.38299304836,42878.555,1.3132558817416367,sl,1,0.0,0.0,42886.807,US30
2024-12-24 14:30:00,1,42877.197,42861.791255187665,42900.3056172185,42861.78125518766,-1.0006491085062004,sl,2,1.4663361152074528,-3.498565026005535,42877.157,US30
2024-12-26 10:51:00,-1,43116.771,43127.31280765924,43100.958288511145,43104.791,1.1364274882688743,tp,4,1.1402219039226085,0.0,43116.781,US30
2024-12-26 12:10:00,1,43103.083,43096.434340615604,43113.05598907659,43113.045989076585,1.4984959373871451,tp,11,1.8674441390615877,-0.875364440184743,43103.043,US30
2024-12-26 23:04:00,1,43327.049,43322.68727963151,43333.59158055273,43333.58158055273,1.4977073266599314,tp,4,1.7199635387434744,-0.35444729817393644,43327.009,US30
2024-12-27 09:50:00,1,43223.367,43217.54156446911,43232.10515329633,43217.53156446911,-1.0017166098481414,sl,2,1.2805909464524754,-1.3842741812589856,43223.327,US30
2024-12-27 10:23:00,-1,43225.310999999994,43232.126738718005,43215.08739192298,43217.343,1.169058898771714,tp,11,1.1714064066010532,0.0,43225.320999999996,US30
2024-12-27 11:47:00,1,43211.361,43205.20472276086,43220.59541585871,43220.58541585871,1.4983756417052143,tp,8,1.6630180224686824,-0.6455199864503434,43211.320999999996,US30
2024-12-27 18:31:00,-1,42872.253,42893.52412758122,42840.346308628155,42889.303,-0.8015560028445263,sl,4,0.0,-0.7280291061613937,42872.263,US30
2025-01-02 04:07:00,-1,42658.335,42663.59101355113,42650.450979673304,42661.367,-0.5768630484879952,sl,3,0.0,-0.5692527180328405,42658.345,US30
2025-01-02 09:42:00,-1,42742.598999999995,42761.63029617354,42714.052055739674,42714.092055739675,1.497898198859599,tp,1,0.0,0.0,42742.609,US30
2025-01-02 10:01:00,1,42756.221,42731.089931918534,42793.917602122194,42731.07993191853,-1.0003979138478962,sl,6,0.3761877517246544,-1.0771527860356152,42756.181,US30
2025-01-02 13:50:00,1,42847.673,42821.343907372866,42887.166638940704,42821.333907372864,-1.0003798079996016,sl,11,0.6732476599564045,-1.4459290541886038,42847.633,US30
2025-01-02 14:54:00,-1,42842.458999999995,42887.56789053376,42774.795664199344,42865.867,-0.5189220954676425,sl,2,0.0,-0.10871471104640129,42842.469,US30
2025-01-02 20:46:00,-1,42437.101,42461.72886462589,42400.15920306117,42418.877,0.7399748324443135,tp,6,0.11223059903851904,0.0,42437.111000000004,US30
2025-01-02 20:55:00,-1,42412.071,42455.9110490008,42346.3109264988,42427.365,-0.34885909912454044,time,60,0.2565234359067784,-0.34794669138521184,42412.081000000006,US30
2025-01-03 18:02:00,-1,42644.145,42657.202389722945,42624.558915415575,42624.598915415576,1.4969366005878975,tp,1,0.0,0.0,42644.155,US30
2025-01-06 08:04:00,-1,42738.994999999995,42745.22188625425,42729.65467061861,42743.025,-0.6471934503785505,sl,2,0.0,-0.6407696940471193,42739.005,US30
2025-01-08 00:58:00,-1,42569.65899999999,42578.10453951241,42556.99069073137,42572.439,-0.329167840126599,sl,14,0.06583356802394137,-0.4092100918981527,42569.668999999994,US30
2025-01-08 09:11:00,1,42617.091,42597.88990737864,42645.89263893204,42645.88263893204,1.4994791963039358,tp,34,1.5544948711299,-0.6595458003211494,42617.051,US30
2025-01-08 11:11:00,1,42663.723000000005,42656.17590130927,42675.04364803611,42656.165901309265,-1.0013250124864947,sl,1,0.9243287103898332,-1.097640343589614,42663.683000000005,US30
2025-01-09 12:20:00,1,42578.095,42570.703221792966,42589.18266731055,42570.693221792964,-1.0013528544447559,sl,2,0.4061269042330551,-2.845594038519913,42578.055,US30
2025-01-10 04:46:00,1,42537.319,42533.121707726445,42543.61493841034,42544.775,1.7763833238319966,tp,1,2.017014648546903,-0.1472377808653905,42537.279,US30
2025-01-10 06:07:00,1,42575.313,42567.50982096891,42587.01776854664,42567.49982096891,-1.0012815289719987,sl,5,0.4080388246013814,-1.1036527504605151,42575.273,US30
2025-01-10 07:15:00,-1,42575.76899999999,42581.44185142388,42567.25972286417,42573.825000000004,0.34268480782051053,sl,1,0.0,0.0,42575.778999999995,US30
2025-01-10 21:03:00,-1,41903.635,41961.57007773294,41816.732383400595,41911.715000000004,-0.13946645652652623,time,60,0.4960034770725258,-0.13877602852390472,41903.645000000004,US30
2025-01-13 04:43:00,-1,41841.890999999996,41847.98720229953,41832.74669655069,41847.155,-0.8634884049701612,sl,10,0.0,-0.776877105991696,41841.901,US30
2025-01-13 14:00:00,1,41872.98500000001,41866.03556792177,41883.40914811737,41890.451,2.5132989003063146,tp,1,3.5136684156464115,-0.06993377221805058,41872.94500000001,US30
2025-01-14 03:59:00,1,42349.203,42345.17445804616,42355.24581293076,42344.653,-1.1294408875807642,sl,5,1.364265300689888,-2.1109374303256256,42349.163,US30
2025-01-14 05:34:00,-1,42371.420999999995,42374.296402408014,42367.10789638797,42373.655,-0.7769347322565278,sl,3,0.0,-0.7630236358863919,42371.431,US30
2025-01-14 10:00:00,1,42440.597,42435.08568308874,42448.86397536689,42435.07568308874,-1.001814448372876,sl,2,1.4315997659072643,-1.933839075417638,42440.557,US30
2025-01-14 10:12:00,1,42439.467000000004,42430.29805458922,42453.22041811618,42453.21041811618,1.498909362030853,tp,6,2.097514941835895,-0.4406177394457395,42439.427,US30
2025-01-14 15:06:00,-1,42468.611,42507.48547278338,42410.29929082492,42491.227,-0.5817699477500999,sl,38,0.4227967306869706,-0.5017174151449203,42468.621,US30
2025-01-14 19:32:00,-1,42515.640999999996,42543.958874548385,42473.16418817741,42533.155,-0.6184786209881377,sl,3,0.0,-0.37114367400853765,42515.651,US30
2025-01-14 20:41:00,-1,42375.665,42413.43660328857,42319.00759506715,42397.239,-0.5711698239330907,sl,5,0.0,-0.41030823821797496,42375.675,US30
2025-01-15 02:26:00,-1,42579.915,42583.06918221259,42575.18372668112,42575.22372668112,1.4873184244584077,tp,6,1.034816564172252,0.0,42579.925,US30
2025-01-15 08:03:00,-1,42549.534999999996,42562.1807610691,42530.56635839633,42557.967000000004,-0.6667846999424242,sl,5,0.0,-0.5497494347721219,42549.545,US30
2025-01-15 08:16:00,1,42546.271,42538.10889654927,42558.514155176104,42537.477,-1.0774183460283755,sl,3,0.27002843241344393,-1.2673203742679657,42546.231,US30
2025-01-15 16:09:00,-1,43172.117,43198.82365094936,43132.05702357596,43140.691,1.1767106276106425,tp,9,0.8960314808987299,-0.15059918997821412,43172.127,US30
2025-01-15 17:20:00,-1,43133.996999999996,43146.119235162696,43115.81364725594,43115.85364725594,1.4967002784997676,tp,1,0.0,0.0,43134.007,US30
2025-01-16 05:42:00,-1,43236.424999999996,43245.25267224083,43223.183491638745,43243.225,-0.7703049925832721,sl,31,0.25918497397419504,-0.7562582544836653,43236.435,US30
2025-01-16 08:13:00,1,43303.031,43295.2484442501,43314.704833624855,43315.951,1.6601230258018098,tp,1,1.9780134565941871,-0.198649396121782,43302.991,US30
2025-01-16 16:44:00,-1,43185.259,43223.90492575826,43127.29011136261,43189.327,-0.1052633601131866,sl,3,0.0,0.0,43185.269,US30
2025-01-20 00:10:00,1,43440.077,43430.36057254789,43454.651641178156,43454.641641178154,1.4989708151425687,tp,4,1.767522073792404,-0.2920826624791092,43440.037,US30
2025-01-20 17:24:00,-1,43671.47299999999,43675.9472792189,43664.76158117163,43664.80158117163,1.4910600125642917,tp,1,0.0,0.0,43671.48299999999,US30
2025-01-21 05:19:00,1,43611.117000000006,43608.72367647985,43614.70698528024,43608.71367647985,-1.0041782901132357,sl,1,0.5356567924043312,-1.5685301081925058,43611.077000000005,US30
2025-01-21 09:22:00,-1,43621.634,43642.06368265164,43590.98947602253,43637.227,-0.7632521887825855,sl,28,0.0,-0.7612942533274474,43621.644,US30
2025-01-21 12:05:00,-1,43649.396,43658.787266989224,43635.30909951616,43635.34909951616,1.4957407237976372,tp,1,0.0,0.0,43649.406,US30
2025-01-22 06:08:00,1,44040.539,44037.59216326125,44044.959255108115,44037.58216326125,-1.0033934692989794,sl,4,0.5293812105346375,-1.0777658491361533,44040.498999999996,US30
2025-01-23 01:45:00,1,44147.640999999996,44145.34802860544,44151.080457091826,44145.33802860544,-1.0043611534037362,sl,2,1.290029176564958,-3.3868717326497557,44147.600999999995,US30
2025-01-23 03:14:00,1,44129.623,44127.9658358629,44132.108746205646,44127.9558358629,-1.0060344052699286,sl,1,2.5658291202511294,-2.865135621578116,44129.583,US30
2025-01-23 03:48:00,1,44127.271,44122.83227828929,44133.92908256607,44133.91908256607,1.4977470991303872,tp,16,1.5382807134585503,-0.7731955782937586,44127.231,US30
2025-01-23 14:23:00,-1,44185.111,44203.70014575204,44157.22728137193,44163.203,1.1785372115655355,tp,7,0.5620484200490761,-0.042390328770968065,44185.121,US30
2025-01-23 15:23:00,1,44238.427,44223.85842355301,44260.2798646705,44223.848423553005,-1.0006864088635166,sl,7,1.2336140092603007,-1.1034708887645246,44238.387,US30
2025-01-23 20:10:00,-1,44498.746999999996,44509.15123869283,44483.140641960745,44485.743,1.2498752079717368,tp,21,0.7239357171983123,-0.10111263601899932,44498.757,US30
2025-01-24 05:40:00,-1,44521.534999999996,44526.93106391279,44513.44090413081,44516.639,0.9073280226329171,tp,31,1.1556571791552188,-0.3825010291507573,44521.545,US30
2025-01-24 07:56:00,-1,44533.809,44541.092095711836,44522.884356432245,44537.091,-0.45063255102717525,sl,5,0.09748601804661022,0.0,44533.819,US30
2025-01-24 12:00:00,1,44507.629,44499.61673823094,44519.647392653584,44499.60673823094,-1.0012480870308875,sl,1,0.24587314503490823,-6.835273431966816,44507.589,US30
2025-01-24 15:18:00,-1,44488.577,44525.42546566678,44433.30430149982,44437.103,1.3969102666435196,tp,40,1.1663443571473968,0.0,44488.551,US30
2025-01-24 20:03:00,-1,44413.528999999995,44425.08514727676,44396.19477908485,44402.555,0.9496244498422436,tp,4,0.5391070095239806,0.0,44413.539,US30
2025-01-27 16:56:00,-1,44393.676999999996,44411.8425234818,44366.42871477729,44378.067,0.8593201300050969,sl,1,0.0,0.0,44393.687,US30
2025-01-28 14:33:00,-1,44715.534999999996,44741.31735960099,44676.861460598506,44705.603,0.38522463241151883,sl,1,0.0,0.0,44715.545,US30
2025-01-28 20:49:00,1,44844.091,44832.411194425775,44861.61070836134,44861.60070836134,1.499143821364278,tp,2,2.566138606462956,-0.5212415533215774,44844.051,US30
2025-01-28 23:55:00,-1,44818.80299999999,44824.4101050641,44810.39234240384,44812.127,1.1906322288717541,tp,5,1.197766034916686,0.0,44818.812999999995,US30
2025-01-29 02:01:00,-1,44822.920999999995,44830.07089037733,44812.196164434,44815.091,1.095121685336457,tp,23,1.1723256662189325,-0.3695161548746793,44822.931,US30
2025-01-29 12:06:00,1,44838.390999999996,44830.09530793557,44850.834538096635,44850.82453809663,1.4987945550620718,tp,1,1.559363570818972,-0.1297058752466855,44838.350999999995,US30
2025-01-29 16:49:00,-1,44868.077,44888.018372704035,44838.16494094394,44850.055,0.9037492186457382,tp,8,0.7057688660094643,0.0,44868.087,US30
2025-01-29 21:09:00,-1,44763.333,44795.72304630077,44714.74793054884,44714.78793054884,1.498765052706951,tp,1,0.0,0.0,44763.343,US30
2025-01-30 09:45:00,-1,44887.289,44893.651713743755,44877.74492938436,44883.615,0.5774265742511849,tp,3,0.5837131999916741,0.0,44887.299,US30
2025-01-30 21:12:00,-1,44890.115,44931.73089038769,44827.69116441846,44917.539000000004,-0.6589790521006456,time,60,0.0,-0.6580178807877591,44890.125,US30
2025-01-31 13:30:00,1,45018.085,45011.67698644392,45027.69702033412,45011.66698644392,-1.001560546012352,sl,1,2.965349532067018,-1.5658518684748333,45018.045,US30
2025-01-31 13:32:00,1,45024.079,45006.894887412214,45049.85516888167,45006.88488741221,-1.0005819328726435,sl,4,0.08496219938858285,-2.592627333672651,45024.319,US30
2025-01-31 13:39:00,-1,45012.761,45026.77764299661,44991.73603550508,45009.543,0.22958421647598312,tp,7,0.04979794378478459,0.0,45012.771,US30
2025-01-31 16:34:00,1,44873.064999999995,44860.6626722264,44891.66849166039,44860.652672226395,-1.0008063002514194,sl,2,0.8203298756274501,-1.797243260047101,44873.024999999994,US30
2025-01-31 17:09:00,-1,44880.746999999996,44893.049232469064,44862.29365129639,44869.339,0.9273113663458372,tp,1,0.0,0.0,44880.757,US30
2025-01-31 20:53:00,1,44548.564999999995,44502.207772083624,44618.10084187455,44539.204999999994,-0.20191026126251888,time,60,0.780072528608498,-0.7725656086383649,44548.524999999994,US30
2025-02-03 17:55:00,1,44392.517,44356.44188876337,44446.62966685494,44356.43188876337,-1.0002771994225172,sl,1,1.711595553926071,-1.9061895484936244,44392.477,US30
2025-02-04 08:00:00,-1,44389.73499999999,44399.31733675142,44375.36149487286,44375.40149487286,1.4958256528612472,tp,1,0.0,0.0,44389.744999999995,US30
2025-02-04 10:53:00,1,44317.633,44305.582423221065,44335.7088651684,44335.6988651684,1.4991701642013389,tp,4,1.8198299054309588,-0.17575922205685113,44317.593,US30
2025-02-04 11:30:00,1,44326.847,44308.021785979494,44355.08482103076,44308.01178597949,-1.0005312024602293,sl,9,1.257887425566791,-1.0755787412531908,44326.807,US30
2025-02-04 14:31:00,1,44340.365,44324.01569449115,44364.88895826327,44364.87895826327,1.4993883532241399,tp,3,2.4104999431735297,-0.8654801876657177,44340.325,US30
2025-02-04 16:00:00,-1,44438.229,44460.26525050835,44405.174624237465,44448.303,-0.4571558122458923,sl,2,0.0,-0.3651256368206488,44438.239,US30
2025-02-05 10:57:00,1,44478.208999999995,44471.72177875582,44487.93983186626,44471.711778755816,-1.0015414920542465,sl,13,1.2933118332502946,-1.1052498026692439,44478.168999999994,US30
2025-02-05 14:28:00,-1,44572.564999999995,44580.04517748883,44561.344733766746,44561.339,1.5007665281678668,sl,1,0.0,0.0,44572.575,US30
2025-02-05 14:36:00,-1,44576.564999999995,44587.30083386899,44560.4612491965,44560.5012491965,1.4962741599312197,tp,1,0.0,0.0,44576.575,US30
2025-02-06 00:33:00,-1,44935.241,44943.913173747176,44922.23273937924,44928.767,0.74652563345048,tp,4,0.7497543510494039,0.0,44935.251000000004,US30
2025-02-06 01:43:00,-1,44923.73499999999,44931.39610425338,44912.24334361992,44927.243,-0.45789743671212024,sl,11,0.0,-0.426048242140594,44923.744999999995,US30
2025-02-06 09:52:00,1,44959.62100000001,44951.160902691554,44972.31114596268,44972.30114596268,1.498817980498205,tp,9,2.65410658782337,-0.18841390847975517,44959.581000000006,US30
2025-02-06 13:50:00,1,44907.329000000005,44895.97442170119,44924.360867448224,44924.577,1.5190348374093776,tp,8,2.0409388521642002,-0.7730802297538335,44907.289000000004,US30
2025-02-07 11:25:00,-1,44766.797,44773.089163659955,44757.35875451006,44771.839,-0.8013141857845393,sl,4,0.0,-0.7949570720534657,44766.807,US30
2025-02-10 01:47:00,1,44397.047,44389.8348321143,44407.86525182855,44389.8248321143,-1.0013865456490363,sl,5,0.5862315002935244,-1.0842786973254874,44397.007,US30
2025-02-10 14:31:00,-1,44561.26499999999,44584.03532317474,44527.10951523787,44553.839,0.3261262452448007,sl,1,0.0,0.0,44561.274999999994,US30
2025-02-10 20:33:00,-1,44449.443,44457.432292846366,44437.45906073045,44438.791,1.3332844601942269,tp,1,0.0,0.0,44449.453,US30
2025-02-10 20:34:00,1,44444.553,44423.42110325971,44476.25084511044,44476.240845110435,1.4995267817117917,tp,10,1.6205833494682864,-0.9584563207420654,44444.513,US30
2025-02-11 07:55:00,-1,44383.153,44386.14545478219,44378.66431782671,44380.667,0.8307560785177915,tp,1,0.0,0.0,44383.163,US30
2025-02-11 12:21:00,-1,44370.685,44380.38407572062,44356.136386419064,44378.443,-0.7998700312759232,sl,4,0.0,-0.6926433191687456,44370.695,US30
2025-02-11 15:20:00,-1,44372.098999999995,44394.839927153276,44337.98760927007,44387.167,-0.6625939170572588,sl,9,0.0,-0.6184444418299069,44372.109,US30
2025-02-11 17:07:00,-1,44492.165,44520.056792725234,44450.32731091215,44514.715000000004,-0.8084815566409361,sl,24,0.690740827948776,-0.644849191917503,44492.175,US30
2025-02-11 20:39:00,1,44599.453,44585.74346885076,44620.01729672387,44585.733468850754,-1.0007294195471148,sl,9,1.2214859733493928,-1.0423405326146387,44599.413,US30
2025-02-12 00:02:00,-1,44615.635,44620.74547036048,44607.96929445928,44615.155,0.09392481829366266,tp,6,0.7701835100031931,0.0,44615.645000000004,US30
2025-02-12 03:20:00,1,44596.441,44591.19929824366,44604.30355263451,44591.189298243655,-1.0019077773720984,sl,10,0.8985631420750649,-1.2908021696979632,44596.401,US30
2025-02-13 06:00:00,-1,44454.388999999996,44456.73032795907,44450.87700806138,44456.167,-0.7593980984655206,sl,4,0.0,-0.7423137767899378,44454.399,US30
2025-02-13 17:05:00,1,44478.667,44463.777689721086,44501.000965418374,44500.99096541837,1.499328377217298,tp,3,1.5108826116583665,-0.03626763025857337,44478.627,US30
2025-02-13 18:41:00,-1,44520.361,44557.691065509134,44464.365901736295,44485.215000000004,0.9414931241251342,tp,3,0.842805914506064,0.0,44520.371,US30
2025-02-13 20:58:00,-1,44728.117,44745.52176158317,44702.009857625235,44720.715000000004,0.42528591757044065,tp,2,0.06998084944629794,0.0,44728.127,US30
2025-02-14 04:29:00,1,44747.847,44744.94152535799,44752.205211963024,44744.931525357984,-1.0034417784472907,sl,4,1.2280265497428704,-1.164697826325244,44747.807,US30
2025-02-14 08:24:00,1,44693.315,44689.47303437021,44699.07794844469,44699.06794844469,1.4973971656788145,tp,3,1.5512892551102444,-0.15617005924082428,44693.98299999999,US30
2025-02-14 18:21:00,1,44596.205,44579.515763152274,44621.23885527159,44621.22885527159,1.4994008114275519,tp,10,1.5412328457369884,-0.19785206658223847,44596.165,US30
2025-02-18 03:31:00,1,44589.76500000001,44585.11881765232,44596.734273521535,44584.941,-1.0382717764856328,sl,10,0.8467166601744339,-1.35379964222482,44589.725000000006,US30
2025-02-18 04:05:00,1,44585.717,44584.617297694,44587.366553458996,44584.607297694,-1.0090933700397848,sl,3,1.1439459507733678,-2.471577976304076,44585.676999999996,US30
2025-02-18 11:03:00,1,44589.053,44578.10641272453,44605.4728809132,44605.4628809132,1.4990864732769775,tp,19,1.6211445223455039,-0.39080673202929317,44589.013,US30
2025-02-19 02:32:00,-1,44589.911,44593.3742395308,44584.7161407038,44592.455,-0.73457234978318,sl,2,0.0,-0.575184009735034,44589.921,US30
2025-02-19 14:15:00,1,44431.583,44423.14919598673,44444.233706019906,44423.139195986725,-1.0011857045748633,sl,6,0.844221657131048,-1.764328407036961,44431.543,US30
2025-02-20 03:24:00,-1,44555.388999999996,44557.116166474465,44552.798250288295,44556.239,-0.49213553677096544,sl,2,0.0,0.0,44555.151,US30
2025-02-20 13:39:00,-1,44476.947,44488.59512257197,44459.47481614204,44482.527,-0.4790471567864437,sl,6,0.0,-0.2997908013435407,44476.957,US30
2025-02-20 14:01:00,-1,44480.916999999994,44497.115066538274,44456.61990019257,44470.655,0.633532401891526,tp,31,0.09198628715775851,-0.5268530030938624,44480.926999999996,US30
2025-02-20 14:38:00,1,44477.208999999995,44440.09101607151,44532.88597589273,44440.081016071505,-1.0002694111841124,sl,3,0.33390822152102134,-1.1324429710669324,44477.168999999994,US30
2025-02-20 20:38:00,1,44115.047,44094.56518780758,44145.769718288626,44145.759718288624,1.4995117619521119,tp,11,1.5795477322057885,-0.533741833842586,44115.007,US30
2025-02-21 02:48:00,-1,44198.746999999996,44201.64810315105,44194.39534527341,44195.703,1.0492560386520196,tp,3,1.0630438972417284,0.0,44198.757,US30
2025-02-21 08:18:00,-1,44194.661,44217.28728327279,44160.72157509082,44215.015,-0.8995732862797913,sl,12,0.0,-0.8094126542658571,44194.671,US30
2025-02-21 16:02:00,1,43795.465000000004,43771.11108455429,43831.99587316857,43771.10108455429,-1.0004106115923876,sl,2,0.9931051971462093,-1.2872673418732679,43795.425,US30
2025-02-25 14:29:00,-1,43564.666999999994,43570.04604586436,43556.59843120345,43556.63843120345,1.4925637369508455,tp,1,0.0,0.0,43564.676999999996,US30
2025-02-25 18:53:00,-1,43640.865,43664.33927917814,43605.65358123279,43614.755,1.1122812249892655,tp,3,0.8994525386604513,0.0,43640.875,US30
2025-02-26 02:40:00,1,43658.541,43648.51196599054,43673.58455101418,43673.57455101418,1.499002894995047,tp,31,1.571238065913517,-0.5322546513415001,43658.501,US30
2025-02-26 08:45:00,1,43694.633,43684.91455247502,43709.210671287474,43709.20067128747,1.498971029068549,tp,6,1.7972006285061126,-0.16031367108786368,43694.593,US30
2025-02-26 11:00:00,1,43726.579,43719.32042211792,43737.46686682312,43737.577,1.5151728311894797,tp,1,1.655971761311547,-0.6221604387748553,43726.539,US30
2025-02-26 11:31:00,-1,43754.564999999995,43758.84992343916,43748.13761484125,43753.115,0.33839577779733526,sl,1,0.0,0.0,43754.575,US30
2025-02-27 04:41:00,-1,43437.102999999996,43443.96975838805,43426.80286241791,43434.743,0.34368472962431773,sl,23,1.0741604092012618,-0.6005745021084266,43437.113,US30
2025-02-28 01:12:00,-1,43230.341,43243.05535626666,43211.26946560001,43234.291,-0.31067243336217637,sl,4,0.0,-0.2710322038900484,43230.351,US30
2025-02-28 07:04:00,1,43231.303,43216.939748343124,43252.847877485314,43216.92974834312,-1.0006962211789452,sl,2,1.0059003591349154,-1.2584894028050833,43231.263,US30
2025-02-28 17:25:00,-1,43438.73499999999,43502.14232888052,43343.624006679194,43355.039000000004,1.3199735973373978,tp,12,1.1044780033542128,0.0,43438.744999999995,US30
2025-02-28 20:30:00,1,43517.284999999996,43439.04093890635,43634.651091640466,43634.641091640464,1.4998721947728395,tp,21,1.967612593826709,-0.7862833183768997,43517.244999999995,US30
2025-03-03 06:04:00,-1,43854.961,43861.80272071116,43844.69841893327,43848.791,0.9018199164348742,tp,3,0.9076663988754172,0.0,43854.971000000005,US30
2025-03-03 08:01:00,-1,43848.741,43859.4504571203,43832.67681431955,43850.115,-0.1282978198205756,sl,3,0.0,-0.07227257099060916,43848.751000000004,US30
2025-03-03 08:17:00,1,43843.102999999996,43834.18886912245,43856.47419631631,43834.17886912245,-1.001121814357385,sl,1,0.16513107337360966,-1.4121399127881353,43843.062999999995,US30
2025-03-03 11:15:00,-1,43909.541,43917.622881670184,43897.41817749472,43899.055,1.2974701224195115,tp,7,1.1697770872930269,0.0,43909.0865,US30
2025-03-03 14:33:00,1,43947.583,43907.56304679195,44007.61292981208,44007.60292981208,1.4997501246454135,tp,4,1.7670185577771564,-0.18380831086328817,43947.543,US30
2025-03-03 17:48:00,-1,43776.246999999996,43817.283198942925,43714.692701585605,43735.538,0.992026577720098,tp,7,0.9930013268691724,-0.02563590262018117,43776.257,US30
2025-03-04 00:15:00,-1,43221.759,43238.011192903934,43197.380710644095,43238.051192903935,-1.002461206326882,sl,3,0.0,-0.7979230911577659,43221.769,US30
2025-03-04 04:04:00,-1,43226.121,43233.943519451626,43214.38722082256,43233.339,-0.9227206202087928,sl,14,0.5540414474905585,-0.8521551197435306,43226.131,US30
2025-03-04 06:02:00,-1,43243.710999999996,43257.05114950979,43223.700775735306,43229.267,1.0827464856666145,tp,8,0.9715033546276928,-0.1520222841968083,43243.721,US30
2025-03-04 09:37:00,-1,43175.778999999995,43204.21107076481,43133.13089385277,43194.555,-0.6603810237853269,sl,8,0.4995766969451829,-0.44752280286767343,43175.789,US30
2025-03-04 11:23:00,-1,43165.926999999996,43186.549367621396,43134.9934485679,43145.127,1.008613578317353,tp,13,1.01055321981416,-0.02909462245175047,43165.937,US30
2025-03-04 14:26:00,-1,43075.528999999995,43095.97832579381,43044.85501130927,43044.89501130927,1.4980439452916843,tp,1,0.0,0.0,43075.539,US30
2025-03-04 16:23:00,1,42425.773,42369.25107029248,42510.55589456129,42369.241070292475,-1.0001769224804211,sl,3,0.7116883695966219,-1.0353857397089998,42425.733,US30
2025-03-04 20:13:00,-1,42966.98499999999,42988.08023715856,42935.34214426215,42949.315,0.8376298340317822,tp,2,0.5822167301401738,0.0,42966.994999999995,US30
2025-03-05 03:48:00,-1,42749.996999999996,42771.75862433313,42717.354563500296,42761.755,-0.5403089319071664,sl,13,0.5862613840166374,-0.5406765515241198,42750.007,US30
2025-03-05 13:07:00,1,42594.049,42569.08967538035,42631.48798692947,42631.477986929465,1.4995993481332357,tp,4,1.5435513815816235,-0.5002539207398832,42594.009,US30
2025-03-06 16:16:00,-1,42884.960999999996,42941.75136620609,42799.77545069085,42815.039000000004,1.2312299545004521,tp,7,0.8495454990537331,-0.013276899769664176,42884.971,US30
2025-03-06 19:11:00,1,42496.571,42445.33113116646,42573.43080325032,42445.321131166456,-1.0001951605308461,sl,9,0.5406727345457398,-1.3421580024611917,42496.531,US30
2025-03-06 23:54:00,-1,42638.789,42644.23755429493,42630.61616855759,42636.267,0.46287507905399183,tp,1,0.0,0.0,42638.799,US30
2025-03-07 00:03:00,-1,42624.259,42643.91133304053,42594.7805004392,42640.755,-0.8393914333721354,sl,14,0.0,-0.8119137797578224,42624.269,US30
2025-03-07 01:45:00,1,42672.7845,42658.09919260956,42694.81246108566,42694.80246108566,1.4993190472804006,tp,32,2.417552391385528,-0.7878282484937964,42672.7445,US30
2025-03-07 18:04:00,-1,42593.841,42660.0194088533,42494.57338672005,42630.791,-0.5583392021694598,sl,2,0.0,-0.4211947745946036,42593.851,US30
2025-03-10 04:12:00,-1,42643.491,42650.15312312072,42633.49781531893,42641.767,0.25877636434559914,sl,13,0.07385033135583924,-0.0390265978703149,42643.501000000004,US30
2025-03-11 09:33:00,-1,42024.165,42037.60121676346,42004.01067485481,42014.543,0.7161242014321776,tp,9,0.6783159397060708,-0.06415496379495443,42024.175,US30
2025-03-11 17:30:00,-1,41236.771,41285.181839834135,41164.1547402488,41270.815,-0.7032309316806674,sl,16,0.5901157694821942,-0.3923088313499421,41236.781,US30
2025-03-11 23:07:00,-1,41513.379,41523.54706835162,41498.126897472575,41501.227,1.1951139173911438,tp,10,0.5117982904953962,0.0,41513.389,US30
2025-03-12 04:02:00,-1,41504.789,41510.7968371555,41495.777244266734,41498.703,1.0130101469906905,tp,1,0.0,0.0,41504.799,US30
2025-03-12 11:48:00,-1,41685.471,41708.00900592682,41651.663991109766,41675.943,0.42275257318393983,tp,13,0.5760935569080397,0.0,41685.481,US30
2025-03-12 13:32:00,1,41661.489,41632.206296632154,41705.41305505177,41705.40305505177,1.4996585014752082,tp,1,1.8410185467776574,-0.1810625178078637,41661.449,US30
2025-03-12 18:25:00,-1,41420.979,41440.892597983,41391.108603025496,41422.279,-0.06528202493153365,sl,4,0.13578661185718077,0.0,41420.989,US30
2025-03-13 13:36:00,-1,41323.034999999996,41342.725349925175,41293.49947511223,41308.266,0.7500628508946677,tp,1,0.0,0.0,41323.045,US30
2025-03-13 14:30:00,-1,41283.454999999994,41364.590689412915,41161.75146588062,41189.279,1.1607222503614456,tp,19,1.1367130872657478,-0.10180476754150419,41283.465,US30
2025-03-13 16:46:00,1,40872.547,40854.4093314347,40899.75350284795,40854.399331434695,-1.0005513387768683,sl,2,1.1126016514937394,-3.298108562554718,40872.507,US30
2025-03-14 00:05:00,-1,40959.73499999999,40978.474642524656,40931.625536213,40972.755,-0.6947837976561708,sl,7,0.0,-0.6811229180712463,40959.744999999995,US30
2025-03-14 01:58:00,1,41005.743,40987.49152262091,41033.12021606864,41033.110216068635,1.4994520991482314,tp,55,1.5058507006936435,-0.29893470466431044,41005.703,US30
2025-03-14 04:46:00,-1,41036.240999999995,41040.81498403293,41029.380023950594,41039.767,-0.7708815716490418,sl,13,0.38084960232664444,-0.5566263418653226,41036.251,US30
2025-03-14 07:03:00,1,40997.071,40990.236754602614,41007.32236809609,40990.22675460261,-1.0014632193344795,sl,1,1.2353960838492444,-1.034203425400368,40997.031,US30
2025-03-14 17:16:00,-1,41450.72299999999,41470.40865820551,41421.19451269171,41450.291,0.02194491012102973,tp,4,0.023976846243422587,-0.05161117750818722,41450.73299999999,US30
2025-03-14 20:00:00,1,41455.791000000005,41403.00213658446,41534.97429512332,41402.99213658446,-1.00018943389486,sl,15,0.23557999159974136,-1.0052120194802046,41455.751000000004,US30
2025-03-17 04:37:00,-1,41295.01099999999,41301.2807442701,41285.60638359483,41289.091,0.9442171394794423,tp,20,0.8727628694652021,-0.004465891876832909,41295.02099999999,US30
2025-03-17 07:32:00,1,41241.51500000001,41226.995161330924,41263.29475800363,41226.98516133092,-1.000688712886551,sl,6,0.6765915396092967,-1.426462130334079,41241.475000000006,US30
2025-03-17 09:03:00,1,41275.135,41250.75607920792,41311.70338118813,41268.852999999996,-0.257681628058202,time,60,1.361996303412149,-0.9570563110232863,41275.095,US30
2025-03-17 13:30:00,1,41426.129,41406.06172582433,41456.22991126351,41456.219911263506,1.4995016762159874,tp,1,1.7171240946004294,-0.4649360903890417,41426.089,US30
2025-03-18 01:11:00,1,41835.571,41827.34332530342,41847.91251204487,41827.33332530342,-1.0012154102308146,sl,6,1.2995166185216225,-2.1065490116188856,41835.531,US30
2025-03-18 04:41:00,-1,41750.241,41754.919762893915,41743.22285565913,41746.803,0.7348096233888795,tp,1,0.0,0.0,41750.251000000004,US30
2025-03-18 12:10:00,1,41751.317,41732.49048075212,41779.55677887182,41779.546778871816,1.499468834367415,tp,17,1.5925407987126237,-0.11908733475829265,41751.277,US30
2025-03-19 14:42:00,-1,41820.503,41850.49351297232,41775.5172305415,41781.755,1.2920085773709151,tp,37,1.1738378744132205,-0.1904602300490901,41820.513,US30
2025-03-20 16:55:00,1,42026.791,41989.3418532072,42082.96472018919,41989.3318532072,-1.0002670287805853,sl,4,0.4659118162702981,-1.1352995633047702,42026.751,US30
2025-03-20 19:45:00,-1,41964.741,41996.67010086263,41916.847348706055,41985.755,-0.6581456862942708,sl,4,0.0,-0.6568929106469714,41964.751000000004,US30
2025-03-21 00:31:00,-1,41990.041,41994.52044279629,41983.32183580556,41985.139,1.0943325370853856,tp,2,0.7710780463269692,0.0,41990.051,US30
2025-03-21 04:05:00,-1,41965.403,41969.810469220734,41958.791796168895,41967.339,-0.4392543437156993,sl,3,0.0,-0.20329126651303728,41965.413,US30
2025-03-21 08:51:00,-1,41781.615,41804.3665417619,41747.48768735715,41762.939,0.8208674469382448,tp,3,0.341779035521008,0.0,41781.625,US30
2025-03-21 15:33:00,1,41720.0605,41680.99990242171,41778.65139636744,41680.98990242171,-1.0002560124683704,sl,9,0.5364613267372758,-1.7091776403622714,41720.0205,US30
2025-03-21 18:32:00,-1,41902.388999999996,41940.97603582317,41844.50844626523,41854.715000000004,1.2354926721621091,tp,39,1.2365292897500517,-0.511207963482756,41902.399,US30
2025-03-21 19:40:00,1,41860.977000000006,41830.95493892064,41906.01009161906,41906.000091619055,1.499666911609458,tp,11,1.555456165269299,-0.9435061745135566,41860.937000000005,US30
2025-03-24 01:45:00,-1,42202.104999999996,42216.407669135115,42180.65099629732,42215.715000000004,-0.9515706384195004,sl,22,0.0,-0.948773957630552,42202.115,US30
2025-03-24 02:29:00,-1,42210.741,42218.37679813885,42199.28730279172,42216.643000000004,-0.7729381909630578,sl,21,0.9285211409571797,-0.7676997077981667,42210.751000000004,US30
2025-03-24 11:07:00,-1,42361.405,42376.42402888587,42338.87645667119,42374.991,-0.9045857826921728,sl,8,0.0,-0.8654354485080173,42361.415,US30
2025-03-25 06:36:00,1,42486.667,42480.238636856906,42496.30954471465,42496.299544714646,1.498444394043118,tp,23,2.251272941160122,-0.15431611094713443,42486.627,US30
2025-03-25 09:04:00,-1,42511.19699999999,42521.896031792414,42495.14845231136,42499.739,1.0709380271313962,tp,6,1.0477583595865936,-0.3086260573923771,42511.206999999995,US30
2025-03-25 13:30:00,-1,42664.831999999995,42682.05694057617,42638.994589135735,42634.514,1.760122182477971,sl,1,0.0,0.0,42664.842,US30
2025-03-26 01:55:00,1,42617.179000000004,42607.19254323957,42632.15868514065,42607.18254323957,-1.0010013561608417,sl,12,0.1926609253066104,-1.2008263078373587,42617.139,US30
2025-03-26 03:21:00,-1,42595.635,42599.083212212485,42590.46268168128,42591.191,1.2887837888618243,tp,10,1.3003840029832379,0.0,42595.645000000004,US30
2025-03-26 09:19:00,1,42541.741,42530.134684481105,42559.15047327835,42530.1246844811,-1.0008615998751504,sl,24,1.2684473359380983,-1.0620080058940709,42541.701,US30
2025-03-27 03:24:00,1,42459.714,42452.59564679126,42470.3915298131,42470.3815298131,1.4985951806952484,tp,7,1.959441965154965,-0.04439229000479991,42460.162,US30
2025-03-27 08:24:00,-1,42469.575999999994,42494.77379181575,42431.779312276354,42487.026,-0.6925210005541896,sl,13,0.4023368426138048,-0.6479139171948742,42469.585999999996,US30
2025-03-27 12:27:00,1,42469.477999999996,42458.39482052457,42486.10276921313,42486.09276921313,1.499097731835179,tp,4,3.287504283476257,-0.5449699712420331,42469.437999999995,US30
2025-03-27 19:14:00,-1,42381.146,42393.92642846246,42361.97535730631,42391.438,-0.8052938154799395,sl,2,0.0,0.0,42381.156,US30
2025-03-28 09:39:00,1,42238.060000000005,42222.884803142835,42260.822795285756,42222.87480314283,-1.000658970034864,sl,8,1.119590089005714,-1.2558650921882601,42238.020000000004,US30
2025-03-28 12:14:00,1,42250.614,42245.04635052289,42258.96547421567,42258.95547421567,1.4982039099193456,tp,2,3.125196740839296,-0.10345478866242497,42250.574,US30
2025-03-28 15:52:00,1,41762.420000000006,41729.7795541549,41811.38066876767,41729.7695541549,-1.0003063683642526,sl,25,1.1544572699408195,-2.3060346772587805,41762.380000000005,US30
2025-03-31 06:09:00,-1,41404.284,41417.76007449118,41384.06988826323,41413.126000000004,-0.6561257883954861,sl,10,0.12778201850458296,-0.3509924201663966,41404.294,US30
2025-03-31 07:01:00,1,41363.602,41350.54095257047,41383.19357114429,41383.18357114429,1.499234364620477,tp,2,1.5309645040249311,-0.05481949314275005,41363.562,US30
2025-03-31 11:06:00,1,41317.039,41308.86041462476,41329.30687806285,41308.85041462476,-1.001222705338788,sl,1,0.5854313160925613,-2.254668644265431,41316.998999999996,US30
2025-04-02 05:22:00,-1,41921.983,41926.502753049885,41915.20337042517,41923.955,-0.4363070234671303,sl,3,0.0,-0.09823545558855115,41921.993,US30
2025-04-02 11:48:00,-1,41778.615,41788.12778402511,41764.34582396233,41772.327,0.6610052307924948,tp,4,0.24472331063703867,0.0,41778.625,US30
2025-04-03 17:13:00,-1,40973.627,41018.37742914697,40906.50135627955,40909.379,1.435695729062173,tp,9,1.236010493180872,0.0,40973.637,US30
2025-04-03 22:57:00,-1,40429.632999999994,40440.48534392556,40413.354484111645,40429.339,0.027090921741044993,sl,4,0.0,0.0,40429.643,US30
2025-04-04 00:30:00,1,40459.249,40430.57981107435,40502.25278338848,40430.56981107435,-1.0003488065193602,sl,11,0.3400863563069017,-1.0642086903512065,40459.209,US30
2025-04-04 07:37:00,-1,40328.041,40358.06731653975,40283.00152519037,40294.339,1.1224153970193218,tp,7,0.8972795568954874,0.0,40328.051,US30
2025-04-04 16:44:00,1,38913.915,38850.643509697686,39008.822235453474,38850.63350969768,-1.0001580490668744,sl,4,1.0577275749351236,-1.0038644529553478,38913.875,US30
2025-04-04 17:35:00,-1,38889.62099999999,39007.13272068539,38713.35341897189,38937.415,-0.406716876591086,sl,14,0.0,-0.33799181705747566,38889.630999999994,US30
2025-04-07 00:04:00,1,36941.073,36919.815043488365,36972.959934767445,36919.80504348836,-1.0004704121017731,sl,1,5.855595759257954,-4.515862093681053,36941.032999999996,US30
2025-04-07 02:49:00,-1,37478.814999999995,37544.62381109019,37380.101783364706,37393.139,1.3018925365870462,tp,24,1.227069729147927,0.0,37478.825,US30
2025-04-07 08:50:00,1,37061.373,36999.73392390506,37153.8316141424,36999.72392390506,-1.0001622347484027,sl,7,1.1515097969781842,-1.2250345849392996,37061.333,US30
2025-04-07 14:36:00,1,37474.727,37194.270803703956,37895.411294444064,37895.40129444406,1.499964343807931,tp,15,1.6985183650468023,-0.7529732014802296,37474.687,US30
2025-04-08 05:48:00,1,38537.673,38516.23120734239,38569.83568898642,38569.82568898642,1.4995336210846864,tp,3,1.5841026234315316,-0.07098287089648078,38537.633,US30
2025-04-08 18:30:00,-1,38231.998999999996,38312.03874565716,38111.93938151425,37960.591,3.390915323026084,sl,1,0.0,0.0,38232.009,US30
2025-04-09 00:13:00,1,37111.397000000004,37071.98207859065,37170.51938211404,37071.97207859065,-1.0002537110222338,sl,23,1.327669779079477,-1.3728303410282539,37111.357,US30
2025-04-09 02:44:00,1,37386.261000000006,37344.571415080405,37448.79537737941,37344.5614150804,-1.000239868063482,sl,7,0.6711028678733955,-1.0922152400370553,37386.221000000005,US30
2025-04-09 15:49:00,-1,37747.597,37841.490460050765,37606.756809923856,37627.755,1.2763615265132564,tp,7,1.1406332234651424,0.0,37747.607,US30
2025-04-10 00:02:00,1,40873.691,40823.728828387684,40948.63425741847,40823.71882838768,-1.000200151428157,sl,9,0.44849932012322596,-1.382886247141569,40873.651,US30
2025-04-10 04:57:00,1,40488.829,40464.47412440751,40525.36131338873,40464.46412440751,-1.0004105954047706,sl,3,0.5829633555748681,-1.0183587227047148,40488.789,US30
2025-04-10 12:00:00,1,40100.385,40078.30286759327,40133.5081986101,40133.4981986101,1.499547145184432,tp,1,1.7531821332708974,-0.7050949479523533,40100.345,US30
2025-04-10 12:38:00,1,39992.105,39950.46657981303,40054.56263028046,39950.45657981303,-1.0002401628101434,sl,3,1.3757006087834276,-1.291547560126462,39992.065,US30
2025-04-10 16:54:00,1,38942.947,38785.11021043412,39179.70218434882,39179.692184348816,1.499936643414801,tp,7,1.517567613094533,-0.14513726529163384,38942.907,US30
2025-04-11 02:10:00,-1,39288.72299999999,39358.393260378616,39184.21760943205,39311.291,-0.3239258742160581,sl,16,1.0181675741484284,-0.28063624125637865,39288.73299999999,US30
2025-04-11 16:28:00,-1,39738.926999999996,39806.21330373069,39637.99754440395,39741.939,-0.04476393906340209,sl,3,0.0,-0.0180125810574715,39738.937,US30
2025-04-11 17:21:00,-1,39982.920999999995,40049.93072699267,39882.40640951098,40011.239,-0.4225953644476288,sl,2,0.0,-0.33156380419869447,39982.931,US30
2025-04-14 05:56:00,1,40406.165,40388.49966023723,40432.663009644166,40388.489660237225,-1.0005660802529883,sl,5,0.3508565407305431,-2.5381906378324777,40406.125,US30
2025-04-14 17:45:00,-1,40429.597,40489.19549969449,40340.19925045827,40486.267,-0.9508628621609014,sl,8,0.24151614677862465,-0.8335444726739123,40429.607,US30
2025-04-15 00:00:00,-1,40442.729,40452.88881343686,40427.48927984471,40422.755,1.9659809822425565,sl,1,0.0,0.0,40442.739,US30
2025-04-15 04:32:00,-1,40515.454999999994,40524.89974887596,40501.28787668604,40521.279,-0.61663894683599,sl,3,0.0,-0.5645465083321468,40515.465,US30
2025-04-15 04:38:00,1,40514.547,40509.02934563277,40522.82348155084,40509.01934563277,-1.0018123643375403,sl,1,2.386521359186503,-1.5013626169124688,40514.507,US30
2025-04-15 05:01:00,-1,40516.979,40526.56103383557,40502.605949246645,40514.039000000004,0.30682421398695053,tp,4,0.177832809739456,0.0,40516.989,US30
2025-04-15 05:09:00,-1,40503.746999999996,40518.54767186499,40481.545992202504,40487.791,1.078059168228627,tp,20,0.9086074012494693,-0.40322493832977824,40503.757,US30
2025-04-15 08:26:00,-1,40601.433,40637.20716533227,40547.77175200159,40580.543,0.5839409474958032,tp,7,0.5544224390918779,0.0,40601.443,US30
2025-04-15 09:37:00,1,40572.335,40537.916299711134,40623.963050433296,40537.90629971113,-1.0002905397332877,sl,4,0.26043981686606554,-1.0469889826623844,40572.295,US30
2025-04-15 16:19:00,1,40571.809,40531.96886059009,40631.56920911487,40631.559209114865,1.4997489968621147,tp,4,1.6557672984343785,-0.026857335738475787,40571.769,US30
2025-04-15 16:29:00,1,40618.321,40566.458905915715,40696.11414112644,40566.44890591571,-1.0001928190555858,sl,12,0.8470541110159605,-1.0912401629603639,40618.281,US30
2025-04-16 12:09:00,-1,40347.40899999999,40371.6434979329,40311.05725310063,40318.139,1.2077823968552606,tp,12,1.0669913637815487,0.0,40347.418999999994,US30
2025-04-17 05:35:00,-1,39945.740999999995,39955.8156189433,39930.629071585034,39952.267,-0.6477664353094182,sl,3,0.0,-0.4949070558463076,39945.751,US30
2025-04-17 07:04:00,1,39964.727,39953.51485308547,39981.54522037179,39953.50485308547,-1.000891889847526,sl,4,0.6075553640107677,-1.1337703739440361,39964.687,US30
2025-04-21 09:09:00,1,38777.127,38772.48231868344,38784.094021974845,38786.089,1.9295188171567565,tp,1,2.236536651709833,-0.13176361482949184,38777.087,US30
2025-04-21 14:42:00,1,38428.183,38363.810497568345,38524.741753647475,38363.80049756834,-1.000155345832837,sl,3,0.3892345186767845,-1.3898480969416152,38428.143,US30
2025-04-22 04:40:00,-1,38274.889,38278.246109199936,38269.8533362001,38270.279,1.3732052565024497,tp,1,0.0,0.0,38274.899000000005,US30
2025-04-22 10:03:00,1,38476.805,38466.018689508324,38492.984465737514,38466.00868950832,-1.000927101070357,sl,2,1.3229732271298196,-1.6493128038294274,38476.765,US30
2025-04-22 10:22:00,-1,38478.017,38492.72203914843,38455.95944127736,38467.591,0.7090086530720096,tp,8,0.3888462956326962,0.0,38478.027,US30
2025-04-22 11:00:00,-1,38469.547,38490.98280035046,38437.39329947431,38473.091,-0.1653308923417725,tp,8,0.0,-0.1651442886257732,38469.557,US30
2025-04-23 03:17:00,-1,39612.003,39620.611895979804,39599.089656030286,39603.267,1.014764264835834,tp,4,0.2657715931714307,0.0,39612.013,US30
2025-04-23 07:04:00,1,39666.359000000004,39646.227279388106,39696.55658091785,39646.2172793881,-1.0004967285308006,sl,4,0.6280635542160287,-1.90405980387722,39666.319,US30
2025-04-23 07:19:00,-1,39685.153,39702.210587670466,39659.5666184943,39683.567,0.09297914984435703,tp,3,0.0,0.0,39685.163,US30
2025-04-23 14:26:00,-1,40253.377,40309.23448598931,40169.59077101603,40282.327,-0.5182832611825081,sl,8,0.0,-0.47130656766468265,40253.387,US30
2025-04-24 00:55:00,1,39572.291000000005,39559.92587741169,39590.83868388248,39559.91587741169,-1.000808726313113,sl,8,1.0115548722351029,-1.0565200552359433,39572.251000000004,US30
2025-04-24 05:16:00,1,39491.279,39482.60107143172,39504.29589285242,39482.59107143172,-1.0011523487343041,sl,3,0.8651834295385964,-2.1064934858785866,39491.239,US30
2025-04-25 00:04:00,1,40078.297,40067.69265118394,40094.20352322409,40094.19352322409,1.4990569906580915,tp,3,2.2611478003905496,-0.19180810017487082,40078.257,US30
2025-04-25 01:51:00,1,40076.589,40064.254535900756,40095.090696148865,40064.244535900754,-1.0008107364796377,sl,25,0.9078627097129708,-1.4260854673917411,40076.549,US30
2025-04-25 12:07:00,-1,39929.153,39949.76863602734,39898.229545958995,39936.091,-0.33654067188621095,sl,13,0.0,-0.16308010073241005,39929.163,US30
2025-04-25 12:47:00,1,39938.561,39910.1025984573,39981.24860231405,39910.0925984573,-1.0003513900802556,sl,14,0.7208416104893924,-1.2494728471185832,39938.521,US30
2025-04-27 23:18:00,1,39992.077,39977.365417294,40014.14437405899,39977.355417294,-1.0006797365179452,sl,8,0.4229320613794499,-1.3451985687395642,39992.037,US30
2025-04-29 05:20:00,1,40257.321,40253.274409823636,40263.390885264555,40253.264409823634,-1.0024712163985467,sl,1,3.562999802698353,-1.2469757944531865,40257.281,US30
2025-04-29 12:08:00,1,40380.079,40358.79662493538,40412.00256259693,40358.786624935376,-1.0004698723695864,sl,12,1.1962950527229317,-1.1055157109373221,40380.039,US30
2025-04-29 18:17:00,-1,40603.741,40629.19345028227,40565.562324576604,40575.339,1.1158847059918995,tp,4,0.8433765614682392,0.0,40603.751000000004,US30
2025-04-30 01:40:00,1,40468.034999999996,40456.76869293787,40484.934460593184,40456.75869293787,-1.0008876022947797,sl,3,0.5293660084994183,-1.7528370113738507,40467.994999999995,US30
2025-04-30 08:30:00,1,40513.335,40498.18885695374,40536.05421456939,40536.04421456939,1.4993397659082013,tp,22,1.8306970900325716,-0.5477302026439888,40513.295,US30
2025-04-30 18:29:00,1,40368.279,40353.38814810833,40390.61527783751,40401.276999999995,2.2159914180898075,tp,1,2.6539784484793776,-0.9396373089863725,40368.239,US30
2025-05-01 00:43:00,-1,40830.710999999996,40841.054013069166,40815.19648039624,40815.23648039624,1.4961326549881193,tp,1,0.0,0.0,40830.721,US30
2025-05-01 13:41:00,1,40847.809,40800.17478989582,40919.26031515627,40919.25031515627,1.4997900668452324,tp,11,1.6889962030237649,-0.23264792206619295,40847.769,US30
2025-05-01 14:00:00,-1,40885.229,40938.344837295816,40805.555244056275,40902.791,-0.33063584975966115,sl,6,0.2255071295081755,-0.31150784478559645,40860.715,US30
2025-05-01 19:06:00,1,40921.689000000006,40908.84882979514,40940.94925530731,40908.83882979514,-1.000778805875817,sl,3,1.019145368885964,-1.6686694691857507,40921.649000000005,US30
2025-05-01 23:14:00,1,40716.534999999996,40705.09504260965,40733.69493608551,40733.684936085505,1.499125870869579,tp,2,1.5965094428953475,-0.06748276882996908,40716.494999999995,US30
2025-05-01 23:31:00,1,40725.797,40715.61202857347,40741.07445713979,40715.60202857347,-1.0009818387880787,sl,15,1.1293109738181442,-1.4772746402425283,40725.757,US30
2025-05-02 00:12:00,-1,40718.865,40751.79964592945,40669.46303110581,40746.815,-0.8486503865829739,sl,4,0.0,-0.7848877457304191,40718.875,US30
2025-05-02 01:17:00,1,41047.279,41021.17299445672,41086.43800831493,41086.42800831493,1.4996169463772686,tp,4,2.41262493779724,-0.3841261729367099,41047.239,US30
2025-05-02 03:50:00,-1,41104.371,41119.334558408955,41081.925662386566,41103.815,0.03715693719376903,sl,12,0.0,-0.023791132447927882,41104.381,US30
2025-05-02 11:57:00,-1,40919.926999999996,40933.01526183228,40900.29460725156,40929.115,-0.7020030709759019,sl,8,0.0,-0.6243762620829385,40919.937,US30
2025-05-02 13:31:00,-1,41233.528999999995,41252.819484916996,41204.593272624494,41202.815,1.5921839255022645,sl,1,0.0,0.0,41233.539,US30
2025-05-05 00:50:00,1,41115.559,41108.15695006672,41126.66207489993,41126.652074899925,1.4986490228933647,tp,4,1.5136347499654832,-0.6479286202105486,41115.519,US30
2025-05-05 05:42:00,-1,41038.740999999995,41045.14931001828,41029.128534972566,41029.16853497257,1.4937581047291544,tp,1,0.0,0.0,41038.751,US30
2025-05-05 13:29:00,1,41070.191,41047.60592771459,41104.06860842811,41047.59592771459,-1.0004427703341245,sl,3,1.221869013801066,-1.4606107779123745,41070.151,US30
2025-05-05 16:41:00,-1,41418.109000000004,41442.99693801231,41380.777092981545,41384.267,1.3597751643094822,tp,35,1.3187914556755023,0.0,41418.119000000006,US30
2025-05-05 23:55:00,-1,41215.01499999999,41222.51373026555,41203.76690460165,41211.791,0.42993945452378834,tp,8,0.6289064725603408,0.0,41215.024999999994,US30
2025-05-06 00:18:00,1,41210.589,41200.83258119866,41225.22362820202,41200.822581198656,-1.001024966251004,sl,8,0.8902856854409201,-1.0083617975327253,41210.549,US30
2025-05-06 19:13:00,-1,40907.382999999994,40934.7500174689,40866.33247379664,40922.791,-0.563013489413342,sl,18,0.6612339112422455,-0.48715575291136975,40907.393,US30
2025-05-07 01:06:00,1,41138.821,41127.23511138466,41156.19983292302,41127.22511138466,-1.0008631189487522,sl,9,1.032808133866051,-1.2164798461241266,41138.781,US30
2025-05-07 03:57:00,-1,41057.01499999999,41067.137319156354,41041.83152126545,41059.767,-0.27187445460835535,sl,12,0.17426836407216467,-0.3714563769357173,41057.024999999994,US30
2025-05-07 09:45:00,-1,41060.791,41071.68556515262,41044.44915227106,41066.839,-0.5551391831868089,sl,3,0.0,-0.47840367439950265,41060.801,US30
2025-05-07 16:40:00,-1,41104.746999999996,41121.867897618125,41079.065653572805,41096.279,0.4946002358560067,sl,1,0.0,0.0,41104.757,US30
2025-05-08 12:34:00,1,41417.609000000004,41404.448027705905,41437.35045844116,41404.4380277059,-1.0007598222820149,sl,2,1.097335339461999,-2.131909358443389,41417.569,US30
2025-05-08 15:06:00,-1,41275.98499999999,41326.82187746441,41199.729683803365,41318.267,-0.8317190612188997,sl,9,0.0,-0.7920628096835004,41275.994999999995,US30
2025-05-09 04:25:00,-1,41388.746999999996,41399.795647157494,41372.17402926375,41397.803,-0.8196478601326219,sl,22,0.27442273762371416,-0.8160275073934429,41388.757,US30
2025-05-09 05:19:00,1,41393.517,41380.91870861421,41412.41443707868,41380.90870861421,-1.0007937584308708,sl,1,0.09413974988222912,-1.2476295013887524,41393.477,US30
2025-05-09 12:31:00,-1,41428.564999999995,41444.53243394238,41404.61384908641,41435.603,-0.44077213817835853,sl,2,0.0,-0.4375155097062483,41428.575,US30
2025-05-12 06:00:00,1,41691.749,41685.19916027457,41701.57375958815,41701.56375958815,1.4984732450831058,tp,6,1.6742394409149026,-0.759407895232473,41691.709,US30
2025-05-12 08:45:00,-1,42086.284999999996,42106.84444020686,42055.445839689695,42102.555,-0.7913639591495076,sl,5,0.0,-0.718793889877874,42086.295,US30
2025-05-12 13:41:00,-1,42318.426999999996,42331.068261540706,42299.46510768893,42303.303,1.1963995801598557,sl,1,0.0,0.0,42318.437,US30
2025-05-12 15:03:00,-1,42255.753,42293.9356726056,42198.47899109159,42213.039000000004,1.118674966553425,tp,19,1.0598000935655536,0.0,42255.763,US30
2025-05-12 16:29:00,1,42165.291000000005,42123.87093797882,42227.42109303178,42227.41109303178,1.4997585711001455,tp,16,1.6154490537887976,-0.19294997665425997,42165.251000000004,US30
2025-05-12 19:13:00,1,42346.053,42334.28268124928,42363.70847812608,42334.27268124928,-1.000849594663817,sl,3,0.6570765128618766,-1.8118455796869535,42346.013,US30
2025-05-13 05:14:00,1,42287.653,42277.45750521365,42302.94624217952,42277.44750521365,-1.0009808253754813,sl,2,0.2791429018055764,-1.6075727900861514,42287.613,US30
2025-05-13 05:54:00,-1,42309.211,42312.03791603559,42304.970625946626,42308.243,0.34242262161864423,tp,1,0.0,0.0,42309.221000000005,US30
2025-05-13 14:05:00,1,42241.023,42202.434005364776,42298.90649195284,42298.89649195284,1.4997408587578773,tp,8,1.560755872738319,-0.34424322596561113,42240.983,US30
2025-05-14 05:53:00,-1,42164.467,42171.887219670585,42153.336670494115,42159.839,0.6237012117499845,tp,9,0.6290918877375732,0.0,42164.477,US30
2025-05-14 08:05:00,-1,42173.839,42189.155599949605,42150.86410007559,42173.339,0.03264432064851928,sl,8,0.5053340836389454,0.0,42173.849,US30
2025-05-14 13:03:00,-1,42188.291,42205.59493693801,42162.33509459298,42194.079,-0.3344903544629466,sl,13,0.35783764250740846,-0.3760993826615803,42188.301,US30
2025-05-14 18:08:00,1,42053.059,42025.68862347607,42094.1145647859,42025.678623476066,-1.0003653585106254,sl,4,0.17054935272505387,-1.034695301879971,42053.019,US30
2025-05-14 19:21:00,1,42065.641,42054.52860374913,42082.30959437631,42054.51860374913,-1.0008998959159014,sl,1,0.5509162796022008,-2.037544332368767,42065.601,US30
2025-05-15 00:27:00,-1,41868.441,41877.92179901188,41854.21980148218,41870.003000000004,-0.1647540463676392,sl,5,0.0,-0.0537929344734594,41868.451,US30
2025-05-15 12:50:00,1,41887.897000000004,41867.759462198504,41918.10330670225,41867.7494621985,-1.0004965850393732,sl,29,0.9587070768184377,-1.349221551702398,41887.857,US30
2025-05-16 00:05:00,1,42325.223000000005,42313.72407356673,42342.471389649916,42313.477,-1.0214866638345694,sl,42,1.2404636278668282,-2.4141384120580733,42325.183000000005,US30
2025-05-16 15:31:00,-1,42361.417,42375.262917797365,42340.64812330395,42365.539000000004,-0.29770507526686896,sl,5,0.10414621992608544,-0.2948161371273915,42361.427,US30
2025-05-16 19:47:00,-1,42617.405,42639.729100319084,42583.918849521375,42632.503000000004,-0.6763094496174598,sl,2,0.0,-0.6078632422377428,42617.415,US30
2025-05-16 19:50:00,1,42617.239,42600.81610734002,42641.87333898997,42641.86333898997,1.4993910938704458,tp,4,1.5648887520661847,-0.3517041802308253,42617.987,US30
2025-05-19 05:24:00,1,42300.191,42290.032300750165,42315.42904887475,42315.41904887475,1.4990156220047364,tp,3,1.5096420932289447,-0.2610570442908971,42300.151,US30
2025-05-19 05:30:00,1,42307.721,42300.59400408657,42318.41149387014,42300.584004086566,-1.001403115719934,sl,2,1.168795394466996,-1.5689639977104473,42307.681,US30
2025-05-19 05:39:00,-1,42308.772999999994,42317.167870644975,42296.18069403252,42308.139,0.07552230722816049,sl,2,0.0,0.0,42308.782999999996,US30
2025-05-19 08:00:00,-1,42282.203,42298.366243391225,42257.95813491316,42292.639,-0.6456624915806234,sl,7,0.08141930231115975,-0.14823757472473773,42282.213,US30
2025-05-19 10:22:00,-1,42288.941,42300.41028542412,42271.73707186381,42284.355,0.39985054259356667,sl,4,0.0,0.0,42288.951,US30
2025-05-19 15:40:00,-1,42631.314999999995,42644.26902080764,42611.883968788534,42611.923968788535,1.4969121556466152,tp,1,0.0,0.0,42631.325,US30
2025-05-20 03:43:00,1,42749.359000000004,42745.77878830812,42754.72931753783,42760.064999999995,2.990325969901501,tp,1,2.9931191008285634,-0.7910146783835775,42749.319,US30
2025-05-20 07:12:00,-1,42707.041,42718.412136559666,42689.984295160495,42715.427,-0.7374812496536013,sl,7,0.0,-0.7339635713818666,42707.051,US30
2025-05-20 09:23:00,1,42725.189,42714.241489176115,42741.610266235824,42714.23148917611,-1.0009134496565393,sl,3,0.376889328211692,-1.1770712271766395,42725.149,US30
2025-05-20 13:25:00,-1,42787.882999999994,42806.83668683467,42759.45246974798,42762.379,1.3455957261746365,tp,4,1.2126400631430871,0.0,42787.893,US30
2025-05-21 16:58:00,1,42325.602999999996,42316.44969266899,42339.3329609965,42339.3229609965,1.4989074987166877,tp,3,2.1832545633326244,-0.4959955823415804,42325.562999999995,US30
2025-05-22 02:48:00,1,41856.703,41847.176569926385,41870.992645110426,41847.16656992638,-1.0010497111640733,sl,7,0.5101596256356855,-1.069445733740066,41856.663,US30
2025-05-22 07:43:00,1,41850.409,41837.19944921291,41870.22332618064,41837.18944921291,-1.0007570280142917,sl,7,1.1877769541819334,-1.1372074828371599,41850.369,US30
2025-05-22 19:37:00,1,42038.591,42018.969720493245,42068.02291926013,42018.95972049324,-1.000509650759452,sl,6,0.8005594127840127,-1.5540270954043034,42038.551,US30
2025-05-23 01:30:00,1,41880.755,41867.88580408605,41900.05879387092,41867.87580408605,-1.0007770493252963,sl,22,1.4409602685358738,-1.051192327046444,41880.715,US30
2025-05-23 08:02:00,1,41919.299,41908.5305566335,41935.451665049746,41908.5205566335,-1.000928639327124,sl,2,0.48883574169872834,-1.0014446501664247,41919.259,US30
2025-05-23 08:09:00,1,41920.215000000004,41908.763626096865,41937.39206085471,41908.75362609686,-1.0008732576620607,sl,2,0.4670181975747167,-1.2794971261907258,41920.175,US30
2025-05-23 11:43:00,1,41732.197,41710.6611102182,41764.5008346727,41710.6511102182,-1.000464341158102,sl,1,0.434901928589772,-4.675079647049679,41732.157,US30
2025-05-26 13:32:00,-1,42063.291,42068.95835341709,42054.78996987436,42066.779,-0.6154548240252442,sl,2,0.0,-0.38959984273209486,42063.301,US30
2025-05-27 05:20:00,-1,41961.179,41963.94842922335,41957.02485616497,41956.479,1.6971006012248888,sl,1,0.0,0.0,41961.189,US30
2025-05-27 07:00:00,-1,42036.935,42049.40138206612,42018.235426900814,42018.275426900815,1.4967913706006515,tp,3,0.41198801486725517,0.0,42036.945,US30
2025-05-27 12:27:00,1,42140.767,42117.30548757411,42175.959268638835,42117.295487574105,-1.0004262299812778,sl,14,0.5742170306605473,-1.2164603663190774,42140.727,US30
2025-05-27 15:06:00,1,42089.091,42065.88095854785,42123.90606217823,42123.896062178224,1.4995691519974657,tp,6,1.5214104667930117,-0.07117609003016045,42089.051,US30
2025-05-27 19:56:00,1,42312.139,42279.96506788413,42360.39989817381,42360.38989817381,1.4996891893732585,tp,13,1.7828097539777823,-0.2689133541042353,42312.099,US30
2025-05-28 01:08:00,-1,42354.179,42361.62718178143,42343.006727327855,42353.015,0.15627975177768838,sl,2,0.0,0.0,42354.189,US30
2025-05-28 01:10:00,1,42359.021,42346.83607020879,42377.29839468682,42346.82607020879,-1.000820685894247,sl,13,0.46598545065847413,-1.1586443452619768,42358.981,US30
2025-05-28 01:32:00,1,42354.841,42343.878986964,42371.284019554,42343.868986964,-1.0009122412069023,sl,4,0.7898184367753553,-1.084654794785767,42354.801,US30
2025-05-28 13:21:00,1,42325.517,42318.43736656139,42336.136450157916,42318.42736656139,-1.001412502510017,sl,2,1.0285843275846906,-2.080616196831552,42325.477,US30
2025-05-29 02:49:00,1,42672.515,42663.513110310094,42686.017834534854,42663.50311031009,-1.001110877865261,sl,1,0.1621881682949674,-1.1748644300607891,42673.469,US30
2025-05-29 02:52:00,-1,42678.185,42696.89487346506,42650.1201898024,42682.515,-0.2314286095032568,sl,22,0.706044325989974,-0.22929070087038644,42678.195,US30
2025-05-29 13:29:00,1,42210.309,42179.06031232211,42257.182031516844,42257.17203151684,1.4996799865613084,tp,1,1.5029751163990983,-0.03232135731308053,42210.269,US30
2025-05-29 15:54:00,1,42030.097,42003.811632074074,42069.52505188889,42003.80163207407,-1.000380439795639,sl,4,1.0881339032650927,-4.609332475064691,42030.057,US30
2025-05-29 16:16:00,-1,42019.173,42071.021538386754,41941.400192419875,42061.539000000004,-0.817110786884341,sl,27,0.0,-0.7963580321591304,42019.183000000005,US30
2025-05-30 07:07:00,1,42131.085,42119.36949595914,42148.65825606129,42149.053,1.5336941489953502,tp,1,1.6625831831107778,-0.3433057584180072,42131.045,US30
2025-05-30 07:11:00,-1,42123.022999999994,42152.418667154685,42078.92949926796,42150.079,-0.9204077545723037,sl,8,0.0,-0.8518262187497955,42123.032999999996,US30
2025-05-30 09:11:00,1,42164.329000000005,42157.60168325171,42174.419975122444,42174.40997512244,1.498513523240217,tp,3,2.046878497803977,-0.8963454859675645,42164.289000000004,US30
2025-05-30 16:16:00,1,42148.833,42131.72825098453,42174.490123523196,42183.753,2.041538286730889,tp,1,2.1026908940597804,-0.2992151475227299,42148.793,US30
2025-06-02 01:26:00,1,42143.003000000004,42137.90346397136,42150.652304042975,42137.893463971355,-1.0019609627122668,sl,3,0.38434869152579715,-3.2528449464459492,42142.969,US30
2025-06-02 13:40:00,1,42089.653,42068.24095471774,42121.771067923386,42068.230954717736,-1.0004670268472822,sl,1,0.5993822556799429,-1.5756551770394587,42089.613,US30
2025-06-02 23:28:00,-1,42281.983,42288.466402427395,42272.257896358904,42272.739,1.4257945736854256,sl,1,0.0,0.0,42281.993,US30
2025-06-03 01:45:00,1,42225.841,42218.62338458585,42236.667423121224,42218.61338458585,-1.001385499147327,sl,1,0.354964881472587,-1.4378710148025742,42225.801,US30
2025-06-03 04:53:00,1,42141.003000000004,42139.49925175603,42143.25862236596,42139.48925175603,-1.0066500493298114,sl,1,2.9499618820994837,-1.9976748182688828,42140.963,US30
2025-06-03 10:04:00,-1,42155.454999999994,42170.975187705335,42132.17471844198,42143.539000000004,0.7677742193729952,tp,8,0.7525682177138825,0.0,42155.465,US30
2025-06-03 16:41:00,-1,42488.965000000004,42514.35580251733,42450.87879622401,42503.443,-0.5702064749672281,sl,25,0.7193943550045911,-0.5325550458977519,42488.975000000006,US30
2025-06-03 23:39:00,-1,42563.923,42568.17297759117,42557.548033613246,42557.58803361325,1.490588185668562,tp,1,0.0,0.0,42563.933000000005,US30
2025-06-04 00:41:00,1,42548.509,42536.31708549202,42566.796871761966,42566.786871761964,1.499179784274313,tp,5,1.5126418404533897,-0.25377474538325795,42548.469,US30
2025-06-04 04:38:00,1,42497.979,42494.879440236225,42502.62833964566,42494.86944023622,-1.0032262646195478,sl,1,0.7162307453940503,-1.2956678709450995,42497.939,US30
2025-06-04 06:17:00,1,42518.51500000001,42509.40444056237,42532.180839156455,42509.39444056237,-1.0010976274366565,sl,2,1.1441668397366613,-1.2104635368987302,42518.475000000006,US30
2025-06-04 10:08:00,-1,42603.996999999996,42609.11481735704,42596.32027396443,42596.360273964434,1.492184168129905,tp,1,0.0,0.0,42604.007,US30
2025-06-04 23:48:00,1,42395.985,42388.3606536094,42407.4215195859,42407.4115195859,1.4986884121615505,tp,16,2.4251259127989826,-0.7882642907478871,42395.945,US30
2025-06-05 03:43:00,1,42415.26500000001,42408.98335061829,42424.687474072576,42408.97335061829,-1.001591938580836,sl,3,0.18307293675791508,-1.0452668719649427,42415.225000000006,US30
2025-06-05 06:03:00,-1,42418.721,42424.629544316194,42409.85818352571,42424.027,-0.8980215288322713,sl,4,0.0,-0.3794504839135798,42418.731,US30
2025-06-05 06:07:00,1,42417.467,42408.79450413553,42430.475743796706,42408.784504135525,-1.0011530705990885,sl,9,0.8066881909587436,-1.2181037806287986,42417.426999999996,US30
2025-06-05 08:24:00,1,42517.522999999994,42503.38826208919,42538.7251068662,42538.7151068662,1.4992925231394356,tp,11,1.7839736512363873,-0.12536489966628087,42517.48299999999,US30
2025-06-05 11:31:00,1,42447.921,42434.596869916684,42467.90719512498,42434.58686991668,-1.0007505180405405,sl,10,1.2066829053351393,-1.2886394753457702,42447.881,US30
2025-06-06 09:21:00,-1,42479.102999999996,42487.82841605569,42466.01487591646,42487.279,-0.9370326810575189,sl,17,0.2736832243594154,-0.7073588194089767,42479.113,US30
2025-06-06 19:00:00,1,42754.503000000004,42735.439952596884,42783.097571104685,42783.08757110468,1.4994754248997775,tp,6,1.5197989800545668,-0.10701332042362466,42755.099,US30
2025-06-06 19:45:00,-1,42773.839,42787.477643723716,42753.38103441443,42762.739,0.8138639167395273,tp,5,0.7974399962574292,0.0,42773.849,US30
2025-06-10 07:31:00,-1,42745.017,42767.186279317684,42711.76308102347,42722.627,1.0099561505429244,tp,7,1.011760449159387,0.0,42745.027,US30
2025-06-10 09:20:00,-1,42714.041,42720.10335417512,42704.947468737315,42711.127,0.4806713556849736,sl,13,0.3242964602875047,0.0,42714.051,US30
2025-06-10 09:35:00,-1,42717.064999999995,42722.0728283948,42709.553257407795,42709.593257407796,1.4920125058506344,tp,1,0.0,0.0,42717.075,US30
2025-06-10 11:00:00,1,42745.121,42735.055974494055,42760.218538258916,42760.208538258914,1.4990064605403999,tp,4,1.783800745402393,-0.2068549154468117,42745.081,US30
2025-06-10 13:18:00,-1,42779.397,42791.5632816635,42761.147577504744,42787.639,-0.6774460947039015,sl,6,0.0,-0.5262084322121655,42779.407,US30
2025-06-10 14:26:00,1,42764.779,42736.453773031026,42807.26684045346,42807.25684045346,1.499646957815497,tp,18,2.0281567403826,-0.4250627899006003,42765.244999999995,US30
2025-06-10 22:40:00,-1,42852.740999999995,42857.81806428215,42845.125403576756,42845.767,1.373628461727705,tp,1,0.0,0.0,42852.751,US30
2025-06-11 05:56:00,1,42779.797,42767.316562600805,42798.51765609879,42767.3065626008,-1.0008012539690863,sl,4,0.19951223826168282,-1.0062147341733803,42779.757,US30
2025-06-11 11:00:00,1,42787.865,42782.88880567512,42795.32929148732,42797.789,1.99429510828753,tp,1,2.1498356578466233,-0.5582579414369351,42787.825,US30
2025-06-11 15:55:00,1,43026.553,43006.04747109756,43057.31129335366,43006.03747109756,-1.0004876733513979,sl,4,1.1063357647558012,-1.0876091080660277,43026.513,US30
2025-06-12 00:31:00,-1,42778.223,42797.20538863207,42749.74941705189,42790.839,-0.6646160419814134,sl,2,0.0,-0.5815917171428611,42778.233,US30
2025-06-13 05:10:00,-1,42358.778999999995,42373.050663770635,42337.37150434403,42365.567,-0.47562779708783776,sl,5,0.0,-0.3343688638336336,42358.789,US30
2025-06-13 05:40:00,1,42361.585,42348.025761248406,42381.92385812739,42381.91385812739,1.4992624954700453,tp,1,1.695522914020238,-0.44766524959126847,42361.545,US30
2025-06-13 08:43:00,-1,42469.365,42484.47027639697,42446.707085404545,42467.439,0.12750511472836648,tp,3,0.0009268284556768231,0.0,42469.083,US30
2025-06-13 09:03:00,1,42465.903,42452.987723910664,42485.275914134,42485.265914134,1.499225723094662,tp,9,1.7353093998906328,-0.8575891001778922,42465.863,US30
2025-06-13 09:17:00,1,42470.165,42432.942200878504,42525.99919868224,42432.9322008785,-1.000268652552684,sl,52,1.1883577013006221,-1.0293153901440881,42470.125,US30
2025-06-13 12:12:00,-1,42552.465000000004,42566.86177701051,42530.86983448424,42557.939,-0.38022399013329317,sl,9,0.2882589621949665,-0.1682320979362839,42552.475000000006,US30
2025-06-13 13:37:00,-1,42509.017,42583.82182969229,42396.80975546156,42403.079,1.4161919816644661,tp,13,1.4164058715972658,0.0,42509.027,US30
2025-06-16 01:57:00,1,42217.827,42214.44815916059,42222.89526125911,42222.88526125911,1.4970404051327197,tp,2,1.7390579430280106,-0.4770866923350989,42217.787,US30
2025-06-16 05:01:00,1,42201.839,42197.30249035971,42208.64376446043,42208.717,1.5161435873325642,tp,3,2.518235583264528,-0.02468858414987237,42201.893,US30
2025-06-16 13:32:00,1,42433.022999999994,42413.399590910085,42462.45811363486,42462.448113634855,1.4994904045491677,tp,2,1.9760073197447403,-0.4973651599106581,42432.98299999999,US30
2025-06-16 14:55:00,1,42668.279,42653.396489803505,42690.60276529475,42653.3864898035,-1.000671929659043,sl,4,0.5356623240796029,-1.1073400778775575,42668.239,US30
2025-06-17 03:46:00,-1,42373.76499999999,42388.43466837313,42351.76049744029,42378.539000000004,-0.32543339621465917,sl,16,0.0,-0.5086686222349843,42373.774999999994,US30
2025-06-17 05:17:00,-1,42345.246999999996,42362.091453027344,42319.98032045897,42357.803,-0.7454085911616449,sl,14,0.5340630524121809,-0.549260933850828,42345.257,US30
2025-06-17 08:00:00,1,42222.799,42193.081191727535,42267.3757124087,42267.3657124087,1.4996635014296238,tp,2,1.6064441752332377,-0.09327740372313022,42222.759,US30
2025-06-17 09:00:00,-1,42286.517,42315.900008168115,42242.44248774783,42245.839,1.3844055641702875,tp,22,1.2904737249177967,-0.375114758057945,42286.527,US30
2025-06-17 19:31:00,1,42204.571,42189.76027915059,42226.78708127412,42226.777081274115,1.4993248134167574,tp,5,1.6309807095551192,-0.6308943430242355,42204.531,US30
2025-06-18 00:01:00,-1,42122.077,42135.57821108086,42101.82518337871,42128.615,-0.48425285412128355,sl,2,0.0,-0.47684611117062276,42122.087,US30
2025-06-18 03:42:00,-1,42213.529,42224.401737906155,42197.21989314078,42214.591,-0.09767548975838837,sl,25,0.20510013386244136,-0.3195147376843103,42213.539000000004,US30
2025-06-18 06:04:00,-1,42234.80299999999,42238.80796046003,42228.79555930994,42231.579,0.8050017053017886,tp,2,0.06591825378302116,0.0,42234.812999999995,US30
2025-06-18 07:53:00,1,42268.909,42261.927654928586,42279.38101760712,42279.37101760712,1.4985676112697848,tp,1,2.360290149168364,-0.010026721109422898,42268.869,US30
2025-06-18 11:19:00,1,42173.747,42151.31163445302,42207.40004832047,42207.39004832047,1.499554275147212,tp,9,1.744032202999255,-0.21983149727034884,42173.707,US30
2025-06-18 18:03:00,-1,42345.791,42382.00684083375,42291.46723874938,42294.043,1.4288774969370934,tp,3,0.44809121164661303,0.0,42345.801,US30
2025-06-19 11:06:00,1,41998.640999999996,41981.16712040273,42024.851819395895,41981.15712040273,-1.0005722827576082,sl,4,0.5298193768858318,-1.0467051634518,41998.600999999995,US30
2025-06-19 14:38:00,-1,41830.284999999996,41850.13982427067,41800.502763593984,41805.091,1.268910752194721,tp,7,1.1677766412790471,0.0,41830.295,US30
2025-06-20 13:32:00,-1,42335.517,42360.44947354118,42298.11828968823,42303.115,1.299590269151826,tp,2,0.4398280010961841,0.0,42335.527,US30
2025-06-20 19:30:00,-1,42144.511,42179.89113649164,42091.44079526253,42158.639,-0.39932011012284163,sl,9,0.0,-0.3813439216998236,42144.521,US30
2025-06-23 08:48:00,1,42251.677,42237.879524664684,42272.37321300298,42237.86952466468,-1.0007247702756488,sl,22,1.1722434435955391,-2.796018768828545,42251.637,US30
2025-06-23 09:18:00,-1,42246.085,42269.292568887366,42211.27364666895,42228.367,0.7634578221437877,sl,55,0.7534610835310713,-0.42236220638083416,42246.095,US30
2025-06-23 15:29:00,1,42266.102999999996,42252.10020943314,42287.10718585028,42252.09020943314,-1.0007141433669449,sl,2,1.3540158234521256,-1.3283066622467858,42266.062999999995,US30
2025-06-23 19:43:00,1,42509.602999999996,42487.299558368446,42543.05816244732,42543.04816244732,1.4995516387036927,tp,8,1.8562157663344103,-0.36209658282377766,42509.562999999995,US30
2025-06-24 00:57:00,1,42777.127,42744.51271016905,42826.04843474642,42816.989,1.222224988084071,time,60,1.4962766398701706,-0.6941742443987248,42777.087,US30
2025-06-24 07:58:00,-1,42904.246999999996,42931.721510203235,42863.03523469514,42899.791,0.16218669475945507,tp,4,0.16364258968551484,0.0,42904.257,US30
2025-06-24 11:01:00,-1,42890.841,42901.75864328198,42874.46453507703,42878.839,1.099321500988196,tp,3,1.1029852953591748,0.0,42890.851,US30
2025-06-24 13:08:00,-1,42869.717,42885.183598769356,42846.51710184596,42879.743,-0.6482356043183843,sl,8,0.2533200775699872,0.0,42869.727,US30
2025-06-24 22:52:00,1,43067.235,43055.56004417155,43084.747433742676,43084.73743374267,1.4991434657099372,tp,9,1.8812919143108975,-0.2853972253910025,43067.195,US30
2025-06-25 04:24:00,-1,43109.185,43111.76719984437,43105.31170023344,43111.003000000004,-0.7040508518228078,sl,2,0.0,-0.6885601840156432,43109.195,US30
2025-06-25 06:00:00,1,43127.967000000004,43124.006190232016,43133.90821465199,43133.898214651985,1.4974752637496358,tp,2,2.785289030834255,-0.6412830074621033,43127.927,US30
2025-06-25 07:43:00,-1,43119.98499999999,43126.265390718705,43110.56441392192,43110.779,1.4658323681300272,tp,1,0.0,0.0,43119.994999999995,US30
2025-06-25 13:34:00,-1,43077.691,43097.92710628872,43047.33684056692,43063.467000000004,0.702902020628474,tp,5,0.7042856860236943,0.0,43077.701,US30
2025-06-25 23:00:00,1,42984.723000000005,42980.883916580584,42990.481625129134,42995.417,2.7855607267859988,tp,1,2.937159412310225,-0.5918079269938956,42984.683000000005,US30
2025-06-25 23:17:00,1,42981.235,42975.96122093429,42989.14566859857,42989.13566859857,1.4981038265203308,tp,2,3.1787452206702493,-0.14638459260010342,42981.195,US30
2025-06-26 04:06:00,-1,43028.429,43033.5276849709,43020.780972543645,43031.967000000004,-0.6939044126475571,sl,4,0.0,-0.4852231534447917,43028.439,US30
2025-06-26 13:12:00,-1,43100.503,43109.651298187506,43086.78055271873,43091.303,1.0056515224393223,tp,16,0.8473707176035329,0.0,43100.513,US30
2025-06-27 00:07:00,1,43467.021,43457.99820918673,43480.555186219906,43457.988209186726,-1.0011083045378073,sl,8,0.8194803750878686,-1.7770554955583158,43466.981,US30
2025-06-27 12:30:00,1,43557.005,43545.429080303475,43574.36887954478,43545.41908030347,-1.0008638622471648,sl,1,1.316007747063077,-2.1394412408921024,43556.965,US30
2025-06-27 12:38:00,-1,43552.704999999994,43573.541200645675,43521.45069903147,43529.743,1.102024327297499,sl,53,1.0417446236528916,-0.2193298134203887,43552.239,US30
2025-06-27 13:31:00,1,43549.37100000001,43519.19980614011,43594.62779078985,43594.617790789845,1.4996685580274975,tp,7,2.0725729412752707,-0.6440580406013363,43549.331000000006,US30
2025-06-30 03:29:00,1,44052.277,44048.96051230532,44057.25173154203,44057.241731542024,1.4969847619160266,tp,2,1.8688445640649574,-0.1127699043186651,44052.237,US30
2025-06-30 04:52:00,1,44062.603,44059.60651732126,44067.09772401811,44059.59651732126,-1.0033372460561802,sl,2,1.125319369913281,-1.2027434784020923,44062.563,US30
2025-06-30 17:11:00,1,43996.241,43974.292772105386,44029.16334184192,43974.28277210538,-1.000455617649409,sl,11,0.4537040551889567,-1.3334106124887721,43996.201,US30
2025-07-01 02:07:00,-1,44123.958999999995,44129.11874958311,44116.219375625325,44117.943,1.165948056797618,tp,7,1.1737003710052232,0.0,44123.969,US30
2025-07-01 06:35:00,-1,44044.689,44050.735259593144,44035.61961061028,44035.943,1.4465141407282405,tp,11,1.1990884427487674,-0.1319824244574507,44044.699,US30
2025-07-01 09:23:00,-1,44052.73499999999,44061.77261698683,44039.178574519734,44041.291,1.2662630001537394,tp,8,1.100732639420635,0.0,44052.744999999995,US30
2025-07-01 11:58:00,-1,44053.740999999995,44059.09153481041,44045.715197784375,44045.755197784376,1.4925241118090389,tp,1,0.0,0.0,44053.751,US30
2025-07-01 23:50:00,-1,44510.416999999994,44512.96045335635,44506.601819965465,44507.039000000004,1.3281155683677863,tp,4,1.3438422180824203,0.0,44510.426999999996,US30
2025-07-01 23:54:00,-1,44507.839,44512.97592697916,44500.13360953126,44511.491,-0.7109308765370419,sl,2,0.0,-0.5567530960830549,44507.849,US30
2025-07-02 11:35:00,-1,44598.961,44607.61635472425,44585.97796791364,44604.243,-0.6102580620068944,sl,2,0.0,-0.3773386653753032,44598.971000000005,US30
2025-07-02 13:31:00,1,44454.309,44445.04700491244,44468.20199263134,44445.03700491244,-1.0010796809874656,sl,1,3.5217034441978403,-5.973011157639957,44454.269,US30
2025-07-02 17:54:00,1,44455.997,44447.396759182826,44468.89736122577,44447.386759182824,-1.001162758138361,sl,2,0.8955563179829137,-1.1639208962624907,44455.957,US30
2025-07-02 19:06:00,-1,44484.239,44490.313426007124,44475.12736098932,44476.003000000004,1.3558482711519206,tp,2,1.1958331522164678,0.0,44484.249,US30
2025-07-03 00:01:00,1,44495.314999999995,44492.89102635222,44498.95096047166,44503.193,3.250035332369751,tp,1,3.4752853059010707,-0.22277469909341324,44495.274999999994,US30
2025-07-03 00:04:00,-1,44501.996999999996,44504.67562775265,44497.97905837101,44498.743,1.214801122241743,tp,6,0.84296894100198,-0.28148741431256386,44502.007,US30
2025-07-03 10:08:00,-1,44499.064999999995,44502.291240972794,44494.225638540796,44494.2656385408,1.4876016700742076,tp,1,0.0,0.0,44499.075,US30
2025-07-03 12:23:00,1,44501.347,44493.730509347806,44512.7717359783,44512.761735978296,1.4986870593748425,tp,2,1.5692266354390512,-0.1701571050479187,44501.307,US30
2025-07-07 00:45:00,-1,44718.021,44729.24076755397,44701.19134866905,44710.327,0.685753957289373,tp,20,0.6893190935373795,-0.5563395114891344,44718.031,US30
2025-07-07 05:08:00,-1,44676.496999999996,44689.4482064305,44657.07019035424,44686.327,-0.7590026498883395,sl,28,0.06130702990915496,-0.7559141345275876,44676.507,US30
2025-07-07 11:02:00,1,44795.341,44788.83380282632,44805.10179576052,44788.823802826315,-1.0015367599498106,sl,1,0.5006763915465386,-1.3581884433664166,44795.301,US30
2025-07-07 11:39:00,1,44797.733,44793.34421740374,44804.31617389439,44806.577,2.0151374113485194,tp,1,2.473123186655604,-0.4999108413055545,44797.693,US30
2025-07-08 00:30:00,1,44311.141,44299.73698605936,44328.24702091097,44328.237020910965,1.4991231157683524,tp,11,1.653628283703919,-0.07488591336801922,44311.101,US30
2025-07-08 05:05:00,-1,44368.490999999995,44372.86699837102,44361.92700244345,44370.255,-0.40310801111866834,sl,4,0.0,0.0,44368.501,US30
2025-07-08 19:50:00,1,44260.273,44244.687064478385,44283.65190328243,44287.717,1.760818268620044,tp,1,2.0486418640521418,-0.35121407966881857,44260.233,US30
2025-07-09 18:40:00,1,44389.427,44377.06538396139,44407.96942405793,44377.055383961386,-1.0008089557199318,sl,3,0.8765844179390443,-1.5502827413616,44389.387,US30
2025-07-10 00:33:00,1,44402.391,44392.51849761831,44417.199753572546,44392.508497618306,-1.001012914417785,sl,6,0.21352235922562887,-1.1320331530867516,44402.351,US30
2025-07-10 01:42:00,1,44373.189000000006,44367.96717628774,44381.0217355684,44367.95717628774,-1.0019150397548942,sl,4,1.0168861096412318,-1.1463427970470021,44373.149000000005,US30
2025-07-10 04:38:00,1,44333.309,44330.777484808765,44337.106272786856,44337.693,1.7317691851799815,tp,1,2.24766575357714,-0.4368924997284317,44333.269,US30
2025-07-10 06:59:00,1,44324.761000000006,44314.46360719567,44340.20708920651,44314.45360719567,-1.0009711196020246,sl,14,1.050168737414582,-1.1418424278287447,44324.721000000005,US30
2025-07-10 08:02:00,-1,44335.772999999994,44345.50460857396,44321.17558713905,44343.115,-0.7544487577979319,sl,2,0.0,-0.6977263777514549,44335.782999999996,US30
2025-07-10 13:42:00,-1,44399.389,44441.869506968564,44335.66823954716,44437.815,-0.9045560597579024,sl,5,0.0,-0.7847834778588934,44399.399000000005,US30
2025-07-11 05:41:00,1,44530.665,44520.58617807409,44545.78323288887,44520.57617807409,-1.0009921794506884,sl,11,1.299556644246681,-1.2269291084714526,44530.625,US30
2025-07-11 07:07:00,1,44480.041000000005,44466.80562395081,44499.8940640738,44466.795623950806,-1.0007555508785595,sl,5,0.8883767228289507,-1.1739749548673024,44480.001000000004,US30
2025-07-11 13:02:00,-1,44378.577,44395.324353837605,44353.45596924359,44363.591,0.8948279319414201,tp,17,0.8972163689678744,-0.2081522868512173,44378.587,US30
2025-07-11 13:59:00,-1,44389.240999999995,44426.770579248216,44332.94663112766,44408.327,-0.5085588589674271,sl,24,0.5199631967875186,-0.439599919063544,44389.251,US30
2025-07-14 04:31:00,-1,44168.199,44170.29099904926,44165.061001426104,44170.315,-1.0114727350130417,sl,8,0.43594666083887146,-0.4799237362727089,44168.209,US30
2025-07-14 07:14:00,1,44124.829000000005,44103.710463453055,44156.50680482043,44103.70046345305,-1.0004735176597017,sl,4,0.4484212236458946,-1.1749867205447722,44124.789000000004,US30
2025-07-14 10:22:00,1,44217.103,44213.58020335387,44222.3871949692,44213.57020335387,-1.002838653776118,sl,3,0.7017152133117884,-1.0048834365412929,44219.003,US30
2025-07-14 10:46:00,1,44225.697,44214.27058429668,44242.83662355498,44242.826623554975,1.4991248349209687,tp,15,2.3981273490728854,-0.8046267734976332,44225.657,US30
2025-07-14 16:10:00,1,44391.291,44369.651939195035,44423.74959120744,44369.64193919503,-1.0004621272656964,sl,2,0.991725111982579,-1.7364894132273918,44391.251,US30
2025-07-14 19:52:00,1,44430.397000000004,44416.18323238111,44451.71765142835,44451.70765142835,1.4992964567687805,tp,7,2.6288596381950633,-0.18700179088828378,44430.357,US30
2025-07-15 13:02:00,-1,44420.028999999995,44442.724875699656,44385.9851864505,44435.115,-0.6647022657173047,sl,7,0.0,-0.5097842512496583,44420.039,US30
2025-07-15 19:50:00,1,44109.522999999994,44074.66022266213,44161.81716600679,44074.65022266213,-1.0002868388799069,sl,1,0.4518286035375878,-1.169155274262362,44109.48299999999,US30
2025-07-16 06:21:00,1,43929.671,43924.21529817689,43937.85455273467,43938.776999999995,1.6690794869716385,tp,1,1.7097708603653106,-0.35632445889312403,43929.631,US30
2025-07-16 13:40:00,1,44160.665,44124.87389700272,44214.35165449593,44214.341654495925,1.499720600954959,tp,1,1.5460266760765844,-0.09672794940861257,44160.625,US30
2025-07-16 19:35:00,-1,44214.72299999999,44225.451479792195,44198.630280311685,44217.779,-0.284849303834466,sl,4,0.09395552953614578,-0.2811209098051516,44214.73299999999,US30
2025-07-16 19:50:00,1,44215.767,44198.1026011509,44242.26359827365,44254.253,2.1787325076144803,tp,1,2.1792986180203577,-0.34261001756719434,44215.727,US30
2025-07-16 19:57:00,-1,44231.979,44256.47596715511,44195.23354926734,44205.755,1.0704998636753231,time,60,1.3151015713911678,0.0,44231.989,US30
2025-07-17 03:52:00,-1,44155.865,44160.29308294434,44149.22287558348,44157.255,-0.3139055924357807,sl,6,0.13866045593963205,-0.3048723379769961,44155.875,US30
2025-07-17 11:55:00,1,44159.453,44139.94200630037,44188.71949054945,44139.93200630037,-1.0005125315581558,sl,27,1.4632775982361335,-1.200656427890863,44159.413,US30
2025-07-17 19:50:00,1,44502.547,44491.033953057675,44519.81657041349,44491.02395305767,-1.0008685797992602,sl,1,1.4519179921476377,-2.6780052365337497,44502.507,US30
2025-07-18 03:35:00,1,44598.022999999994,44592.04860769751,44606.98458845372,44592.038607697505,-1.0016738104054324,sl,1,0.038162877236548216,-1.5599912975437809,44597.98299999999,US30
2025-07-18 08:17:00,1,44566.067,44557.6055743636,44578.7591384546,44578.7491384546,1.4988181660595092,tp,4,2.367449749108887,-0.0047273357611035405,44566.545,US30
2025-07-18 11:02:00,1,44532.353,44506.16359673775,44571.63710489338,44506.15359673775,-1.0003818338242343,sl,1,0.9425949783123154,-1.2520331094089305,44532.313,US30
2025-07-18 12:33:00,1,44565.109000000004,44553.81892839766,44582.04410740352,44582.03410740352,1.499114266024676,tp,4,1.5037991429985056,-0.007263018596368755,44565.069,US30
2025-07-18 13:30:00,1,44563.591,44541.95484993294,44596.04522510059,44541.94484993294,-1.0004621894362464,sl,1,0.9704129401451907,-2.766850840581792,44563.551,US30
2025-07-18 19:34:00,1,44293.821,44267.46086225027,44333.3612066246,44333.3512066246,1.4996206393115006,tp,21,1.628595434803015,-0.478677316476855,44293.781,US30
2025-07-21 12:46:00,-1,44421.670999999995,44430.50643075453,44408.41785386819,44409.715000000004,1.3531881276813271,tp,9,1.3577153546057563,0.0,44421.681,US30
2025-07-21 14:43:00,-1,44495.59099999999,44523.12264562798,44454.29353155802,44513.355,-0.6452211480578792,sl,25,0.6253167802833622,-0.607010573426116,44495.600999999995,US30
2025-07-22 07:08:00,1,44346.285,44332.07624911938,44367.59812632094,44367.58812632094,1.4992962083660684,tp,19,1.5020321053769614,-0.3990498565034631,44346.245,US30
2025-07-22 09:03:00,-1,44351.87899999999,44360.84542963613,44338.429355545784,44344.227,0.853405459086529,tp,22,0.91898340079326,0.0,44351.888999999996,US30
2025-07-22 16:31:00,-1,44362.115,44382.868554585904,44330.984668121135,44378.891,-0.8083434541568979,sl,17,0.42171089120048083,-0.541979445180829,44362.125,US30
2025-07-23 13:30:00,-1,44744.604999999996,44757.55570887793,44725.17893668309,44725.21893668309,1.4969113659817477,tp,1,0.0,0.0,44744.615,US30
2025-07-23 13:32:00,1,44731.635,44705.29852578238,44771.13971132643,44784.293,1.9994324056014245,tp,1,2.116456422352315,-0.3506923487057061,44731.595,US30
2025-07-23 17:21:00,-1,44889.073,44907.113126901066,44862.0128096484,44898.855,-0.5422356535322853,sl,8,0.0,-0.5677343655159504,44889.083,US30
2025-07-24 18:22:00,1,44823.367,44802.21639374762,44855.09290937857,44802.20639374762,-1.0004727996863405,sl,14,0.9200681894313246,-1.0876283982363766,44823.327,US30
2025-07-25 09:28:00,-1,44776.135,44782.563104097,44766.49284385451,44775.643000000004,0.07653889740653198,sl,4,0.2233940176346745,0.0,44776.145000000004,US30
2025-07-25 11:17:00,1,44765.071,44760.99663964146,44771.18254053782,44771.17254053782,1.497545627013313,tp,5,1.6031964345771683,-0.8482313040276016,44765.031,US30
2025-07-25 13:04:00,1,44762.405,44757.68797589117,44769.480536163246,44757.677975891165,-1.0021199806851346,sl,1,2.490129312251662,-2.06019722939428,44762.365,US30
2025-07-25 19:50:00,1,44911.123,44903.74394852345,44922.19157721482,44903.73394852345,-1.0013551877275577,sl,1,1.319952846372101,-1.054878126916029,44911.083,US30
2025-07-28 03:01:00,1,45066.623,45063.94472115977,45070.640418260344,45070.63041826034,1.4962662588195814,tp,17,1.9564803788517602,-0.8662279539956639,45066.583,US30
2025-07-28 04:37:00,-1,45077.352999999996,45079.5479453928,45074.06058191079,45076.903,0.2050164899193581,tp,7,0.2232401779127056,-0.11207568115958422,45077.243,US30
2025-07-28 23:02:00,1,44858.849,44856.91122661708,44861.755660074385,44856.901226617076,-1.0051605621638515,sl,1,2.8517266511623687,-1.2829157536744125,44858.809,US30
2025-07-29 05:20:00,-1,44898.109,44901.211604836164,44893.455092745746,44901.251604836165,-1.012892392719366,sl,2,0.0,-0.8915089565257509,44898.119,US30
2025-07-29 07:43:00,-1,44884.635,44891.892957865275,44873.74806320209,44885.643000000004,-0.1388820407493103,sl,3,0.0,0.0,44884.645000000004,US30
2025-07-29 13:32:00,-1,44859.983,44890.52971709078,44814.16292436383,44829.379,1.0018752558269866,tp,2,0.9037959764368121,0.0,44859.993,US30
2025-07-30 08:58:00,-1,44638.135,44646.980480752325,44624.86677887152,44643.691,-0.6281173579556663,sl,5,0.0,-0.7339341050844975,44638.145000000004,US30
2025-07-30 10:39:00,-1,44660.598999999995,44668.37841806947,44648.92987289578,44663.643000000004,-0.3912889078365024,sl,21,0.6041583005338393,-0.4241962535669495,44660.609,US30
2025-07-30 11:45:00,-1,44662.861,44675.46984535944,44643.947731960834,44660.643000000004,0.17590825620940342,sl,1,0.0,0.0,44662.871,US30
2025-07-30 18:05:00,-1,44651.191,44683.50789895781,44602.71565156328,44675.439,-0.7503195164750905,sl,25,0.4267736213801379,-0.6227082625184573,44651.201,US30
2025-07-31 12:01:00,-1,44573.629,44583.37637079891,44559.00794380163,44575.643000000004,-0.20661982000599088,sl,5,0.0,-0.0789956610743427,44573.639,US30
2025-08-01 05:12:00,-1,44084.583,44097.83348002533,44064.70727996201,44064.74727996201,1.4969812414397028,tp,18,1.3644788691005496,0.0,44084.593,US30
2025-08-01 17:55:00,1,43473.085,43453.015305707326,43503.18954143901,43505.553,1.6177625591364138,tp,1,1.7665440979308145,-0.3759897829015179,43473.045,US30
2025-08-04 05:08:00,1,43702.977,43698.308753260244,43709.979370109635,43709.96937010963,1.4978578681556742,tp,5,1.6755755288998864,-0.5196811855165158,43702.937,US30
2025-08-04 06:10:00,1,43739.102999999996,43732.25501270188,43749.37498094718,43732.245012701875,-1.0014602830827073,sl,11,1.085866500080136,-1.3271052652934416,43739.062999999995,US30
2025-08-04 14:47:00,-1,44019.303,44036.22164424959,43993.92503362561,44012.543,0.3995592022785776,sl,1,0.0,0.0,44019.313,US30
2025-08-05 04:25:00,1,44217.352999999996,44213.45007945914,44223.207380811284,44223.19738081128,1.4974378161437443,tp,3,1.5941907950379504,-0.6543817567534934,44217.312999999995,US30
2025-08-05 07:14:00,1,44266.527,44254.81663620486,44284.09254569272,44254.806636204856,-1.0008539444356275,sl,8,0.24115390857212726,-1.551104672558196,44266.487,US30
2025-08-05 09:04:00,1,44205.427,44193.36866390342,44223.51450414488,44223.504504144876,1.4991706981857247,tp,16,1.5308911488402022,-0.12771247937244634,44205.387,US30
2025-08-05 13:30:00,1,44165.379,44137.860891687,44206.6561624695,44206.6461624695,1.499636602927487,tp,2,2.2960880624977293,-0.046950901759147165,44165.339,US30
2025-08-05 15:40:00,-1,44058.933,44077.36060572647,44031.29159141029,44034.039000000004,1.3509080001766691,tp,7,0.38843895980001897,0.0,44058.943,US30
2025-08-06 00:20:00,-1,44136.489,44156.576776659116,44106.35733501133,44154.255,-0.8844184352246235,sl,20,0.0,-0.38461200216946195,44136.499,US30
2025-08-06 10:19:00,1,44260.073,44242.08792580103,44287.050611298444,44287.04061129844,1.4994439833891475,tp,16,1.5251535632574165,-0.7796464915782357,44260.032999999996,US30
2025-08-06 10:41:00,-1,44276.529,44290.45811905962,44255.63532141058,44262.079,1.0373951100680046,tp,1,0.0,0.0,44276.539000000004,US30
2025-08-07 06:08:00,-1,44207.597,44215.998177101304,44194.99523434805,44212.291,-0.5587312281832388,sl,3,0.0,-0.5539699906187231,44207.607,US30
2025-08-07 18:13:00,-1,43877.98499999999,43916.76416221514,43819.816256677266,43835.279,1.1012615425535948,tp,6,0.9331300093393528,0.0,43877.994999999995,US30
2025-08-08 03:06:00,-1,44102.94699999999,44108.38400915394,44094.791486269074,44096.503000000004,1.1852104378584583,tp,23,1.0174711580128923,-0.36858499650560905,44102.956999999995,US30
2025-08-08 07:01:00,-1,44039.303,44045.376222543266,44030.1931661851,44043.315,-0.6606048060022329,sl,5,0.0,-0.3971532383036353,44039.313,US30
2025-08-08 18:08:00,1,44213.217,44198.995634052095,44234.54904892185,44234.53904892185,1.49929683266441,tp,10,1.9324444712751176,-0.3736631220563169,44213.176999999996,US30
2025-08-11 02:25:00,1,44298.829000000005,44295.36007287496,44304.03239068757,44295.35007287496,-1.0028827356821177,sl,1,1.6460420741515591,-1.6760225252434866,44298.789000000004,US30
2025-08-11 13:23:00,1,44233.123,44227.26067439001,44241.91648841498,44227.25067439001,-1.001705807672129,sl,3,1.1538083091934361,-1.6689622260708774,44233.083,US30
2025-08-11 13:40:00,1,44216.109000000004,44187.56825133603,44258.920122995965,44187.55825133603,-1.0003503762329353,sl,1,0.8300412956545156,-1.0886189555085262,44216.069,US30
2025-08-11 15:08:00,1,44021.335,43991.98045115049,44065.366823274264,44065.35682327426,1.4996593372955698,tp,46,1.6599812264129035,-0.8937626714858337,44021.295,US30
2025-08-11 18:06:00,-1,43999.284999999996,44020.81893975547,43966.984090366794,43974.555,1.1484196705673968,tp,38,1.0442120789478149,-0.26553431768323194,43999.295,US30
2025-08-11 23:41:00,1,43965.109000000004,43961.2389754434,43970.91403683492,43970.904036834916,1.497416037068466,tp,3,2.5493378286582655,-0.031524347770545025,43965.069,US30
2025-08-12 01:25:00,-1,44004.429,44012.407535319115,43992.461197021315,44000.467000000004,0.4965823727694078,sl,10,0.1541636341508182,-0.06241747138895989,44004.439,US30
2025-08-12 04:30:00,1,44028.539000000004,44025.60907359579,44032.93388960633,44032.923889606325,1.4965869449880993,tp,2,2.204833538040546,-0.5542801340225856,44028.499,US30
2025-08-13 10:38:00,1,44598.821,44587.57708016858,44615.68687974714,44587.56708016858,-1.000889369557233,sl,10,0.26271976715292494,-1.14034964605187,44598.781,US30
2025-08-13 11:34:00,-1,44590.782999999996,44601.025950099065,44575.41857485139,44581.291,0.9266861507858815,tp,21,0.9305912757366032,0.0,44590.793,US30
2025-08-13 13:20:00,-1,44615.259,44627.19574764912,44597.35387852631,44620.303,-0.4225606629433709,sl,2,0.0,-0.37531161181344586,44615.269,US30
2025-08-13 13:33:00,1,44636.955,44600.26074532518,44691.996382012236,44691.986382012234,1.4997274777729022,tp,5,2.085667107240791,-0.027688258257506176,44636.915,US30
2025-08-13 17:32:00,1,44741.239,44732.54379144772,44754.28181282842,44755.393,1.6277930442836097,tp,1,1.8929965740367578,-0.08924455294342987,44741.199,US30
2025-08-14 00:38:00,-1,44933.685,44944.24855441649,44917.839668375265,44919.739,1.3201995701584412,tp,27,0.9926583029314031,-0.21564711177608373,44933.695,US30
2025-08-14 01:40:00,1,44917.603,44912.30523707208,44925.54964439188,44912.29523707208,-1.0018875891839811,sl,1,0.34203116006735157,-1.0759258346509182,44917.563,US30
2025-08-15 03:10:00,1,45197.791000000005,45194.7842013598,45202.30119796032,45205.888999999996,2.693229899636706,tp,1,2.6965556960064125,-0.038579237881337394,45197.751000000004,US30
2025-08-15 07:06:00,1,45260.579000000005,45249.96890803309,45276.49413795037,45249.95890803309,-1.000942498899465,sl,2,0.7430661321867038,-1.0510747724694827,45260.539000000004,US30
2025-08-15 13:14:00,-1,45174.685000000005,45185.786576985774,45158.032634521354,45178.239,-0.3201346983903392,sl,5,0.0,-0.1547527889232035,45174.69500000001,US30
2025-08-18 05:35:00,-1,45009.602999999996,45013.54372465372,45003.691913019415,45003.731913019416,1.4898495826226477,tp,1,0.0,0.0,45009.613,US30
2025-08-19 02:06:00,1,44873.385,44869.61129753817,44879.04555369275,44879.035553692745,1.4973500825497466,tp,1,1.5936603536768588,-0.5421731100147308,44873.345,US30
2025-08-19 02:34:00,1,44871.403,44868.68498272851,44875.48002590723,44875.47002590723,1.496320847513759,tp,4,1.8381045817511843,-0.40470677340351435,44871.363,US30
2025-08-19 13:34:00,-1,44995.34099999999,45014.382804144545,44966.778293783165,44989.927,0.2843217984435986,sl,3,0.14399896034933332,0.0,44995.350999999995,US30
2025-08-19 18:00:00,-1,44898.335,44913.121804258,44876.154793612994,44886.639,0.7909755073458494,tp,2,0.6727619995790348,0.0,44898.345,US30
2025-08-20 11:24:00,-1,44880.647,44889.14752529553,44867.8962120567,44870.691,1.1712217367593598,tp,14,0.9434711057460736,-0.1181103479015218,44880.657,US30
2025-08-20 17:31:00,-1,44898.382999999994,44912.38519610789,44877.379705838146,44908.939,-0.7538817424540385,sl,3,0.0,-0.3530874701301323,44898.393,US30
2025-08-21 17:52:00,-1,44770.803,44796.3894292052,44732.4233561922,44786.339,-0.6071968806355792,sl,11,0.0,-0.5940649192622941,44770.813,US30
2025-08-22 00:04:00,1,44852.941,44841.33643678845,44870.34784481733,44841.32643678845,-1.0008617299780904,sl,2,1.3989324461473396,-1.5340517066837034,44852.901,US30
2025-08-22 18:27:00,1,45706.915,45688.3830920971,45734.71286185435,45633.765,-3.947246035501624,sl,3,0.7060255246549875,-4.7008651487185205,45706.875,US30
2025-08-22 19:59:00,-1,45626.852999999996,45656.636076110204,45582.17838583468,45648.755,-0.7353840791648312,sl,5,0.0,-0.7340410345493973,45626.863,US30
2025-08-24 22:48:00,-1,45630.685,45635.75543228823,45623.07935156765,45635.79543228823,-1.0078888737147174,sl,10,0.15422748111920684,-0.54788227947628,45630.695,US30
2025-08-24 23:34:00,1,45630.515,45625.87349462534,45637.47725806199,45637.46725806199,1.4978455265706185,tp,1,2.409563082929575,-0.7626835938458474,45630.475,US30
2025-08-26 02:40:00,1,45238.971,45223.430769356244,45262.28134596563,45223.42076935624,-1.0006434910929753,sl,14,0.9768194789375211,-1.1114378155603302,45238.931,US30
2025-08-26 12:49:00,1,45228.503000000004,45214.29848646635,45249.80977030048,45249.79977030048,1.4992959984178025,tp,15,1.9323435424218744,-0.5668620738701992,45228.463,US30
2025-08-26 13:36:00,1,45240.691,45232.28687461652,45253.297188075216,45253.28718807521,1.4988101081850431,tp,2,2.4640279690143343,-0.7796171167168805,45240.651,US30
2025-08-26 14:24:00,-1,45298.640999999996,45314.842353860186,45274.33896920971,45280.655,1.1101541362041896,tp,5,0.7556158643062401,0.0,45298.651,US30
2025-08-26 16:13:00,-1,45279.111,45288.93841620055,45264.369875699165,45266.703,1.2625902624634542,tp,2,0.9626131433677634,0.0,45279.121,US30
2025-08-26 19:50:00,-1,45379.909,45406.09431145754,45340.63103281369,45383.643000000004,-0.1425990294619343,sl,6,0.011685940818119106,0.0,45379.919,US30
2025-08-27 00:28:00,1,45424.989,45420.19814266704,45432.175285999445,45432.16528599944,1.4979126909220957,tp,24,1.6093152987362702,-0.4930224041007903,45424.949,US30
2025-08-27 07:18:00,1,45435.491,45424.14567787533,45452.508983187014,45424.135677875325,-1.0008814205442689,sl,3,0.13186051339570024,-1.15148779879824,45436.463,US30
2025-08-28 00:06:00,-1,45546.397,45554.53805448292,45534.18541827562,45550.655,-0.5230280682846643,sl,6,0.09163432102860122,-0.333863384123431,45546.407,US30
2025-08-28 05:32:00,1,45637.821,45633.5193959959,45644.27340600616,45645.165,1.7072701236540873,tp,4,1.944855917005169,-0.05067877001062345,45637.781,US30
2025-08-28 19:50:00,1,45631.691,45622.57922430078,45645.358663548825,45622.56922430078,-1.0010974809227247,sl,1,1.257713137186178,-1.3762410768164899,45631.651,US30
2025-08-28 19:53:00,-1,45645.367,45650.886257028156,45637.08811445776,45646.203,-0.15146966262631073,sl,2,0.0,0.0,45645.377,US30
2025-08-29 07:15:00,1,45554.229,45534.15072594421,45584.34641108369,45534.140725944206,-1.000498050777385,sl,12,0.4965566249518011,-1.034252244106911,45554.189,US30
2025-08-29 11:03:00,-1,45490.423,45499.279899729736,45477.137650405406,45492.015,-0.17974686951150942,sl,3,0.0,-0.17523061650860036,45490.433000000005,US30
2025-08-29 19:57:00,-1,45527.817,45557.029715767996,45483.99792634801,45522.047,0.19751672681955582,sl,1,0.0,0.0,45527.827000000005,US30
2025-08-31 23:39:00,-1,45644.589,45650.20204101636,45636.16943847546,45647.591,-0.5348259510754297,sl,22,0.8533698553136001,-0.16283508303840397,45644.151,US30
2025-09-01 00:26:00,1,45638.579000000005,45634.64198923476,45644.48451614787,45634.63198923476,-1.0025399981352145,sl,1,0.7640314389154764,-1.026159246419729,45638.539000000004,US30
2025-09-01 03:18:00,1,45579.697,45566.56943306693,45599.388350399604,45566.55943306693,-1.0007617557810233,sl,3,0.3715844699072196,-1.6955160170563002,45579.657,US30
2025-09-01 13:27:00,1,45501.229,45492.026745104515,45515.032382343226,45492.01674510451,-1.0010866901770938,sl,5,1.0525681053188627,-2.7986618815175106,45501.189,US30
2025-09-01 15:01:00,-1,45555.458999999995,45564.2688739485,45542.24418907723,45558.503000000004,-0.34552140221312977,sl,15,0.17525789915031886,-0.34098104213139974,45555.469,US30
2025-09-02 00:34:00,-1,45522.992999999995,45525.65053268729,45519.006700969054,45519.046700969055,1.4849484447779269,tp,1,0.0,0.0,45523.003,US30
2025-09-02 03:34:00,-1,45506.485,45511.1835480563,45499.43717791555,45508.555,-0.44056163206066157,sl,4,0.0,-0.43204836380809464,45506.495,US30
2025-09-02 05:48:00,-1,45503.153,45509.68560334953,45493.3540949757,45504.567,-0.21645275617509735,sl,2,0.0,0.0,45503.163,US30
2025-09-02 06:29:00,1,45498.759,45495.025176803894,45504.359734794154,45495.01517680389,-1.0026782200111863,sl,1,0.17569123269874853,-2.0247343280437633,45498.719,US30
2025-09-02 06:55:00,-1,45512.179,45517.76844635208,45503.794830471874,45510.739,0.25762837842763114,sl,1,0.0,0.0,45512.189,US30
2025-09-03 01:02:00,1,45194.091,45189.84426525526,45200.46110211711,45189.83426525526,-1.002354750320685,sl,2,0.34661924713461584,-1.0605795442207373,45194.051,US30
2025-09-03 09:33:00,-1,45270.715000000004,45282.77009948485,45252.632350772736,45275.455,-0.3931945983487456,sl,4,0.0,-0.2674386888343498,45270.725000000006,US30
2025-09-04 06:42:00,1,45215.729,45208.376025223704,45226.75846216444,45226.74846216444,1.4986400062143181,tp,3,1.7334480788769395,-0.31633455448529996,45215.689,US30
2025-09-04 13:35:00,-1,45238.727,45244.75927025502,45229.67859461747,45202.039000000004,6.081955623502298,sl,1,0.0,0.0,45238.737,US30
2025-09-04 15:12:00,-1,45393.655,45413.54945481657,45363.81331777514,45404.445,-0.5423621858193092,sl,6,0.0,-0.4722924094493201,45393.665,US30
2025-09-05 01:00:00,-1,45653.496999999996,45658.06856787145,45646.63964819281,45648.567,1.0784046389808686,tp,3,0.8710359578953241,0.0,45653.507,US30
2025-09-05 02:57:00,1,45644.079000000005,45639.1583307422,45651.46000388672,45639.148330742195,-1.0020322438835265,sl,5,0.09348321862151507,-1.5396279658476346,45644.039000000004,US30
2025-09-05 13:46:00,1,45672.521,45615.45905472974,45758.113917905386,45615.44905472974,-1.000175248144007,sl,24,1.28768831227174,-1.069399224141097,45672.481,US30
2025-09-05 16:10:00,-1,45388.416999999994,45412.75859623041,45351.904605654374,45391.515,-0.12727185064940982,sl,4,0.0,0.0,45388.426999999996,US30
2025-09-05 16:47:00,1,45331.708000000006,45304.82423680373,45372.033644794414,45374.739,1.6006315665642743,tp,1,1.6478719767228045,-0.20253860890880027,45331.668000000005,US30
2025-09-05 19:32:00,1,45389.912000000004,45374.56845663396,45412.92731504906,45412.91731504906,1.499348260061766,tp,4,2.2610813664320917,-0.7801978796175145,45389.872,US30
2025-09-08 06:44:00,-1,45473.161,45478.24381303003,45465.53678045496,45467.979,1.0195141881839715,tp,2,0.7299107754073977,0.0,45473.171,US30
2025-09-08 11:31:00,1,45482.51500000001,45474.13814574543,45495.08028138187,45474.12814574543,-1.0011937655470822,sl,16,1.190423003307041,-1.4941169584239198,45482.475000000006,US30
2025-09-08 23:57:00,-1,45580.041,45587.264628213175,45569.20555768023,45571.839,1.1354404958210118,tp,4,0.48313671426654803,0.0,45580.051,US30
2025-09-09 02:41:00,-1,45576.65899999999,45580.25737957558,45571.26143063661,45579.515,-0.7936905876694222,sl,6,0.0,-0.5124528864364338,45576.668999999994,US30
2025-09-09 14:38:00,1,45490.917,45456.891171126306,45541.955743310544,45555.093,1.8860965955663542,tp,8,2.817036444749216,-0.2437560016771169,45490.877,US30
2025-09-10 09:20:00,-1,45614.453,45635.85111030773,45582.35583453841,45633.539000000004,-0.8919479208922055,sl,41,0.5586474612984332,-0.829325568696945,45614.463,US30
2025-09-11 13:30:00,-1,45618.155,45631.73473605382,45597.78539591927,45597.467000000004,1.5234463996945777,sl,1,0.0,0.0,45618.165,US30
2025-09-11 18:12:00,-1,46111.159999999996,46118.0207996832,46100.86880047519,46103.547,1.109637411311059,tp,1,0.0,0.0,46111.17,US30
2025-09-11 19:30:00,-1,46091.665,46100.13500993476,46078.959985097856,46095.341,-0.4340018522189828,sl,2,0.0,-0.012750870522234116,46091.675,US30
2025-09-11 22:57:00,1,46123.555,46123.96147720001,46124.16471580002,46123.505,-0.12300812936451341,sl,1,0.0,-2.4995251885494403,46126.668999999994,US30
2025-09-12 00:34:00,-1,46131.517,46138.145645281424,46121.574032077864,46129.567,0.2941777568731563,tp,48,0.8927917770140019,-0.4613310669326409,46131.527,US30
2025-09-12 11:01:00,1,46037.783,46032.34185594559,46045.94471608162,46032.33185594559,-1.00183784878732,sl,3,0.7616045373102769,-1.168136688982546,46037.743,US30
2025-09-12 14:09:00,1,46043.889,46011.10221576301,46093.06917635549,46011.092215763005,-1.0003050009397003,sl,6,0.5218566077210451,-1.3252290827282827,46043.849,US30
2025-09-12 15:46:00,1,45915.741,45901.268113358194,45937.45032996271,45901.25811335819,-1.0006909471655192,sl,2,0.5656093495788488,-1.1971350587346503,45915.701,US30
2025-09-12 15:56:00,-1,45916.053,45929.555449196254,45895.79932620562,45921.539000000004,-0.40629665924063635,sl,9,0.0,-0.44036455265116997,45916.063,US30
2025-09-12 17:00:00,1,45902.467,45889.48048238152,45921.94677642771,45921.936776427705,1.499229970628042,tp,14,1.7716835779954132,-0.6751617529492476,45902.426999999996,US30
2025-09-15 07:01:00,-1,45897.973,45905.14053176878,45887.221702346826,45903.555,-0.7787897117265352,sl,3,0.0,-0.07561877888868085,45897.983,US30
2025-09-15 08:35:00,-1,45911.703,45924.841432068155,45891.99535189777,45916.579,-0.3711249542337359,sl,4,0.0,-0.06819687428094734,45911.713,US30
2025-09-15 09:38:00,-1,45926.102999999996,45936.34930233919,45910.7335464912,45913.503000000004,1.229711908049963,tp,45,1.1617849645579958,-0.23540199382725097,45926.113,US30
2025-09-15 13:48:00,-1,45908.359,45939.427540043216,45861.75618993517,45927.239,-0.6076886771551131,sl,8,0.2050949285396633,-0.5018581490573482,45908.369,US30
2025-09-16 20:01:00,-1,45782.823,45804.33580247193,45750.5537962921,45789.725,-0.32083221184257243,time,60,0.0,-0.4223531551436944,45782.833,US30
2025-09-17 07:02:00,1,45734.015,45727.662577737225,45743.54363339416,45750.453,2.5876743264264195,tp,1,2.58924852908304,-0.09445215937777739,45733.975,US30
2025-09-17 08:23:00,-1,45761.221,45768.246928144756,45750.682107782864,45756.539000000004,0.666388824868168,tp,11,0.6145807231491512,0.0,45761.231,US30
2025-09-17 15:02:00,1,46044.191,46022.259099720424,46077.08885041936,46077.078850419355,1.4995440431573097,tp,15,1.746223515144731,-0.5294570854316418,46044.151,US30
2025-09-17 17:37:00,-1,45985.419,45996.93950348314,45968.1382447753,45972.645000000004,1.1088057061650505,tp,8,1.0199207020073413,0.0,45985.429000000004,US30
2025-09-17 19:59:00,-1,45996.078,46064.49419720912,45893.45370418632,46015.383,-0.2821700238759801,time,60,0.0,-0.6423186583387556,45996.088,US30
2025-09-19 00:09:00,1,46242.585,46235.83266407902,46252.713503881474,46235.822664079016,-1.001480968974154,sl,3,0.7407806807209052,-1.3450160220528407,46242.545,US30
2025-09-19 07:52:00,-1,46130.047,46139.44615365569,46115.94826951646,46135.515,-0.5817545068739989,sl,4,0.0,-0.4102497034575153,46130.057,US30
2025-09-19 09:02:00,-1,46174.471,46178.87417360029,46167.866239599556,46167.90623959956,1.490915643208299,tp,1,0.0,0.0,46174.481,US30
2025-09-19 15:41:00,-1,46153.211,46180.46471867276,46112.33042199087,46172.363,-0.7027297900135439,sl,20,0.11961670402288178,-0.529762568306947,46153.221000000005,US30
2025-09-19 18:35:00,-1,46292.655999999995,46307.14917799115,46270.91623301326,46280.879,0.8125892062583208,tp,12,0.8153491254441115,0.0,46292.666,US30
2025-09-19 19:59:00,1,46315.191,46302.411171851636,46334.36074222255,46302.401171851634,-1.000782483135606,sl,1,1.5480646351675738,-1.5455606891342037,46315.151,US30
2025-09-22 07:02:00,-1,46224.465000000004,46235.754850318895,46207.530224521666,46231.943,-0.6623648488485558,sl,2,0.0,-0.5766241195511117,46224.475000000006,US30
2025-09-22 07:07:00,1,46225.009,46218.0973389896,46235.37649151559,46218.0873389896,-1.001446830217367,sl,2,1.2972279726269649,-1.9650848008266906,46224.969,US30
2025-09-22 22:26:00,1,46359.591,46353.92860141745,46368.08459787382,46353.91860141745,-1.0017660360457237,sl,2,0.8561742747920341,-1.0751627444180687,46359.551,US30
2025-09-23 00:48:00,-1,46391.639,46397.01583381554,46383.5737492767,46393.567,-0.3585753374838167,sl,5,0.0,-0.3511360151292178,46391.649000000005,US30
2025-09-23 03:50:00,1,46397.208999999995,46394.24244039918,46401.658839401214,46394.23244039918,-1.0033709081723146,sl,10,1.138692780377286,-1.9032147536987902,46397.168999999994,US30
2025-09-23 07:11:00,-1,46402.435,46410.83979282735,46389.82781075897,46402.443,-0.0009518378579894015,sl,1,0.0,0.0,46402.445,US30
2025-09-23 16:40:00,1,46402.207,46378.61699644946,46437.592005325816,46437.582005325814,1.4995760916280927,tp,6,1.5075029524183277,-0.2636710073686592,46402.167,US30
2025-09-24 02:50:00,-1,46341.547,46349.38601055626,46329.788484165605,46345.639,-0.5220046548775108,sl,16,0.0056129532784623916,-0.516901970078993,46341.557,US30
2025-09-24 05:37:00,-1,46372.011,46376.04849014526,46365.95476478211,46373.527,-0.3754807926362789,sl,4,0.0,-0.1307743130019386,46372.021,US30
2025-09-24 06:09:00,-1,46377.559,46384.901062702564,46366.54590594616,46384.941062702565,-1.0054480602551803,sl,7,0.0,-1.2759357117356913,46377.569,US30
2025-09-24 13:30:00,-1,46382.071,46390.504630988624,46369.42055351708,46352.979,3.4495225175560553,sl,1,0.0,0.0,46382.081000000006,US30
2025-09-24 18:21:00,1,46127.037000000004,46101.72595711303,46165.00356433047,46164.99356433047,1.4996049155286468,tp,18,1.5397232020039138,-0.25775310915227684,46126.997,US30
2025-09-24 23:36:00,-1,46156.183,46160.963886418715,46149.011670371925,46151.591,0.9604913394342807,tp,5,0.9688579887326769,0.0,46156.193,US30
2025-09-25 16:20:00,-1,46033.511,46071.38212309801,45976.70431535298,45994.633,1.0265869300833659,tp,43,0.9583555234438581,-0.47519055490973955,46033.521,US30
2025-09-26 00:19:00,1,45960.505,45948.635125515626,45978.309811726554,45948.625125515624,-1.000842468891748,sl,9,0.9316021003056252,-1.5145905732757712,45960.465,US30
2025-09-26 05:38:00,-1,45958.041,45970.35037599992,45939.576936000114,45964.839,-0.5522619505687458,sl,2,0.0,-0.5490123951078419,45958.051,US30
2025-09-26 11:14:00,1,46025.591,46014.057739612974,46042.890890580544,46014.04773961297,-1.0008670575072844,sl,4,0.3749156660734445,-1.444864629844128,46025.551,US30
2025-09-26 13:32:00,-1,46172.166999999994,46182.42905715136,46156.77391427294,46156.81391427294,1.4961021460501671,tp,1,0.0,0.0,46172.176999999996,US30
2025-09-26 13:35:00,1,46161.979,46120.04957425528,46224.87313861708,46224.863138617075,1.4997615040076409,tp,6,1.800549343548054,-0.3825475716662164,46161.939,US30
2025-09-26 18:00:00,-1,46302.87899999999,46326.65965967613,46267.20801048579,46283.547,0.8129295092429318,tp,6,0.6997282761121241,0.0,46302.888999999996,US30
2025-09-28 23:39:00,1,46288.809,46285.503019972,46293.767970042005,46293.757970042,1.4969751783382432,tp,2,1.7973490310483282,-0.03206310960801917,46288.769,US30
2025-09-29 05:06:00,1,46376.059,46373.91221645309,46379.279175320364,46373.90221645309,-1.0046581314713532,sl,1,0.333522213281103,-3.193614936109007,46376.019,US30
2025-09-30 10:09:00,1,46219.253000000004,46207.1341355165,46237.43129672526,46207.1241355165,-1.0008251598172129,sl,3,0.26289591770999227,-1.5956940542014795,46219.213,US30
2025-09-30 15:37:00,1,46135.479,46120.10716638682,46158.536750419764,46120.09716638682,-1.0006505404790138,sl,7,0.8105734366859645,-1.137144757084137,46135.439,US30
2025-10-02 07:38:00,1,46431.51500000001,46407.768502710765,46467.13474593387,46432.489,0.04101657554505905,time,60,0.9874298392049681,-0.6980397907997259,46431.475000000006,US30
2025-10-02 09:08:00,-1,46439.197,46449.8486171124,46423.21957433139,46427.739,1.0757052078653528,tp,20,1.0512957686920927,-0.16354324245940835,46439.207,US30
2025-10-02 13:30:00,1,46413.461,46404.879925515306,46426.33261172705,46404.869925515304,-1.0011653552267692,sl,1,6.472149857112362,-2.209746580549544,46413.421,US30
2025-10-03 00:21:00,-1,46548.496999999996,46551.10073381337,46544.59139927993,46544.839,1.4049055173014913,tp,1,0.0,0.0,46548.507,US30
2025-10-03 01:28:00,-1,46573.034999999996,46576.23288279111,46568.23817581333,46571.839,0.37399744709816884,tp,5,0.7304833080455123,0.0,46573.045,US30
2025-10-03 15:33:00,1,46853.741,46830.36069525717,46888.81145711425,46888.80145711425,1.4995722895784125,tp,12,2.3838012640570256,-0.0017963837710096807,46853.701,US30
2025-10-06 06:05:00,-1,46847.916999999994,46855.0987583563,46837.14436246554,46845.239,0.37288918216560313,tp,1,0.0,0.0,46847.926999999996,US30
2025-10-06 12:26:00,-1,46859.399,46867.542137281926,46847.1842940771,46864.979,-0.6852395835675582,sl,4,0.0,-0.19206356786797033,46859.409,US30
2025-10-07 01:07:00,-1,46630.441,46638.824148702544,46617.86627694618,46620.955,1.1315557359869854,tp,10,1.0098830762037838,0.0,46630.451,US30
2025-10-07 07:21:00,-1,46595.977,46617.68633643727,46563.41299534409,46567.479,1.3127070964303857,tp,42,1.2904125412097531,-0.1605760733441714,46595.987,US30
2025-10-07 12:41:00,-1,46720.697,46732.226826629005,46703.40226005649,46729.967000000004,-0.8040016817498598,sl,8,0.0,-0.5847442651945913,46720.707,US30
2025-10-07 13:45:00,1,46774.997,46760.67140671387,46796.48538992921,46796.475389929205,1.4993019486312156,tp,2,1.5358526212868215,-0.6289442831468565,46774.957,US30
2025-10-07 15:00:00,-1,46638.041,46652.76551108996,46615.95423336506,46634.467000000004,0.24272452770470132,tp,4,0.1250975321858298,0.0,46638.051,US30
2025-10-08 11:38:00,1,46691.753000000004,46678.08500034088,46712.254999488694,46712.24499948869,1.499268364043647,tp,10,1.8087504109269361,-0.3548434387593315,46691.713,US30
2025-10-08 19:10:00,-1,46615.947,46638.995935220155,46581.37359716977,46634.753000000004,-0.8159162156679364,sl,11,0.09536232277119126,-0.74806058654377,46615.957,US30
2025-10-09 08:49:00,1,46607.741,46601.64593146787,46616.883602798196,46616.873602798194,1.4983593293579354,tp,6,2.0012900487822574,-0.5476558602101778,46607.701,US30
2025-10-09 12:35:00,-1,46604.453,46621.35838320744,46579.09492518885,46615.015,-0.6247714039012646,sl,50,0.5627793161067501,-0.5765027553893508,46604.207,US30
2025-10-09 13:31:00,-1,46618.697,46630.18201125576,46601.46948311636,46599.455,1.675401057212335,sl,1,0.0,0.0,46618.707,US30
2025-10-09 13:32:00,1,46624.609000000004,46569.42090762506,46707.391138562416,46569.41090762506,-1.0001811985080784,sl,20,1.0888218348217618,-1.5892196346295404,46624.569,US30
2025-10-10 02:25:00,1,46424.539000000004,46421.940387274946,46428.43691908759,46428.426919087586,1.4961517928742338,tp,4,1.5054186267440983,-0.22165673031869915,46424.701,US30
2025-10-10 04:00:00,-1,46412.571,46415.6196117551,46407.998082367354,46408.038082367355,1.4868792738431333,tp,1,0.0,0.0,46412.581000000006,US30
2025-10-10 14:45:00,-1,46507.314999999995,46534.9766736778,46465.8224894833,46530.967000000004,-0.8550458759474818,sl,4,0.0,-0.7283724128441706,46507.325,US30
2025-10-12 23:35:00,-1,45833.173,45864.555992419366,45786.09851137096,45849.539000000004,-0.5214926537694982,sl,20,0.3101680002318116,-0.5031387634742712,45833.183000000005,US30
2025-10-13 01:41:00,-1,45870.161,45883.60613221775,45849.99330167338,45877.455,-0.5425011730545276,sl,11,0.0,-0.5395261186368351,45870.171,US30
2025-10-13 16:11:00,1,46065.241,46042.76506000621,46098.95490999069,46098.944909990685,1.499555079787328,tp,5,1.9871026534301153,-0.146912654194468,46065.201,US30
2025-10-14 08:02:00,1,45811.711,45784.29663067358,45852.83255398963,45784.28663067358,-1.0003647722069755,sl,2,1.1586624380005066,-1.049522593696021,45811.671,US30
2025-10-14 11:30:00,1,45822.246999999996,45781.38444301785,45883.54083547321,45781.37444301785,-1.0002447228157163,sl,31,1.112314141767118,-1.0720817108713752,45822.206999999995,US30
2025-10-14 23:03:00,-1,46301.929,46311.488505714464,46287.589741428295,46308.027,-0.6378990904076438,sl,2,0.0,-0.36717379588883925,46301.939,US30
2025-10-15 02:06:00,1,46340.996999999996,46328.02567282203,46360.45399076695,46360.44399076695,1.499229068863872,tp,6,1.611708633447307,-0.3927123208062382,46340.956999999995,US30
2025-10-15 06:19:00,-1,46379.423,46396.19030076306,46354.27204885542,46393.003000000004,-0.8099097279820486,sl,11,0.0,-0.5830395803203157,46379.433000000005,US30
2025-10-15 13:48:00,1,46469.211,46434.58473272008,46521.15040091988,46521.14040091988,1.4997112019057326,tp,1,1.5220814757171608,-0.06630804243036448,46469.171,US30
2025-10-15 18:51:00,-1,46306.805,46326.16507811222,46277.76488283167,46311.427,-0.23873870617728044,sl,3,0.0,-0.23481310218124327,46306.815,US30
2025-10-15 19:03:00,1,46281.890999999996,46267.017013494406,46304.20197975838,46267.0070134944,-1.0006723147152432,sl,5,1.2722883668674634,-1.6331869059356598,46281.850999999995,US30
2025-10-16 22:39:00,1,45936.717,45918.87678631104,45963.477320533435,45918.86678631104,-1.0005605314026158,sl,2,0.5595224459773604,-1.4169112792436112,45936.676999999996,US30
2025-10-16 23:32:00,-1,45866.208999999995,45886.54112640997,45835.71081038503,45878.991,-0.628660266136126,sl,15,0.752208583185534,-0.6266929362467518,45866.219,US30
2025-10-17 06:10:00,1,45781.247,45766.697738852454,45803.07089172133,45766.68773885245,-1.0006873201257867,sl,3,0.39204739966872554,-1.226454032204262,45781.207,US30
2025-10-17 10:11:00,1,45620.461,45581.1619177339,45679.40962339916,45581.1519177339,-1.000254458868386,sl,9,0.13908721743141625,-1.068065653945512,45620.421,US30
2025-10-17 13:15:00,1,45987.985,45970.08567212656,46014.83399181016,46014.82399181016,1.4994413198041434,tp,5,1.8424155495209724,-0.1987784136451581,45987.945,US30
2025-10-17 13:32:00,-1,46027.691,46042.84241465247,46004.96387802129,46013.967000000004,0.9057900080476053,sl,1,0.0,0.0,46027.701,US30
2025-10-17 13:43:00,1,45984.229,45935.98019093675,46056.60221359487,46056.59221359487,1.4997927409983263,tp,6,2.419168519724429,-0.6487621271431563,45984.189,US30
2025-10-17 19:30:00,1,46260.753000000004,46243.17241427135,46287.12387859299,46243.16241427135,-1.000568809262466,sl,1,0.9234049564991108,-1.1691305578347897,46260.713,US30
2025-10-20 13:31:00,1,46384.26500000001,46347.33843025528,46439.654854617096,46439.644854617094,1.4997291922842775,tp,3,1.975108993448003,-0.18387843893834385,46384.225000000006,US30
2025-10-21 12:29:00,1,46735.961,46726.50778611463,46750.14082082806,46726.497786114625,-1.0010578412932671,sl,3,0.606989333952807,-1.0047376601404616,46735.921,US30
2025-10-22 00:32:00,-1,46925.161,46940.30683866871,46902.442241996934,46903.003000000004,1.4629761008728435,tp,13,1.2189486765194901,0.0,46925.171,US30
2025-10-22 02:55:00,1,46936.027,46928.47376990614,46947.3568451408,46928.463769906135,-1.0013239368955753,sl,8,0.2563141829313583,-1.514583808229878,46936.183000000005,US30
2025-10-22 10:21:00,-1,46940.958999999995,46948.75084127389,46929.27123808915,46943.015,-0.2638657446594133,sl,9,0.0,-0.2587321698604903,46940.969,US30
2025-10-22 14:04:00,1,46827.241,46794.52254456787,46876.318683148194,46794.51254456787,-1.0003056378997712,sl,24,1.1540275817214947,-1.2481640548319366,46827.201,US30
2025-10-22 16:59:00,1,46717.747,46679.95755953065,46774.43116070403,46679.94755953065,-1.0002646241880757,sl,6,1.0371151176949114,-1.3376223456126517,46717.707,US30
2025-10-22 19:47:00,-1,46604.265,46631.6650700295,46563.16489495575,46584.139,0.7345236701339841,tp,22,0.7062025746345002,-0.06328450978910345,46604.275,US30
2025-10-22 20:10:00,-1,46567.064999999995,46629.66001382273,46473.17247926589,46533.127,0.5421837607721461,time,60,0.5446120692063021,0.0,46567.075,US30
2025-10-22 23:23:00,-1,46530.983,46536.77001936369,46522.30247095446,46525.003000000004,1.033347155794035,sl,1,0.0,0.0,46530.993,US30
2025-10-23 07:43:00,-1,46561.435,46578.19350293979,46536.297245590315,46547.955,0.804367791587824,tp,30,0.9821879710340418,-0.14726852445400285,46561.445,US30
2025-10-23 15:36:00,1,46609.235,46577.97573153423,46656.12390269866,46577.96573153423,-1.0003199051191165,sl,9,1.1014333248937067,-1.775025543568067,46609.195,US30
2025-10-23 23:46:00,-1,46736.541,46738.41480882128,46733.73028676807,46735.967000000004,0.30632794203607383,sl,1,0.0,0.0,46736.551,US30
2025-10-24 00:03:00,1,46735.211,46730.926353779876,46741.63796933019,46741.689,1.5119101244731648,tp,1,1.5814607908975395,-0.07188458140551425,46735.171,US30
2025-10-24 00:31:00,-1,46733.673,46742.73975761589,46720.07286357617,46732.455,0.13433688773882588,sl,1,0.0,0.0,46733.683000000005,US30
2025-10-24 04:31:00,-1,46784.185,46792.507414406755,46771.70137838986,46789.443,-0.631787813369704,sl,16,0.0,-0.6269815158163887,46784.195,US30
2025-10-24 12:29:00,1,46814.989,46807.113013444534,46826.8029798332,46806.053,-1.1345880210775772,sl,2,28.94850040617739,-1.7635885869252705,46814.949,US30
2025-10-24 15:04:00,-1,47139.435,47168.81872288145,47095.35941567782,47164.515,-0.8535337779078102,sl,10,0.1854087728085564,-0.7679081405388918,47139.445,US30
2025-10-24 18:51:00,-1,47269.399,47282.33636246786,47249.9929562982,47279.503000000004,-0.7809938096042032,sl,5,0.0,-0.6638138199603255,47269.409,US30
2025-10-27 19:22:00,-1,47453.577,47461.091436869356,47442.30534469596,47458.067,-0.5975164976519043,sl,5,0.0,-0.5921934108130246,47453.587,US30
2025-10-28 01:17:00,1,47559.323,47555.3410502897,47565.295924565435,47555.3310502897,-1.002511332570621,sl,2,1.3752057153924944,-1.0758548730347695,47559.282999999996,US30
2025-10-28 02:20:00,-1,47551.797,47555.19726959289,47546.69659561066,47551.139,0.19351406764067794,tp,2,0.20527784074986544,0.0,47551.807,US30
2025-10-28 07:12:00,1,47530.097,47521.796713142176,47542.54743028674,47542.537430286735,1.4987952223607492,tp,9,1.6854839163549358,-0.8431033914691116,47530.057,US30
2025-10-28 08:50:00,-1,47538.522999999994,47547.3239691267,47525.32154630993,47545.127,-0.7503719084715805,sl,2,0.0,-0.6849245706036377,47538.532999999996,US30
2025-10-28 13:32:00,1,47872.335,47823.75727427557,47945.20158858664,47823.74727427557,-1.0002058556643587,sl,1,0.6945570114047666,-1.4314379473931478,47872.295,US30
2025-10-29 01:44:00,1,47666.289,47660.922322045655,47674.33901693151,47660.91232204565,-1.0018633501184744,sl,1,1.8745302188043511,-1.2529166194059969,47666.248999999996,US30
2025-10-29 07:05:00,-1,47687.310999999994,47693.2074683748,47678.466297437786,47691.105,-0.6434359957258604,sl,2,0.0,-0.5620313362767979,47687.320999999996,US30
2025-10-29 08:23:00,1,47696.409,47690.21195070266,47705.704573946015,47690.201950702656,-1.0016136712041854,sl,3,1.4871593814743505,-2.2262207928409805,47696.369,US30
2025-10-29 16:46:00,-1,47983.703,48005.53919956965,47950.94870064553,47972.967000000004,0.4916606466136441,tp,16,0.3544572843507465,-0.12364788988969456,47983.713,US30
2025-10-29 18:03:00,1,47837.279,47813.63682834415,47872.742257483784,47813.626828344146,-1.00042297298859,sl,1,0.1363664914934483,-1.8480535813715584,47837.239,US30
2025-10-30 12:07:00,1,47486.979,47474.88149072423,47505.12526391366,47474.871490724225,-1.0008266164360018,sl,2,1.1156015418006167,-1.2630699139532569,47486.939,US30
2025-10-31 06:25:00,-1,47543.423,47549.24722766358,47534.68665850464,47534.72665850464,1.493132136599906,tp,1,0.0,0.0,47543.433000000005,US30
2025-10-31 11:07:00,1,47512.259,47504.91741842139,47523.271372367904,47523.2613723679,1.4986378956770274,tp,9,1.5310052581529163,-0.6548997581131318,47512.219,US30
2025-11-03 10:41:00,-1,47626.155,47634.123758362104,47614.201862456845,47625.955,0.025098012878414223,sl,3,0.0,0.0,47626.165,US30
2025-11-03 18:56:00,-1,47368.953,47382.9957728305,47347.888840754254,47352.979,1.1375246322654389,sl,1,0.0,0.0,47368.963,US30
2025-11-04 01:28:00,1,47270.591,47266.47042795268,47276.771858070984,47266.460427952676,-1.002426847507383,sl,1,1.3279709557698498,-1.0959643341117047,47270.551,US30
2025-11-04 05:08:00,-1,47176.05299999999,47185.583227425595,47161.75765886159,47168.043,0.8404836151628488,tp,13,0.8383850293567698,-0.15466577387748165,47176.062999999995,US30
2025-11-04 14:42:00,-1,47016.547,47079.37260180092,46922.308597298615,47038.103,-0.34310853190567575,sl,5,0.0,-0.2543549053559448,47016.557,US30
2025-11-04 18:20:00,1,47049.521,47030.22842954956,47078.459855675654,47078.44985567565,1.49948166575152,tp,2,1.8642409570252068,-0.5219625879231248,47049.481,US30
2025-11-05 04:27:00,1,47109.717,47097.733861695844,47127.69170745622,47129.429,1.6449780933570834,tp,6,1.6458125992893542,-0.27555385877935806,47109.676999999996,US30
2025-11-05 07:02:00,-1,47156.691,47166.585669236054,47141.84899614591,47147.479,0.9310063611254484,tp,4,0.8351971958681043,0.0,47156.701,US30
2025-11-05 08:05:00,-1,47126.923,47149.36898663107,47093.254020053406,47144.003000000004,-0.7609378139949365,sl,4,0.0,-0.6711222031626112,47126.933000000005,US30
2025-11-05 13:05:00,-1,47111.483,47119.8873680849,47098.87644787265,47110.443,0.12374517506789652,tp,2,0.0,0.0,47111.493,US30
2025-11-05 18:11:00,1,47375.280999999995,47354.63150693076,47406.25523960385,47406.24523960385,1.499515726610582,tp,28,1.8571884487150871,-0.7011310133112028,47375.240999999995,US30
2025-11-05 20:49:00,1,47391.405000000006,47371.88670783819,47420.68243824273,47371.876707838186,-1.0005123399075662,sl,2,0.3267703929790402,-1.7693146364292558,47391.365000000005,US30
2025-11-06 03:43:00,-1,47301.965,47308.30093403897,47292.46109894154,47299.979,0.31345023287509216,tp,6,0.7875713303365144,0.0,47301.975,US30
2025-11-06 12:32:00,-1,47331.161,47346.92981999294,47307.50777001059,47340.455,-0.5893909629359008,sl,9,0.0,-0.5868543114921795,47331.171,US30
2025-11-06 19:56:00,1,47052.944,47011.868682446366,47114.55697633046,47011.858682446364,-1.0002434552085684,sl,37,1.0464922138182413,-1.0828644219712864,47052.904,US30
2025-11-07 00:11:00,1,47026.633,47003.06401650738,47061.98647523894,47003.054016507376,-1.0004242864358222,sl,9,0.2680641700978199,-1.0482420681286828,47026.593,US30
2025-11-07 13:24:00,1,46812.747,46792.6722827346,46842.8590758981,46842.8490758981,1.4995018609789883,tp,25,1.6309071538669069,-0.8099740477055858,46812.707,US30
2025-11-10 02:10:00,-1,47078.458999999995,47090.0537326436,47061.06690103459,47083.015,-0.3929370465058656,sl,4,0.0,-0.38327748785595206,47078.469,US30
2025-11-10 05:56:00,1,47082.759,47072.09984237942,47098.74773643086,47098.737736430856,1.4990618395597817,tp,8,2.126622084680375,-0.26681282904640574,47082.719,US30
2025-11-10 08:03:00,-1,47074.483,47082.14287257129,47062.99319114306,47069.479,0.6532745751876096,tp,9,0.46580409357884794,-0.18694827971002417,47074.493,US30
2025-11-10 11:05:00,1,47191.091,47178.97857361615,47209.25963957577,47178.96857361615,-1.000825598413161,sl,4,0.7344523481985383,-1.3737957592201404,47191.051,US30
2025-11-10 13:56:00,-1,47167.673,47173.18844579266,47159.39983131102,47148.943,3.395917701692839,sl,1,0.0,0.0,47167.683000000005,US30
2025-11-10 14:23:00,1,47172.597,47152.81233599708,47202.273996004384,47202.26399600438,1.4994945580069392,tp,8,3.252721400297169,-0.9424471397262595,47172.557,US30
2025-11-11 13:11:00,-1,47387.941,47391.895162875306,47382.00975568704,47387.991,-0.012644901482221069,sl,1,0.0,-0.0025289802968122286,47387.171,US30
2025-11-12 10:18:00,-1,47998.929,48008.80266302092,47984.11850546861,47991.479,0.7545325361225256,tp,20,0.8562171893128513,-0.6856624522892037,47998.939,US30
2025-11-12 12:49:00,-1,48036.583,48051.13356441039,48014.75715338442,48045.943,-0.6432740157705937,sl,19,0.3158640359487184,-0.4695350508275436,48036.593,US30
2025-11-12 19:54:00,-1,48283.075000000004,48292.12093897011,48269.50609154484,48285.469,-0.2646491434337864,sl,2,0.0,-0.21026009641232665,48283.08500000001,US30
2025-11-14 01:08:00,1,47537.753000000004,47521.0557117548,47562.798932367805,47521.0457117548,-1.0005988996449715,sl,20,0.7154455157368689,-1.366329649759764,47537.713,US30
2025-11-17 11:43:00,-1,47176.821,47186.56492918876,47162.20510621687,47175.991,0.08518124299994516,tp,2,0.0892863631446018,0.0,47176.831000000006,US30
2025-11-18 18:43:00,1,46303.689000000006,46246.02337361054,46390.18743958421,46246.013373610534,-1.0001734135329512,sl,16,0.752441319321486,-1.2978615630484445,46303.649000000005,US30
2025-11-18 19:44:00,1,46250.189999999995,46220.13772042012,46295.26841936981,46300.687,1.680305145098506,tp,1,1.7119167237635915,-0.10165618191702262,46250.149999999994,US30
2025-11-19 03:06:00,1,46167.943,46154.805160264215,46187.64975960368,46154.79516026421,-1.0007611601452864,sl,3,0.0,-1.37039272529431,46168.189,US30
2025-11-19 14:30:00,1,46095.521,46079.63713762041,46119.346793569384,46079.62713762041,-1.0006295697962535,sl,1,1.1587861667483674,-2.80825903259643,46095.481,US30
2025-11-19 14:40:00,1,46082.509,46062.15712090089,46113.03681864866,46124.929,2.0843284196719996,tp,1,2.0848197747922486,-0.17600340403712242,46082.469,US30
2025-11-19 17:29:00,1,46018.754,45971.35791121319,46089.84813318022,45971.34791121319,-1.000210987873852,sl,7,0.6237434513421248,-1.3175981731509707,46018.714,US30
2025-11-19 17:41:00,-1,45974.858,46052.755913905516,45858.01112914173,45999.565,-0.31717152310355784,sl,2,0.0,-0.297710154704886,45974.868,US30
2025-11-20 03:52:00,1,46392.753000000004,46377.689084101046,46415.348873848445,46415.33887384844,1.4993361619869976,tp,19,1.7731113330131398,-0.681496104257554,46392.713,US30
2025-11-20 08:57:00,1,46426.759,46398.27410839817,46469.48633740275,46398.264108398165,-1.000351063298461,sl,5,0.16514017556250157,-1.2554023550398994,46426.719,US30
2025-11-21 01:38:00,-1,45940.429,45952.7591988989,45921.93370165164,45952.455,-0.9753289544318756,sl,5,0.0,-0.9720848867303863,45940.439,US30
2025-11-21 13:36:00,-1,46001.458999999995,46039.583163689385,45944.272754465914,45955.239,1.2123544630791947,tp,46,1.1930491215642025,-0.48599098857510187,46001.469,US30
2025-11-21 15:35:00,1,45913.967,45858.515619925915,45997.14407011112,45858.50561992591,-1.0001803381627055,sl,3,1.0401544546401322,-1.2230173515861145,45913.926999999996,US30
2025-11-24 07:10:00,-1,46347.227,46351.15641265688,46341.33288101468,46342.455,1.2144308619874398,sl,1,0.0,0.0,46347.237,US30
2025-11-24 10:55:00,-1,46246.721,46262.0502016857,46223.727197471446,46233.455,0.8654071015563851,tp,1,0.0,0.0,46246.731,US30
2025-11-24 12:20:00,-1,46276.708999999995,46294.34838498068,46250.249922528965,46278.739,-0.11508337746633449,sl,6,0.0,-0.07245150561684194,46276.719,US30
2025-11-24 23:40:00,-1,46455.191,46466.59549778651,46438.08425332023,46439.967000000004,1.3349119167701982,tp,6,1.0690518976131014,-0.4391249920644807,46455.201,US30
2025-11-25 10:18:00,1,46366.51500000001,46356.363921248,46381.74161812802,46356.353921247995,-1.000985116975874,sl,13,1.2743473197303115,-1.2625259160234084,46366.475000000006,US30
2025-11-25 11:16:00,1,46387.217000000004,46380.29875726082,46397.59436410878,46380.288757260816,-1.0014454537631927,sl,2,0.3899834252294666,-1.4480555796719907,46387.177,US30
2025-11-25 18:39:00,-1,47006.977,47023.26835619001,46982.53996571498,46998.655,0.5108230341867804,tp,2,0.5132783239450016,0.0,47006.987,US30
2025-11-25 23:57:00,-1,47153.003,47163.513590511626,47137.23711423256,47137.27711423256,1.4961943146809633,tp,1,0.0,0.0,47153.013,US30
2025-11-26 14:30:00,-1,47232.415,47256.6447133965,47196.07042990526,47217.715000000004,0.606693102780264,sl,1,0.0,0.0,47232.425,US30
2025-11-26 20:32:00,1,47494.30300000001,47470.29064025629,47530.32153961559,47470.280640256286,-1.0004164521983165,sl,18,0.8831285315695582,-1.530794990260087,47494.263000000006,US30
2025-11-26 23:50:00,-1,47445.441,47454.423208655164,47431.967687017255,47449.515,-0.4535632778534853,sl,2,0.0,-0.44376613292237765,47445.451,US30
2025-11-26 23:59:00,1,47422.985,47408.77982337328,47444.29276494008,47444.28276494008,1.4992960312806254,tp,3,2.10782313988877,-0.6033011926005108,47422.945,US30
2025-11-27 08:17:00,-1,47440.911,47444.57797969772,47435.41053045342,47438.991,0.5235916635128711,sl,2,0.0,0.0,47440.921,US30
2025-11-27 11:06:00,1,47414.235,47409.71891223581,47421.009131646286,47409.70891223581,-1.0022143059489081,sl,6,1.2098967702368741,-1.5101566568475875,47414.195,US30
2025-11-28 02:20:00,-1,47492.416999999994,47496.32146957675,47486.56029563486,47495.579,-0.8098411161468727,sl,5,0.0,-0.7995964467456893,47492.426999999996,US30
2025-11-28 16:33:00,-1,47723.92,47735.05003128929,47707.22495306606,47728.507,-0.4121282214554352,sl,3,0.0,0.0,47723.93,US30
2025-11-28 17:12:00,1,47722.503000000004,47710.17288530523,47740.99817204217,47710.162885305224,-1.000811022464071,sl,3,0.9617104376989347,-1.1840927973029562,47722.463,US30
2025-12-01 13:08:00,-1,47481.916999999994,47492.460937052754,47466.101094420854,47490.527,-0.8165830236774755,sl,10,0.3795546179731319,-0.38031334784567866,47481.926999999996,US30
2025-12-01 14:37:00,-1,47482.679,47499.399398782836,47457.59840182574,47457.63840182574,1.4976077125599465,tp,1,0.0,0.0,47482.689,US30
2025-12-01 16:58:00,1,47494.954999999994,47466.589599339786,47537.5031009903,47466.579599339784,-1.0003525421735384,sl,18,1.1261607189217337,-1.8272260850770563,47494.91499999999,US30
2025-12-01 17:50:00,1,47482.267,47459.37199827508,47516.60950258738,47516.59950258738,1.4995632234438843,tp,11,1.6859575056498057,-0.21445728893094507,47482.227,US30
2025-12-02 06:00:00,1,47240.771,47235.364243040436,47248.88113543935,47235.354243040434,-1.0018495375465966,sl,6,0.504553842609289,-1.917600527921139,47240.731,US30
2025-12-02 23:51:00,-1,47525.405,47528.744606062435,47520.395590906344,47525.455,-0.014971825738762023,sl,4,0.0,0.0,47525.415,US30
2025-12-03 12:11:00,-1,47566.435000000005,47573.51151249753,47555.82023125372,47572.467000000004,-0.8523972793252594,sl,4,0.0,-0.4968549128157435,47566.44500000001,US30
2025-12-03 21:01:00,-1,47934.52999999999,47950.20277897747,47911.020831533766,47894.913,2.527758482201069,sl,1,0.0,0.0,47934.53999999999,US30
2025-12-04 05:46:00,-1,47942.191,47945.355363575545,47937.44445463668,47939.443,0.8684210693220266,tp,5,0.5536658345897999,0.0,47942.201,US30
2025-12-04 11:08:00,1,47923.739,47909.61086535662,47944.931201965075,47944.92120196507,1.4992921924759033,tp,52,1.5393398030918513,-0.44846684717650914,47923.699,US30
2025-12-04 14:37:00,1,47936.247,47908.89202734801,47977.279458977995,47908.88202734801,-1.0003655642478337,sl,6,0.9383303111483252,-1.621058100263719,47936.207,US30
2025-12-05 02:44:00,1,47882.991,47874.249528203305,47896.10320769505,47896.09320769505,1.4988560278828358,tp,9,1.8298977989088587,-0.11622756712287197,47882.951,US30
2025-12-05 08:03:00,1,47888.711,47877.3837036742,47905.70194448871,47877.373703674195,-1.0008828232010896,sl,6,0.73168386891395,-1.1748611157709485,47888.671,US30
2025-12-05 08:10:00,-1,47885.935,47891.28719971859,47877.906700422114,47888.239,-0.43047720958573354,sl,2,0.0,-0.3699413519877398,47885.945,US30
2025-12-05 11:16:00,1,47855.51500000001,47851.248002149754,47861.915496775386,47851.23800214975,-1.0023435680900203,sl,4,1.0977272931404156,-1.078041321191066,47855.475000000006,US30
2025-12-08 02:04:00,-1,47938.453,47943.55739521897,47930.79640717154,47938.527,-0.014497310029105908,sl,28,0.7863811142764933,-0.3005253187092698,47938.463,US30
2025-12-08 11:00:00,1,47960.467000000004,47953.15706419872,47971.43190370193,47953.14706419872,-1.0013680010705812,sl,2,0.6473381064666875,-2.0509072045984267,47960.427,US30
2025-12-08 12:02:00,-1,47947.69699999999,47955.08783023198,47936.61075465201,47952.491,-0.6486416071713518,sl,2,0.0,-0.5690835627370106,47947.706999999995,US30
2025-12-08 13:13:00,-1,47967.435,47973.688761262376,47958.05435810643,47969.239,-0.2884664003495523,sl,5,0.0,0.0,47967.445,US30
2025-12-08 20:57:00,-1,47692.09799999999,47711.43187778246,47663.09718332629,47702.121,-0.5184164352738915,sl,3,0.0,-0.5158303012061064,47692.10799999999,US30
2025-12-08 23:50:00,-1,47752.697,47760.32838620561,47741.24992069158,47754.527,-0.23979915977204005,sl,2,0.0,-0.23455764808292429,47752.707,US30
2025-12-09 01:00:00,1,47755.973000000005,47750.77867857022,47763.76448214469,47750.76867857022,-1.0019251792822625,sl,2,0.8597850672819998,-1.070014644864458,47755.933000000005,US30
2025-12-09 02:36:00,1,47737.455,47731.74854440513,47746.01468339231,47746.00468339231,1.4982475987351904,tp,2,1.584871703571099,-0.007009605057962838,47737.415,US30
2025-12-09 03:08:00,1,47756.741,47746.30042365403,47772.401864518964,47751.405,-0.5110828964974978,time,60,0.8798364856117273,-0.7986149158537278,47756.701,US30
2025-12-09 05:42:00,-1,47745.739,47749.94118449349,47739.43572325977,47748.003000000004,-0.5387673966986251,sl,5,0.0,-0.5292485380995137,47745.749,US30
2025-12-09 07:57:00,1,47761.759,47757.861823086736,47767.60476536989,47757.851823086734,-1.002565959981957,sl,1,0.8313710339860133,-1.220370567170402,47761.719,US30
2025-12-09 19:12:00,-1,47615.179,47638.978996533384,47579.479005199915,47588.369,1.126470752312408,tp,25,1.1281514248261524,0.0,47615.189,US30
2025-12-10 01:05:00,1,47545.639,47537.801459616334,47557.395310575506,47537.79145961633,-1.001275910491367,sl,4,0.6716392825182936,-1.4596416018269949,47545.599,US30
2025-12-10 02:26:00,1,47563.759,47557.89501795841,47572.554973062375,47557.88501795841,-1.001705325823156,sl,15,0.7087334119596935,-1.3397039663983639,47563.719,US30
2025-12-10 07:06:00,-1,47576.929,47579.573063706426,47572.962904440355,47576.979,-0.018910285664192693,sl,1,0.0,0.0,47576.499,US30
2025-12-10 10:14:00,-1,47570.553,47585.56636192638,47548.03295711043,47550.967000000004,1.3045712276862822,tp,10,1.3072355210135875,0.0,47570.563,US30
2025-12-10 14:38:00,-1,47524.435000000005,47564.80867597071,47463.87448604395,47546.455,-0.5454048825273116,sl,4,0.0,-0.27403994642516927,47524.44500000001,US30
2025-12-11 06:13:00,-1,47856.309,47866.08996875863,47841.63754686206,47842.455,1.41642411318205,tp,6,1.3657133899153273,0.0,47856.319,US30
2025-12-11 14:00:00,-1,48073.208999999995,48085.29373759816,48055.08189360275,48082.503000000004,-0.7690692432927267,sl,6,0.0,-0.49566653403518607,48073.219,US30
2025-12-11 18:57:00,1,48671.117000000006,48658.74218490967,48689.6792226355,48689.6692226355,1.499191907116779,tp,8,1.5539626135518367,-0.8685382303936221,48671.077000000005,US30
2025-12-11 20:54:00,1,48714.643000000004,48681.236212039265,48764.75318194111,48750.600999999995,1.0763680735259717,time,60,1.419591732546494,-0.9795614004692812,48714.603,US30
2025-12-12 08:04:00,-1,48839.458999999995,48842.65404020049,48834.66643969926,48834.70643969926,1.4874805957063344,tp,1,0.0,0.0,48839.469,US30
2025-12-12 11:13:00,1,48819.503000000004,48811.034584683286,48832.20562297508,48832.19562297508,1.498819141524354,tp,2,1.6470614014951344,-0.18326923538331813,48819.463,US30
2025-12-12 12:55:00,-1,48803.947,48810.31883553197,48794.38924670204,48794.991,1.4055604472304848,sl,1,0.0,0.0,48803.957,US30
2025-12-12 13:46:00,1,48802.23500000001,48791.43946711324,48818.42829933016,48818.41829933016,1.499073690932451,tp,8,1.7566525153414234,-0.4001655171003034,48802.19500000001,US30
2025-12-12 14:31:00,-1,48785.923,48823.18292020377,48730.03311969435,48820.515,-0.9283970499888352,sl,2,0.0,-0.13397774264405543,48785.933000000005,US30
2025-12-12 18:48:00,-1,48531.199,48567.036902104795,48477.442146842805,48549.633,-0.5143716266118918,sl,6,0.0,-0.3652557552537411,48531.209,US30
2025-12-12 19:43:00,-1,48475.689,48507.65689930432,48427.73715104352,48498.305,-0.7074596858776288,sl,14,0.11111146109985572,-0.6725496660049436,48475.699,US30
2025-12-15 19:53:00,-1,48390.204,48402.15217427654,48372.28173858518,48390.003000000004,0.01682265384999293,sl,2,0.0,0.0,48390.214,US30
2025-12-16 03:06:00,1,48301.109000000004,48293.29537066669,48312.82944399997,48293.28537066669,-1.0012798149970334,sl,2,1.0020951424722944,-1.2299022118986123,48301.069,US30
2025-12-16 06:46:00,-1,48273.429,48283.50743825468,48258.31134261797,48283.54743825468,-1.0039688688852444,sl,11,0.24825274876593165,-0.9412172561155837,48273.439,US30
2025-12-16 14:34:00,1,48387.223000000005,48369.70434013764,48413.50098979355,48418.417,1.7806156546833942,tp,1,2.6129852602678185,-0.24590922101638657,48387.183000000005,US30
2025-12-17 02:27:00,-1,48081.673,48089.1861718853,48070.40324217205,48080.739,0.12431500493532335,sl,1,0.0,0.0,48081.683000000005,US30
2025-12-17 02:34:00,1,48077.865,48063.64440734986,48099.19588897521,48099.18588897521,1.4992967944273194,tp,7,1.6937409426297068,-0.1379689333819765,48077.825,US30
2025-12-17 02:59:00,-1,48096.405,48104.83681388371,48083.75727917443,48100.027,-0.4295635612877956,sl,30,0.522544740759379,-0.30764436167354664,48096.415,US30
2025-12-17 08:07:00,-1,48133.064999999995,48137.05500979725,48127.07998530411,48125.239,1.9613986926483704,sl,1,0.0,0.0,48133.075,US30
2025-12-17 08:20:00,1,48129.603,48110.1737884488,48158.7468173268,48158.7368173268,1.4994853110750623,tp,10,1.536861128991958,-0.5470113891136217,48129.563,US30
2025-12-17 12:04:00,-1,48212.441,48223.9033732866,48195.247440070096,48219.467000000004,-0.6129620650391581,sl,31,0.5225793865044891,-0.6094723863312044,48212.451,US30
2025-12-17 19:38:00,-1,47959.143,47981.1056161779,47926.199075733144,47976.963,-0.8113787472157907,sl,13,0.0,-0.13313532305629575,47959.153,US30
2025-12-17 21:14:00,-1,47935.659999999996,47957.03973909121,47903.59039136318,47937.849,-0.10238665638839474,time,60,0.0,-0.1005157261665517,47935.67,US30
2025-12-17 23:33:00,1,47909.491,47896.78265735,47928.553513975006,47928.543513975004,1.499213115330815,tp,7,1.5275005195104643,-0.434045583434276,47909.451,US30
2025-12-18 10:44:00,-1,47960.185000000005,47967.49983848396,47949.212742274074,47965.955,-0.7888075741735114,sl,3,0.0,-0.37813548529670277,47960.19500000001,US30
2025-12-18 12:35:00,-1,47982.697,47996.91166682141,47961.37499976788,47966.039000000004,1.1718881778434342,tp,18,1.1747021727476707,0.0,47982.707,US30
2025-12-19 03:10:00,1,47887.217000000004,47879.02251786533,47899.508723202016,47879.012517865325,-1.0012203333703933,sl,9,0.7300034220200498,-1.3138109062980698,47887.177,US30
2025-12-19 07:48:00,-1,47877.423,47887.366266763456,47862.50809985482,47883.491,-0.6102622150601565,sl,5,0.17338366162904395,-0.4517629977009796,47877.433000000005,US30
2025-12-19 10:14:00,-1,48026.191,48034.981533452534,48013.0051998212,48023.739,0.2789364278331059,sl,1,0.0,0.0,48026.201,US30
2025-12-22 05:10:00,1,48164.51500000001,48161.58884057733,48168.90423913402,48161.57884057733,-1.0034174487980863,sl,5,0.8488942812705654,-1.9137713265403968,48164.475000000006,US30
2025-12-22 06:30:00,1,48151.241,48146.949765873665,48157.67785118951,48158.417,1.672246209070397,tp,3,1.7910931386452815,-0.17570702921412126,48151.201,US30
2025-12-22 17:43:00,-1,48408.106999999996,48419.584871671555,48390.89019249266,48405.333,0.2416824372476019,sl,1,0.0,0.0,48408.117,US30
2025-12-22 21:05:00,-1,48361.852999999996,48378.24111157111,48337.27083264333,48362.675,-0.05015831119043442,time,60,0.26214124680280854,-0.04771751745850848,48361.863,US30
2025-12-23 01:36:00,-1,48352.679,48358.89764904941,48343.35102642588,48352.015,0.10677560266239589,sl,1,0.0,0.0,48352.689,US30
2025-12-23 15:29:00,1,48363.420000000006,48317.196214528725,48432.75567820693,48432.74567820693,1.4997836611628312,tp,7,1.7947253595562678,-0.06029363392869492,48363.380000000005,US30
2025-12-24 11:34:00,-1,48418.827,48423.32933553961,48412.07349669058,48412.11349669058,1.4911157221293363,tp,14,1.138964422993546,-0.024875978037535003,48418.837,US30
2025-12-24 14:34:00,1,48454.246999999996,48408.526259348706,48522.82811097693,48522.81811097693,1.4997812808834767,tp,13,1.5256095812621078,-0.4105795254536769,48454.206999999995,US30
2025-12-24 17:47:00,1,48730.311,48707.87056611502,48763.97165082747,48707.86056611502,-1.0004456241823707,sl,13,1.0025652852933475,-1.1771608399108489,48730.271,US30
2025-12-26 14:11:00,-1,48693.965,48698.34033604751,48687.401995928725,48694.967000000004,-0.22901098089972005,sl,4,0.0,-0.21986882597345406,48693.481,US30
2025-12-29 01:51:00,1,48733.503000000004,48730.69170838172,48737.719937427435,48730.681708381715,-1.0035570838460828,sl,3,1.412873703374197,-1.0415141499233902,48733.463,US30
2025-12-29 02:41:00,1,48729.521,48722.00014880246,48740.80227679631,48721.990148802455,-1.001329636731186,sl,17,0.48904038963053414,-1.2043849508624744,48729.481,US30
2025-12-29 12:01:00,-1,48709.941,48720.0995138304,48694.7032292544,48704.027,0.5821717722428127,tp,5,0.5861093560930379,0.0,48709.951,US30
2025-12-30 01:49:00,1,48471.591,48469.38059127315,48474.90661309028,48474.89661309028,1.495475949818441,tp,5,1.5146520004765467,-0.3112546524287196,48471.551,US30
2025-12-30 14:48:00,-1,48459.191,48489.27549998799,48414.06425001801,48430.955,0.9385563998493394,tp,15,0.7642473702130848,0.0,48459.201,US30
2025-12-30 19:40:00,-1,48411.424999999996,48419.07475594999,48399.950366075005,48403.229,1.0714067289958014,tp,10,1.0172873554231705,0.0,48411.435,US30
2025-12-31 04:35:00,1,48371.777,48369.05212922926,48375.864306156116,48369.04212922926,-1.0036698988111352,sl,1,0.6143410608585383,-1.041517282389233,48371.737,US30
2026-01-01 23:31:00,-1,48144.577,48155.613529217975,48128.02220617303,48148.527,-0.35790237329051955,sl,2,0.0,-0.19227059142347502,48144.587,US30
2026-01-02 01:00:00,-1,48151.179,48158.07980209086,48140.8277968637,48147.967000000004,0.4654531397507762,sl,1,0.0,0.0,48151.189,US30
2026-01-02 04:41:00,1,48199.717,48193.39357306579,48209.20214040131,48193.38357306579,-1.0015814209772778,sl,6,0.47157973532872066,-1.1433673663382302,48199.676999999996,US30
2026-01-02 07:44:00,1,48172.639,48164.399889396926,48184.99766590462,48164.38988939692,-1.0012137232383191,sl,6,0.40198513644920103,-1.0515698134660716,48172.599,US30
2026-01-02 08:02:00,-1,48169.161,48172.74442835401,48163.78585746899,48163.82585746899,1.4888375053013823,tp,1,0.0,0.0,48169.171,US30
2026-01-02 08:05:00,1,48167.491,48161.29513772093,48176.78479341861,48176.774793418605,1.498386019644785,tp,1,1.5668521285234471,-0.09490204486786137,48167.451,US30
2026-01-02 08:29:00,1,48171.467000000004,48161.83948025739,48185.90827961393,48161.82948025739,-1.001038689119252,sl,4,1.3511268060470782,-1.0935319045262548,48171.427,US30
2026-01-02 18:59:00,-1,48147.37899999999,48172.08802413628,48110.31546379556,48151.347,-0.1605891021078552,sl,2,0.0,-0.09583543190326485,48147.388999999996,US30
2026-01-02 20:04:00,1,48389.257000000005,48345.03635469296,48455.58796796057,48345.02635469296,-1.0002261387171671,sl,23,0.3364039555891792,-1.1874996313460524,48389.217000000004,US30
2026-01-04 23:25:00,-1,48387.064999999995,48397.31685757311,48371.687213640325,48379.527,0.7352813815674556,tp,6,0.6474924132187718,0.0,48387.075,US30
2026-01-05 09:08:00,1,48421.865,48414.27476784394,48433.25034823408,48414.26476784394,-1.0013174827589506,sl,4,0.742269786242246,-1.5069367793799413,48421.825,US30
2026-01-06 02:35:00,-1,48998.541,49005.328173353286,48988.36023997006,48999.503000000004,-0.1417379444921238,time,60,0.4552705285624397,-0.8689920962669195,48998.551,US30
2026-01-06 10:50:00,1,48880.503000000004,48868.57125031966,48898.40062452052,48898.390624520514,1.4991618999501377,tp,33,1.507239129364813,-0.5501288726179444,48880.463,US30
2026-01-06 14:19:00,1,48923.967,48913.20481965828,48940.11027051258,48912.453,-1.0698575599370472,sl,4,1.0250710961644098,-1.4904043131309694,48923.926999999996,US30
2026-01-06 14:32:00,1,48929.485,48893.70328717774,48983.157569233386,48983.147569233384,1.4997205276322196,tp,1,1.9008033611429516,-0.18294261184528512,48929.445,US30
2026-01-07 01:44:00,-1,49501.191,49506.188424914944,49493.694862627584,49493.734862627585,1.4919958777399764,tp,1,0.0,0.0,49501.201,US30
2026-01-07 03:24:00,-1,49529.411,49536.97946934526,49518.05829598212,49518.09829598212,1.4947149155027524,tp,1,0.0,0.0,49529.421,US30
2026-01-07 14:36:00,-1,49543.739,49591.62670873211,49471.907436901834,49489.943,1.1233780321573767,tp,8,1.1028299619728401,0.0,49543.749,US30
2026-01-08 08:34:00,-1,48894.047,48905.35316436676,48877.08775344986,48893.739,0.027241776256390137,sl,1,0.0,0.0,48894.057,US30
2026-01-08 16:10:00,1,49167.291,49125.69676983676,49229.68234524486,49229.67234524486,1.4997595820391638,tp,13,1.6007508670961796,-0.23469601340579535,49167.251,US30
2026-01-08 19:12:00,1,49260.511000000006,49237.67973013908,49294.75790479139,49237.66973013908,-1.0004379957866099,sl,4,0.350571827530847,-1.8617448901850562,49260.471000000005,US30
2026-01-09 02:55:00,1,49276.241,49268.24318292999,49288.237725605024,49267.953,-1.0362827665909127,sl,11,0.14679005405124254,-1.4801538840378903,49276.201,US30
2026-01-09 05:18:00,1,49272.253000000004,49268.40022962914,49278.032155556306,49267.953,-1.1160800115461784,sl,7,0.5829571409139792,-1.2463758640569358,49272.213,US30
2026-01-09 12:09:00,1,49274.973000000005,49267.65431988296,49285.95102017558,49267.64431988296,-1.001366366590985,sl,3,0.6184175189536008,-1.7142435247009642,49274.933000000005,US30
2026-01-09 12:38:00,-1,49268.399,49272.1025665959,49262.84365010614,49270.739,-0.6318233895378815,sl,2,0.0,-0.017280639715384596,49268.409,US30
2026-01-12 13:01:00,1,49157.771,49146.97894734579,49173.95907898131,49173.949078981306,1.4990733922149855,tp,20,1.5941360324340672,-0.7479578036392435,49157.731,US30
2026-01-12 19:37:00,1,49508.786,49499.04326294516,49523.40010558226,49523.39010558226,1.4989735943866955,tp,4,1.9081906753057538,-0.21113163461380208,49508.746,US30
2026-01-12 20:34:00,-1,49567.748,49584.144760150026,49543.15285977496,49578.753000000004,-0.6711691760635436,sl,12,0.0,-0.6076200364489343,49567.758,US30
2026-01-13 04:50:00,-1,49575.917,49579.58494062365,49570.415089064525,49578.015,-0.5719830867681673,sl,6,0.0,-0.41494673882760985,49575.927,US30
2026-01-13 07:16:00,1,49553.497,49550.15297036698,49558.51304444954,49550.14297036698,-1.0029904041230036,sl,3,1.1716403351534586,-1.2206829627620137,49553.457,US30
2026-01-13 09:09:00,-1,49536.471,49544.63884868986,49524.21922696521,49541.015,-0.5563276417746168,sl,29,0.46181070967683113,-0.5514303914067774,49536.481,US30
2026-01-13 14:28:00,-1,49585.803,49607.06638207593,49553.90792688611,49594.503000000004,-0.40915410205853414,tp,2,0.0,0.0,49585.813,US30
2026-01-13 17:21:00,-1,49297.101,49329.97931308804,49247.783530367946,49305.367,-0.25141192547992464,tp,11,0.006204697894898619,-0.6312367652326514,49297.111000000004,US30
2026-01-13 23:35:00,1,49154.461,49147.84374355851,49164.38688466225,49164.37688466225,1.4984887996880865,tp,6,1.5471668795842648,-0.3110050242422545,49154.421,US30
2026-01-14 11:49:00,1,49040.955,49016.154057161075,49078.156414258396,49016.14405716107,-1.0004032104773994,sl,13,0.10209289285668155,-1.532361097996275,49041.165,US30
2026-01-14 12:02:00,-1,49023.208999999995,49045.169946279384,48990.26758058091,49039.979,-0.7636282966432744,sl,6,0.0,-0.649607708998974,49023.219,US30
2026-01-14 13:21:00,1,49047.997,49033.25947765118,49070.10328352323,49070.09328352323,1.499321459892284,tp,1,1.5898194720550602,-0.7155883974518048,49047.957,US30
2026-01-14 17:54:00,-1,48930.748,48963.93475241616,48880.96787137576,48952.491,-0.6551710672785368,sl,12,0.3255214570118768,-0.4133275780645152,48930.758,US30
2026-01-14 18:47:00,-1,48984.094999999994,48998.941642136735,48961.82503679488,48995.617,-0.7760677393503592,sl,5,0.29676744137934247,-0.7733735274449018,48984.104999999996,US30
2026-01-14 23:28:00,-1,49082.852999999996,49106.382611370704,49047.55858294394,49071.515,0.4818609122507946,time,60,0.4400412670173425,-0.3643919087708143,49082.863,US30
2026-01-15 08:30:00,-1,49116.44699999999,49129.1661533369,49097.36826999464,49122.991,-0.5144996547075035,sl,14,0.12044826879686472,-0.5075809551940659,49116.456999999995,US30
2026-01-15 19:11:00,1,49547.347,49529.32914597916,49574.37378103127,49574.363781031265,1.499444994948318,tp,7,1.6908783901099709,-0.04895144554866211,49547.307,US30
2026-01-16 14:31:00,1,49492.353,49447.575231559684,49559.519652660485,49559.50965266048,1.4997766748914312,tp,1,2.6608293389788162,-0.05417867134743239,49492.313,US30
2026-01-16 17:54:00,-1,49428.521,49436.74117399964,49416.19073900054,49427.969,0.06715186321209533,sl,3,0.0,0.0,49428.531,US30
2026-01-16 19:10:00,1,49470.218,49446.59173305592,49505.65740041612,49446.581733055915,-1.0004232577252135,sl,6,0.6893598569144644,-1.104829639899547,49470.178,US30
2026-01-19 01:11:00,-1,49042.12899999999,49050.30597637448,49029.86353543826,49047.109000000004,-0.6090270745489165,sl,6,0.0,-0.47597055705697205,49042.138999999996,US30
2026-01-19 05:51:00,1,49002.173,48996.990314145965,49009.947028781055,48996.98031414596,-1.0019295014754266,sl,1,0.5518374218597003,-1.4741391269255004,49002.133,US30
2026-01-19 06:06:00,-1,48999.773,49005.63365677523,48990.98201483716,49004.025,-0.7255159554766081,sl,4,0.0,-0.7186907818595585,48999.783,US30
2026-01-19 15:24:00,-1,48940.399,48955.081001941,48918.3759970885,48951.515,-0.757117458822799,sl,3,0.0,-0.7187030789402115,48940.409,US30
2026-01-20 04:49:00,-1,48907.905,48913.181205602705,48899.990691595944,48902.027,1.11405817790392,tp,4,1.1216393836060554,0.0,48907.915,US30
2026-01-20 23:41:00,1,48548.76500000001,48542.1162796886,48558.73808046712,48542.106279688596,-1.0015040488294986,sl,5,0.6295948398989757,-1.1788734723213308,48548.725000000006,US30
2026-01-21 04:37:00,-1,48591.047,48601.23064408086,48575.77153387871,48584.479,0.6449557690593751,tp,25,0.6488836361061079,-0.08759143514021181,48591.057,US30
2026-01-21 18:10:00,-1,48730.354,48778.01579837461,48658.86130243808,48749.585,-0.403488761562215,sl,3,0.0,-0.3711358069405386,48730.364,US30
2026-01-22 00:37:00,1,49135.885,49130.258044014336,49144.325433978505,49147.365,2.0401794556842074,tp,1,2.0419566154891733,-0.08636996650452108,49135.845,US30
2026-01-23 00:04:00,-1,49341.685,49353.725011251845,49323.62498312222,49349.455,-0.6453482341066675,sl,5,0.0,-0.5184380537059653,49341.695,US30
2026-01-23 02:35:00,1,49410.627,49407.92908022981,49414.67387965528,49407.91908022981,-1.003706559443516,sl,2,1.3995968455857684,-1.5345156093027816,49410.587,US30
2026-01-23 05:05:00,-1,49419.797,49425.53590838423,49411.18863742366,49425.003000000004,-0.907141158467158,sl,8,0.0,-0.90017119182493,49419.807,US30
2026-01-23 05:53:00,-1,49428.899,49429.8488451081,49427.474232337845,49428.003000000004,0.9433116961396242,sl,1,0.0,0.0,49428.909,US30
2026-01-23 18:45:00,1,48997.72,48985.36281792411,49016.25577311384,49016.245773113835,1.4991907540135778,tp,2,1.624075770410118,-0.8964017793036192,48997.68,US30
2026-01-26 14:29:00,1,49159.979,49151.078024629,49173.330463056496,49174.941,1.6809393775821788,tp,1,3.142576946246011,-0.512752795032934,49159.939,US30
2026-01-26 15:59:00,1,49288.253000000004,49254.41961668958,49339.00307496564,49254.409616689576,-1.0002955660659263,sl,6,0.30874831240354317,-1.1848652448438346,49288.213,US30
2026-01-27 00:10:00,-1,49249.655,49255.24867206215,49241.26449190677,49249.991,-0.06006787603375996,sl,7,0.12371122087714859,0.0,49249.665,US30
2026-01-27 01:16:00,1,49261.383,49255.29751420771,49270.51122868844,49270.50122868844,1.4983567458145954,tp,10,1.8950007269116558,-0.22939828431929052,49261.343,US30
2026-01-27 07:04:00,1,49370.027,49364.37676344777,49378.50235482835,49378.49235482835,1.4982301625941508,tp,2,1.5857743153177837,-0.017698374054630157,49369.987,US30
2026-01-27 20:47:00,-1,48992.653,49003.961093463244,48975.69085980513,48975.73085980513,1.4964627105240256,tp,1,0.0,0.0,48992.663,US30
2026-01-27 20:50:00,1,48995.026,48969.12420104445,49033.87869843333,48969.114201044446,-1.00038607357038,sl,18,0.814731055407279,-1.0070729081313248,48994.986,US30
2026-01-28 02:31:00,-1,49004.947,49011.54521821975,48995.04967267038,49010.027,-0.7699048183641358,sl,6,0.14549382394264648,-0.763842575699721,49004.957,US30
2026-01-28 10:49:00,1,49034.997,49025.6749827984,49048.980025802404,49048.9700258024,1.4989272708056878,tp,10,1.8749160854363256,-0.008796379391798611,49034.957,US30
2026-01-28 16:22:00,1,49013.525,48987.76299518774,49052.168007218395,49052.15800721839,1.4996118314519808,tp,7,1.9986798533431274,-0.14424343241452814,49013.485,US30
2026-01-28 19:30:00,-1,48962.154,49010.47345168518,48889.67482247223,48923.267,0.8047897615512359,sl,1,0.0,0.0,48962.164000000004,US30
2026-01-28 19:33:00,1,48989.909,48891.721917254974,49137.18962411754,48967.197,-0.23131352276733325,time,60,0.9279224665081146,-0.6596183346050619,48989.869,US30
2026-01-28 21:00:00,1,48963.700000000004,48934.447743319775,49007.578385020344,48934.43774331977,-1.000341853967417,sl,1,2.5132078117474297,-1.8437210020947437,48963.66,US30
2026-01-29 01:31:00,1,48878.421,48866.65671266541,48896.06743100189,48866.64671266541,-1.0008500302413248,sl,15,1.0015056301248975,-1.1215299001758523,48878.381,US30
2026-01-29 07:20:00,-1,49015.990999999995,49027.68161816512,48998.4550727523,49025.767,-0.8362260970224689,sl,10,0.40647978856821554,-0.7034700717993773,49016.001,US30
2026-01-29 09:28:00,1,49091.90900000001,49082.9667241926,49105.32241371112,49105.312413711115,1.498881716442502,tp,8,1.5998164570298494,-0.972235724692039,49091.869000000006,US30
2026-01-29 13:49:00,1,49055.821,49033.06356326101,49089.957155108495,49033.053563261004,-1.0004394167988568,sl,5,0.5681659208058444,-1.0807016748885614,49055.781,US30
2026-01-29 19:03:00,-1,48911.083999999995,48926.23963208184,48888.35055187723,48901.643000000004,0.622936737247868,sl,3,0.12437620482046502,0.0,48911.094,US30
2026-01-30 05:05:00,1,48855.191,48840.523347289636,48877.19247906555,48840.513347289634,-1.0006817723462305,sl,10,0.8129453454794934,-1.1301058408814064,48855.151,US30
2026-01-30 19:33:00,-1,48841.203,48902.55753605883,48749.17119591177,48828.039000000004,0.21455626340937126,time,60,0.7868366888751686,-0.4769003545548508,48841.213,US30
2026-02-02 13:25:00,1,48837.133,48820.66209986235,48861.83935020649,48861.829350206484,1.4993928686401579,tp,7,1.7496311530733235,-0.3160725859843497,48837.093,US30
2026-02-02 20:46:00,-1,49415.679,49431.21087466934,49392.38118799598,49416.991,-0.08447145163969509,sl,5,0.17254839206773537,0.0,49415.689,US30
2026-02-03 07:08:00,-1,49443.453,49448.65129426228,49435.65555860658,49444.015,-0.10811238680278014,sl,3,0.0,0.0,49443.463,US30
2026-02-03 07:16:00,1,49447.735,49437.202008854714,49463.53448671793,49437.19200885471,-1.0009493979311388,sl,4,0.784582450133464,-1.3606771146310035,49447.695,US30
2026-02-03 16:19:00,1,49415.253000000004,49390.67954902011,49452.113176469844,49390.197,-1.019637006642082,sl,5,1.1730546118076843,-1.7786675561267113,49415.213,US30
2026-02-04 00:23:00,1,49279.797,49262.7644996124,49305.3457505814,49262.7544996124,-1.0005871128592088,sl,5,0.28568911723288265,-1.006663708194281,49279.757,US30
2026-02-04 05:07:00,1,49301.583,49296.07240396374,49309.84889405438,49296.06240396374,-1.0018146857320414,sl,8,1.2891527437793684,-1.080826821783282,49301.543,US30
2026-02-04 05:42:00,-1,49301.635,49308.6962243369,49291.04316349466,49305.203,-0.5052948086291433,sl,9,0.0,-0.42202313052496726,49301.645000000004,US30
2026-02-04 05:58:00,-1,49308.253,49311.15668461409,49303.897473078854,49307.215000000004,0.3574768399276087,sl,2,0.0,0.0,49308.263,US30
2026-02-04 16:06:00,-1,49547.464,49633.65585135515,49418.176222967275,49608.827,-0.7119350499521565,sl,24,0.569137328282591,-0.6997297198257467,49547.474,US30
2026-02-04 21:04:00,-1,49573.344,49611.11921555577,49516.68117666633,49528.843,1.1780475463942852,tp,4,1.1025483081228862,0.0,49573.354,US30
2026-02-05 06:20:00,1,49417.991,49404.79893619345,49437.779095709826,49437.769095709824,1.4992419684934306,tp,15,1.5166694380350354,-0.49848151861850226,49417.951,US30
2026-02-05 11:08:00,-1,49428.547,49445.61393511053,49402.9465973342,49432.979,-0.25968341540513673,sl,8,0.0,-0.2573397022696605,49428.557,US30
2026-02-05 13:42:00,1,49329.259,49309.7652798666,49358.49958020009,49309.7552798666,-1.0005129857171235,sl,9,1.0114026396748954,-1.8344369240600689,49329.219,US30
2026-02-06 03:14:00,-1,48847.958999999995,48872.85561957023,48810.61407064464,48862.539000000004,-0.5856216728088821,sl,23,0.6640258912802294,-0.44150572205175276,48847.969,US30
2026-02-06 03:57:00,-1,48851.197,48874.854119453805,48815.71132081929,48820.739,1.287477119075051,tp,34,1.2135881570899316,-0.01276571311198875,48851.207,US30
2026-02-06 08:05:00,-1,48872.708999999995,48895.22914826857,48838.92877759713,48890.467000000004,-0.7885383252467298,sl,6,0.0,-0.6308128983249145,48872.719,US30
2026-02-06 08:45:00,1,48873.723000000005,48860.36516335041,48893.759754974395,48895.429,1.6249637249945157,tp,1,1.6257123492114725,-0.13085951309788757,48873.683000000005,US30
2026-02-06 10:34:00,-1,48992.821,49010.95319367546,48965.62270948682,49005.003000000004,-0.6718436951449425,sl,7,0.0,-0.5008770677477078,48992.831000000006,US30
2026-02-06 17:41:00,-1,49881.416999999994,49897.069557566465,49857.93816365029,49895.503000000004,-0.8999168308560396,sl,5,0.0,-0.8646510285959829,49881.426999999996,US30
2026-02-09 02:23:00,1,50196.26500000001,50190.214693436035,50205.34045984596,50190.20469343603,-1.001652808811637,sl,3,1.1460576297546134,-1.2128311057327237,50196.225000000006,US30
2026-02-09 02:56:00,1,50194.259,50186.60428301706,50205.741075474405,50186.59428301706,-1.0013063840275649,sl,3,0.7759921122158073,-1.418210500035576,50194.219,US30
2026-02-09 09:33:00,1,50185.223000000005,50176.2507198988,50198.681420151814,50176.2407198988,-1.0011145438939981,sl,8,1.1916703312195747,-2.2540535707629323,50185.183000000005,US30
2026-02-09 12:59:00,-1,50081.327,50092.968949620634,50063.86407556904,50090.503000000004,-0.788184135734581,sl,2,0.0,-0.7847482850992226,50081.337,US30
2026-02-09 17:08:00,1,50094.643000000004,50069.510447754765,50132.34182836786,50069.50044775476,-1.000397890349713,sl,13,0.7685649993489261,-1.0965062255157592,50094.603,US30
2026-02-10 08:22:00,-1,50119.958999999995,50138.65249897551,50091.91875153672,50127.539000000004,-0.40548856101987557,sl,3,0.0,-0.40334877969518823,50119.969,US30
2026-02-10 10:41:00,1,50170.021,50155.49976131497,50191.80285802755,50155.489761314966,-1.0006886464866351,sl,21,0.7207374127654774,-1.342447460772871,50169.981,US30
2026-02-10 16:49:00,1,50349.159,50314.15091229434,50401.67113155849,50401.66113155849,1.4997143517210618,tp,7,1.6985217958758903,-0.8863666093644228,50349.119,US30
2026-02-11 14:32:00,1,50405.527,50384.53445829519,50437.01581255722,50437.00581255722,1.499523640341113,tp,1,4.353927279755747,-0.07450265060756336,50405.487,US30
2026-02-11 14:33:00,1,50450.48500000001,50399.87181467731,50526.404777984055,50399.86181467731,-1.0001975769740292,sl,4,0.8689040162084634,-1.007365959580087,50450.44500000001,US30
2026-02-11 21:04:00,1,50142.28,50105.22976215552,50197.85535676672,50132.811,-0.25557190859999074,time,60,1.099992938535934,-0.3640192556013626,50142.24,US30
2026-02-12 00:08:00,1,50108.421,50097.48694981871,50124.822075271935,50097.47694981871,-1.0009145741821404,sl,15,1.0362125481535398,-1.1598629775543097,50108.381,US30
2026-02-12 02:04:00,-1,50202.491,50217.338383140945,50180.21992528859,50212.255,-0.6576243037111752,sl,55,1.161955600945371,-0.6204460350050988,50202.501000000004,US30
2026-02-12 12:03:00,1,50277.779,50267.017173009466,50293.92174048581,50267.007173009464,-1.0009292102549903,sl,5,0.36462210398381506,-1.0236180166890543,50277.739,US30
2026-02-13 01:50:00,-1,49478.411,49489.36168331581,49461.98497502629,49465.955,1.1374632651477388,tp,5,1.1151815505768738,0.0,49478.421,US30
2026-02-13 07:32:00,-1,49381.405,49392.7119813092,49364.4445280362,49369.503000000004,1.0526240094082207,tp,5,1.0119411792681532,0.0,49381.207,US30
2026-02-13 08:02:00,1,49349.997,49337.639356060245,49368.53346590964,49368.52346590964,1.4991907842586512,tp,2,2.1831022265659255,-0.16265236397815577,49349.957,US30
2026-02-13 08:52:00,1,49372.127,49344.98466425757,49412.84050361364,49344.97466425757,-1.000368428130023,sl,10,0.39967083536737774,-1.0003560584345177,49372.087,US30
2026-02-13 10:20:00,-1,49381.559,49397.69742370368,49357.35136444449,49361.455,1.245722653533976,tp,16,1.2482012103456777,-0.4114404307334431,49381.569,US30
2026-02-13 11:45:00,1,49244.527,49232.55478543422,49262.48532184867,49262.475321848666,1.4991647326440123,tp,1,1.7049477260740389,-0.05212068298433428,49244.487,US30
2026-02-13 13:00:00,-1,49339.69699999999,49374.258799467134,49287.854300799285,49369.039000000004,-0.84897199950216,sl,6,0.0,-0.7596247997726081,49339.706999999995,US30
2026-02-16 17:56:00,-1,49548.423,49561.863918307,49528.26162253951,49551.239,-0.20950949449141687,tp,2,0.0,0.0,49548.433000000005,US30
2026-02-17 09:00:00,-1,49475.453,49493.02379963877,49449.09680054184,49451.515,1.362373966588302,tp,4,0.9960844332537013,0.0,49475.463,US30
2026-02-17 13:50:00,-1,49390.185000000005,49415.326242855175,49352.47313571725,49369.503000000004,0.8226323622560077,sl,1,0.0,0.0,49390.19500000001,US30
2026-02-17 13:58:00,1,49410.521,49366.49213437528,49476.56429843708,49476.55429843708,1.4997728762741491,tp,7,1.5999049487309782,-0.2179025024576265,49410.481,US30
2026-02-17 20:17:00,1,49586.566,49566.0523707801,49617.33644382985,49566.042370780095,-1.0004874807814277,sl,4,0.7713408402961953,-1.2781258605649257,49586.526,US30
2026-02-18 01:48:00,1,49496.515,49487.32696708848,49510.297049367284,49510.453,1.5169732340120372,tp,10,2.282534270605427,-0.3064856239758667,49496.939,US30
2026-02-18 06:32:00,1,49579.521,49576.325851388545,49584.313722917184,49576.31585138854,-1.0031297448782768,sl,1,1.5354528369706582,-1.4415604906405697,49579.481,US30
2026-02-18 07:06:00,1,49579.003000000004,49575.52111339005,49584.22582991493,49586.417,2.129305411269213,tp,1,2.132177417489477,-0.17232037318241616,49578.963,US30
2026-02-18 11:04:00,1,49780.729,49772.89321853716,49792.48267219426,49772.88321853716,-1.0012761968987345,sl,4,0.9262637089129871,-1.5730402970597657,49780.689,US30
2026-02-18 16:08:00,1,49863.714,49805.943980033066,49950.3690299504,49805.93398003306,-1.0001731001652372,sl,12,0.3099358457941865,-1.000016964388568,49863.674,US30
2026-02-19 11:08:00,-1,49481.015,49492.52560610609,49463.74909084086,49488.827,-0.6786784230121536,sl,3,0.0,-0.6752033670826753,49481.025,US30
2026-02-19 12:10:00,-1,49509.509,49522.36975857361,49490.21786213959,49515.327,-0.452383890631284,sl,3,0.0,-0.21040749536741798,49509.519,US30
2026-02-19 14:30:00,1,49499.029,49479.900460359684,49527.721809460476,49479.89046035968,-1.0005227790615525,sl,1,2.9105201466949495,-2.9395866625115685,49498.989,US30
2026-02-20 04:24:00,-1,49463.447,49469.64311669827,49454.15282495259,49468.955,-0.8889438769829817,sl,25,0.0,-0.6384644112821595,49463.457,US30
2026-02-20 08:26:00,-1,49473.047,49481.245325326716,49460.74951200992,49476.015,-0.36202515534830876,sl,4,0.0,-0.3571461101278759,49473.057,US30
2026-02-23 03:08:00,1,49326.973000000005,49320.74224203257,49336.31913695116,49320.732242032565,-1.0016049411731762,sl,4,1.4466939732056474,-1.408175385058759,49326.933000000005,US30
2026-02-23 11:25:00,1,49498.205,49487.03901034619,49514.953984480715,49487.02901034619,-1.0008955766852805,sl,13,0.5615265815562234,-1.45781972800255,49498.165,US30
2026-02-23 20:07:00,1,48792.356,48751.70763940408,48853.32854089388,48751.697639404076,-1.000246012381691,sl,46,1.499174852481311,-1.0297832283104724,48792.316,US30
2026-02-24 01:30:00,1,48833.003000000004,48820.927110353776,48851.11683446934,48820.917110353774,-1.0008280963386544,sl,2,0.6561835386160464,-1.1262110203411282,48832.963,US30
2026-02-24 04:31:00,1,48871.271,48864.30367913701,48881.72198129448,48864.29367913701,-1.0014352719214004,sl,6,1.2406490486058208,-1.2676321607229275,48871.231,US30
2026-02-24 12:04:00,1,48929.497,48913.59992043619,48953.34261934573,48953.332619345725,1.4993709536420263,tp,3,1.8512834311395778,-0.035855642397180094,48929.457,US30
2026-02-24 23:45:00,1,49171.523,49158.97576684356,49190.34384973466,49158.96576684356,-1.0007969884577228,sl,23,1.250634287603402,-1.0160008856979525,49171.483,US30
2026-02-25 00:37:00,-1,49168.01499999999,49173.19094927383,49160.25107608924,49160.839,1.386412350729187,tp,1,0.0,0.0,49168.024999999994,US30
2026-02-25 09:28:00,1,49231.053,49218.00095514099,49250.631067288516,49250.62106728851,1.4992338365282945,tp,8,1.660582708236434,-0.025896325338633615,49231.013,US30
2026-02-25 15:41:00,-1,49264.560000000005,49285.02241532907,49233.86637700641,49275.979,-0.5580475137641833,sl,2,0.0,-0.5044858993422043,49264.57000000001,US30
2026-02-25 20:07:00,1,49481.849,49468.070893985205,49502.5161590222,49468.0608939852,-1.0007257891608106,sl,5,0.3287824897800732,-1.0647326986924353,49481.809,US30
2026-02-25 20:50:00,1,49486.768000000004,49472.254121266014,49508.53881810099,49508.52881810099,1.4993110043027311,tp,1,2.3385202964741825,-0.303364805556392,49486.728,US30
2026-02-25 21:03:00,-1,49489.030999999995,49499.36222141205,49473.53416788192,49485.377,0.35368518921995407,tp,1,0.0,0.0,49489.041,US30
2026-02-25 21:07:00,-1,49483.113,49500.85563416833,49456.4990487475,49475.479,0.4302630560699987,time,60,0.4325175127431949,0.0,49483.123,US30
2026-02-26 01:27:00,1,49396.509,49378.946096410466,49422.8533553843,49378.93609641046,-1.0005693819334063,sl,4,0.1952980031186041,-1.0587087667599107,49396.469,US30
2026-02-26 07:14:00,-1,49389.477,49394.84226096304,49381.42910855543,49384.943,0.8450660706402834,tp,1,0.0,0.0,49389.487,US30
2026-02-26 11:21:00,-1,49443.958999999995,49448.300638331806,49437.44654250228,49448.015,-0.9342095517920399,sl,2,0.0,-0.45328510797149046,49443.969,US30
2026-02-27 01:16:00,1,49223.597,49203.18396546024,49254.216551809644,49203.173965460235,-1.0004898830687108,sl,15,0.43746558026954596,-1.1307480989677798,49223.557,US30
2026-02-27 08:50:00,-1,49294.784999999996,49308.331599175464,49274.4651012368,49305.079,-0.7598955181787127,sl,10,0.0532975096289689,-0.6158003120894663,49294.795,US30
2026-02-27 10:32:00,-1,49244.683,49263.69830993709,49216.160035094355,49261.839,-0.9022203717297923,sl,12,0.45268786196368604,-0.7049056809667927,49244.693,US30
2026-03-02 04:24:00,-1,48550.954999999994,48578.16823076592,48510.13515385111,48573.943,-0.8447361578540602,sl,9,0.0,-0.7522811303111258,48550.965,US30
2026-03-02 12:45:00,-1,48398.947,48416.72540719957,48372.279389200645,48372.455,1.4901222422579459,tp,1,0.0,0.0,48398.957,US30
2026-03-02 17:31:00,1,48902.187,48856.4408250224,48970.806262466394,48970.79626246639,1.4997814024886904,tp,21,1.6065168297893384,-0.26161750148207213,48902.147,US30
2026-03-03 00:52:00,-1,48774.203,48785.46771807904,48757.305922881445,48760.491,1.2172519457470012,tp,6,0.9100982313155759,0.0,48774.213,US30
2026-03-03 09:41:00,1,48179.341,48160.49450163962,48207.610747540566,48160.48450163962,-1.0005306025454077,sl,3,1.0006102799259093,-1.397713224827923,48179.301,US30
2026-03-03 10:56:00,1,48010.009,47980.46032211387,48054.3320168292,48054.322016829195,1.4996615753829348,tp,8,1.6071785067004998,-0.42621196280015916,48009.969,US30
2026-03-03 13:23:00,1,48176.747,48145.553942911356,48223.53658563297,48223.52658563297,1.4996794158400821,tp,1,1.577017599147064,-0.12053964410466582,48176.707,US30
2026-03-04 00:12:00,-1,48439.447,48452.76452642777,48419.47071035835,48420.455,1.4260906560245379,tp,1,0.0,0.0,48439.457,US30
2026-03-04 05:16:00,-1,48343.483,48368.539913286164,48305.89763007076,48316.003000000004,1.0967033204034022,tp,7,1.0807396621735972,-0.038632052916720554,48343.493,US30
2026-03-04 12:05:00,1,48541.235,48519.95058242574,48573.16162636138,48519.94058242574,-1.000469827279377,sl,1,0.4111928348269922,-1.0687630949090283,48541.195,US30
2026-03-05 00:49:00,-1,48804.371,48814.032748576676,48789.878377134984,48790.955,1.3885685281009852,tp,4,0.9787048301821019,0.0,48804.381,US30
2026-03-05 03:57:00,1,48553.729,48535.15517033556,48581.58974449666,48581.57974449666,1.4994616080699188,tp,10,1.7617260732527484,-0.904606120737861,48553.689,US30
2026-03-05 10:21:00,-1,48664.339,48691.61506996346,48623.424895054806,48637.943,0.9677347226107587,tp,21,0.969201209537008,-0.38993887368110425,48664.349,US30
2026-03-06 00:59:00,-1,48038.691,48047.68816022407,48025.195259663895,48036.455,0.24852286102623333,tp,3,0.0,0.0,48038.701,US30
2026-03-06 01:06:00,1,48045.717000000004,48022.13186530953,48081.09470203571,48022.12186530953,-1.0004239958827148,sl,17,0.732749684358552,-1.049050612799689,48045.677,US30
2026-03-06 20:50:00,1,47444.467,47410.17879073704,47495.899313894435,47495.88931389443,1.4997083545563623,tp,8,1.9087610991311428,-0.8754029634444025,47444.426999999996,US30
2026-03-09 08:29:00,1,46717.797,46675.65414956705,46781.01127564942,46781.00127564942,1.499762711826664,tp,5,2.2465969678687294,-0.2253763070704525,46717.757,US30
2026-03-09 09:09:00,-1,46787.447,46821.51975461926,46736.33786807112,46798.239,-0.31673400406264146,sl,6,0.26261451708220246,-0.07501594833052447,46787.457,US30
2026-03-09 11:41:00,1,46888.961,46833.800971220895,46971.701043168665,46971.69104316866,1.4998187093041215,tp,24,1.5684183260028144,-0.27233488329313765,46888.921,US30
2026-03-09 18:54:00,1,47157.204000000005,47133.2408810779,47193.148678383164,47133.2308810779,-1.0004173079487084,sl,3,0.6591379048504796,-1.2421171090776264,47157.164000000004,US30
2026-03-10 13:34:00,-1,47677.203,47733.5391866663,47592.69872000055,47674.765,0.043275914545712064,sl,7,0.0,0.0,47677.213,US30
2026-03-11 02:36:00,1,47887.053,47882.03905340725,47894.573919889124,47882.02905340725,-1.0019944368806197,sl,1,1.7148168296071025,-3.7650979424662365,47887.013,US30
2026-03-11 12:30:00,1,47647.209,47608.89446219916,47704.68080670126,47704.67080670126,1.4997390024627817,tp,1,1.6287812298397413,-0.13065536705733963,47647.169,US30
2026-03-12 14:19:00,1,46849.509,46780.34538201846,46953.25442697231,46780.33538201846,-1.000144584686196,sl,10,0.2396635757895896,-1.1756180832197078,46849.469,US30
2026-03-12 23:53:00,-1,46776.441,46794.56285147418,46749.25822278873,46758.527,0.9885303400440724,tp,5,0.9401909084333012,0.0,46776.451,US30
2026-03-13 06:01:00,1,46843.991,46832.71150006381,46860.91024990429,46832.701500063806,-1.0008865641259457,sl,2,0.37306618412186393,-1.2911919927642386,46843.951,US30
2026-03-13 11:50:00,1,46843.497,46808.7236667771,46895.65699983436,46895.64699983436,1.4997124233120163,tp,9,1.5670053730744424,-0.07218174869554395,46843.457,US30
2026-03-16 01:05:00,-1,46726.847,46761.36542677039,46675.06935984442,46742.627,-0.45714713781613775,sl,12,0.11321489319309305,-0.3376747172612923,46726.857,US30
2026-03-16 07:11:00,-1,46791.723,46802.99502353504,46774.814964697434,46782.015,0.8612473146297495,tp,3,0.6320071970972225,0.0,46791.733,US30
2026-03-16 08:58:00,1,46664.309,46644.328343954534,46694.2799840682,46694.269984068196,1.499499515932664,tp,1,1.5359856017823132,-0.040339015804587756,46664.269,US30
2026-03-16 13:40:00,-1,46937.73499999999,46981.07972414871,46872.71791377692,46911.491,0.6054716119532431,sl,1,0.0,0.0,46937.744999999995,US30
2026-03-16 17:52:00,-1,46887.537,46952.7269114466,46789.752132830086,46929.529,-0.6441487504458228,sl,16,0.081024807102636,-0.4764234113961373,46887.547,US30
2026-03-16 19:13:00,1,46977.445,46959.17469165557,47004.85046251664,47004.84046251664,1.4994526638621988,tp,4,1.8802090995073197,-0.46129489667698986,46977.405,US30
2026-03-17 07:11:00,1,46713.115,46701.52711989321,46730.49682016018,46730.48682016018,1.4991370293867488,tp,4,1.5457529621410884,-0.15671546333440686,46713.075,US30
2026-03-17 08:00:00,-1,46798.541,46806.463052063016,46786.65792190547,46786.69792190547,1.4949508031905523,tp,1,0.0,0.0,46798.551,US30
2026-03-17 08:53:00,1,46758.055,46742.10684802422,46781.977227963675,46781.96722796367,1.4993729681020582,tp,2,1.6934877496159508,-0.06596375565023295,46758.015,US30
2026-03-17 18:09:00,-1,47107.507,47123.282045179556,47083.84443223066,47097.099,0.6597762403547858,tp,9,0.4588259442436827,-0.1419964237508428,47107.517,US30
2026-03-18 09:41:00,-1,47259.691,47269.321574725705,47245.245137911435,47261.955,-0.23508462002372926,sl,2,0.0,-0.052748669157370656,47259.701,US30
2026-03-18 09:46:00,1,47264.497,47247.039655466106,47290.683016800846,47247.0296554661,-1.0005728248063512,sl,7,0.17058722729639966,-1.1748636775872296,47264.457,US30
2026-03-18 10:24:00,1,47256.503000000004,47247.248576708276,47270.384634937596,47247.238576708274,-1.0010805643622305,sl,6,1.4043014448685898,-1.2984061373920137,47256.463,US30
2026-03-18 13:31:00,-1,46771.441,46820.89186356891,46697.26470464663,46725.527,0.9284772132647036,sl,1,0.0,0.0,46771.451,US30
2026-03-18 13:36:00,1,46776.479,46713.1293124003,46871.50353139955,46871.493531399545,1.4998421460249518,tp,6,1.684617620758486,-0.03125508704174383,46776.439,US30
2026-03-18 16:48:00,-1,46580.553,46617.068706558945,46525.77944016158,46615.015,-0.943758268633527,sl,9,0.14662183768392337,-0.5576230591932293,46580.563,US30
2026-03-19 05:19:00,-1,46235.739,46244.73148231649,46222.250276525265,46226.491,1.0284145883767741,tp,7,0.9496821566542968,-0.07917724772100093,46235.749,US30
2026-03-19 07:16:00,-1,46200.447,46220.61614121702,46170.19328817447,46208.467000000004,-0.39763715835540364,sl,3,0.0,-0.22093156828305574,46200.457,US30
2026-03-19 12:19:00,1,46028.139,46013.33994829892,46050.33757755163,46013.32994829892,-1.0006757189720004,sl,1,1.6595657948947349,-1.1960225801973468,46028.099,US30
2026-03-20 02:51:00,-1,46183.935,46192.59408754757,46170.94636867863,46188.527,-0.530309917156423,sl,2,0.0,-0.46101855167454325,46183.945,US30
2026-03-20 09:12:00,1,46076.211,46066.29421481638,46091.08617777544,46097.429,2.1396046810644207,tp,1,2.140613072374394,-0.17505673137611655,46076.171,US30
2026-03-20 13:42:00,-1,45922.703,45976.720654983445,45841.67651752484,45954.527,-0.5891407172294837,sl,3,0.0,-0.263321316046795,45922.713,US30
2026-03-20 13:51:00,1,45885.205,45852.40625985864,45934.40311021205,45934.39311021205,1.4996951102403537,tp,4,1.5773166828061875,-0.36605064548989463,45885.165,US30
2026-03-20 15:24:00,-1,45837.424999999996,45843.02022084658,45829.03216873012,45837.475,-0.008936197761246711,sl,1,0.0,0.0,45785.387,US30
2026-03-20 15:56:00,1,45759.981999999996,45722.07066015151,45816.84900977272,45816.83900977272,1.4997362266792564,tp,5,1.5242141330521688,-0.07662614963250858,45759.941999999995,US30
2026-03-23 17:14:00,1,46190.153,46172.58670923627,46216.502436145594,46243.753,3.0512986902543573,tp,1,3.065302784989848,-0.15108482693880615,46190.113,US30
2026-03-24 03:39:00,-1,45986.321,45999.823486288915,45966.06727056664,45966.10727056664,1.4970375826240443,tp,1,0.0,0.0,45986.331000000006,US30
2026-03-24 08:03:00,1,46277.791000000005,46248.12341588856,46322.29237616717,46322.28237616717,1.4996629317722387,tp,3,2.0888792214157816,-0.16947790494564371,46277.751000000004,US30
2026-03-24 13:42:00,-1,45847.673,45907.996449918275,45757.18782512259,45757.227825122594,1.4993369079511356,tp,1,0.0,0.0,45847.683000000005,US30
2026-03-25 00:04:00,-1,46436.503,46458.27091839609,46403.85112240586,46450.279,-0.6328579402648578,sl,7,0.0,-0.28592536441697247,46436.513,US30
2026-03-25 00:30:00,1,46441.309,46425.658418965926,46464.78487155111,46425.648418965924,-1.000638953913613,sl,1,2.58252392751415,-2.145735032257667,46441.269,US30
2026-03-25 08:38:00,-1,46617.255,46677.98501240887,46526.15998138669,46528.627,1.4593772746710119,tp,17,1.4600359275909482,0.0,46617.265,US30
2026-03-26 01:34:00,1,46365.505,46347.52969131635,46392.46796302547,46392.45796302547,1.4994436813196554,tp,29,1.6408063148775496,-0.5453035701640992,46365.465,US30
2026-03-26 07:23:00,-1,46268.564999999995,46291.576977395656,46234.04703390651,46238.639,1.3004532155343835,tp,4,1.3021914407774005,0.0,46268.575,US30
2026-03-26 09:08:00,1,46164.533,46124.74954065494,46224.20818901759,46124.73954065494,-1.0002513607455628,sl,16,1.280481909784453,-1.079192224779004,46164.493,US30
2026-03-26 14:32:00,1,46492.359000000004,46437.40381768099,46574.79177347852,46430.316999999995,-1.1289563127979028,sl,11,1.1899514702796157,-1.5450044275556645,46492.319,US30
2026-03-27 12:44:00,1,45780.861,45761.76456805035,45809.50564792447,45761.754568050346,-1.000523658033522,sl,5,0.8890666091324462,-1.0478397248635094,45780.820999999996,US30
2026-03-27 15:17:00,1,45547.867000000006,45487.32148085242,45638.68527872139,45638.675278721385,1.4998348350110926,tp,14,1.9195475013881333,-0.4968162867129186,45547.827000000005,US30
2026-03-30 00:41:00,1,44884.821,44844.52725894027,44945.26161158961,44844.517258940265,-1.00024817750199,sl,13,0.7220476241425291,-1.1368018653838838,44884.781,US30
2026-03-30 01:18:00,-1,44900.382999999994,44917.534571867276,44874.65564219907,44884.515,0.9251630184557402,tp,2,0.9274951662209941,0.0,44900.393,US30
2026-03-30 09:41:00,1,45326.991,45305.672212339654,45358.96918149052,45358.95918149052,1.4995309301747661,tp,29,1.5002729287221968,-0.7060439007983299,45326.951,US30
2026-03-31 00:01:00,1,45148.877,45127.71122136589,45180.625667951164,45180.61566795116,1.4995275392332639,tp,2,2.341043098700445,-0.3019024298828174,45148.837,US30
2026-03-31 03:39:00,-1,45650.916999999994,45675.31453304643,45614.32070043034,45635.991,0.611783165600477,tp,47,1.00182260040278,0.0,45650.926999999996,US30
2026-03-31 09:37:00,-1,45646.753000000004,45667.39762440731,45615.78606338904,45620.979,1.2484605915562412,tp,3,1.1281387125529772,0.0,45646.763000000006,US30
2026-03-31 10:00:00,-1,45622.155,45655.110150507484,45572.72227423877,45577.015,1.369740368497082,tp,23,1.2640209302195144,-0.3113322149043649,45622.165,US30
2026-03-31 12:19:00,-1,45718.208999999995,45741.98044347201,45682.55183479197,45682.59183479197,1.4983173087468753,tp,1,0.0,0.0,45718.219,US30
2026-03-31 13:40:00,-1,45682.809,45748.84019993011,45583.76220010483,45741.991,-0.8962732778238075,sl,10,0.058245193243017954,-0.813100474576083,45682.819,US30
2026-03-31 18:01:00,-1,46191.893,46220.41430863515,46149.111037047274,46149.151037047275,1.4985975398073,tp,1,0.0,0.0,46191.903,US30
2026-04-01 08:56:00,-1,46586.988999999994,46599.506231796455,46568.2131523053,46568.253152305304,1.496804405266971,tp,1,0.0,0.0,46586.998999999996,US30
2026-04-01 14:27:00,-1,46545.93199999999,46633.568869219416,46414.47669617086,46615.499,-0.7938097357840346,sl,5,0.0,-0.7933533068819395,46545.941999999995,US30
2026-04-01 15:24:00,1,46755.282,46735.183117251196,46785.430324123205,46735.17311725119,-1.0004975400934977,sl,1,0.3583781292733849,-1.1809114116760264,46755.242,US30
2026-04-01 15:47:00,1,46747.322,46725.17739242402,46780.53891136397,46780.52891136397,1.4995484227945173,tp,10,2.2914382124811032,-0.12386762739373827,46747.282,US30
2026-04-01 23:51:00,-1,46570.079,46591.51712752424,46537.92180871364,46557.909,0.5676801757166973,tp,12,0.2803416479913612,-0.4533045150054301,46570.089,US30
2026-04-02 01:03:00,1,46544.229,46521.65300666542,46578.09299000187,46521.64300666542,-1.0004429483945108,sl,1,3.039866241229671,-2.3375272670361045,46544.189,US30
2026-04-02 05:31:00,1,46076.617000000006,46066.60997445419,46091.627538318724,46106.299,2.9661161415156863,tp,1,2.9731112270862434,-0.07954411591716276,46076.577000000005,US30
2026-04-02 13:31:00,-1,45970.067,46029.40303402128,45881.06294896809,46009.313,-0.6614193322379383,sl,23,1.0576709588898352,-0.6354654574061841,45970.077000000005,US30
2026-04-06 12:26:00,1,46432.609000000004,46418.7000829769,46453.47237553466,46453.462375534655,1.4992810367632916,tp,8,2.2165636583198975,-0.3699784815347926,46432.569,US30
2026-04-06 13:33:00,-1,46462.465000000004,46504.230388274045,46399.81691758894,46399.85691758894,1.4990422691694276,tp,1,0.0,0.0,46462.475000000006,US30
2026-04-07 02:12:00,1,46496.496999999996,46483.51293348703,46515.97309976944,46483.50293348703,-1.000770174736247,sl,3,1.2663213010794867,-1.0817874343116987,46496.456999999995,US30
2026-04-07 10:05:00,-1,46768.115,46798.539482965025,46722.47827555246,46722.51827555246,1.4986852693586656,tp,7,1.1024016427347405,0.0,46768.125,US30
2026-04-07 12:07:00,1,46424.991,46452.56321872655,46466.349328089826,46424.941,-0.0018134195328562942,sl,1,0.17989121764884167,-1.0660005381321882,46472.463,US30
2026-04-07 13:53:00,1,46383.955,46315.15123713127,46487.1606443031,46315.14123713127,-1.0001453408881302,sl,9,1.409922887285703,-1.0615698466863273,46383.915,US30
2026-04-08 09:48:00,-1,47751.697,47768.872224894585,47725.93416265812,47759.055,-0.4284077818579258,sl,3,0.0,-0.4260788458325533,47751.707,US30
2026-04-08 12:04:00,-1,47884.965000000004,47915.7620943333,47838.76935850005,47845.979,1.2658986454398058,tp,7,1.2169329870669265,0.0,47884.975000000006,US30
2026-04-08 14:00:00,-1,47935.435000000005,48044.35824229693,47772.05013655462,47780.039000000004,1.4266560260517727,tp,31,1.2507523383175554,0.0,47935.44500000001,US30
2026-04-09 02:47:00,1,47849.853,47836.965494583514,47869.18425812473,47836.941,-1.0019006458366575,sl,12,1.213112972196698,-1.0011247004788195,47849.813,US30
2026-04-09 09:10:00,-1,47745.958999999995,47753.4261566081,47734.75826508785,47735.003000000004,1.467225153427786,tp,1,0.0,0.0,47745.969,US30
2026-04-09 22:30:00,-1,48170.140999999996,48190.65098953957,48139.376015690636,48140.139,1.4627993808627402,tp,27,1.0551931271457828,-0.28581194489103373,48170.151,US30
2026-04-10 01:16:00,1,48151.033,48141.431483888984,48165.435274166535,48165.42527416653,1.4989584978160977,tp,10,1.6578631766008116,-0.06311503235455722,48150.993,US30
2026-04-10 07:16:00,-1,48116.399,48128.89680163271,48097.65229755093,48124.955,-0.6846004002501882,sl,8,0.09601688643032219,-0.4842451638983648,48116.409,US30
2026-04-10 14:32:00,1,48088.973000000005,48055.28617651482,48139.503235227785,48055.27617651482,-1.000296851972595,sl,13,0.5485230748491665,-1.3220005744854695,48088.933000000005,US30
2026-04-13 02:35:00,-1,47529.411,47533.28591070827,47523.598633937596,47532.443,-0.7824696433723355,sl,6,0.10942187624974417,-0.5904652190094706,47529.421,US30
2026-04-13 10:42:00,1,47662.253000000004,47654.781285213394,47673.460572179916,47673.450572179914,1.4986616191475088,tp,5,2.163091132568332,-0.8386294416955234,47662.213,US30
2026-04-14 08:06:00,-1,48280.697,48292.095404654516,48263.59939301823,48269.527,0.979961699778146,tp,5,0.9427635117114418,0.0,48280.707,US30
2026-04-14 12:31:00,1,48233.753000000004,48218.09857371474,48257.2346394279,48257.2246394279,1.4993612030350922,tp,29,1.8355191992598494,-0.5622690886021131,48233.713,US30
2026-04-15 05:39:00,-1,48518.715000000004,48526.375314187564,48507.22452871867,48513.027,0.7425282907114643,tp,5,0.6903111113363648,0.0,48518.725000000006,US30
2026-04-15 11:49:00,-1,48542.467,48561.41684937804,48514.042225932935,48553.967000000004,-0.6068649819102709,sl,8,0.27799693258252994,-0.5771022123623863,48542.477,US30
2026-04-15 16:24:00,-1,48335.818,48356.930296055376,48304.149555916934,48320.563,0.7225647063675201,tp,17,0.7267328934643928,0.0,48335.828,US30
2026-04-15 18:45:00,-1,48427.268000000004,48436.711753749434,48413.10236937586,48413.14236937586,1.4957643961219422,tp,1,0.0,0.0,48427.278000000006,US30
2026-04-15 23:17:00,-1,48520.679,48527.542025127135,48510.38446230929,48526.955,-0.9144655430719284,sl,16,0.18592384209002327,-0.6988171995811318,48520.689,US30
2026-04-16 00:10:00,-1,48536.179,48545.08661806451,48522.81757290322,48539.003000000004,-0.3170320033430931,sl,7,0.0,-0.31254146505202884,48536.189,US30
2026-04-16 09:40:00,-1,48487.893,48496.80181518687,48474.529777219694,48475.539000000004,1.3867163860575296,tp,8,1.341817037310946,0.0,48487.469,US30
2026-04-16 12:30:00,1,48551.985,48547.941904492196,48558.04964326171,48558.039643261705,1.4975266475939701,tp,1,1.7842764253464927,-0.11921558594724918,48551.945,US30
2026-04-16 13:44:00,1,48566.955,48518.97006469132,48638.93240296302,48518.96006469132,-1.0002083987388481,sl,4,0.42688397656941607,-1.7508828439495783,48566.915,US30
2026-04-16 19:15:00,-1,48556.741,48566.70014003294,48541.802289950596,48561.633,-0.49120707047202855,sl,3,0.0,-0.48719065942965106,48556.751000000004,US30
2026-04-17 01:26:00,-1,48653.203,48661.631008428805,48640.560987356796,48657.943,-0.5624104484516604,sl,24,0.38870393019563676,-0.47413336540365875,48653.213,US30
2026-04-17 01:55:00,-1,48655.423,48663.504377401325,48643.30093389802,48644.943,1.2968086354052102,tp,22,1.3017582866854893,-0.06088071074590219,48655.433000000005,US30
2026-04-17 07:22:00,1,48690.996999999996,48681.65277356984,48705.01333964523,48705.00333964523,1.4989298204536476,tp,30,1.8409228552607075,-0.38205409796912987,48690.956999999995,US30
2026-04-17 13:45:00,1,49119.589,49096.57790406903,49154.10564389645,49154.09564389645,1.4995654270430214,tp,1,1.971309847044444,-0.4209273660437161,49119.549,US30
2026-04-20 08:07:00,1,49049.973000000005,49041.390927821485,49062.84610826778,49041.38092782148,-1.001165219750431,sl,2,1.284771296563375,-1.0498629949247873,49049.933000000005,US30
2026-04-20 11:34:00,1,49154.967,49133.67531918874,49186.904521216886,49133.66531918874,-1.0004696670070665,sl,3,0.3531895892422117,-1.0122263334232213,49154.926999999996,US30
2026-04-20 17:02:00,-1,49370.775,49381.75527516241,49354.30458725639,49359.961,0.9848569220761308,sl,1,0.0,0.0,49370.785,US30
2026-04-20 17:06:00,-1,49367.957,49388.69129397162,49336.855559042575,49378.783,-0.5221301489609407,sl,3,0.0,-0.5202009778950908,49367.967000000004,US30
2026-04-20 18:11:00,1,49343.938,49334.95425183076,49357.413622253865,49380.147,4.030500334365356,tp,1,4.85443260189508,-0.5945180006586643,49343.898,US30
2026-04-21 11:27:00,-1,49752.703,49769.50046054475,49727.50680918289,49761.491,-0.523174320105762,sl,4,0.0,-0.4300650077884456,49752.713,US30
2026-04-21 23:23:00,-1,49336.877,49344.22983591455,49325.84774612817,49333.427,0.4692067169852699,tp,8,1.0882875795128952,0.0,49336.887,US30
2026-04-22 02:27:00,-1,49400.382999999994,49408.56610834164,49388.10833748752,49389.891,1.2821533776588112,tp,25,1.1692378495462918,-0.4819684446716235,49400.393,US30
2026-04-22 03:34:00,1,49383.355,49376.79691062206,49393.192134066914,49376.78691062206,-1.001524834357347,sl,4,0.5275926875344956,-1.2241370218297716,49383.315,US30
2026-04-22 07:50:00,1,49434.379,49415.98588652458,49461.96867021314,49415.975886524575,-1.0005436817434634,sl,3,0.5556427417063838,-1.1404268248564684,49434.339,US30
2026-04-22 09:52:00,1,49399.397000000004,49389.95170199671,49413.56494700495,49389.94170199671,-1.0010587278451721,sl,2,0.998380357793223,-1.7530415656794236,49399.357,US30
2026-04-22 11:23:00,1,49392.617000000006,49374.36058444847,49420.001623327305,49419.9916233273,1.4994522473495717,tp,8,2.0695190626735043,-0.7130643999231644,49392.577000000005,US30
2026-04-22 13:31:00,-1,49509.817,49557.65397615203,49438.06153577196,49554.415,-0.9322913693010622,sl,3,0.0,-0.29236797818383203,49509.827000000005,US30
2026-04-22 17:07:00,1,49430.816,49395.56530533248,49483.692042001276,49483.682042001274,1.4997163176470707,tp,4,1.8534386518118258,-0.19877622458470248,49430.776,US30
2026-04-22 19:38:00,-1,49412.958,49423.09622190258,49397.75066714612,49405.017,0.7832734454130681,sl,1,0.0,0.0,49412.968,US30
2026-04-23 05:35:00,1,49159.746999999996,49155.07694571444,49166.75208142833,49155.06694571444,-1.0021413027323836,sl,1,0.2603824122064391,-1.8732116299059582,49159.706999999995,US30
2026-04-23 13:34:00,1,49234.767,49218.025372518874,49259.87944122169,49283.189,2.8923113989120135,tp,1,2.8929087124057773,-0.7356512987691163,49234.727,US30
2026-04-23 19:57:00,-1,49312.393,49335.725865366294,49277.393701950554,49330.703,-0.7847300240480676,sl,3,0.0,-0.0672870637772045,49312.403,US30
2026-04-24 06:26:00,-1,49240.685000000005,49256.387980209984,49217.13052968503,49251.443,-0.6850928840347142,sl,38,1.0345806835878635,-0.5870223280378178,49240.69500000001,US30
2026-04-24 08:21:00,-1,49245.246999999996,49259.027846852376,49224.57572972143,49232.991,0.8893502795060358,tp,1,0.0,0.0,49245.257,US30
2026-04-24 17:06:00,-1,49162.935000000005,49189.220760187345,49123.506359718995,49185.897000000004,-0.8735528223778948,sl,39,0.85978110729666,-0.7973138250757258,49162.94500000001,US30
2026-04-27 00:43:00,1,49103.639,49087.417536115674,49127.971195826496,49127.961195826494,1.4993835328258076,tp,16,2.331725439190563,-0.5378059626560597,49103.599,US30
2026-04-27 03:01:00,1,49191.003000000004,49181.11732156833,49205.831517647515,49181.10732156833,-1.0010115643626438,sl,13,1.0593102003441341,-1.0710443469493296,49190.963,US30
2026-04-27 04:25:00,-1,49191.703,49195.08399307315,49186.631510390274,49189.967000000004,0.5134586088870836,tp,5,0.5252894524101052,0.0,49191.713,US30
2026-04-28 13:33:00,-1,49282.458999999995,49314.18488190949,49234.87017713576,49252.455,0.9457262712377299,sl,1,0.0,0.0,49282.469,US30
2026-04-30 00:27:00,1,48710.291,48696.909465948185,48730.36330107771,48730.35330107771,1.4992527015238346,tp,25,1.7558524986017756,-0.9033343974758321,48710.494999999995,US30
2026-04-30 08:01:00,-1,48627.229,48638.43235076102,48610.42397385847,48622.743,0.40041591981626634,sl,1,0.0,0.0,48627.239,US30
2026-04-30 11:51:00,1,49156.310999999994,49137.42170550278,49184.64494174582,49137.411705502775,-1.0005294003967968,sl,11,1.3455240482246944,-1.1691278360474622,49156.27099999999,US30
2026-05-01 11:39:00,1,49814.485,49800.538151325745,49835.40527301138,49800.52815132574,-1.000717007851422,sl,9,0.3236573440662127,-1.043820029887475,49814.445,US30
2026-05-01 19:32:00,-1,49599.434,49621.19395257914,49566.7940711313,49617.133,-0.8133749343263547,sl,8,0.0,-0.7671432159279545,49599.444,US30
2026-05-04 03:08:00,-1,49467.661,49475.18461794174,49456.37557308739,49466.515,0.1523203342959094,tp,24,0.4282514110832332,-0.03216537600291555,49467.671,US30
2026-05-04 13:31:00,-1,49322.411,49369.88075059975,49251.20637410038,49271.515,1.0721775311006683,tp,8,1.0203550553362335,0.0,49322.421,US30
2026-05-04 19:55:00,-1,48942.354999999996,48960.600811929,48914.98628210649,48937.115,0.2871891928069715,sl,5,0.1888652592389578,0.0,48942.365,US30
2026-05-05 11:28:00,-1,49084.679,49109.766664569266,49047.047503146096,49101.503000000004,-0.6706084559427586,sl,8,0.06887847193684879,-0.6690140468701075,49084.689,US30
2026-05-05 14:00:00,-1,49182.227,49206.92911176203,49145.17383235695,49161.739,0.8294027732272138,tp,3,0.5788978747143182,0.0,49182.237,US30
2026-05-05 16:41:00,-1,49218.323,49232.30493879351,49197.35009180973,49206.369,0.8549601150838922,tp,3,0.7864431508669424,0.0,49218.333,US30
2026-05-06 19:57:00,1,49961.655999999995,49952.083195620544,49976.01520656917,49952.07319562054,-1.0010446259638923,sl,1,0.5704702387656897,-2.6051926908201684,49961.615999999995,US30
2026-05-07 01:05:00,-1,49939.435000000005,49949.83214823654,49923.839277645195,49941.527,-0.20120901928138218,sl,6,0.0,-0.09310245251594333,49939.44500000001,US30
2026-05-07 13:35:00,1,49983.496999999996,49962.574569952434,50014.88064507134,49962.56456995243,-1.0004779559534578,sl,1,0.6686603787515432,-1.4127422069427364,49983.456999999995,US30
2026-05-08 06:03:00,-1,49664.941,49669.252166691294,49658.47424996305,49658.51424996305,1.490721769103014,tp,1,0.0,0.0,49664.951,US30
2026-05-08 11:22:00,1,49739.341,49726.55338178405,49758.52242732393,49758.51242732393,1.4992179935439767,tp,6,1.5316378444556207,-0.4565353689337143,49739.301,US30
2026-05-08 12:31:00,1,49785.943,49745.400953025506,49846.756070461735,49846.74607046173,1.4997533424986664,tp,5,1.83749972089145,-0.1844998108926749,49786.057,US30
2026-05-11 06:00:00,1,49499.793,49492.90918015344,49510.118729769834,49510.10872976983,1.4985473181709321,tp,9,2.2182451517284663,-0.3913524845282073,49499.753,US30
2026-05-11 13:32:00,-1,49560.083,49593.146440978504,49510.48783853224,49585.615,-0.7722124269097631,sl,5,0.18824416986871517,-0.42282350494286697,49560.093,US30
2026-05-12 01:54:00,-1,49664.453,49675.49044861323,49647.896827080156,49668.991,-0.41114574201160325,sl,3,0.0,-0.2034890560946741,49664.463,US30
2026-05-12 08:28:00,1,49670.729,49659.21012062134,49688.00731906798,49659.20012062134,-1.0008681400050568,sl,14,1.0620824819704813,-1.1961232987234607,49670.689,US30
2026-05-12 08:46:00,1,49677.729,49656.06382624127,49710.22676063809,49656.05382624127,-1.0004615702654132,sl,8,0.3344538142501225,-1.0991834298306387,49677.689,US30
2026-05-12 11:09:00,-1,49669.715,49675.76051219008,49660.64673171488,49660.68673171488,1.4933835217353233,tp,1,0.0,0.0,49669.725,US30
2026-05-12 13:31:00,1,49662.527,49635.45241662892,49703.138875056626,49635.44241662892,-1.0003693500972841,sl,1,0.3647701560033898,-2.6445466960157207,49662.487,US30
2026-05-13 17:16:00,1,49603.399,49582.31529956859,49635.02455064711,49635.01455064711,1.4995256999579096,tp,7,1.6420267453823378,-0.28306226506188026,49603.359,US30
2026-05-13 19:37:00,-1,49715.299999999996,49735.34571230303,49685.23143154544,49728.317,-0.6493657996895388,sl,3,0.0,-0.6451753773821288,49715.31,US30
2026-05-13 19:51:00,1,49717.511000000006,49708.51479467529,49731.00530798708,49730.995307987076,1.498888420212624,tp,2,1.9205875562360408,-0.9068267903569609,49717.471000000005,US30
2026-05-13 20:05:00,-1,49735.909,49742.90567614727,49725.4139857791,49711.973,3.4210530109140898,sl,1,0.0,0.0,49735.919,US30
2026-05-13 23:01:00,-1,49821.941,49826.23159752198,49815.50510371702,49819.289000000004,0.6180957282538245,tp,3,0.5332590596711633,0.0,49821.951,US30
2026-05-14 05:08:00,1,49818.003000000004,49814.11157240911,49823.84014138635,49814.101572409105,-1.0025697510151361,sl,8,1.4642441281254113,-1.4878858374609243,49817.963,US30
2026-05-14 07:56:00,1,49860.98500000001,49848.68560608661,49879.4340908701,49848.67560608661,-1.000813048193468,sl,3,0.3834335279608119,-1.9948950470871736,49860.94500000001,US30
2026-05-15 02:50:00,-1,49916.844999999994,49927.091002065026,49901.475996902445,49916.187,0.06422017054256081,sl,2,0.0,0.0,49916.854999999996,US30
2026-05-15 04:23:00,1,49931.657,49921.77435970235,49946.48096044647,49946.470960446466,1.4989881246605672,tp,13,1.5119441313227135,-0.7129673637599423,49931.617,US30
2026-05-15 06:30:00,-1,49863.725,49896.92440516101,49813.925892258485,49870.639,-0.20825674335046324,sl,3,0.0,-0.20705190248639105,49863.735,US30
2026-05-15 10:33:00,-1,49780.863,49809.09796763718,49738.510548544225,49740.399,1.4331165709116898,tp,9,1.1616800989990421,0.0,49780.873,US30
2026-05-15 19:36:00,-1,49595.17399999999,49619.508329709024,49558.67250543644,49571.329,0.9798913832889836,tp,18,0.8723067474553337,-0.035464301270008124,49595.183999999994,US30
2026-05-18 13:43:00,-1,49540.007,49602.42340893873,49446.3823865919,49580.117,-0.6426194759037042,sl,4,0.0,-0.6257649336786196,49540.017,US30
2026-05-19 17:37:00,-1,49570.241,49601.9242892448,49522.7160661328,49596.681000000004,-0.8345093148540973,sl,8,0.0,-0.5541722598413263,49570.251000000004,US30
2026-05-19 18:17:00,1,49590.181000000004,49558.090809760564,49638.316285359164,49558.08080976056,-1.0003116217114147,sl,6,0.6165123937369879,-1.1219004852068504,49590.141,US30
2026-05-21 12:37:00,1,49871.191,49825.078772491615,49940.35934126258,49825.06877249161,-1.0002168622194672,sl,16,0.8134068126113063,-1.0016432190703568,49871.151,US30
2026-05-21 13:24:00,1,49831.246999999996,49816.132469007294,49853.918796489044,49853.90879648904,1.4993383850275934,tp,5,2.2960685989372145,-0.16857949487321894,49831.206999999995,US30
2026-05-21 16:17:00,-1,49935.316999999995,49973.712896824254,49877.723154763604,49920.345,0.3899374995334119,tp,6,0.35061038062501815,0.0,49935.327,US30
2026-05-25 15:59:00,-1,51046.703,51056.83557436201,51031.504138456985,51046.015,0.06789982243617891,tp,3,0.07184748653138075,0.0,51046.713,US30
2026-05-26 16:04:00,1,50457.04,50435.50601382279,50489.34097926581,50489.33097926581,1.499535617794135,tp,17,1.5997502606582805,-0.9792427573079017,50457.0,US30
2026-05-27 06:52:00,-1,50577.509,50582.15397649941,50570.541535250886,50573.315,0.9029109190387119,tp,6,0.9115223727254961,0.0,50577.519,US30
2026-05-27 15:34:00,1,50674.501000000004,50655.44204827414,50703.0894275888,50655.43204827414,-1.000524687828894,sl,2,0.9994253762732888,-1.2244115172575742,50674.461,US30
2026-05-28 07:15:00,1,50620.791,50611.75405534717,50634.34641697924,50636.253,1.7109765074373586,tp,1,1.7634278633116776,-0.008409922038988271,50620.751,US30
2026-05-28 09:38:00,-1,50624.639,50631.81074586078,50613.88138120884,50623.791,0.11824178051867427,tp,1,0.0,0.0,50624.649000000005,US30
2026-05-28 10:29:00,-1,50615.967,50622.79001780443,50605.73247329335,50609.291,0.9784526717287282,tp,8,0.7609536056937557,-0.18818652344209766,50615.977,US30
2026-05-28 23:05:00,1,50688.405000000006,50681.55923950675,50698.673640739886,50698.663640739884,1.4985392419124905,tp,14,2.009710975654031,-0.2597227878126034,50688.365000000005,US30
2026-05-29 12:26:00,-1,50825.385,50834.93289841649,50811.06315237527,50827.655,-0.23774865430877767,sl,6,0.0,0.0,50825.395000000004,US30
2026-06-01 06:05:00,-1,51062.653,51070.65580899632,51050.64878650551,51052.013,1.3295331682772298,tp,20,1.3345314132708626,-0.05048227443487297,51062.663,US30
2026-06-02 03:16:00,-1,50841.673,50846.3469360408,50834.66209593881,50844.503000000004,-0.6054853928895586,sl,3,0.0,-0.38297485981348756,50841.683000000005,US30
2026-06-02 06:35:00,-1,50920.297,50928.055701162986,50908.658948255514,50917.979,0.2987613456563048,sl,1,0.0,0.0,50920.307,US30
2026-06-02 17:08:00,-1,51222.574,51245.447376563825,51188.26393515426,51242.609000000004,-0.875909157710017,sl,59,0.9852065320187098,-0.7792028409213878,51222.584,US30
2026-06-03 01:37:00,1,51303.983,51294.41512737279,51318.33480894081,51318.32480894081,1.4989548355841154,tp,8,1.580288595920952,-0.6358780302635882,51303.943,US30
2026-06-03 02:44:00,1,51315.965000000004,51308.67813866467,51326.895292003006,51308.66813866467,-1.0013723329622792,sl,8,0.5793989765554244,-1.0070179275157283,51315.925,US30
2026-06-03 13:46:00,1,51066.559,51038.30343461173,51108.94234808241,51038.293434611725,-1.0003539125784469,sl,3,1.1521977901566922,-2.1733063612837125,51066.519,US30
2026-06-04 00:21:00,1,50749.705,50719.660085440526,50794.772371839215,50741.905,-0.25961132239408896,time,60,0.7915482652786825,-0.8583815390437541,50749.665,US30
2026-06-04 15:46:00,-1,51542.638,51572.558071213854,51497.757893179216,51557.463,-0.4954867885855564,sl,23,0.308388303425097,-0.42650299555735116,51542.648,US30
2026-06-04 18:01:00,1,51494.560000000005,51486.359392765764,51506.86091085136,51486.34939276576,-1.0012194218935744,sl,2,1.1724741504325724,-1.622684713449703,51494.520000000004,US30
2026-06-05 04:40:00,-1,51542.479,51546.50526991914,51536.439595121294,51540.767,0.42520745861132847,sl,1,0.0,0.0,51542.489,US30
2026-06-05 17:42:00,1,51150.251,51123.28516528238,51190.69975207642,51123.27516528238,-1.0003708396237965,sl,12,0.9023269724377272,-1.0859667541042146,51150.210999999996,US30
2026-06-08 00:01:00,-1,50810.303,50834.25483160259,50774.37525259611,50823.015,-0.5307318542863831,sl,6,0.0,-0.5175387087582274,50810.313,US30
2026-06-08 02:39:00,-1,50754.649,50767.255952345775,50735.73857148133,50751.979,0.2117879029575758,sl,2,0.0,0.0,50754.659,US30
2026-06-08 03:44:00,-1,50795.441,50807.62574918927,50777.163876216095,50801.467000000004,-0.4945526499069916,sl,4,0.0,-0.41510907786750917,50795.451,US30
2026-06-08 10:03:00,-1,50821.416999999994,50837.27281328601,50797.63328007098,50817.443,0.2506336274469393,sl,4,0.23448812955393267,0.0,50821.426999999996,US30
2026-06-08 12:33:00,1,51040.271,50998.099855818065,51103.5277162729,50998.08985581806,-1.0002371289704375,sl,18,0.3593926675220499,-1.004383466980811,51040.231,US30
2026-06-08 14:45:00,-1,51013.378,51058.5936904006,50945.55446439909,51052.605,-0.8675528262968211,sl,14,0.0,-0.7580333219802707,51013.388,US30
2026-06-08 17:47:00,1,50810.12100000001,50779.647703447445,50855.83094482885,50855.82094482885,1.4996718438392516,tp,15,1.617744240927911,-0.2562899614924787,50810.081000000006,US30
2026-06-09 02:37:00,1,50787.241,50776.92606583703,50802.71340124446,50802.70340124446,1.4990305318637611,tp,3,1.519544356983853,-0.27048161005400845,50787.201,US30
2026-06-09 05:14:00,1,50864.753000000004,50855.02547743709,50879.34428384437,50855.01547743709,-1.0010280109799141,sl,9,0.7424295295421819,-1.268359946760064,50864.713,US30
2026-06-09 16:25:00,-1,50473.82199999999,50547.70574606231,50362.996380906516,50497.149,-0.3157257345929556,sl,8,0.0,-0.26442893114170457,50473.831999999995,US30
2026-06-09 18:21:00,1,50733.278,50676.55248037214,50818.36627944178,50818.35627944178,1.499823712500694,tp,10,2.075908705156707,-0.06259969099085456,50733.238,US30
2026-06-10 06:50:00,1,50767.223000000005,50757.73833222924,50781.45000165616,50757.489,-1.026287924391424,sl,4,1.1850705023785448,-1.8185138812310486,50767.183000000005,US30
2026-06-10 14:24:00,-1,50716.945,50747.49175105698,50671.124873414534,50697.325000000004,0.6422941661912789,tp,2,0.40253053351127344,0.0,50716.955,US30
2026-06-10 16:42:00,1,50279.997,50227.66309321072,50358.497860183925,50227.65309321072,-1.0001910807087708,sl,5,0.369397226120225,-1.199986850835783,50279.957,US30
2026-06-10 19:55:00,-1,50014.226,50081.611357094924,49913.14796435762,49979.127,0.5208698375013479,tp,5,0.4856099516384645,0.0,50014.236000000004,US30
2026-06-11 00:14:00,1,49821.991,49774.343206513906,49893.46269022915,49893.45269022915,1.4997901266928275,tp,4,2.234059380547375,-0.2639366711424052,49821.951,US30
2026-06-11 13:34:00,-1,50175.465000000004,50200.75360458268,50137.53209312599,50174.491,0.03851537149144556,tp,2,0.0,0.0,50175.475000000006,US30
2026-06-12 07:09:00,-1,50857.40899999999,50872.548802431156,50834.69929635325,50836.283,1.3953946952770948,tp,6,0.8011993587856637,0.0,50857.418999999994,US30
2026-06-12 18:18:00,1,51182.964,51166.21182463409,51208.092263048864,51208.08226304886,1.4994030626003123,tp,4,1.774635195169806,-0.19084088664126606,51182.924,US30
2026-06-15 10:39:00,1,51599.492999999995,51591.08838952717,51612.09991570923,51591.07838952717,-1.0011898231374756,sl,1,0.594197674734939,-1.1843499508015956,51599.452999999994,US30
2026-06-15 17:42:00,1,51885.282,51865.1334321931,51915.50485171035,51865.1234321931,-1.0004963131919784,sl,6,0.45804744478358006,-1.3638190199597549,51885.242,US30
2026-06-16 00:03:00,-1,51671.26499999999,51685.18198773464,51650.38951839802,51672.979,-0.12315883528011774,sl,4,0.0,-0.08866861303174799,51671.274999999994,US30
2026-06-16 00:38:00,-1,51688.089,51712.5985485963,51651.32467710554,51708.739,-0.8425287768505191,sl,48,0.22807437591240323,-0.8089092266265374,51688.099,US30
2026-06-16 12:06:00,-1,51752.327,51760.48062115756,51740.096568263645,51759.491,-0.8786280183445595,sl,3,0.0,-0.8737222225971379,51752.337,US30
2026-06-16 19:04:00,-1,52063.541,52088.26772216585,52026.450916751215,52032.543,1.2536235006031133,tp,5,1.0925022661232144,0.0,52063.551,US30
2026-06-16 23:54:00,-1,52066.746999999996,52071.08577299401,52060.23884050897,52067.791,-0.24062102383365086,tp,2,0.0,0.0,52066.757,US30
2026-06-17 18:35:00,-1,51932.248999999996,52051.28621647285,51753.69317529071,52037.127,-0.8810521877745782,sl,9,0.0,-0.8215077846876684,51932.259,US30
2026-06-18 05:44:00,-1,51761.771,51774.25404616193,51743.04643075711,51746.815,1.1981049982505878,tp,8,1.043014648116428,0.0,51761.781,US30
2026-06-18 08:43:00,1,51775.877,51759.77377096807,51800.03184354789,51759.76377096807,-1.000620993465485,sl,8,0.7855567336787448,-1.0168147001784178,51775.837,US30
2026-06-19 04:13:00,-1,51480.729,51484.76563706583,51474.674044401254,51482.255,-0.3780374542253131,tp,3,0.0,0.0,51480.739,US30
2026-06-19 09:34:00,-1,51574.165,51580.69254275166,51564.37368587251,51577.591,-0.5248529393588114,sl,3,0.0,0.0,51574.175,US30
2026-06-22 07:38:00,1,51590.883,51577.23982891578,51611.34775662633,51577.22982891578,-1.0007329674267298,sl,3,0.6737436585124562,-1.4196113118012605,51590.843,US30
2026-06-22 23:00:00,1,51737.499,51725.298979848834,51755.79903022676,51725.28897984883,-1.0008196707774355,sl,13,0.8977034352642395,-1.172129211494172,51737.459,US30
2026-06-23 08:45:00,1,51371.415,51335.5313375843,51425.24049362355,51425.230493623545,1.4997213216453162,tp,40,1.5545793334516682,-0.35748859331564975,51371.375,US30
2026-06-23 23:12:00,-1,51633.0645,51642.34101082213,51619.14973376681,51619.18973376681,1.4956880339201357,tp,1,0.0,0.0,51633.0745,US30
2026-06-24 07:43:00,-1,51612.491,51634.11303197249,51580.05795204127,51625.139,-0.5849588982244547,sl,5,0.0,-0.5599843722091409,51612.501000000004,US30
2026-06-24 09:16:00,1,51609.003000000004,51599.51488694727,51623.23516957911,51624.717,1.656177567937186,tp,1,1.7385964847081086,-0.060918329786837054,51608.963,US30
2026-06-24 16:28:00,1,52146.709,52114.99098595672,52194.28602106492,52114.98098595672,-1.0003152782512925,sl,11,0.828992633779442,-1.189670953184888,52146.669,US30
2026-06-24 19:28:00,-1,51874.738,51919.50968182843,51807.58047725735,51820.365,1.2144506924792537,tp,7,1.2153441143559247,0.0,51874.748,US30
2026-06-25 02:01:00,-1,51843.471,51857.00989322397,51823.16266016404,51848.027,-0.33651199729804604,sl,2,0.0,-0.33355754604865984,51843.481,US30
2026-06-25 10:29:00,-1,52004.173,52023.04875312069,51975.85937031897,51985.103,1.0102908147861003,tp,15,0.940783654377215,0.0,52004.183000000005,US30
2026-06-25 17:20:00,-1,52023.229999999996,52085.10498673898,51930.41751989152,51944.009,1.280339668341027,tp,28,1.2594911790242918,-0.18936569715047288,52023.24,US30
2026-06-26 03:33:00,-1,51805.465000000004,51820.1674324744,51783.41135128841,51793.367,0.8228570354648628,tp,3,0.8255776737041831,0.0,51805.475000000006,US30
2026-06-26 10:01:00,1,51846.479,51833.96066768246,51865.2564984763,51833.95066768246,-1.0007988284500187,sl,1,1.2279590931188433,-1.2912263063469573,51846.439,US30
2026-06-26 11:36:00,-1,51878.971,51891.833941634395,51859.6765875484,51873.403,0.4328714347198495,sl,7,0.7469520015784683,0.0,51878.981,US30
2026-06-29 13:36:00,1,52038.309,51993.17027509233,52106.01708736151,52106.00708736151,1.499778460733686,tp,1,1.854062120079452,-0.5155218727954977,52038.269,US30
2026-06-29 22:06:00,1,52156.133,52152.05621759555,52162.248173606684,52171.29,3.7178830009288175,tp,1,3.858435020426078,-0.7932726545503285,52156.093,US30
2026-06-29 23:35:00,1,52149.749,52138.7723611865,52166.21395822026,52138.7623611865,-1.0009110256948361,sl,11,0.37042304744481885,-1.3058642307123527,52149.709,US30
2026-06-30 13:43:00,-1,52170.661,52222.25825795901,52093.26511306148,52118.739,1.006293784860579,tp,4,0.615032683039235,0.0,52170.671,US30
2026-06-30 14:45:00,-1,52309.534999999996,52337.479605877095,52267.61809118435,52281.239,1.0125746673415672,tp,4,0.9146666842399223,0.0,52309.545,US30
2026-06-30 18:32:00,-1,52320.237,52338.55312889701,52292.762806654486,52327.593,-0.4016132470656233,sl,17,0.7533251200397839,-0.3994293794904498,52320.247,US30
2026-07-02 07:35:00,-1,52248.59099999999,52256.4827847349,52236.75332289763,52236.867,1.4855955140459152,tp,1,0.0,0.0,52248.600999999995,US30
2026-07-02 08:07:00,1,52306.841,52276.79513259702,52351.90980110447,52351.89980110447,1.499667175526407,tp,22,1.7891978047759896,-0.882051419736087,52306.801,US30
2026-07-02 11:52:00,1,52413.653,52405.20542566756,52426.32436149866,52405.19542566756,-1.0011837717679073,sl,2,0.49836791418736875,-1.8734371995086456,52413.613,US30
2026-07-02 15:12:00,-1,52741.585,52783.53394293115,52678.66158560327,52703.845,0.8996651015006338,tp,5,0.8770185236939823,-0.1258196185935132,52741.595,US30
2026-07-03 13:31:00,-1,52812.567,52817.18841905767,52805.63487141351,52791.439,4.571755933918798,sl,1,0.0,0.0,52812.577000000005,US30
2026-07-03 13:34:00,1,52788.390999999996,52774.76865335915,52808.82451996127,52808.81451996127,1.4992659120882732,tp,4,2.2645143904578036,-0.41490648777402106,52788.350999999995,US30
2026-07-03 16:53:00,1,52858.355,52847.52322155292,52874.60266767063,52859.388999999996,0.09545985500382811,time,60,0.6226124392170674,-0.05096116050562711,52858.315,US30
2026-07-06 03:34:00,1,52862.879,52854.04692537442,52876.12711193837,52854.03692537442,-1.0011322368102595,sl,11,0.5670241944625872,-1.3577783825863037,52862.839,US30
2026-07-06 13:53:00,1,52782.241,52754.57259417778,52823.74360873333,52754.562594177776,-1.000361423063775,sl,1,0.8072022704703993,-1.420464924959121,52782.201,US30
2026-07-06 14:50:00,-1,52794.01499999999,52833.88504659524,52734.209930107114,52821.539000000004,-0.6903428099653006,sl,6,0.06962620405669373,-0.3567590513351433,52794.024999999994,US30
2026-07-06 16:21:00,1,52852.779,52833.17663573049,52882.18254640428,52882.172546404276,1.4994898574549014,tp,6,1.8083532941546863,-0.029384210602428372,52852.739,US30
2026-07-06 19:36:00,-1,52987.991,53006.10598073908,52960.81852889139,52998.339,-0.5712399118193122,sl,3,0.0,-0.4539888901043529,52988.001000000004,US30
2026-07-07 10:09:00,1,53164.555,53157.055552902144,53175.804170646785,53157.04555290214,-1.0013334316345661,sl,5,1.3312981436792346,-1.2656933072721606,53165.837,US30
2026-07-07 11:05:00,-1,53151.189,53156.41120709166,53143.35568936251,53149.067,0.40634160284146326,sl,1,0.0,0.0,53151.199,US30
2026-07-07 18:20:00,1,52903.397000000004,52885.976622843475,52929.527565734796,52929.51756573479,1.4994259596152355,tp,3,1.514892574533043,-0.2120505180118033,52903.357,US30
2026-07-08 04:40:00,-1,52856.571,52863.92619218106,52845.53821172842,52860.043,-0.4720474889746574,sl,9,0.10495986794099942,-0.3306507756869666,52856.581000000006,US30
2026-07-08 10:19:00,-1,52213.041,52251.208325949214,52155.79001107617,52249.127,-0.9454683843457447,sl,11,0.0,-0.7728600122326691,52213.051,US30
2026-07-08 13:13:00,-1,52450.803,52490.76469850632,52390.86045224052,52423.591,0.6809520370035558,tp,17,1.1943436286237017,0.0,52450.813,US30
2026-07-09 01:54:00,1,52384.115,52373.13659213572,52400.58261179642,52400.572611796415,1.4990891211073567,tp,7,1.680389381417735,-0.2834655114360653,52384.075,US30
2026-07-09 02:30:00,-1,52405.327,52420.18356310211,52383.04215534683,52386.127,1.292358122671566,tp,18,1.2942428116003564,-0.3820533700148043,52405.337,US30
2026-07-10 02:05:00,-1,52465.439,52468.77363786635,52460.43704320048,52468.627,-0.9560258498153305,sl,2,0.0,-0.4726150374243862,52465.449,US30
2026-07-10 05:43:00,1,52457.458999999995,52447.9574663103,52471.711300534545,52471.70130053454,1.4989475383317072,tp,9,1.5934269660510374,-0.09682647349825124,52457.418999999994,US30
2026-07-10 18:10:00,-1,52659.341,52669.60450967416,52643.94573548876,52652.827,0.6346756817898509,sl,1,0.0,0.0,52659.351,US30
2026-07-13 09:10:00,1,52674.633,52666.25520887426,52687.19968668862,52690.077,1.8434453387769185,tp,1,1.844638970827652,-0.3124928708186572,52674.593,US30
2026-07-13 09:38:00,1,52676.133,52666.70694525655,52690.27208211518,52690.26208211518,1.4989391107654044,tp,1,1.5788153586031157,-0.11860741640384612,52676.093,US30
2026-07-13 11:06:00,1,52627.043,52612.93397460541,52648.20653809188,52612.92397460541,-1.0007087661778449,sl,9,1.4002384606650284,-1.9468389369075563,52627.003,US30
2026-07-13 15:30:00,1,52533.523,52514.086405010465,52562.67789248431,52514.07640501046,-1.0005144934083063,sl,12,1.2489841977500127,-1.0191085429658897,52533.483,US30
2026-07-13 15:55:00,1,52516.671,52503.12380141982,52536.99179787028,52503.113801419815,-1.0007381599924772,sl,2,1.446203056966577,-1.10399208452448,52516.631,US30
2026-07-13 17:48:00,1,52497.034999999996,52475.780733274354,52528.91640008846,52475.77073327435,-1.0004704937663162,sl,5,0.7887357496919912,-1.144805431967205,52496.994999999995,US30
2026-07-14 03:51:00,-1,52338.327,52350.38180382972,52320.24479425541,52341.339,-0.24985889795872016,sl,5,0.0,-0.24654071870289052,52338.337,US30
2026-07-14 06:02:00,1,52470.829000000005,52461.06154726645,52485.48017910034,52461.05154726645,-1.0010238083843175,sl,3,0.6345564364703047,-1.1595653758424855,52470.789000000004,US30
2026-07-14 14:21:00,-1,52619.490999999995,52658.5431140668,52560.91282889979,52598.815,0.5294463691420637,sl,14,0.5426594822432019,0.0,52619.501,US30
2026-07-14 15:07:00,1,52547.797,52465.90869089348,52670.62946365978,52465.898690893475,-1.0001221175539114,sl,12,0.6774837654522335,-1.0390005719781803,52547.757,US30
2026-07-14 16:53:00,-1,52410.496999999996,52423.47095046693,52391.0360742996,52406.291,0.32418807291717777,sl,7,0.09788845758534075,0.0,52410.507,US30
2026-07-15 04:35:00,1,52598.639,52595.11948250629,52603.91827624057,52595.10948250629,-1.0028412985643365,sl,1,2.376462118725171,-1.722963449064235,52598.599,US30
2026-07-15 22:56:00,-1,52667.272999999994,52679.301048025605,52649.23092796157,52677.543,-0.8538376283613114,sl,33,0.47272840845721226,-0.8089425631893863,52667.282999999996,US30
2026-07-16 14:25:00,-1,52707.271,52739.83949640537,52658.41825539194,52712.839,-0.1709627589402866,sl,3,0.0,-0.136450880159846,52707.281,US30
2026-07-17 09:59:00,-1,52203.833,52223.345057239836,52174.56491414024,52220.055,-0.8313833749360625,sl,16,0.6300719523772881,-0.8293333604496759,52203.843,US30
2026-07-17 14:58:00,1,52496.809,52460.899030509514,52550.67395423573,52460.88903050951,-1.0002784741993358,sl,4,0.7791151147429167,-1.0319696876885829,52496.769,US30
2026-07-19 23:45:00,1,52100.741,52088.40626372004,52119.24310441995,52128.329,2.2366104449930337,tp,1,2.276984230755169,-0.6377112425808948,52100.701,US30
2026-07-19 23:46:00,-1,52110.84099999999,52130.49582120165,52081.358768197504,52112.843,-0.10185796041934568,sl,6,0.3301988826763575,-0.07804700863305801,52110.850999999995,US30
2026-07-20 01:23:00,-1,52165.882999999994,52176.63108068235,52149.760878976456,52159.879,0.5586113630360225,tp,5,0.44510272497717324,0.0,52165.893,US30
2026-07-21 00:17:00,-1,51846.829,51861.75814394021,51824.435284089675,51850.367,-0.2369861268783181,sl,3,0.0,-0.05157696938870733,51846.839,US30
2026-07-21 20:02:00,1,52212.853,52196.78101109392,52236.96098335913,52218.005,0.32055771255813886,time,60,0.605649994961793,-0.26841730822575915,52212.813,US30
2026-07-21 23:20:00,1,52213.289,52206.26571810987,52223.82392283519,52206.25571810987,-1.0014238357734286,sl,5,0.6529710855617658,-1.3489420114707165,52213.248999999996,US30
2026-07-22 00:14:00,-1,52213.477,52220.33507842305,52203.18988236542,52205.939,1.099141703405493,tp,3,0.9299981141306016,0.0,52213.487,US30
2026-07-22 02:30:00,1,52194.873,52185.968136515985,52208.23029522602,52208.22029522602,1.4988770181575508,tp,13,1.911988884564244,-0.6255008861167345,52194.833,US30
2026-07-22 06:18:00,1,52190.639,52183.964451516906,52200.65082272465,52183.954451516904,-1.0014982286857848,sl,1,1.1176785993675915,-1.470061986193308,52190.599,US30
2026-07-22 19:59:00,1,52248.305,52219.0439162627,52292.19662560595,52219.0339162627,-1.0003417508418968,sl,1,0.725673737535889,-1.1792454548091795,52248.265,US30
2026-07-22 20:00:00,-1,52241.65899999999,52272.20056846677,52195.846647299826,52263.139,-0.7033037619982648,sl,2,0.0,-0.6594291325252725,52241.668999999994,US30
2026-07-23 05:17:00,1,52167.885,52154.38158840953,52188.14011738571,52188.329,1.513987769907181,tp,11,1.8524207628868707,-0.8162381725654034,52167.845,US30
2026-07-23 23:46:00,1,51700.277,51684.83541876817,51723.43937184775,51684.82541876817,-1.0006476020720871,sl,8,0.3949077434781777,-1.1300656155621562,51700.237,US30
2026-07-24 13:30:00,-1,51834.585,51874.7135532002,51774.3921701997,51817.067,0.4365470121137826,tp,2,0.3992668242999912,0.0,51834.595,US30
2026-07-24 13:53:00,-1,51796.683,51876.91635011905,51676.33297482142,51847.067,-0.6279682940478607,sl,17,0.0,-0.5963106355276571,51796.693,US30
2026-07-24 16:31:00,-1,52084.676999999996,52124.92161415096,52024.310078773546,52046.579,0.9466608340953643,tp,10,0.9476547559118546,0.0,52084.687,US30
2026-07-27 12:25:00,-1,52521.310999999994,52537.64397835824,52496.81153246263,52510.843,0.640911888229451,tp,8,0.24025011935505083,-0.005387872197782821,52521.320999999996,US30
2026-07-28 17:10:00,1,52857.841,52832.741055665996,52895.490916501,52895.480916501,1.4996015927416968,tp,11,1.7215177621513769,-0.769483778250168,52857.801,US30
2026-07-29 03:07:00,-1,52726.329,52738.56783864321,52707.97074203518,52733.927,-0.6208105377889147,sl,3,0.0,-0.49105966466306705,52726.339,US30
2026-07-29 08:33:00,-1,52807.335,52815.574571423684,52794.975642864476,52803.415,0.47575290005136267,tp,1,0.0,0.0,52807.345,US30
2026-07-29 23:53:00,-1,51751.877,51766.515635302494,51729.91904704626,51741.403,0.7155038556236024,tp,11,0.10178544442214135,-0.47477103270775395,51751.887,US30
2026-07-30 00:10:00,1,51755.889,51727.57511129434,51798.359833058494,51727.56511129434,-1.0003531835597008,sl,11,1.0065025082301673,-1.0591974953269852,51755.849,US30
2026-07-30 05:29:00,1,51640.111,51621.85211398897,51667.49932901654,51667.489329016535,1.4994523214616708,tp,18,2.4476849230020794,-0.8070590939172436,51640.070999999996,US30
2026-07-30 14:26:00,-1,51907.522999999994,51953.134843315485,51839.10523502676,51928.067,-0.45040933465259486,sl,3,0.0,-0.3174614079910519,51907.532999999996,US30
2026-07-30 18:02:00,-1,52149.077,52171.703535026834,52115.13719745974,52167.103,-0.7966752301501352,sl,20,0.7093441386831485,-0.7264921465220019,52149.087,US30
2026-07-31 05:32:00,1,52486.415,52479.743209526976,52496.422685709535,52479.733209526974,-1.0014988480292462,sl,3,0.37051523275442516,-1.276418981446556,52486.375,US30
2026-07-31 08:35:00,-1,52531.947,52557.279184598105,52493.94872310285,52545.915,-0.5513934238836203,sl,41,0.5663941040865357,-0.5498144049148471,52531.957,US30
2026-07-31 12:30:00,1,52491.153,52475.7882798744,52514.20008018839,52475.7782798744,-1.000650841663258,sl,1,0.33908850648831806,-1.1229622055567556,52491.113,US30
2026-07-31 19:00:00,-1,52534.01099999999,52540.78347182649,52523.85229226024,52523.615,1.5350377626249003,sl,1,0.0,0.0,52534.02099999999,US30
2026-08-03 04:44:00,-1,52792.865,52795.39202080002,52789.07446879997,52790.139,1.078740626104612,tp,1,0.0,0.0,52792.875,US30
2026-08-03 05:32:00,1,52786.385,52781.14148998254,52794.250265026196,52781.13148998254,-1.001907119461722,sl,8,1.035565867504149,-1.5298912318825928,52786.345,US30
2026-08-03 07:01:00,1,52766.593,52751.883009835125,52788.657985247315,52751.87300983512,-1.0006798101079575,sl,1,0.6285524256893334,-1.4764115921612182,52766.553,US30
2026-08-03 07:17:00,1,52759.639,52740.801062179846,52787.895906730235,52740.791062179844,-1.0005308436675768,sl,1,1.3111838586475975,-2.058399404977011,52759.599,US30
2026-08-03 15:44:00,1,53034.471,53008.26730782883,53073.77653825675,53073.76653825675,1.4996183743902687,tp,8,1.5486367239747016,-0.07464596924819546,53034.431,US30
2026-08-03 18:37:00,-1,53131.083,53147.61841394143,53106.279879087844,53139.067,-0.48284246335061193,sl,5,0.0,-0.32995847695876734,53131.093,US30
2026-08-03 19:00:00,-1,53146.041,53171.25503735109,53108.21994397336,53156.127,-0.4000152716346382,sl,3,0.0,-0.3776467793481753,53146.051,US30
2026-08-03 19:39:00,-1,53191.998999999996,53211.32219849668,53163.01420225497,53209.091,-0.8845326514105377,sl,8,0.0,-0.3914465817501032,53192.009,US30
2026-08-04 08:03:00,1,53267.623,53261.1688480293,53277.30422795605,53277.294227956045,1.4984506097706658,tp,1,1.5902941310649972,-0.7375097490131063,53267.583,US30
2026-08-05 07:08:00,-1,54294.233,54305.019692222886,54278.05296166567,54286.879,0.6817659990702737,tp,3,0.6150170842849279,0.0,54294.243,US30
2026-08-05 14:47:00,1,54705.109000000004,54657.10142524153,54777.120362137706,54657.09142524153,-1.0002083004620073,sl,6,0.7275935136429669,-1.0625406564825834,54705.069,US30
2026-08-06 00:10:00,1,54440.873,54431.81751249896,54454.45623125156,54454.44623125156,1.4988956972221665,tp,7,1.7631298147298007,-0.8584849793125995,54440.833,US30
2026-08-06 01:35:00,1,54431.140999999996,54421.78009278948,54445.18236081577,54421.365,-1.0443432223122908,sl,12,1.3552105276450475,-1.0954066490983685,54431.100999999995,US30
2026-08-06 01:52:00,1,54437.135,54428.78935153752,54449.653472693724,54449.64347269372,1.4988017707610586,tp,5,1.70771631037027,-0.09250329719432113,54437.095,US30
2026-08-06 04:10:00,1,54475.26500000001,54470.22108852121,54482.8308672182,54470.21108852121,-1.001982588323383,sl,8,0.5150764463081936,-1.1820191581615704,54475.225000000006,US30
2026-08-06 05:02:00,-1,54478.823,54484.384298339115,54470.48105249132,54479.903,-0.19419925602713825,sl,4,0.0,-0.6300686973316207,54478.833,US30
2026-08-06 05:48:00,1,54474.843,54466.123410761465,54487.922383857804,54487.9123838578,1.4988531569861292,tp,9,1.6693446906499012,-0.5206667281913744,54474.803,US30
2026-08-06 08:26:00,-1,54486.079,54500.330747999615,54464.70137800057,54498.355,-0.8613680230898967,sl,3,0.0,-0.43756036102884394,54486.089,US30
2026-08-06 11:27:00,-1,54504.983,54515.54901484585,54489.133977731224,54495.379,0.9089519691308302,tp,10,0.9081948246332742,0.0,54504.993,US30
2026-08-06 13:31:00,1,54463.471,54444.5340498203,54491.87642526954,54491.86642526954,1.4994719318627983,tp,1,3.1984030915883963,-0.813647385338482,54463.431,US30
2026-08-07 11:15:00,-1,53937.097,53953.03229920526,53913.19405119211,53948.367,-0.7072349163219602,sl,9,0.0,-0.6725948387880619,53937.107,US30
2026-08-07 12:02:00,-1,53964.09099999999,53984.16178257061,53933.984826144064,53984.20178257061,-1.0019929467054975,sl,29,0.3382030559152073,-2.6031869866643786,53964.100999999995,US30
2026-08-07 17:02:00,-1,53974.029,53995.21674643719,53942.247380344226,53987.115,-0.6176211348757962,sl,15,0.09278948121400205,-0.47300924757187385,53974.039000000004,US30
2026-08-10 00:03:00,1,53906.027,53897.06281511161,53919.47327733259,53919.46327733259,1.4988844496040028,tp,3,1.836195951437281,-0.004462201583177299,53905.987,US30
2026-08-10 06:17:00,-1,54023.797,54031.705985701235,54011.93352144814,54014.739,1.1452796024881882,tp,5,1.0537381549055027,0.0,54023.807,US30
2026-08-10 07:55:00,-1,54026.553,54043.27057638002,54001.47663542997,54004.491,1.3196889009801172,tp,18,1.322081592306396,0.0,54026.563,US30
2026-08-10 10:32:00,1,54003.723000000005,53998.55208849563,54011.47936725657,53998.542088495626,-1.001933895019006,sl,1,0.8246128359353367,-1.1232062268107759,54003.683000000005,US30
2026-08-11 03:01:00,-1,53943.170999999995,53946.47107820366,53938.22088269449,53945.043,-0.5672592843169159,sl,2,0.0,-0.34181008157631243,53943.181,US30
2026-08-11 05:34:00,-1,53959.541,53962.97704954541,53954.38692568189,53954.42692568189,1.4883587243210878,tp,1,0.0,0.0,53959.551,US30
2026-08-11 08:09:00,1,53885.115,53879.913371268485,53892.91744309726,53904.077,3.645396659150823,tp,1,3.647319133921361,-0.007689899080751997,53885.075,US30
2026-08-11 09:54:00,-1,53907.064999999995,53915.36030690649,53894.62203964025,53901.555,0.6642309997812449,tp,9,0.4809948619107684,0.0,53906.675,US30
2026-08-11 19:47:00,-1,53821.521,53840.05307560636,53793.72288659046,53808.279,0.714544894013619,tp,4,0.716055787914575,0.0,53821.531,US30
2026-08-11 23:30:00,1,53797.353,53795.236395553286,53800.527906670075,53800.51790667007,1.4952754516692126,tp,1,1.5109105553267774,-0.12000352753428108,53797.313,US30
2026-08-11 23:37:00,-1,53795.147,53800.91500158274,53786.49499762588,53798.055,-0.5041607493145502,sl,14,0.44174745159893564,-0.49722593845725976,53795.157,US30
2026-08-12 04:35:00,-1,53786.176999999996,53790.832459916724,53779.1938101249,53790.043,-0.830422787254624,sl,14,0.33895684383917607,-0.821830725306643,53786.187,US30
2026-08-13 05:32:00,1,53773.085,53767.05747304617,53782.12629043075,53782.289,1.5269944158683222,tp,5,1.5286534710792954,-0.5783466464269695,53773.045,US30
2026-08-13 13:56:00,-1,53900.479,53965.98615229803,53802.218271552956,53956.827,-0.8601808813736773,sl,6,0.0,-0.8521206928068433,53900.489,US30
2026-08-13 17:28:00,-1,53760.753,53769.82162894705,53747.15005657941,53747.19005657941,1.4955891899171563,tp,4,1.5166570470899536,0.0,53760.763,US30
2026-08-14 13:26:00,-1,53787.34099999999,53793.44542788117,53778.18435817823,53778.22435817823,1.493447379381084,tp,1,0.0,0.0,53787.350999999995,US30
2026-08-14 13:32:00,-1,53746.047,53784.04595584596,53689.04856623105,53727.639,0.4844343637918958,sl,1,0.0,0.0,53746.057,US30
2026-08-17 07:38:00,-1,53698.847,53710.80602338338,53680.90846492493,53687.843,0.9201420255848872,tp,24,1.1495921999036458,-0.20536794027942226,53698.857,US30
2026-08-17 15:33:00,1,53517.458999999995,53484.41342312667,53567.02736530998,53567.01736530998,1.4996973876400956,tp,40,1.8044169792702633,-0.6017144163111978,53517.418999999994,US30
2026-08-18 02:12:00,1,53464.920999999995,53446.379167466985,53492.73374879951,53446.36916746698,-1.000539321018256,sl,5,0.22532832138188252,-1.1659041770282548,53464.880999999994,US30
2026-08-18 02:43:00,1,53448.123,53439.79738450379,53460.61142324431,53439.78738450379,-1.0012011123990283,sl,3,0.09176498726741433,-1.4768878055446422,53448.083,US30
2026-08-18 10:50:00,-1,53486.073,53501.41394563507,53463.06158154739,53463.10158154739,1.4973925988039622,tp,11,0.9891176437852538,0.0,53486.083,US30
2026-08-18 14:13:00,-1,53401.05299999999,53446.75261697481,53332.50357453777,53426.043,-0.5468317166372856,sl,6,0.0,-0.45842834988199754,53401.062999999995,US30
2026-08-18 14:48:00,-1,53428.547,53463.90149315488,53375.515260267675,53441.591,-0.36894886154520923,sl,4,0.0,-0.2816049421606106,53428.557,US30
2026-08-18 15:08:00,1,53411.627,53386.62121027673,53449.13568458491,53386.61121027673,-1.0003999073859575,sl,7,0.6967986291504795,-1.1422954570164316,53411.587,US30
2026-08-18 19:20:00,1,53384.097,53359.56403844977,53420.89644232535,53359.554038449765,-1.0004076148728136,sl,38,1.199610570445759,-1.223741370911573,53384.057,US30
2026-08-18 22:26:00,-1,53341.847,53350.373716899376,53329.05692465094,53330.379,1.3449490742260355,tp,7,0.9949902289621848,0.0,53341.857,US30
2026-08-18 23:14:00,1,53333.379,53328.76904167548,53340.293937486786,53328.759041675476,-1.0021692170076335,sl,4,0.20303871187345862,-1.318016253569796,53333.339,US30
2026-08-19 09:54:00,1,53325.147000000004,53318.26029501225,53335.477057481636,53335.467057481634,1.4985479267637885,tp,5,1.9225449650516202,-0.41122714056126636,53325.107,US30
2026-08-19 10:41:00,-1,53336.602999999996,53343.36867432761,53326.45448850857,53341.915,-0.7851397721469506,sl,8,0.0,-0.5486518889706118,53336.613,US30
2026-08-19 15:16:00,1,53629.621,53595.19844853545,53681.254827196826,53595.188448535446,-1.0002905072278658,sl,4,0.3597060494701817,-1.0336828179818338,53629.581,US30
2026-08-19 20:05:00,1,53457.573,53420.68947786756,53512.89828319865,53455.289,-0.061924671721934645,time,60,0.3512137467103261,-0.17682693037230582,53457.532999999996,US30
2026-08-20 01:33:00,1,53472.077,53468.375817437045,53477.62877384442,53482.204999999994,2.736422704833509,tp,1,2.8904275371572337,-0.2264141219036823,53472.037,US30
2026-08-20 05:00:00,1,53483.065,53478.7105079547,53489.596738067965,53478.700507954694,-1.0022964791066313,sl,10,1.2019771641651908,-1.1137923664906004,53483.025,US30
2026-08-20 10:36:00,-1,53393.246999999996,53401.29322408488,53381.177663872666,53375.327,2.2271316099259564,sl,1,0.0,0.0,53393.257,US30
2026-08-20 11:00:00,1,53383.767,53370.92889042686,53403.02416435971,53403.01416435971,1.4992210691191385,tp,1,2.315917295347982,-0.4305929910089617,53383.727,US30
2026-08-20 23:40:00,-1,52797.259,52800.924658551274,52791.76051217309,52797.767,-0.13858355678677678,tp,6,0.27498469535600134,0.0,52797.269,US30
2026-08-21 09:10:00,1,52973.773,52953.621221401954,53004.00066789707,52953.61122140195,-1.000496234114194,sl,19,0.7196387122576865,-1.0177761680048407,52973.733,US30
2026-08-21 15:31:00,1,53143.973000000005,53127.71164302478,53168.36503546285,53168.355035462846,1.4993850451707522,tp,4,1.9672404983624454,-0.15582955370004314,53143.933000000005,US30
2026-08-24 00:31:00,1,53251.593,53232.44759627414,53280.311105588786,53232.43759627414,-1.00052231857553,sl,11,0.30200460030987414,-1.0547701312105406,53251.553,US30
2026-08-25 05:43:00,-1,53414.689,53423.61128332241,53401.30557501638,53423.139,-0.9470669888702808,sl,12,0.5157872523997383,-0.7170810171349017,53414.699,US30
2026-08-25 15:33:00,-1,53484.229,53498.356219707086,53463.038170439366,53463.07817043937,1.4971685865423916,tp,1,0.0,0.0,53484.239,US30
2026-08-25 20:00:00,-1,53578.491,53599.985272441816,53546.249591337284,53581.767,-0.15241269546881703,time,60,0.11593786236516272,-0.22201263210537497,53578.501000000004,US30
2026-08-25 22:58:00,1,53573.299,53569.64735323452,53578.77647014822,53569.63735323452,-1.0027384905069596,sl,5,1.3144754430736454,-1.0165276759762085,53573.259,US30
2026-08-25 23:05:00,-1,53571.833,53576.44944778917,53564.90832831624,53565.067,1.4656290526809477,tp,17,1.0254637799868382,-0.036824850569516655,53571.843,US30
2026-08-26 06:10:00,-1,53577.047,53578.99949947505,53574.11825078742,53574.15825078742,1.4795134387937419,tp,1,0.0,0.0,53577.057,US30
2026-08-26 09:01:00,-1,53641.01099999999,53653.38713635462,53622.446795468044,53623.579,1.4085171252555908,tp,10,0.9867376740257493,0.0,53641.02099999999,US30
2026-08-26 23:56:00,-1,53703.403,53711.17441571094,53691.74587643358,53708.043,-0.5970598115688504,tp,6,0.0,-0.20897093404956574,53703.413,US30
2026-08-27 00:07:00,-1,53697.534999999996,53711.55409972761,53676.50635040857,53697.091,0.03167107793100807,sl,11,0.05249980485889318,-0.06904865639082237,53697.545,US30
2026-08-27 04:23:00,-1,53635.517,53642.08659769491,53625.66260345763,53633.103,0.3674502019912117,tp,6,0.3735388548826729,0.0,53635.527,US30
2026-08-27 07:38:00,-1,53573.803,53589.61307630614,53550.087885540794,53582.567,-0.5543300253775915,sl,16,0.1267546064418968,-0.5239696406008991,53573.813,US30
2026-08-27 08:15:00,1,53583.097,53558.78680631507,53619.56229052741,53558.776806315065,-1.0004113500752663,sl,4,0.11114679031422098,-1.093944389940652,53583.057,US30
2026-08-27 11:31:00,-1,53448.028999999995,53453.976136555604,53439.10829516658,53427.091,3.5206859308193446,sl,1,0.0,0.0,53448.039,US30
2026-08-27 17:37:00,1,53668.814999999995,53652.323471600284,53693.55229259956,53652.31347160028,-1.0006063719359215,sl,9,0.5714449122964058,-1.2158970056618796,53668.774999999994,US30
2026-08-27 19:51:00,1,53536.891,53531.1519773119,53545.49953403216,53531.1419773119,-1.0017424569557403,sl,1,1.898581098586692,-1.0719595189533755,53536.851,US30
2026-08-28 10:41:00,1,53621.591,53617.1255728779,53628.28914068315,53617.1155728779,-1.002239427434062,sl,3,1.2782651791019521,-3.312561059790111,53621.551,US30
2026-08-28 14:05:00,-1,53657.765,53702.72103045794,53590.33095431309,53631.767,0.5782983892299225,tp,2,0.33450462255711905,0.0,53657.775,US30
2026-08-31 06:04:00,-1,53411.327,53422.92249506707,53393.93375739939,53421.639,-0.8893108867157662,sl,3,0.0,-0.669225415138923,53411.337,US30
2026-08-31 07:22:00,1,53478.341,53465.19692778912,53498.05710831632,53465.18692778912,-1.0007607992288539,sl,16,0.8936347740295262,-1.085356179661929,53478.301,US30
2026-08-31 16:41:00,-1,53195.389,53230.114965049936,53143.300052425104,53229.267,-0.9755812387440798,sl,9,0.0,-0.7869039769147209,53195.399000000005,US30
2026-08-31 22:42:00,-1,53214.715000000004,53218.825757257866,53208.54886411321,53216.379,-0.4047915981452094,sl,5,0.0,-0.3950610308818736,53214.725000000006,US30
2026-08-31 23:07:00,-1,53218.817,53221.278057855714,53215.12541321643,53215.16541321643,1.4837468266321294,tp,1,0.0,0.0,53218.827000000005,US30
2026-09-01 06:59:00,1,53197.165,53184.61245378418,53215.99381932373,53215.98381932373,1.4992033488802616,tp,3,2.7253434810611132,-0.702168297049668,53197.125,US30
2026-09-01 13:32:00,1,52886.609000000004,52817.64937795334,52990.04843307,52990.038433069996,1.499854987604264,tp,37,1.6883793232104496,-0.516157121277713,52886.569,US30
2026-09-01 17:57:00,1,52745.12100000001,52722.78296535486,52778.628051967724,52778.61805196772,1.4995523330426828,tp,15,1.6772290219424524,-0.22911594870866844,52745.081000000006,US30
2026-09-02 05:10:00,-1,52758.579,52765.03202834621,52748.89945748067,52748.93945748067,1.4938013599427789,tp,1,0.0,0.0,52758.589,US30
2026-09-02 10:51:00,1,52689.189,52681.300466624205,52701.02180006369,52681.2904666242,-1.0012676627613344,sl,2,0.43227300152742143,-1.4433608197611658,52689.149,US30
2026-09-02 11:07:00,-1,52686.097,52711.837049226684,52647.48692615998,52706.355,-0.7870225818761035,sl,3,0.0,-0.6883436719162936,52686.107,US30
2026-09-02 18:25:00,1,53009.958999999995,52992.64027097766,53035.9370935335,52992.63027097766,-1.0005774095771773,sl,12,0.6115922240219664,-1.1206365071573892,53009.918999999994,US30
2026-09-04 03:03:00,-1,53704.905,53708.855823925645,53698.978764111525,53699.467000000004,1.376421754635579,tp,8,1.3865462250634346,0.0,53704.915,US30
2026-09-04 08:46:00,1,53655.949,53639.79465615283,53680.18051577076,53680.170515770755,1.49938097145284,tp,11,1.7341465716609135,-0.3123618048334302,53655.909,US30
2026-09-04 09:57:00,1,53642.729,53631.898239546135,53658.97514068079,53631.88823954613,-1.0009232962029428,sl,2,0.39092361224677113,-1.2248447425742033,53642.689,US30
2026-09-04 10:08:00,-1,53641.203,53647.886821003594,53631.17726849461,53645.239,-0.6038462127921163,sl,5,0.0,-0.4183235904281462,53641.213,US30
2026-09-04 10:47:00,-1,53648.185000000005,53661.76987801262,53627.807682981074,53632.455,1.1579051343260325,tp,16,1.0460160177226312,-0.07464181857604804,53648.19500000001,US30
2026-09-04 13:36:00,1,53536.405,53479.63197290175,53621.56454064738,53479.62197290175,-1.0001761399825437,sl,27,0.9638732122791491,-1.43184191780583,53536.365,US30
2026-09-04 19:35:00,1,53370.405000000006,53360.31748483078,53385.536272753845,53360.30748483078,-1.0009913244078728,sl,3,0.6227499928979582,-1.2893165246173979,53370.365000000005,US30
2026-09-06 23:57:00,1,53267.741,53260.35395559496,53278.82156660756,53278.81156660756,1.4986462786124295,tp,11,1.92363809134577,-0.716118613879059,53267.701,US30
2026-09-07 07:29:00,1,53181.103,53169.87875234072,53197.93937148892,53168.917,-1.0856852387719962,sl,13,0.8773861998541989,-2.2005929261176527,53181.063,US30
2026-09-08 02:38:00,-1,53081.417,53091.08863069179,53066.90955396232,53069.527,1.2293686947843403,tp,15,1.2335045019998534,-0.10442913218963407,53081.427,US30
2026-09-08 03:52:00,-1,53081.435,53087.11910351319,53072.908844730206,53081.027,0.07177912911837443,sl,8,0.6150486161773435,0.0,53081.445,US30
2026-09-08 16:07:00,1,52834.655,52818.25746744357,52859.25129883464,52818.247467443565,-1.0006098478516583,sl,4,1.0960185587771547,-1.982249456626442,52834.615,US30
2026-09-09 07:22:00,-1,52811.447,52817.72926541781,52802.02360187328,52802.063601873284,1.4936328700974901,tp,1,0.0,0.0,52811.457,US30
2026-09-09 11:24:00,-1,52489.191,52500.24180464544,52472.61479303184,52489.015,0.01592644206882042,sl,1,0.0,0.0,52489.201,US30
2026-09-09 11:29:00,1,52471.979,52452.3542677197,52501.41609842045,52452.344267719694,-1.0005095610915453,sl,4,0.7859470274394512,-1.2243733905157572,52471.939,US30
2026-09-09 13:53:00,-1,52417.503,52481.98160177152,52320.78509734271,52467.643000000004,-0.7776223215521223,sl,37,0.571724556475649,-0.7542967537097836,52417.513,US30
2026-09-09 23:50:00,1,52453.927,52449.465272509726,52460.619591235416,52460.609591235414,1.4977587156482628,tp,3,1.658550419343034,-0.24923081977196565,52453.887,US30
2026-09-10 16:39:00,-1,52074.559,52086.348229277,52056.875156084505,52080.543,-0.5075819512368287,sl,5,0.0,0.0,52074.569,US30
2026-09-11 02:02:00,1,52181.759,52172.30930376032,52195.93354435952,52172.299303760316,-1.001058235074271,sl,2,0.8008723040450952,-1.0459595471962218,52181.719,US30
2026-09-11 02:05:00,-1,52179.602999999996,52189.892294839134,52164.16905774129,52182.367,-0.2686287100539891,sl,9,0.07658445134605481,-0.21847950079688472,52179.613,US30
2026-09-11 06:36:00,-1,52276.799,52290.259379318064,52256.608431022905,52289.915,-0.9744153333330687,sl,4,0.0,-0.6707091818639984,52276.809,US30
2026-09-11 19:23:00,-1,52584.242999999995,52596.83725138783,52565.35162291824,52594.091,-0.7819440550090668,sl,3,0.0,-0.6606188604465193,52584.253,US30
2026-09-14 05:12:00,-1,52504.355,52515.53993082791,52487.577603758145,52493.203,0.9970557861814247,tp,12,1.000632026447576,-0.15735457170676032,52504.365000000005,US30
2026-09-14 05:54:00,-1,52505.496999999996,52518.531658361644,52485.94501245752,52507.939,-0.18734668237932456,sl,7,0.0,-0.08761257628103168,52505.507,US30
2026-09-14 11:05:00,-1,52490.309,52497.421252086344,52479.64062187049,52486.615,0.5193854147966022,tp,1,0.0,0.0,52490.319,US30
2026-09-14 13:11:00,-1,52364.327,52379.47429306952,52341.606060395716,52341.64606039572,1.497359264139083,tp,1,0.0,0.0,52364.337,US30
2026-09-15 00:08:00,-1,52431.778999999995,52438.185919389885,52422.16862091516,52429.103,0.41767343041879307,tp,3,0.42391668049994596,0.0,52431.789,US30
2026-09-15 18:52:00,-1,52009.532999999996,52023.747429600786,51988.21135559881,52009.767,-0.016462144917233315,sl,4,0.0,0.0,52009.543,US30
2026-09-16 05:30:00,1,52180.829,52172.62693807249,52193.13209289126,52193.12209289126,1.498780794379903,tp,15,2.0343664980196787,-0.5259653045938523,52180.789,US30
2026-09-16 06:00:00,-1,52192.665,52197.38604375194,52185.58343437209,52178.567,2.986204055873944,sl,1,0.0,0.0,52192.675,US30
2026-09-16 10:07:00,-1,52159.029,52168.29062168375,52145.13656747438,52162.615,-0.38718921182972,sl,2,0.0,-0.05117894210972025,52159.039000000004,US30
2026-09-16 10:52:00,1,52173.329,52163.890792236125,52187.48631164581,52187.476311645805,1.4989404768095576,tp,8,2.0353440484251846,-0.45072116512247723,52173.289,US30
2026-09-17 02:03:00,-1,51784.817,51800.372473416064,51761.483789875914,51795.367,-0.6782178669729514,sl,17,0.0,-0.6756464248232338,51784.827000000005,US30
2026-09-17 03:12:00,-1,51808.733,51814.34030851121,51800.322037233185,51801.855,1.2266134431964422,tp,9,1.2294668620820413,0.0,51808.743,US30
2026-09-17 18:56:00,-1,51798.170999999995,51813.02291248844,51775.89313126732,51810.067,-0.8009742859218225,sl,5,0.0,-0.7646153321223778,51798.181,US30
2026-09-18 11:05:00,1,51828.033,51811.438017821885,51852.92547326718,51811.42801782188,-1.000602591789175,sl,1,1.8599598160879354,-3.267855272029825,51827.993,US30
2026-09-21 01:12:00,1,51799.117000000006,51786.730797715616,51817.696303426594,51817.68630342659,1.499192650033578,tp,29,1.7969995555495057,-0.09930404588607268,51799.077000000005,US30
2026-09-21 03:59:00,-1,51863.799,51866.78971836286,51859.312922455705,51864.939,-0.3811793227193637,sl,2,0.0,-0.36780460964119255,51863.809,US30
2026-09-21 12:06:00,-1,52143.329,52148.20210249213,52136.019346261804,52136.059346261805,1.4917916768495059,tp,1,0.0,0.0,52143.339,US30
2026-09-21 12:27:00,1,52125.640999999996,52104.70672822024,52157.04240766963,52157.03240766963,1.4995223144082945,tp,18,1.777468086374545,-0.7315277149887773,52125.600999999995,US30
