time,dir,entry,stop,tag
2023-08-01 05:09:00,-1,35564.709,35567.05282713044,bias0_d0.8_mss1_fvg0_hall
2023-08-02 01:57:00,-1,35595.764,35604.354022700754,bias0_d0.8_mss1_fvg0_hall
2023-08-02 04:38:00,1,35518.774000000005,35511.217120083784,bias0_d0.8_mss1_fvg0_hall
2023-08-02 08:52:00,1,35363.174,35346.965835488954,bias0_d0.8_mss1_fvg0_hall
2023-08-02 12:04:00,1,35516.054000000004,35510.068340303515,bias0_d0.8_mss1_fvg0_hall
2023-08-02 17:29:00,1,35354.384000000005,35345.77922974813,bias0_d0.8_mss1_fvg0_hall
2023-08-03 02:06:00,-1,35351.498999999996,35354.97002764434,bias0_d0.8_mss1_fvg0_hall
2023-08-03 02:06:00,-1,35351.498999999996,35355.441750877006,bias0_d0.8_mss1_fvg0_hall
2023-08-03 13:41:00,-1,35153.349,35212.55357444818,bias0_d0.8_mss1_fvg0_hall
2023-08-03 19:59:00,-1,35223.748999999996,35249.390260528824,bias0_d0.8_mss1_fvg0_hall
2023-08-04 05:04:00,-1,35276.974,35283.124336593006,bias0_d0.8_mss1_fvg0_hall
2023-08-04 05:10:00,1,35274.754,35273.0110837429,bias0_d0.8_mss1_fvg0_hall
2023-08-04 06:59:00,-1,35289.004,35298.77861038858,bias0_d0.8_mss1_fvg0_hall
2023-08-04 15:43:00,1,35406.999,35395.74666291431,bias0_d0.8_mss1_fvg0_hall
2023-08-04 15:43:00,1,35406.999,35393.800651277576,bias0_d0.8_mss1_fvg0_hall
2023-08-04 16:24:00,1,35436.224,35412.96853739742,bias0_d0.8_mss1_fvg0_hall
2023-08-06 23:25:00,-1,35103.764,35108.14461853503,bias0_d0.8_mss1_fvg0_hall
2023-08-07 01:31:00,-1,35132.759,35135.88583278815,bias0_d0.8_mss1_fvg0_hall
2023-08-07 07:06:00,1,35145.824,35135.53495023919,bias0_d0.8_mss1_fvg0_hall
2023-08-07 12:17:00,-1,35120.528999999995,35133.377481636315,bias0_d0.8_mss1_fvg0_hall
2023-08-07 12:17:00,-1,35120.528999999995,35132.925697233724,bias0_d0.8_mss1_fvg0_hall
2023-08-07 12:17:00,-1,35120.528999999995,35131.9369331456,bias0_d0.8_mss1_fvg0_hall
2023-08-07 15:38:00,1,35358.479,35347.69421889237,bias0_d0.8_mss1_fvg0_hall
2023-08-07 23:43:00,1,35470.748999999996,35469.488645999845,bias0_d0.8_mss1_fvg0_hall
2023-08-08 00:38:00,1,35471.119000000006,35467.2338845724,bias0_d0.8_mss1_fvg0_hall
2023-08-08 00:57:00,-1,35473.793999999994,35477.136348462845,bias0_d0.8_mss1_fvg0_hall
2023-08-08 00:55:00,-1,35473.793999999994,35476.680716429786,bias0_d0.8_mss1_fvg0_hall
2023-08-08 05:05:00,1,35414.263999999996,35409.84483184817,bias0_d0.8_mss1_fvg0_hall
2023-08-08 06:45:00,-1,35378.994,35385.28560734259,bias0_d0.8_mss1_fvg0_hall
2023-08-08 06:45:00,-1,35378.994,35385.212778246685,bias0_d0.8_mss1_fvg0_hall
2023-08-08 13:29:00,1,35229.059,35216.68511784408,bias0_d0.8_mss1_fvg0_hall
2023-08-08 13:31:00,-1,35228.224,35248.38648886406,bias0_d0.8_mss1_fvg0_hall
2023-08-08 13:35:00,-1,35222.724,35246.734025373764,bias0_d0.8_mss1_fvg0_hall
2023-08-09 01:56:00,-1,35308.129,35313.84063299482,bias0_d0.8_mss1_fvg0_hall
2023-08-09 07:24:00,1,35316.263999999996,35311.63938414422,bias0_d0.8_mss1_fvg0_hall
2023-08-09 09:11:00,1,35391.019,35383.82370782942,bias0_d0.8_mss1_fvg0_hall
2023-08-09 14:36:00,1,35302.964,35290.45329494437,bias0_d0.8_mss1_fvg0_hall
2023-08-10 13:31:00,1,35314.149000000005,35278.79425254596,bias0_d0.8_mss1_fvg0_hall
2023-08-10 17:46:00,1,35153.989,35138.56253787531,bias0_d0.8_mss1_fvg0_hall
2023-08-11 02:56:00,1,35187.234,35181.196791624505,bias0_d0.8_mss1_fvg0_hall
2023-08-11 06:59:00,-1,35205.509,35213.45808518854,bias0_d0.8_mss1_fvg0_hall
2023-08-11 06:59:00,-1,35205.509,35213.94965053222,bias0_d0.8_mss1_fvg0_hall
2023-08-11 07:07:00,1,35201.668999999994,35191.60488484697,bias0_d0.8_mss1_fvg0_hall
2023-08-11 11:33:00,1,35184.064,35169.56954535701,bias0_d0.8_mss1_fvg0_hall
2023-08-11 12:01:00,1,35176.569,35160.24602719603,bias0_d0.8_mss1_fvg0_hall
2023-08-11 12:01:00,1,35176.569,35165.467025253456,bias0_d0.8_mss1_fvg0_hall
2023-08-11 12:30:00,-1,35155.514,35184.69026711199,bias0_d0.8_mss1_fvg0_hall
2023-08-11 17:59:00,1,35196.744,35182.3625078441,bias0_d0.8_mss1_fvg0_hall
2023-08-11 17:59:00,1,35196.744,35186.93957871237,bias0_d0.8_mss1_fvg0_hall
2023-08-11 20:01:00,1,35274.759000000005,35243.53374884616,bias0_d0.8_mss1_fvg0_hall
2023-08-11 20:01:00,1,35274.759000000005,35255.53765964286,bias0_d0.8_mss1_fvg0_hall
2023-08-14 05:36:00,1,35209.498999999996,35202.474792058645,bias0_d0.8_mss1_fvg0_hall
2023-08-14 10:06:00,1,35336.774000000005,35320.571043609416,bias0_d0.8_mss1_fvg0_hall
2023-08-14 10:06:00,1,35336.774000000005,35322.5776833516,bias0_d0.8_mss1_fvg0_hall
2023-08-14 10:23:00,-1,35353.524,35360.58571638328,bias0_d0.8_mss1_fvg0_hall
2023-08-14 13:30:00,1,35243.299,35222.85522993816,bias0_d0.8_mss1_fvg0_hall
2023-08-14 15:41:00,1,35276.109,35263.7853951102,bias0_d0.8_mss1_fvg0_hall
2023-08-14 16:39:00,1,35240.859,35224.88903787421,bias0_d0.8_mss1_fvg0_hall
2023-08-15 00:00:00,-1,35303.524000000005,35307.72924492982,bias0_d0.8_mss1_fvg0_hall
2023-08-15 00:00:00,-1,35303.524000000005,35307.74237029197,bias0_d0.8_mss1_fvg0_hall
2023-08-15 06:21:00,1,35300.019,35295.83833458893,bias0_d0.8_mss1_fvg0_hall
2023-08-15 10:00:00,1,35138.569,35109.92821400551,bias0_d0.8_mss1_fvg0_hall
2023-08-15 12:35:00,1,35027.924,35013.387458586396,bias0_d0.8_mss1_fvg0_hall
2023-08-15 12:35:00,1,35043.809,35025.81956868737,bias0_d0.8_mss1_fvg0_hall
2023-08-15 14:39:00,1,34990.984,34962.437899360455,bias0_d0.8_mss1_fvg0_hall
2023-08-15 16:06:00,-1,35030.024000000005,35064.92076335032,bias0_d0.8_mss1_fvg0_hall
2023-08-15 19:15:00,-1,35018.864,35034.33152676637,bias0_d0.8_mss1_fvg0_hall
2023-08-16 01:15:00,-1,34933.248999999996,34945.340032031294,bias0_d0.8_mss1_fvg0_hall
2023-08-16 02:46:00,1,34954.009,34949.46215591922,bias0_d0.8_mss1_fvg0_hall
2023-08-16 02:46:00,1,34954.009,34949.02683342015,bias0_d0.8_mss1_fvg0_hall
2023-08-16 05:26:00,1,34944.489,34936.655959346615,bias0_d0.8_mss1_fvg0_hall
2023-08-16 06:34:00,1,34941.748999999996,34929.072984201586,bias0_d0.8_mss1_fvg0_hall
2023-08-16 06:59:00,-1,34956.35400000001,34963.96592469342,bias0_d0.8_mss1_fvg0_hall
2023-08-16 11:44:00,-1,34960.754,34967.83912520051,bias0_d0.8_mss1_fvg0_hall
2023-08-16 19:33:00,1,34769.85400000001,34749.333379021926,bias0_d0.8_mss1_fvg0_hall
2023-08-16 19:33:00,1,34769.85400000001,34749.142101948935,bias0_d0.8_mss1_fvg0_hall
2023-08-17 12:03:00,-1,34790.514,34798.938356488856,bias0_d0.8_mss1_fvg0_hall
2023-08-17 12:03:00,-1,34790.514,34800.964561481785,bias0_d0.8_mss1_fvg0_hall
2023-08-17 13:57:00,1,34821.974,34793.19434176,bias0_d0.8_mss1_fvg0_hall
2023-08-17 19:50:00,1,34467.119000000006,34445.29544578472,bias0_d0.8_mss1_fvg0_hall
2023-08-18 03:46:00,-1,34501.289,34503.38546486529,bias0_d0.8_mss1_fvg0_hall
2023-08-18 03:46:00,-1,34501.289,34505.86424062365,bias0_d0.8_mss1_fvg0_hall
2023-08-18 04:08:00,-1,34490.019,34494.906283236574,bias0_d0.8_mss1_fvg0_hall
2023-08-18 04:56:00,1,34483.894,34481.24590804293,bias0_d0.8_mss1_fvg0_hall
2023-08-18 11:00:00,1,34405.148,34398.99571689145,bias0_d0.8_mss1_fvg0_hall
2023-08-18 18:10:00,-1,34488.244000000006,34510.175782349404,bias0_d0.8_mss1_fvg0_hall
2023-08-21 01:15:00,-1,34509.10400000001,34524.43859175571,bias0_d0.8_mss1_fvg0_hall
2023-08-21 13:45:00,-1,34520.004,34538.83473519094,bias0_d0.8_mss1_fvg0_hall
2023-08-22 01:24:00,1,34413.603,34406.03987038117,bias0_d0.8_mss1_fvg0_hall
2023-08-22 02:35:00,-1,34442.534,34450.00529849286,bias0_d0.8_mss1_fvg0_hall
2023-08-22 05:33:00,-1,34432.258,34436.866021554095,bias0_d0.8_mss1_fvg0_hall
2023-08-22 05:33:00,-1,34432.258,34436.828091443094,bias0_d0.8_mss1_fvg0_hall
2023-08-22 06:06:00,1,34432.009,34429.52516689398,bias0_d0.8_mss1_fvg0_hall
2023-08-22 07:23:00,-1,34490.782999999996,34503.15875242818,bias0_d0.8_mss1_fvg0_hall
2023-08-22 07:23:00,-1,34490.782999999996,34503.21369868331,bias0_d0.8_mss1_fvg0_hall
2023-08-22 08:17:00,-1,34515.819,34525.136696165944,bias0_d0.8_mss1_fvg0_hall
2023-08-22 08:59:00,1,34514.053,34502.007505248876,bias0_d0.8_mss1_fvg0_hall
2023-08-22 08:58:00,1,34512.649000000005,34507.1643977311,bias0_d0.8_mss1_fvg0_hall
2023-08-22 09:23:00,1,34515.259000000005,34508.840627185506,bias0_d0.8_mss1_fvg0_hall
2023-08-22 10:36:00,-1,34536.558999999994,34546.9005877878,bias0_d0.8_mss1_fvg0_hall
2023-08-22 11:19:00,1,34530.793999999994,34521.7408544108,bias0_d0.8_mss1_fvg0_hall
2023-08-22 23:30:00,-1,34313.528,34313.96965090362,bias0_d0.8_mss1_fvg0_hall
2023-08-22 23:30:00,-1,34313.528,34317.034797267646,bias0_d0.8_mss1_fvg0_hall
2023-08-23 04:29:00,1,34359.713,34356.84962424254,bias0_d0.8_mss1_fvg0_hall
2023-08-23 08:44:00,-1,34436.299,34443.62158020083,bias0_d0.8_mss1_fvg0_hall
2023-08-23 11:31:00,1,34340.778999999995,34325.74481079008,bias0_d0.8_mss1_fvg0_hall
2023-08-23 12:04:00,-1,34344.529,34352.151670204796,bias0_d0.8_mss1_fvg0_hall
2023-08-23 13:33:00,-1,34341.019,34364.881973218566,bias0_d0.8_mss1_fvg0_hall
2023-08-23 16:13:00,1,34433.034,34422.85551875298,bias0_d0.8_mss1_fvg0_hall
2023-08-23 16:12:00,1,34437.10400000001,34420.85523169919,bias0_d0.8_mss1_fvg0_hall
2023-08-23 16:12:00,1,34437.10400000001,34421.34928657782,bias0_d0.8_mss1_fvg0_hall
2023-08-23 16:33:00,1,34431.998999999996,34415.86009586147,bias0_d0.8_mss1_fvg0_hall
2023-08-23 19:06:00,1,34429.729,34418.8068452351,bias0_d0.8_mss1_fvg0_hall
2023-08-24 19:27:00,-1,34235.034,34245.41312089863,bias0_d0.8_mss1_fvg0_hall
2023-08-25 03:56:00,1,34136.149000000005,34130.76371682343,bias0_d0.8_mss1_fvg0_hall
2023-08-25 05:50:00,1,34129.378,34124.761322407976,bias0_d0.8_mss1_fvg0_hall
2023-08-25 05:50:00,1,34129.378,34123.7017617093,bias0_d0.8_mss1_fvg0_hall
2023-08-25 07:21:00,-1,34164.799,34180.77548739497,bias0_d0.8_mss1_fvg0_hall
2023-08-25 08:02:00,1,34170.064,34152.46393060067,bias0_d0.8_mss1_fvg0_hall
2023-08-25 08:02:00,1,34170.064,34155.52874373221,bias0_d0.8_mss1_fvg0_hall
2023-08-25 08:39:00,-1,34173.653,34178.963378959736,bias0_d0.8_mss1_fvg0_hall
2023-08-25 08:39:00,-1,34173.653,34180.51391349079,bias0_d0.8_mss1_fvg0_hall
2023-08-25 10:43:00,-1,34202.534,34205.2925848858,bias0_d0.8_mss1_fvg0_hall
2023-08-25 11:58:00,1,34202.099,34190.95571416684,bias0_d0.8_mss1_fvg0_hall
2023-08-25 14:08:00,-1,34195.994000000006,34272.670846319714,bias0_d0.8_mss1_fvg0_hall
2023-08-25 15:05:00,1,34049.514,34026.404137134035,bias0_d0.8_mss1_fvg0_hall
2023-08-25 19:23:00,1,34395.724,34375.82414608301,bias0_d0.8_mss1_fvg0_hall
2023-08-28 02:09:00,-1,34402.743,34406.471337924304,bias0_d0.8_mss1_fvg0_hall
2023-08-28 02:09:00,-1,34402.743,34405.965706644,bias0_d0.8_mss1_fvg0_hall
2023-08-28 02:09:00,-1,34402.743,34406.47731542263,bias0_d0.8_mss1_fvg0_hall
2023-08-28 03:08:00,-1,34403.244,34407.45890222304,bias0_d0.8_mss1_fvg0_hall
2023-08-28 11:17:00,1,34414.184,34409.41104647937,bias0_d0.8_mss1_fvg0_hall
2023-08-28 13:28:00,1,34500.804000000004,34490.49781970715,bias0_d0.8_mss1_fvg0_hall
2023-08-28 13:28:00,1,34500.804000000004,34489.70836829949,bias0_d0.8_mss1_fvg0_hall
2023-08-29 01:15:00,1,34572.504,34566.82378523273,bias0_d0.8_mss1_fvg0_hall
2023-08-29 01:15:00,1,34572.504,34567.38412200182,bias0_d0.8_mss1_fvg0_hall
2023-08-29 01:51:00,-1,34575.763999999996,34579.42707011586,bias0_d0.8_mss1_fvg0_hall
2023-08-29 13:21:00,1,34513.194,34505.87019264735,bias0_d0.8_mss1_fvg0_hall
2023-08-29 18:15:00,-1,34792.739,34804.20844107007,bias0_d0.8_mss1_fvg0_hall
2023-08-30 07:02:00,1,34826.649000000005,34822.27528917276,bias0_d0.8_mss1_fvg0_hall
2023-08-30 08:55:00,1,34812.559,34809.1809030622,bias0_d0.8_mss1_fvg0_hall
2023-08-30 08:55:00,1,34812.559,34803.73154141588,bias0_d0.8_mss1_fvg0_hall
2023-08-30 09:21:00,1,34814.439,34805.772319639014,bias0_d0.8_mss1_fvg0_hall
2023-08-30 11:26:00,1,34820.153999999995,34812.268975810715,bias0_d0.8_mss1_fvg0_hall
2023-08-30 12:51:00,1,34851.929000000004,34835.113367089456,bias0_d0.8_mss1_fvg0_hall
2023-08-30 15:29:00,1,34869.744,34853.47176720769,bias0_d0.8_mss1_fvg0_hall
2023-08-30 15:29:00,1,34869.744,34855.978355264284,bias0_d0.8_mss1_fvg0_hall
2023-08-30 16:15:00,1,34898.369000000006,34879.51707488552,bias0_d0.8_mss1_fvg0_hall
2023-08-30 17:31:00,1,34891.884000000005,34884.980661671514,bias0_d0.8_mss1_fvg0_hall
2023-08-30 19:51:00,-1,34887.034,34902.723125923905,bias0_d0.8_mss1_fvg0_hall
2023-08-30 20:01:00,1,34885.244000000006,34868.61341739591,bias0_d0.8_mss1_fvg0_hall
2023-08-31 07:00:00,1,34950.223,34946.728911519436,bias0_d0.8_mss1_fvg0_hall
2023-08-31 09:02:00,-1,35013.823000000004,35021.37466696535,bias0_d0.8_mss1_fvg0_hall
2023-08-31 11:32:00,1,35001.269,34995.73570562188,bias0_d0.8_mss1_fvg0_hall
2023-08-31 13:34:00,1,35008.778999999995,34984.24726816464,bias0_d0.8_mss1_fvg0_hall
2023-08-31 19:42:00,1,34756.489,34748.79757412266,bias0_d0.8_mss1_fvg0_hall
2023-09-01 13:36:00,-1,34923.494000000006,34959.58018457009,bias0_d0.8_mss1_fvg0_hall
2023-09-04 03:37:00,-1,34838.894,34841.57712268155,bias0_d0.8_mss1_fvg0_hall
2023-09-04 05:13:00,1,34830.483,34828.40540008067,bias0_d0.8_mss1_fvg0_hall
2023-09-04 08:59:00,1,34897.589,34893.48572458353,bias0_d0.8_mss1_fvg0_hall
2023-09-04 12:01:00,1,34885.789000000004,34879.570394080954,bias0_d0.8_mss1_fvg0_hall
2023-09-04 13:34:00,-1,34873.528999999995,34885.93251465184,bias0_d0.8_mss1_fvg0_hall
2023-09-04 13:34:00,-1,34873.528999999995,34882.50287074813,bias0_d0.8_mss1_fvg0_hall
2023-09-05 01:21:00,1,34775.004,34769.28818063642,bias0_d0.8_mss1_fvg0_hall
2023-09-05 14:47:00,1,34745.349,34725.07749155616,bias0_d0.8_mss1_fvg0_hall
2023-09-05 15:02:00,1,34785.274000000005,34762.47020701323,bias0_d0.8_mss1_fvg0_hall
2023-09-05 22:50:00,1,34652.248,34650.461346172335,bias0_d0.8_mss1_fvg0_hall
2023-09-06 19:51:00,-1,34454.998999999996,34466.33169949886,bias0_d0.8_mss1_fvg0_hall
2023-09-07 02:00:00,1,34438.969,34435.31821961357,bias0_d0.8_mss1_fvg0_hall
2023-09-07 02:00:00,1,34438.969,34435.29026106974,bias0_d0.8_mss1_fvg0_hall
2023-09-07 07:42:00,1,34360.544,34352.31511227791,bias0_d0.8_mss1_fvg0_hall
2023-09-07 09:40:00,-1,34490.044,34494.886943016245,bias0_d0.8_mss1_fvg0_hall
2023-09-07 19:52:00,-1,34515.859,34531.28888367225,bias0_d0.8_mss1_fvg0_hall
2023-09-08 00:25:00,-1,34519.598,34522.63596019156,bias0_d0.8_mss1_fvg0_hall
2023-09-08 01:16:00,-1,34504.889,34509.41887371644,bias0_d0.8_mss1_fvg0_hall
2023-09-08 01:16:00,-1,34504.889,34510.20850416526,bias0_d0.8_mss1_fvg0_hall
2023-09-08 02:54:00,-1,34528.629,34530.29601677513,bias0_d0.8_mss1_fvg0_hall
2023-09-08 04:32:00,-1,34517.899000000005,34519.28434573999,bias0_d0.8_mss1_fvg0_hall
2023-09-08 07:06:00,1,34570.189,34560.74635106595,bias0_d0.8_mss1_fvg0_hall
2023-09-08 07:06:00,1,34570.189,34560.67150456124,bias0_d0.8_mss1_fvg0_hall
2023-09-08 09:41:00,1,34422.903999999995,34412.85455031619,bias0_d0.8_mss1_fvg0_hall
2023-09-08 11:12:00,-1,34466.903999999995,34474.42953212655,bias0_d0.8_mss1_fvg0_hall
2023-09-08 11:12:00,-1,34466.903999999995,34474.13617268894,bias0_d0.8_mss1_fvg0_hall
2023-09-11 02:52:00,1,34590.269,34581.81403318973,bias0_d0.8_mss1_fvg0_hall
2023-09-11 07:59:00,-1,34706.549,34711.09659433355,bias0_d0.8_mss1_fvg0_hall
2023-09-11 10:04:00,-1,34653.933000000005,34663.342493528085,bias0_d0.8_mss1_fvg0_hall
2023-09-11 12:33:00,-1,34654.099,34661.4297597595,bias0_d0.8_mss1_fvg0_hall
2023-09-11 14:57:00,-1,34658.754,34671.17994546858,bias0_d0.8_mss1_fvg0_hall
2023-09-12 07:03:00,-1,34644.093,34650.7264509933,bias0_d0.8_mss1_fvg0_hall
2023-09-12 07:03:00,-1,34644.093,34651.87500315239,bias0_d0.8_mss1_fvg0_hall
2023-09-12 07:06:00,-1,34633.907999999996,34646.94921721293,bias0_d0.8_mss1_fvg0_hall
2023-09-12 17:02:00,1,34746.029,34738.26206824904,bias0_d0.8_mss1_fvg0_hall
2023-09-13 03:08:00,-1,34602.849,34606.20098362867,bias0_d0.8_mss1_fvg0_hall
2023-09-13 04:13:00,1,34585.019,34582.889141442596,bias0_d0.8_mss1_fvg0_hall
2023-09-13 09:46:00,-1,34628.044,34637.46680553316,bias0_d0.8_mss1_fvg0_hall
2023-09-13 10:03:00,-1,34618.543000000005,34629.98386765982,bias0_d0.8_mss1_fvg0_hall
2023-09-13 10:03:00,-1,34618.543000000005,34632.198341398405,bias0_d0.8_mss1_fvg0_hall
2023-09-13 19:16:00,1,34523.214,34501.2029182904,bias0_d0.8_mss1_fvg0_hall
2023-09-14 09:07:00,1,34612.434,34606.58630287027,bias0_d0.8_mss1_fvg0_hall
2023-09-14 23:05:00,1,34944.524000000005,34942.42100999665,bias0_d0.8_mss1_fvg0_hall
2023-09-14 23:05:00,1,34944.524000000005,34942.443544996895,bias0_d0.8_mss1_fvg0_hall
2023-09-14 23:25:00,-1,34951.988,34953.55266823979,bias0_d0.8_mss1_fvg0_hall
2023-09-14 23:25:00,-1,34949.849,34952.57683479409,bias0_d0.8_mss1_fvg0_hall
2023-09-14 23:47:00,-1,34951.293999999994,34954.071908835605,bias0_d0.8_mss1_fvg0_hall
2023-09-15 01:06:00,-1,34959.464,34964.39461014757,bias0_d0.8_mss1_fvg0_hall
2023-09-15 06:52:00,1,34993.513999999996,34987.209245443926,bias0_d0.8_mss1_fvg0_hall
2023-09-15 07:23:00,-1,34988.048,35004.051066609674,bias0_d0.8_mss1_fvg0_hall
2023-09-15 11:01:00,-1,35012.784,35016.122723719556,bias0_d0.8_mss1_fvg0_hall
2023-09-15 16:28:00,-1,34712.129,34733.742197237596,bias0_d0.8_mss1_fvg0_hall
2023-09-15 16:56:00,-1,34726.60400000001,34733.91466845229,bias0_d0.8_mss1_fvg0_hall
2023-09-15 16:56:00,-1,34726.60400000001,34734.5047039206,bias0_d0.8_mss1_fvg0_hall
2023-09-18 03:13:00,1,34657.759,34652.399049957894,bias0_d0.8_mss1_fvg0_hall
2023-09-18 03:25:00,-1,34660.99800000001,34664.145492912794,bias0_d0.8_mss1_fvg0_hall
2023-09-18 03:25:00,-1,34660.99800000001,34663.634957704744,bias0_d0.8_mss1_fvg0_hall
2023-09-18 04:30:00,1,34673.134000000005,34670.95568181157,bias0_d0.8_mss1_fvg0_hall
2023-09-18 04:30:00,1,34673.134000000005,34671.47504739646,bias0_d0.8_mss1_fvg0_hall
2023-09-18 04:56:00,-1,34672.028999999995,34674.24576562357,bias0_d0.8_mss1_fvg0_hall
2023-09-18 08:01:00,-1,34659.544,34671.60785636368,bias0_d0.8_mss1_fvg0_hall
2023-09-18 12:43:00,-1,34610.778999999995,34628.11753055231,bias0_d0.8_mss1_fvg0_hall
2023-09-19 00:21:00,1,34646.258,34640.81197193192,bias0_d0.8_mss1_fvg0_hall
2023-09-19 01:06:00,-1,34637.024,34639.217460593405,bias0_d0.8_mss1_fvg0_hall
2023-09-19 05:48:00,1,34605.289000000004,34601.40392706519,bias0_d0.8_mss1_fvg0_hall
2023-09-19 06:00:00,-1,34606.889,34612.43825958676,bias0_d0.8_mss1_fvg0_hall
2023-09-19 07:05:00,1,34608.579,34600.906353807826,bias0_d0.8_mss1_fvg0_hall
2023-09-19 10:48:00,-1,34676.328,34680.558243605374,bias0_d0.8_mss1_fvg0_hall
2023-09-19 13:45:00,1,34551.293999999994,34532.92902487388,bias0_d0.8_mss1_fvg0_hall
2023-09-20 03:32:00,-1,34489.509,34492.59909166048,bias0_d0.8_mss1_fvg0_hall
2023-09-20 03:32:00,-1,34489.509,34493.61537082759,bias0_d0.8_mss1_fvg0_hall
2023-09-20 07:41:00,-1,34533.439,34544.265789884754,bias0_d0.8_mss1_fvg0_hall
2023-09-20 16:28:00,1,34719.248999999996,34710.32259326794,bias0_d0.8_mss1_fvg0_hall
2023-09-20 16:27:00,1,34717.254,34709.25978768574,bias0_d0.8_mss1_fvg0_hall
2023-09-20 16:47:00,1,34733.489,34723.357252848065,bias0_d0.8_mss1_fvg0_hall
2023-09-20 23:52:00,-1,34439.368,34445.93363431669,bias0_d0.8_mss1_fvg0_hall
2023-09-21 01:48:00,1,34401.60400000001,34394.074041399894,bias0_d0.8_mss1_fvg0_hall
2023-09-21 01:47:00,1,34401.60400000001,34394.074252728475,bias0_d0.8_mss1_fvg0_hall
2023-09-21 04:04:00,-1,34393.754,34397.67974165075,bias0_d0.8_mss1_fvg0_hall
2023-09-21 04:04:00,-1,34393.754,34395.87183153284,bias0_d0.8_mss1_fvg0_hall
2023-09-21 04:26:00,1,34389.099,34382.790135898256,bias0_d0.8_mss1_fvg0_hall
2023-09-21 07:22:00,-1,34403.524000000005,34411.55776370684,bias0_d0.8_mss1_fvg0_hall
2023-09-21 16:28:00,1,34232.724,34224.61550067559,bias0_d0.8_mss1_fvg0_hall
2023-09-21 23:03:00,-1,34079.124,34083.32223952677,bias0_d0.8_mss1_fvg0_hall
2023-09-21 23:03:00,-1,34079.124,34083.382186703435,bias0_d0.8_mss1_fvg0_hall
2023-09-22 04:53:00,1,34129.60400000001,34124.32839835119,bias0_d0.8_mss1_fvg0_hall
2023-09-22 11:47:00,1,34093.774,34082.98959894757,bias0_d0.8_mss1_fvg0_hall
2023-09-25 07:02:00,-1,34041.524000000005,34044.76808954058,bias0_d0.8_mss1_fvg0_hall
2023-09-25 12:57:00,-1,33908.539000000004,33915.359720186156,bias0_d0.8_mss1_fvg0_hall
2023-09-25 13:30:00,1,33867.528999999995,33856.36341343901,bias0_d0.8_mss1_fvg0_hall
2023-09-25 15:43:00,1,33918.494,33903.284989485364,bias0_d0.8_mss1_fvg0_hall
2023-09-25 15:43:00,1,33918.494,33904.34566880783,bias0_d0.8_mss1_fvg0_hall
2023-09-25 19:56:00,1,33968.248999999996,33932.39021401202,bias0_d0.8_mss1_fvg0_hall
2023-09-26 13:33:00,1,33805.504,33792.62513332261,bias0_d0.8_mss1_fvg0_hall
2023-09-26 13:33:00,1,33810.769,33800.56690951385,bias0_d0.8_mss1_fvg0_hall
2023-09-26 17:06:00,-1,33719.754,33743.308642606054,bias0_d0.8_mss1_fvg0_hall
2023-09-26 17:08:00,1,33717.239,33688.551181058116,bias0_d0.8_mss1_fvg0_hall
2023-09-26 18:55:00,1,33590.874,33574.70264471287,bias0_d0.8_mss1_fvg0_hall
2023-09-26 23:56:00,1,33656.124,33649.67668309517,bias0_d0.8_mss1_fvg0_hall
2023-09-27 09:13:00,1,33730.049,33724.23955829636,bias0_d0.8_mss1_fvg0_hall
2023-09-27 10:51:00,1,33692.309,33689.03248287597,bias0_d0.8_mss1_fvg0_hall
2023-09-28 01:49:00,1,33604.859,33598.58136727918,bias0_d0.8_mss1_fvg0_hall
2023-09-28 11:22:00,1,33587.554000000004,33576.75383148549,bias0_d0.8_mss1_fvg0_hall
2023-09-28 11:22:00,1,33587.554000000004,33578.30441495081,bias0_d0.8_mss1_fvg0_hall
2023-09-28 11:29:00,-1,33590.784,33600.82858841678,bias0_d0.8_mss1_fvg0_hall
2023-09-28 13:32:00,1,33537.043999999994,33511.80378897914,bias0_d0.8_mss1_fvg0_hall
2023-09-29 12:30:00,1,33844.308999999994,33817.85719237667,bias0_d0.8_mss1_fvg0_hall
2023-09-29 13:30:00,-1,33851.873999999996,33897.31984194525,bias0_d0.8_mss1_fvg0_hall
2023-09-29 14:56:00,-1,33745.739,33756.10670796119,bias0_d0.8_mss1_fvg0_hall
2023-09-29 16:13:00,-1,33617.299,33654.58129783503,bias0_d0.8_mss1_fvg0_hall
2023-10-02 12:48:00,-1,33442.429000000004,33453.6857082142,bias0_d0.8_mss1_fvg0_hall
2023-10-02 14:30:00,-1,33409.418999999994,33470.47619452061,bias0_d0.8_mss1_fvg0_hall
2023-10-02 15:02:00,1,33368.659,33320.806682159186,bias0_d0.8_mss1_fvg0_hall
2023-10-02 15:01:00,1,33368.659,33339.9519548621,bias0_d0.8_mss1_fvg0_hall
2023-10-02 17:15:00,1,33285.939,33256.4657154681,bias0_d0.8_mss1_fvg0_hall
2023-10-02 17:58:00,-1,33345.684,33351.52292095639,bias0_d0.8_mss1_fvg0_hall
2023-10-03 07:20:00,-1,33405.079,33420.662987173426,bias0_d0.8_mss1_fvg0_hall
2023-10-03 10:38:00,-1,33455.178,33464.543911356086,bias0_d0.8_mss1_fvg0_hall
2023-10-03 10:38:00,-1,33455.178,33464.325453402074,bias0_d0.8_mss1_fvg0_hall
2023-10-03 13:00:00,1,33253.459,33235.54719478358,bias0_d0.8_mss1_fvg0_hall
2023-10-04 00:49:00,1,32984.524000000005,32973.18633934183,bias0_d0.8_mss1_fvg0_hall
2023-10-04 02:49:00,-1,32907.858,32921.019643243475,bias0_d0.8_mss1_fvg0_hall
2023-10-04 02:55:00,1,32900.369000000006,32894.82696685031,bias0_d0.8_mss1_fvg0_hall
2023-10-04 10:29:00,-1,33023.793000000005,33033.96377323256,bias0_d0.8_mss1_fvg0_hall
2023-10-04 13:11:00,-1,33052.549,33062.66963632869,bias0_d0.8_mss1_fvg0_hall
2023-10-04 14:34:00,1,32929.299,32906.84299654809,bias0_d0.8_mss1_fvg0_hall
2023-10-04 17:52:00,-1,32975.043999999994,33007.26186123557,bias0_d0.8_mss1_fvg0_hall
2023-10-04 23:59:00,1,33074.364,33071.81572423273,bias0_d0.8_mss1_fvg0_hall
2023-10-04 23:59:00,1,33074.364,33071.311636787534,bias0_d0.8_mss1_fvg0_hall
2023-10-04 23:59:00,1,33074.364,33071.78144844557,bias0_d0.8_mss1_fvg0_hall
2023-10-05 00:00:00,-1,33075.274,33080.82142455458,bias0_d0.8_mss1_fvg0_hall
2023-10-05 08:38:00,-1,33096.079,33104.344834784344,bias0_d0.8_mss1_fvg0_hall
2023-10-05 11:23:00,1,33044.289000000004,33036.44428328325,bias0_d0.8_mss1_fvg0_hall
2023-10-05 11:23:00,1,33044.289000000004,33034.39590590588,bias0_d0.8_mss1_fvg0_hall
2023-10-05 15:00:00,-1,33017.763999999996,33038.148278990244,bias0_d0.8_mss1_fvg0_hall
2023-10-05 23:43:00,1,33090.013999999996,33087.893572730354,bias0_d0.8_mss1_fvg0_hall
2023-10-06 01:34:00,-1,33103.759000000005,33119.63487506625,bias0_d0.8_mss1_fvg0_hall
2023-10-06 04:31:00,-1,33100.994000000006,33104.12158315151,bias0_d0.8_mss1_fvg0_hall
2023-10-06 04:31:00,-1,33100.994000000006,33104.14315639084,bias0_d0.8_mss1_fvg0_hall
2023-10-06 08:33:00,-1,33142.937999999995,33150.22310606775,bias0_d0.8_mss1_fvg0_hall
2023-10-06 09:55:00,1,33145.549,33140.06891663789,bias0_d0.8_mss1_fvg0_hall
2023-10-09 00:04:00,-1,33224.983,33230.21363099463,bias0_d0.8_mss1_fvg0_hall
2023-10-09 01:00:00,-1,33218.479,33223.60854665438,bias0_d0.8_mss1_fvg0_hall
2023-10-09 14:30:00,-1,33366.709,33379.76643326108,bias0_d0.8_mss1_fvg0_hall
2023-10-09 23:29:00,-1,33608.364,33609.95080732398,bias0_d0.8_mss1_fvg0_hall
2023-10-10 06:07:00,-1,33611.504,33620.068120853866,bias0_d0.8_mss1_fvg0_hall
2023-10-10 06:07:00,-1,33611.504,33619.532826507166,bias0_d0.8_mss1_fvg0_hall
2023-10-10 07:46:00,-1,33661.174,33673.37132756896,bias0_d0.8_mss1_fvg0_hall
2023-10-10 11:37:00,1,33647.799,33640.998667332344,bias0_d0.8_mss1_fvg0_hall
2023-10-10 19:53:00,-1,33751.209,33775.644175219895,bias0_d0.8_mss1_fvg0_hall
2023-10-10 19:53:00,-1,33741.793999999994,33763.66884127562,bias0_d0.8_mss1_fvg0_hall
2023-10-10 22:30:00,1,33730.744,33728.34722071878,bias0_d0.8_mss1_fvg0_hall
2023-10-10 23:46:00,-1,33743.513000000006,33746.07279894272,bias0_d0.8_mss1_fvg0_hall
2023-10-11 00:00:00,1,33741.219,33738.893206047265,bias0_d0.8_mss1_fvg0_hall
2023-10-11 17:17:00,-1,33685.284,33702.36513700695,bias0_d0.8_mss1_fvg0_hall
2023-10-12 06:02:00,1,33884.399000000005,33881.368347838696,bias0_d0.8_mss1_fvg0_hall
2023-10-12 11:46:00,1,33938.429000000004,33925.7549498841,bias0_d0.8_mss1_fvg0_hall
2023-10-12 22:59:00,1,33620.248,33616.32666449119,bias0_d0.8_mss1_fvg0_hall
2023-10-13 05:10:00,1,33662.004,33657.2764327126,bias0_d0.8_mss1_fvg0_hall
2023-10-13 07:00:00,1,33664.124,33660.03885058456,bias0_d0.8_mss1_fvg0_hall
2023-10-13 07:52:00,-1,33700.529,33719.8471974859,bias0_d0.8_mss1_fvg0_hall
2023-10-13 08:01:00,1,33701.672999999995,33688.73792028278,bias0_d0.8_mss1_fvg0_hall
2023-10-13 08:01:00,1,33701.672999999995,33692.72976883401,bias0_d0.8_mss1_fvg0_hall
2023-10-13 18:05:00,1,33676.259000000005,33640.43501352203,bias0_d0.8_mss1_fvg0_hall
2023-10-13 18:26:00,-1,33676.019,33694.31655661458,bias0_d0.8_mss1_fvg0_hall
2023-10-13 18:33:00,1,33662.459,33644.7872898465,bias0_d0.8_mss1_fvg0_hall
2023-10-15 23:59:00,1,33724.389,33719.1702054937,bias0_d0.8_mss1_fvg0_hall
2023-10-15 23:59:00,1,33724.389,33721.60060510129,bias0_d0.8_mss1_fvg0_hall
2023-10-16 05:33:00,-1,33706.233,33711.52684390498,bias0_d0.8_mss1_fvg0_hall
2023-10-16 05:33:00,-1,33706.233,33711.02215505463,bias0_d0.8_mss1_fvg0_hall
2023-10-16 05:33:00,-1,33706.233,33712.820465407865,bias0_d0.8_mss1_fvg0_hall
2023-10-16 07:30:00,1,33728.659,33712.214123079706,bias0_d0.8_mss1_fvg0_hall
2023-10-16 09:16:00,1,33773.799,33759.65592388448,bias0_d0.8_mss1_fvg0_hall
2023-10-16 13:31:00,1,33884.524000000005,33869.66595117488,bias0_d0.8_mss1_fvg0_hall
2023-10-16 13:31:00,1,33884.524000000005,33864.63070466239,bias0_d0.8_mss1_fvg0_hall
2023-10-16 16:12:00,-1,34011.483,34029.01965773561,bias0_d0.8_mss1_fvg0_hall
2023-10-16 19:34:00,-1,34013.998999999996,34043.891907806974,bias0_d0.8_mss1_fvg0_hall
2023-10-16 19:33:00,-1,34025.209,34035.89548428254,bias0_d0.8_mss1_fvg0_hall
2023-10-16 19:59:00,-1,33988.479,34016.02310434133,bias0_d0.8_mss1_fvg0_hall
2023-10-17 07:03:00,1,33925.334,33921.87484315778,bias0_d0.8_mss1_fvg0_hall
2023-10-17 09:00:00,1,33887.413,33877.21328276522,bias0_d0.8_mss1_fvg0_hall
2023-10-17 10:17:00,-1,33909.312999999995,33930.88223680416,bias0_d0.8_mss1_fvg0_hall
2023-10-17 10:17:00,-1,33909.312999999995,33931.827413366846,bias0_d0.8_mss1_fvg0_hall
2023-10-17 11:26:00,-1,33897.699,33922.30668783388,bias0_d0.8_mss1_fvg0_hall
2023-10-17 14:07:00,1,33875.263999999996,33860.97171411786,bias0_d0.8_mss1_fvg0_hall
2023-10-17 14:48:00,-1,33935.719,33973.195990811735,bias0_d0.8_mss1_fvg0_hall
2023-10-17 18:19:00,-1,33911.859,33926.46688865224,bias0_d0.8_mss1_fvg0_hall
2023-10-18 01:50:00,1,33919.114,33912.42261895691,bias0_d0.8_mss1_fvg0_hall
2023-10-18 07:50:00,-1,33932.324,33950.395113727674,bias0_d0.8_mss1_fvg0_hall
2023-10-18 13:31:00,-1,33956.119000000006,33995.566685121594,bias0_d0.8_mss1_fvg0_hall
2023-10-19 00:13:00,-1,33681.879,33692.11202159993,bias0_d0.8_mss1_fvg0_hall
2023-10-19 07:01:00,-1,33635.159,33640.8293319048,bias0_d0.8_mss1_fvg0_hall
2023-10-19 07:16:00,-1,33631.569,33643.427119047476,bias0_d0.8_mss1_fvg0_hall
2023-10-19 07:16:00,-1,33631.569,33641.20721768695,bias0_d0.8_mss1_fvg0_hall
2023-10-19 07:19:00,1,33629.299,33608.317706720765,bias0_d0.8_mss1_fvg0_hall
2023-10-19 09:30:00,1,33590.449,33567.58033983708,bias0_d0.8_mss1_fvg0_hall
2023-10-19 15:24:00,1,33568.998999999996,33542.25747330392,bias0_d0.8_mss1_fvg0_hall
2023-10-19 17:15:00,-1,33822.734,33841.873586861715,bias0_d0.8_mss1_fvg0_hall
2023-10-19 19:41:00,-1,33442.494,33470.4015488683,bias0_d0.8_mss1_fvg0_hall
2023-10-20 00:35:00,1,33356.013999999996,33351.238387684134,bias0_d0.8_mss1_fvg0_hall
2023-10-20 00:47:00,-1,33380.269,33384.23100402825,bias0_d0.8_mss1_fvg0_hall
2023-10-20 10:11:00,-1,33337.519,33351.413806175595,bias0_d0.8_mss1_fvg0_hall
2023-10-20 10:11:00,-1,33337.519,33351.38360573448,bias0_d0.8_mss1_fvg0_hall
2023-10-20 10:11:00,-1,33337.519,33350.37606246774,bias0_d0.8_mss1_fvg0_hall
2023-10-20 17:04:00,-1,33304.543999999994,33330.73034602301,bias0_d0.8_mss1_fvg0_hall
2023-10-20 17:41:00,1,33297.994000000006,33270.2254776838,bias0_d0.8_mss1_fvg0_hall
2023-10-23 06:57:00,-1,33181.849,33185.550958968066,bias0_d0.8_mss1_fvg0_hall
2023-10-23 08:35:00,1,33073.049,33055.412939124704,bias0_d0.8_mss1_fvg0_hall
2023-10-24 00:54:00,1,32972.629,32969.31844315175,bias0_d0.8_mss1_fvg0_hall
2023-10-24 07:03:00,1,33033.319,33026.12803308317,bias0_d0.8_mss1_fvg0_hall
2023-10-24 07:18:00,1,33034.829,33017.36713429675,bias0_d0.8_mss1_fvg0_hall
2023-10-24 11:37:00,1,33095.668999999994,33084.67222466889,bias0_d0.8_mss1_fvg0_hall
2023-10-24 11:53:00,1,33090.074,33083.642234788036,bias0_d0.8_mss1_fvg0_hall
2023-10-24 12:02:00,-1,33091.029,33101.475271358526,bias0_d0.8_mss1_fvg0_hall
2023-10-24 14:23:00,1,33195.234,33166.53108267212,bias0_d0.8_mss1_fvg0_hall
2023-10-24 20:01:00,1,33164.494,33129.87290080265,bias0_d0.8_mss1_fvg0_hall
2023-10-25 13:36:00,-1,33209.759,33250.4775503758,bias0_d0.8_mss1_fvg0_hall
2023-10-25 14:31:00,1,33021.254,32981.4254434905,bias0_d0.8_mss1_fvg0_hall
2023-10-25 22:20:00,1,33023.469,33010.939675835136,bias0_d0.8_mss1_fvg0_hall
2023-10-26 09:03:00,1,32930.549,32920.21729676848,bias0_d0.8_mss1_fvg0_hall
2023-10-26 13:14:00,1,33044.314,33033.55489878183,bias0_d0.8_mss1_fvg0_hall
2023-10-26 14:33:00,-1,32974.10400000001,33023.63804951487,bias0_d0.8_mss1_fvg0_hall
2023-10-26 15:04:00,-1,33037.499,33084.40917796974,bias0_d0.8_mss1_fvg0_hall
2023-10-27 00:54:00,-1,32856.739,32864.19466054584,bias0_d0.8_mss1_fvg0_hall
2023-10-27 01:30:00,-1,32867.019,32872.5233884007,bias0_d0.8_mss1_fvg0_hall
2023-10-27 01:30:00,-1,32867.019,32871.8531106578,bias0_d0.8_mss1_fvg0_hall
2023-10-27 05:35:00,-1,32896.509,32900.23479052033,bias0_d0.8_mss1_fvg0_hall
2023-10-27 12:57:00,-1,32798.694,32814.68030002066,bias0_d0.8_mss1_fvg0_hall
2023-10-27 15:31:00,-1,32713.759,32731.836271025986,bias0_d0.8_mss1_fvg0_hall
2023-10-27 15:31:00,-1,32713.759,32729.929144524132,bias0_d0.8_mss1_fvg0_hall
2023-10-27 18:49:00,-1,32419.599000000002,32470.82587832402,bias0_d0.8_mss1_fvg0_hall
2023-10-27 18:49:00,-1,32419.599000000002,32466.860529872305,bias0_d0.8_mss1_fvg0_hall
2023-10-30 05:15:00,1,32480.999,32478.283102153346,bias0_d0.8_mss1_fvg0_hall
2023-10-30 06:00:00,1,32495.529,32491.31195828344,bias0_d0.8_mss1_fvg0_hall
2023-10-30 19:27:00,-1,32993.024,32999.332728707355,bias0_d0.8_mss1_fvg0_hall
2023-10-31 01:33:00,-1,32914.998999999996,32927.54189260225,bias0_d0.8_mss1_fvg0_hall
2023-10-31 23:19:00,1,32993.278999999995,32990.24100325784,bias0_d0.8_mss1_fvg0_hall
2023-10-31 23:19:00,1,32993.278999999995,32990.267503025134,bias0_d0.8_mss1_fvg0_hall
2023-11-01 03:20:00,1,33006.489,32999.76827271732,bias0_d0.8_mss1_fvg0_hall
2023-11-01 08:16:00,-1,32994.059,33008.47940777639,bias0_d0.8_mss1_fvg0_hall
2023-11-01 10:29:00,1,32922.034,32912.36779413813,bias0_d0.8_mss1_fvg0_hall
2023-11-01 10:29:00,1,32922.034,32917.08888027113,bias0_d0.8_mss1_fvg0_hall
2023-11-01 13:48:00,1,33038.774000000005,33007.23343966755,bias0_d0.8_mss1_fvg0_hall
2023-11-01 13:48:00,1,33038.774000000005,33009.283301119875,bias0_d0.8_mss1_fvg0_hall
2023-11-02 13:31:00,1,33492.769,33472.66259928553,bias0_d0.8_mss1_fvg0_hall
2023-11-02 18:56:00,-1,33783.224,33793.12238392987,bias0_d0.8_mss1_fvg0_hall
2023-11-03 02:35:00,-1,33886.243,33889.73729498641,bias0_d0.8_mss1_fvg0_hall
2023-11-03 03:51:00,-1,33892.253,33895.09495956431,bias0_d0.8_mss1_fvg0_hall
2023-11-03 10:55:00,-1,33852.059,33859.14263255382,bias0_d0.8_mss1_fvg0_hall
2023-11-03 12:01:00,-1,33856.179000000004,33864.23246237043,bias0_d0.8_mss1_fvg0_hall
2023-11-03 12:01:00,-1,33856.179000000004,33864.1939553092,bias0_d0.8_mss1_fvg0_hall
2023-11-03 13:15:00,1,34002.804000000004,33987.37461000596,bias0_d0.8_mss1_fvg0_hall
2023-11-03 13:15:00,1,34002.804000000004,33988.69712357696,bias0_d0.8_mss1_fvg0_hall
2023-11-03 14:16:00,1,34015.539000000004,33986.91770160367,bias0_d0.8_mss1_fvg0_hall
2023-11-03 14:16:00,1,34015.539000000004,33981.01062587256,bias0_d0.8_mss1_fvg0_hall
2023-11-03 14:59:00,1,33973.269,33953.54106394159,bias0_d0.8_mss1_fvg0_hall
2023-11-03 15:12:00,1,33989.004,33982.95028263873,bias0_d0.8_mss1_fvg0_hall
2023-11-03 15:12:00,1,33989.004,33974.780837581355,bias0_d0.8_mss1_fvg0_hall
2023-11-03 18:29:00,1,34097.739,34084.553016925514,bias0_d0.8_mss1_fvg0_hall
2023-11-03 18:29:00,1,34105.524000000005,34098.602715716544,bias0_d0.8_mss1_fvg0_hall
2023-11-06 01:24:00,-1,34085.743,34088.83075834969,bias0_d0.8_mss1_fvg0_hall
2023-11-06 08:46:00,-1,34121.318,34130.487266373704,bias0_d0.8_mss1_fvg0_hall
2023-11-06 09:02:00,-1,34119.148,34132.61305894667,bias0_d0.8_mss1_fvg0_hall
2023-11-06 10:20:00,-1,34101.174,34107.275054117665,bias0_d0.8_mss1_fvg0_hall
2023-11-06 17:26:00,-1,34103.513999999996,34117.501004115606,bias0_d0.8_mss1_fvg0_hall
2023-11-07 03:32:00,1,34026.248999999996,34020.78331606619,bias0_d0.8_mss1_fvg0_hall
2023-11-07 03:32:00,1,34026.248999999996,34023.28900777575,bias0_d0.8_mss1_fvg0_hall
2023-11-07 18:43:00,-1,34157.899000000005,34170.67973366831,bias0_d0.8_mss1_fvg0_hall
2023-11-07 18:43:00,-1,34157.899000000005,34169.45612412057,bias0_d0.8_mss1_fvg0_hall
2023-11-07 18:47:00,1,34165.234,34152.00416338584,bias0_d0.8_mss1_fvg0_hall
2023-11-07 18:55:00,-1,34164.863,34178.07133877288,bias0_d0.8_mss1_fvg0_hall
2023-11-08 02:58:00,1,34148.774000000005,34145.902634180864,bias0_d0.8_mss1_fvg0_hall
2023-11-08 02:58:00,1,34148.774000000005,34145.4214103108,bias0_d0.8_mss1_fvg0_hall
2023-11-08 05:03:00,-1,34133.513,34135.5520358167,bias0_d0.8_mss1_fvg0_hall
2023-11-08 05:03:00,-1,34133.513,34137.58160468694,bias0_d0.8_mss1_fvg0_hall
2023-11-08 05:03:00,-1,34133.513,34135.31332578073,bias0_d0.8_mss1_fvg0_hall
2023-11-08 07:57:00,-1,34120.214,34124.03631872757,bias0_d0.8_mss1_fvg0_hall
2023-11-08 10:24:00,-1,34145.594,34154.281785682724,bias0_d0.8_mss1_fvg0_hall
2023-11-08 10:24:00,-1,34145.594,34154.7543509911,bias0_d0.8_mss1_fvg0_hall
2023-11-09 02:32:00,1,34118.098,34111.35394902375,bias0_d0.8_mss1_fvg0_hall
2023-11-09 13:32:00,-1,34172.553,34184.1130395278,bias0_d0.8_mss1_fvg0_hall
2023-11-09 13:32:00,-1,34172.553,34182.21238696887,bias0_d0.8_mss1_fvg0_hall
2023-11-09 16:56:00,-1,34103.478,34124.79667687503,bias0_d0.8_mss1_fvg0_hall
2023-11-09 18:58:00,-1,33982.888000000006,34002.21546401648,bias0_d0.8_mss1_fvg0_hall
2023-11-09 20:01:00,1,33879.108,33862.44214305315,bias0_d0.8_mss1_fvg0_hall
2023-11-10 00:00:00,-1,33888.114,33892.47049461116,bias0_d0.8_mss1_fvg0_hall
2023-11-10 07:06:00,1,33947.983,33944.644503113544,bias0_d0.8_mss1_fvg0_hall
2023-11-10 08:16:00,-1,33989.069,33996.64365147181,bias0_d0.8_mss1_fvg0_hall
2023-11-10 11:28:00,-1,33922.418999999994,33929.97837171534,bias0_d0.8_mss1_fvg0_hall
2023-11-10 13:35:00,1,33982.409,33973.31263158352,bias0_d0.8_mss1_fvg0_hall
2023-11-10 13:35:00,1,33982.409,33970.273748661304,bias0_d0.8_mss1_fvg0_hall
2023-11-12 23:30:00,1,34237.119000000006,34230.214156674585,bias0_d0.8_mss1_fvg0_hall
2023-11-13 01:23:00,-1,34200.789000000004,34204.296879964946,bias0_d0.8_mss1_fvg0_hall
2023-11-13 04:37:00,-1,34163.254,34166.09642445137,bias0_d0.8_mss1_fvg0_hall
2023-11-13 07:21:00,-1,34199.748999999996,34204.815666537754,bias0_d0.8_mss1_fvg0_hall
2023-11-13 07:21:00,-1,34199.748999999996,34203.86133321363,bias0_d0.8_mss1_fvg0_hall
2023-11-13 08:03:00,-1,34206.299,34208.918223867135,bias0_d0.8_mss1_fvg0_hall
2023-11-13 10:01:00,-1,34273.499,34279.53601698522,bias0_d0.8_mss1_fvg0_hall
2023-11-13 10:01:00,-1,34273.499,34281.30406311481,bias0_d0.8_mss1_fvg0_hall
2023-11-13 15:03:00,1,34236.119000000006,34222.47052851495,bias0_d0.8_mss1_fvg0_hall
2023-11-14 02:36:00,-1,34335.248,34338.29953309445,bias0_d0.8_mss1_fvg0_hall
2023-11-15 00:42:00,-1,34859.593,34862.19011167412,bias0_d0.8_mss1_fvg0_hall
2023-11-15 08:00:00,1,34877.199,34872.34652894798,bias0_d0.8_mss1_fvg0_hall
2023-11-15 08:00:00,1,34877.199,34872.73956259455,bias0_d0.8_mss1_fvg0_hall
2023-11-15 08:35:00,1,34921.509000000005,34910.2256122005,bias0_d0.8_mss1_fvg0_hall
2023-11-15 13:32:00,-1,34949.759,34967.95042937753,bias0_d0.8_mss1_fvg0_hall
2023-11-15 17:11:00,-1,34942.418999999994,34958.17902560484,bias0_d0.8_mss1_fvg0_hall
2023-11-15 17:11:00,-1,34942.418999999994,34955.140238061635,bias0_d0.8_mss1_fvg0_hall
2023-11-15 17:42:00,-1,34969.054000000004,34980.85932140282,bias0_d0.8_mss1_fvg0_hall
2023-11-15 17:42:00,-1,34969.054000000004,34979.311834159766,bias0_d0.8_mss1_fvg0_hall
2023-11-15 17:42:00,-1,34969.054000000004,34981.85661210714,bias0_d0.8_mss1_fvg0_hall
2023-11-16 01:00:00,-1,34968.809,34973.08747031508,bias0_d0.8_mss1_fvg0_hall
2023-11-16 01:16:00,-1,34959.149000000005,34965.02979605684,bias0_d0.8_mss1_fvg0_hall
2023-11-16 02:44:00,1,34917.804000000004,34910.887629912635,bias0_d0.8_mss1_fvg0_hall
2023-11-16 04:37:00,1,34929.659,34925.63263450753,bias0_d0.8_mss1_fvg0_hall
2023-11-16 05:32:00,1,34953.799,34946.00915978508,bias0_d0.8_mss1_fvg0_hall
2023-11-16 05:32:00,1,34953.799,34947.48825256979,bias0_d0.8_mss1_fvg0_hall
2023-11-16 07:16:00,-1,34967.289000000004,34974.69487299537,bias0_d0.8_mss1_fvg0_hall
2023-11-16 12:02:00,-1,34969.074,34979.46322067128,bias0_d0.8_mss1_fvg0_hall
2023-11-16 17:15:00,1,34853.489,34839.73048897245,bias0_d0.8_mss1_fvg0_hall
2023-11-16 17:15:00,1,34853.489,34839.217299165015,bias0_d0.8_mss1_fvg0_hall
2023-11-16 17:15:00,1,34853.489,34843.65570636751,bias0_d0.8_mss1_fvg0_hall
2023-11-17 06:48:00,1,34967.998999999996,34965.86628109915,bias0_d0.8_mss1_fvg0_hall
2023-11-17 08:04:00,1,34973.559,34967.4046626264,bias0_d0.8_mss1_fvg0_hall
2023-11-17 09:20:00,-1,35024.153999999995,35039.73830043231,bias0_d0.8_mss1_fvg0_hall
2023-11-17 12:26:00,1,35034.064,35024.27034429175,bias0_d0.8_mss1_fvg0_hall
2023-11-19 23:20:00,-1,34939.274000000005,34944.33206767282,bias0_d0.8_mss1_fvg0_hall
2023-11-20 01:20:00,-1,34942.389,34945.00604675586,bias0_d0.8_mss1_fvg0_hall
2023-11-20 01:20:00,-1,34939.503,34944.90014632748,bias0_d0.8_mss1_fvg0_hall
2023-11-20 02:00:00,1,34931.013,34925.736949531485,bias0_d0.8_mss1_fvg0_hall
2023-11-20 07:33:00,1,34912.498,34907.77334759865,bias0_d0.8_mss1_fvg0_hall
2023-11-20 09:00:00,1,34929.818,34918.71274739686,bias0_d0.8_mss1_fvg0_hall
2023-11-20 19:23:00,1,35133.869,35124.83375928779,bias0_d0.8_mss1_fvg0_hall
2023-11-20 23:33:00,-1,35165.323000000004,35168.67478668279,bias0_d0.8_mss1_fvg0_hall
2023-11-21 01:13:00,-1,35169.694,35174.53508020182,bias0_d0.8_mss1_fvg0_hall
2023-11-21 09:44:00,-1,35123.699,35135.56142684029,bias0_d0.8_mss1_fvg0_hall
2023-11-21 14:05:00,1,35089.863,35077.070066545624,bias0_d0.8_mss1_fvg0_hall
2023-11-21 17:10:00,1,35066.739,35059.98431278016,bias0_d0.8_mss1_fvg0_hall
2023-11-21 17:10:00,1,35066.739,35060.472361867294,bias0_d0.8_mss1_fvg0_hall
2023-11-21 19:57:00,1,35067.204,35049.684357652186,bias0_d0.8_mss1_fvg0_hall
2023-11-22 11:04:00,-1,35142.503,35147.93773418589,bias0_d0.8_mss1_fvg0_hall
2023-11-22 19:02:00,1,35260.769,35243.88141397368,bias0_d0.8_mss1_fvg0_hall
2023-11-23 02:28:00,-1,35289.519,35291.29168767135,bias0_d0.8_mss1_fvg0_hall
2023-11-23 02:28:00,-1,35289.519,35291.09820998053,bias0_d0.8_mss1_fvg0_hall
2023-11-23 05:26:00,1,35272.763999999996,35270.50530953008,bias0_d0.8_mss1_fvg0_hall
2023-11-23 05:26:00,1,35272.763999999996,35270.47768027794,bias0_d0.8_mss1_fvg0_hall
2023-11-23 13:12:00,1,35280.782999999996,35276.55029593922,bias0_d0.8_mss1_fvg0_hall
2023-11-23 13:32:00,-1,35303.309,35305.36623899643,bias0_d0.8_mss1_fvg0_hall
2023-11-24 05:30:00,1,35306.649000000005,35303.50806653653,bias0_d0.8_mss1_fvg0_hall
2023-11-24 06:53:00,-1,35311.984,35314.56532383211,bias0_d0.8_mss1_fvg0_hall
2023-11-24 06:53:00,-1,35311.984,35314.56855070125,bias0_d0.8_mss1_fvg0_hall
2023-11-24 11:57:00,1,35369.054000000004,35366.055731861234,bias0_d0.8_mss1_fvg0_hall
2023-11-24 14:18:00,1,35330.184,35326.430519802016,bias0_d0.8_mss1_fvg0_hall
2023-11-27 05:26:00,1,35304.269,35299.40553062069,bias0_d0.8_mss1_fvg0_hall
2023-11-27 13:28:00,1,35344.534,35338.97006945713,bias0_d0.8_mss1_fvg0_hall
2023-11-28 00:01:00,-1,35364.454,35367.48224547823,bias0_d0.8_mss1_fvg0_hall
2023-11-28 00:01:00,-1,35364.454,35367.53789278481,bias0_d0.8_mss1_fvg0_hall
2023-11-28 05:25:00,1,35346.849,35345.493127471695,bias0_d0.8_mss1_fvg0_hall
2023-11-28 05:25:00,1,35346.849,35345.45533265229,bias0_d0.8_mss1_fvg0_hall
2023-11-28 06:59:00,1,35363.869000000006,35362.441912022005,bias0_d0.8_mss1_fvg0_hall
2023-11-28 08:13:00,1,35323.199,35313.260979483224,bias0_d0.8_mss1_fvg0_hall
2023-11-28 08:39:00,-1,35320.579,35331.43145166176,bias0_d0.8_mss1_fvg0_hall
2023-11-28 12:30:00,1,35332.329,35328.08344492791,bias0_d0.8_mss1_fvg0_hall
2023-11-28 14:32:00,-1,35331.789,35350.97479064053,bias0_d0.8_mss1_fvg0_hall
2023-11-28 19:23:00,-1,35390.989,35408.28314486388,bias0_d0.8_mss1_fvg0_hall
2023-11-28 19:23:00,-1,35390.989,35406.50613451646,bias0_d0.8_mss1_fvg0_hall
2023-11-28 19:35:00,1,35389.248999999996,35373.38088485823,bias0_d0.8_mss1_fvg0_hall
2023-11-29 00:26:00,1,35398.884000000005,35394.91025483562,bias0_d0.8_mss1_fvg0_hall
2023-11-29 02:38:00,-1,35436.019,35440.87471224573,bias0_d0.8_mss1_fvg0_hall
2023-11-29 02:38:00,-1,35436.019,35437.893411371035,bias0_d0.8_mss1_fvg0_hall
2023-11-29 04:10:00,1,35439.719,35436.220967424124,bias0_d0.8_mss1_fvg0_hall
2023-11-29 04:10:00,1,35439.719,35436.44896975097,bias0_d0.8_mss1_fvg0_hall
2023-11-29 05:50:00,1,35423.789000000004,35421.874955590065,bias0_d0.8_mss1_fvg0_hall
2023-11-29 13:30:00,1,35513.539000000004,35500.536094689975,bias0_d0.8_mss1_fvg0_hall
2023-11-29 18:03:00,1,35541.734,35527.32500138603,bias0_d0.8_mss1_fvg0_hall
2023-11-29 21:03:00,1,35446.489,35412.39962202934,bias0_d0.8_mss1_fvg0_hall
2023-11-29 23:54:00,1,35516.039000000004,35513.45993148831,bias0_d0.8_mss1_fvg0_hall
2023-11-30 05:58:00,1,35558.504,35554.42040259912,bias0_d0.8_mss1_fvg0_hall
2023-11-30 10:02:00,-1,35572.324,35577.22256494138,bias0_d0.8_mss1_fvg0_hall
2023-11-30 11:16:00,-1,35595.504,35601.62547259118,bias0_d0.8_mss1_fvg0_hall
2023-11-30 14:33:00,-1,35616.989,35635.973510242904,bias0_d0.8_mss1_fvg0_hall
2023-11-30 16:19:00,-1,35752.244,35764.41530989022,bias0_d0.8_mss1_fvg0_hall
2023-11-30 18:57:00,1,35706.239,35686.975243203706,bias0_d0.8_mss1_fvg0_hall
2023-11-30 20:01:00,-1,35816.734,35829.61889238846,bias0_d0.8_mss1_fvg0_hall
2023-12-01 06:14:00,1,35965.739,35960.74803007972,bias0_d0.8_mss1_fvg0_hall
2023-12-01 15:35:00,1,35996.263999999996,35980.879076745994,bias0_d0.8_mss1_fvg0_hall
2023-12-01 15:35:00,1,35996.263999999996,35983.82721412128,bias0_d0.8_mss1_fvg0_hall
2023-12-04 03:27:00,1,36230.763999999996,36227.33951696276,bias0_d0.8_mss1_fvg0_hall
2023-12-04 09:26:00,1,36149.039000000004,36142.63248287594,bias0_d0.8_mss1_fvg0_hall
2023-12-04 14:30:00,1,36081.259000000005,36039.96815380804,bias0_d0.8_mss1_fvg0_hall
2023-12-04 16:15:00,1,36073.234,36061.132535337594,bias0_d0.8_mss1_fvg0_hall
2023-12-04 19:31:00,1,36163.024000000005,36150.528113842716,bias0_d0.8_mss1_fvg0_hall
2023-12-05 05:15:00,-1,36146.543999999994,36150.05839369474,bias0_d0.8_mss1_fvg0_hall
2023-12-05 05:15:00,-1,36146.543999999994,36150.071329859406,bias0_d0.8_mss1_fvg0_hall
2023-12-05 05:15:00,-1,36146.543999999994,36151.041577786935,bias0_d0.8_mss1_fvg0_hall
2023-12-05 06:37:00,-1,36146.234,36149.6700808522,bias0_d0.8_mss1_fvg0_hall
2023-12-05 17:24:00,-1,36093.293999999994,36100.873557596766,bias0_d0.8_mss1_fvg0_hall
2023-12-05 18:41:00,-1,36130.269,36141.65620255146,bias0_d0.8_mss1_fvg0_hall
2023-12-06 01:35:00,1,36184.359,36177.28408512693,bias0_d0.8_mss1_fvg0_hall
2023-12-06 03:01:00,1,36194.994,36192.42973082753,bias0_d0.8_mss1_fvg0_hall
2023-12-06 12:40:00,1,36167.774000000005,36160.041386101824,bias0_d0.8_mss1_fvg0_hall
2023-12-06 14:58:00,1,36219.028999999995,36198.3809918789,bias0_d0.8_mss1_fvg0_hall
2023-12-07 05:10:00,1,36036.209,36031.86044327504,bias0_d0.8_mss1_fvg0_hall
2023-12-07 07:12:00,1,36027.734,36021.69375150813,bias0_d0.8_mss1_fvg0_hall
2023-12-07 10:20:00,1,35985.539000000004,35972.80465310952,bias0_d0.8_mss1_fvg0_hall
2023-12-07 10:20:00,1,35985.539000000004,35975.821570744556,bias0_d0.8_mss1_fvg0_hall
2023-12-07 10:19:00,1,35985.809,35976.273922834225,bias0_d0.8_mss1_fvg0_hall
2023-12-07 15:05:00,1,36050.039000000004,36032.57383603864,bias0_d0.8_mss1_fvg0_hall
2023-12-07 15:09:00,-1,36055.744,36069.583700048315,bias0_d0.8_mss1_fvg0_hall
2023-12-07 19:08:00,1,36143.549,36135.19904770812,bias0_d0.8_mss1_fvg0_hall
2023-12-07 19:08:00,1,36143.549,36135.25536572897,bias0_d0.8_mss1_fvg0_hall
2023-12-07 20:51:00,1,36120.374,36104.898705648826,bias0_d0.8_mss1_fvg0_hall
2023-12-08 00:08:00,1,36093.739,36090.78096597292,bias0_d0.8_mss1_fvg0_hall
2023-12-08 01:36:00,1,36102.609,36096.24545472107,bias0_d0.8_mss1_fvg0_hall
2023-12-08 01:36:00,1,36108.784,36102.73306509813,bias0_d0.8_mss1_fvg0_hall
2023-12-08 06:59:00,1,36127.278999999995,36125.50981135494,bias0_d0.8_mss1_fvg0_hall
2023-12-08 10:12:00,1,36134.024,36128.96179854022,bias0_d0.8_mss1_fvg0_hall
2023-12-08 14:28:00,1,36047.914000000004,36037.10591455723,bias0_d0.8_mss1_fvg0_hall
2023-12-08 17:19:00,1,36103.244,36094.56286700941,bias0_d0.8_mss1_fvg0_hall
2023-12-08 19:35:00,-1,36223.998999999996,36234.455382924396,bias0_d0.8_mss1_fvg0_hall
2023-12-11 08:05:00,1,36230.409,36219.165546510194,bias0_d0.8_mss1_fvg0_hall
2023-12-11 09:04:00,1,36220.584,36214.35115351589,bias0_d0.8_mss1_fvg0_hall
2023-12-11 10:43:00,1,36232.929000000004,36225.31417495544,bias0_d0.8_mss1_fvg0_hall
2023-12-11 13:16:00,1,36230.734,36220.23478369307,bias0_d0.8_mss1_fvg0_hall
2023-12-11 14:09:00,-1,36233.69899999999,36239.91367582968,bias0_d0.8_mss1_fvg0_hall
2023-12-11 18:02:00,1,36340.009000000005,36320.63011336344,bias0_d0.8_mss1_fvg0_hall
2023-12-12 01:51:00,1,36408.769,36405.21101528055,bias0_d0.8_mss1_fvg0_hall
2023-12-12 04:31:00,-1,36426.759,36428.73258116514,bias0_d0.8_mss1_fvg0_hall
2023-12-12 04:31:00,-1,36426.759,36429.05961108191,bias0_d0.8_mss1_fvg0_hall
2023-12-12 05:35:00,1,36421.498999999996,36418.436042356625,bias0_d0.8_mss1_fvg0_hall
2023-12-12 07:02:00,1,36417.509,36413.78662588957,bias0_d0.8_mss1_fvg0_hall
2023-12-12 10:02:00,-1,36491.539,36499.29029921749,bias0_d0.8_mss1_fvg0_hall
2023-12-13 01:11:00,-1,36635.234,36637.6251624372,bias0_d0.8_mss1_fvg0_hall
2023-12-13 06:15:00,1,36622.859,36620.46202500627,bias0_d0.8_mss1_fvg0_hall
2023-12-13 11:46:00,-1,36632.274000000005,36638.260136269564,bias0_d0.8_mss1_fvg0_hall
2023-12-13 14:13:00,-1,36640.074,36653.37993261348,bias0_d0.8_mss1_fvg0_hall
2023-12-13 14:13:00,-1,36640.074,36653.40147314109,bias0_d0.8_mss1_fvg0_hall
2023-12-14 07:21:00,1,37193.984,37185.50253057799,bias0_d0.8_mss1_fvg0_hall
2023-12-14 16:13:00,-1,37214.799,37225.618983941706,bias0_d0.8_mss1_fvg0_hall
2023-12-14 16:31:00,1,37158.513999999996,37147.23496771125,bias0_d0.8_mss1_fvg0_hall
2023-12-14 20:51:00,1,37209.899000000005,37186.861860989695,bias0_d0.8_mss1_fvg0_hall
2023-12-15 00:48:00,-1,37258.739,37266.767302562555,bias0_d0.8_mss1_fvg0_hall
2023-12-15 01:05:00,-1,37262.379,37267.589916605946,bias0_d0.8_mss1_fvg0_hall
2023-12-15 06:58:00,-1,37308.394,37313.92763459144,bias0_d0.8_mss1_fvg0_hall
2023-12-15 06:58:00,-1,37308.394,37312.14841069205,bias0_d0.8_mss1_fvg0_hall
2023-12-15 06:58:00,-1,37308.394,37313.25709564262,bias0_d0.8_mss1_fvg0_hall
2023-12-15 12:32:00,-1,37360.284,37369.17916788395,bias0_d0.8_mss1_fvg0_hall
2023-12-15 15:28:00,1,37158.739,37138.94277479113,bias0_d0.8_mss1_fvg0_hall
2023-12-15 16:58:00,1,37260.784,37249.80852251883,bias0_d0.8_mss1_fvg0_hall
2023-12-15 17:48:00,1,37259.244000000006,37250.073593725174,bias0_d0.8_mss1_fvg0_hall
2023-12-15 17:48:00,1,37259.244000000006,37245.81395326304,bias0_d0.8_mss1_fvg0_hall
2023-12-18 01:34:00,1,37333.899000000005,37330.19193827241,bias0_d0.8_mss1_fvg0_hall
2023-12-18 01:34:00,1,37333.899000000005,37330.667121252955,bias0_d0.8_mss1_fvg0_hall
2023-12-18 01:34:00,1,37333.899000000005,37330.94439830631,bias0_d0.8_mss1_fvg0_hall
2023-12-18 14:30:00,1,37336.509,37317.32662572765,bias0_d0.8_mss1_fvg0_hall
2023-12-18 14:39:00,1,37336.263999999996,37321.25388048469,bias0_d0.8_mss1_fvg0_hall
2023-12-18 14:39:00,1,37327.509,37313.61560330721,bias0_d0.8_mss1_fvg0_hall
2023-12-18 14:39:00,1,37327.509,37311.934631642405,bias0_d0.8_mss1_fvg0_hall
2023-12-18 17:05:00,-1,37366.248999999996,37373.353749943104,bias0_d0.8_mss1_fvg0_hall
2023-12-18 19:08:00,-1,37315.124,37325.51561533019,bias0_d0.8_mss1_fvg0_hall
2023-12-18 19:08:00,-1,37315.124,37326.08582137803,bias0_d0.8_mss1_fvg0_hall
2023-12-18 19:30:00,-1,37323.263999999996,37331.53092002734,bias0_d0.8_mss1_fvg0_hall
2023-12-19 07:54:00,-1,37306.389,37309.59967574121,bias0_d0.8_mss1_fvg0_hall
2023-12-19 10:40:00,1,37327.804000000004,37321.15451081599,bias0_d0.8_mss1_fvg0_hall
2023-12-19 18:37:00,-1,37502.099,37506.80141906128,bias0_d0.8_mss1_fvg0_hall
2023-12-20 04:31:00,1,37552.639,37551.51540622687,bias0_d0.8_mss1_fvg0_hall
2023-12-20 14:30:00,1,37475.759000000005,37464.07365696809,bias0_d0.8_mss1_fvg0_hall
2023-12-21 02:17:00,1,37146.119000000006,37138.14700644148,bias0_d0.8_mss1_fvg0_hall
2023-12-21 04:07:00,1,37150.539000000004,37147.41829091099,bias0_d0.8_mss1_fvg0_hall
2023-12-21 12:03:00,-1,37237.084,37248.1476936685,bias0_d0.8_mss1_fvg0_hall
2023-12-21 13:30:00,1,37247.054000000004,37231.02211302907,bias0_d0.8_mss1_fvg0_hall
2023-12-21 14:30:00,1,37302.774000000005,37270.19239465828,bias0_d0.8_mss1_fvg0_hall
2023-12-21 16:21:00,1,37293.754,37259.290971876486,bias0_d0.8_mss1_fvg0_hall
2023-12-21 16:21:00,1,37293.754,37266.83697388531,bias0_d0.8_mss1_fvg0_hall
2023-12-21 18:46:00,1,37212.524,37194.24190443517,bias0_d0.8_mss1_fvg0_hall
2023-12-21 19:49:00,-1,37246.744,37259.290769433275,bias0_d0.8_mss1_fvg0_hall
2023-12-22 02:36:00,-1,37291.629,37295.34001866698,bias0_d0.8_mss1_fvg0_hall
2023-12-22 03:34:00,-1,37295.289,37298.859792789095,bias0_d0.8_mss1_fvg0_hall
2023-12-22 04:28:00,1,37297.749,37294.016018423885,bias0_d0.8_mss1_fvg0_hall
2023-12-22 16:53:00,1,37447.224,37430.62422064537,bias0_d0.8_mss1_fvg0_hall
2023-12-22 20:09:00,-1,37408.754,37427.41928397049,bias0_d0.8_mss1_fvg0_hall
2023-12-22 20:26:00,1,37404.494,37394.58151653348,bias0_d0.8_mss1_fvg0_hall
2023-12-22 20:26:00,1,37404.494,37394.5062004804,bias0_d0.8_mss1_fvg0_hall
2023-12-26 04:20:00,-1,37443.394,37445.98524656231,bias0_d0.8_mss1_fvg0_hall
2023-12-26 04:41:00,1,37441.10400000001,37439.56682092032,bias0_d0.8_mss1_fvg0_hall
2023-12-26 13:12:00,-1,37424.829,37432.965337798916,bias0_d0.8_mss1_fvg0_hall
2023-12-26 18:53:00,-1,37538.109,37542.57643812849,bias0_d0.8_mss1_fvg0_hall
2023-12-27 00:02:00,-1,37562.778999999995,37565.339757514805,bias0_d0.8_mss1_fvg0_hall
2023-12-27 00:02:00,-1,37562.778999999995,37565.915453406604,bias0_d0.8_mss1_fvg0_hall
2023-12-27 10:12:00,-1,37557.599,37562.95408587174,bias0_d0.8_mss1_fvg0_hall
2023-12-28 07:23:00,1,37689.998999999996,37688.39060642727,bias0_d0.8_mss1_fvg0_hall
2023-12-28 07:23:00,1,37689.998999999996,37688.44792025389,bias0_d0.8_mss1_fvg0_hall
2023-12-28 09:41:00,-1,37632.304000000004,37639.727769968864,bias0_d0.8_mss1_fvg0_hall
2023-12-28 09:57:00,1,37634.034,37626.94510991262,bias0_d0.8_mss1_fvg0_hall
2023-12-28 13:34:00,-1,37646.764,37653.93403484801,bias0_d0.8_mss1_fvg0_hall
2023-12-28 20:47:00,-1,37766.864,37775.45873157737,bias0_d0.8_mss1_fvg0_hall
2023-12-29 01:32:00,1,37740.748999999996,37738.867826342364,bias0_d0.8_mss1_fvg0_hall
2023-12-29 05:57:00,1,37742.399000000005,37739.49593364699,bias0_d0.8_mss1_fvg0_hall
2023-12-29 05:57:00,1,37742.399000000005,37739.97258124364,bias0_d0.8_mss1_fvg0_hall
2023-12-29 07:45:00,-1,37757.494,37761.01779062529,bias0_d0.8_mss1_fvg0_hall
2023-12-29 07:59:00,1,37757.498999999996,37753.85156004548,bias0_d0.8_mss1_fvg0_hall
2023-12-29 10:35:00,1,37731.808999999994,37730.0404090223,bias0_d0.8_mss1_fvg0_hall
2023-12-29 15:46:00,-1,37709.949,37722.08289406478,bias0_d0.8_mss1_fvg0_hall
2024-01-02 06:34:00,-1,37734.474,37736.52109889427,bias0_d0.8_mss1_fvg0_hall
2024-01-02 06:34:00,-1,37734.474,37736.54066325897,bias0_d0.8_mss1_fvg0_hall
2024-01-02 14:28:00,-1,37498.814,37505.74012324545,bias0_d0.8_mss1_fvg0_hall
2024-01-02 15:26:00,-1,37677.239,37686.033206385924,bias0_d0.8_mss1_fvg0_hall
2024-01-02 15:26:00,-1,37677.239,37691.182009587865,bias0_d0.8_mss1_fvg0_hall
2024-01-02 18:26:00,1,37736.279,37724.03224464591,bias0_d0.8_mss1_fvg0_hall
2024-01-03 00:39:00,-1,37732.174,37734.55673924463,bias0_d0.8_mss1_fvg0_hall
2024-01-03 11:12:00,-1,37654.449,37660.73709341025,bias0_d0.8_mss1_fvg0_hall
2024-01-04 01:35:00,-1,37476.914,37481.17588027038,bias0_d0.8_mss1_fvg0_hall
2024-01-04 01:55:00,1,37472.144,37468.083577245125,bias0_d0.8_mss1_fvg0_hall
2024-01-04 08:00:00,1,37474.599,37468.05479905034,bias0_d0.8_mss1_fvg0_hall
2024-01-04 09:47:00,-1,37471.939,37486.422393885776,bias0_d0.8_mss1_fvg0_hall
2024-01-04 09:47:00,-1,37471.939,37485.4974901362,bias0_d0.8_mss1_fvg0_hall
2024-01-04 10:02:00,-1,37476.049,37489.30861475288,bias0_d0.8_mss1_fvg0_hall
2024-01-04 10:02:00,-1,37476.049,37487.87949941339,bias0_d0.8_mss1_fvg0_hall
2024-01-04 14:32:00,1,37484.904,37458.5276075934,bias0_d0.8_mss1_fvg0_hall
2024-01-04 14:32:00,1,37516.388999999996,37494.768707051015,bias0_d0.8_mss1_fvg0_hall
2024-01-04 19:15:00,1,37551.254,37532.158104087815,bias0_d0.8_mss1_fvg0_hall
2024-01-05 06:02:00,1,37470.028999999995,37466.906341486945,bias0_d0.8_mss1_fvg0_hall
2024-01-05 14:31:00,-1,37424.359,37441.95968591797,bias0_d0.8_mss1_fvg0_hall
2024-01-05 19:36:00,1,37476.239,37465.819610686936,bias0_d0.8_mss1_fvg0_hall
2024-01-05 19:40:00,-1,37483.278999999995,37493.28171021167,bias0_d0.8_mss1_fvg0_hall
2024-01-08 08:13:00,-1,37323.098,37338.68934878257,bias0_d0.8_mss1_fvg0_hall
2024-01-08 08:17:00,1,37318.039000000004,37301.69973568684,bias0_d0.8_mss1_fvg0_hall
2024-01-08 08:17:00,1,37326.684,37311.16775456635,bias0_d0.8_mss1_fvg0_hall
2024-01-08 14:30:00,1,37329.289000000004,37305.425117076134,bias0_d0.8_mss1_fvg0_hall
2024-01-08 18:26:00,-1,37457.609,37467.33825796805,bias0_d0.8_mss1_fvg0_hall
2024-01-09 02:10:00,-1,37626.894,37631.22331440774,bias0_d0.8_mss1_fvg0_hall
2024-01-09 10:12:00,1,37562.799,37557.76591351099,bias0_d0.8_mss1_fvg0_hall
2024-01-09 10:12:00,1,37562.799,37556.818919688776,bias0_d0.8_mss1_fvg0_hall
2024-01-09 10:12:00,1,37562.799,37557.24235399671,bias0_d0.8_mss1_fvg0_hall
2024-01-09 12:53:00,1,37546.179000000004,37535.93187341644,bias0_d0.8_mss1_fvg0_hall
2024-01-09 20:50:00,1,37504.754,37479.080043365364,bias0_d0.8_mss1_fvg0_hall
2024-01-10 05:31:00,1,37476.539000000004,37472.44477221919,bias0_d0.8_mss1_fvg0_hall
2024-01-10 08:23:00,1,37488.599,37480.694797103264,bias0_d0.8_mss1_fvg0_hall
2024-01-10 08:23:00,1,37488.599,37483.19466873875,bias0_d0.8_mss1_fvg0_hall
2024-01-10 10:09:00,-1,37526.149000000005,37535.14112414321,bias0_d0.8_mss1_fvg0_hall
2024-01-10 10:09:00,-1,37526.149000000005,37533.938043847265,bias0_d0.8_mss1_fvg0_hall
2024-01-10 16:51:00,-1,37573.219,37581.572581873,bias0_d0.8_mss1_fvg0_hall
2024-01-10 16:51:00,-1,37573.219,37582.497611739214,bias0_d0.8_mss1_fvg0_hall
2024-01-10 18:01:00,-1,37581.763000000006,37590.348958094044,bias0_d0.8_mss1_fvg0_hall
2024-01-10 18:01:00,-1,37581.763000000006,37591.423889658756,bias0_d0.8_mss1_fvg0_hall
2024-01-10 18:11:00,-1,37577.349,37606.77691925761,bias0_d0.8_mss1_fvg0_hall
2024-01-10 19:47:00,1,37686.248999999996,37672.92618576268,bias0_d0.8_mss1_fvg0_hall
2024-01-10 23:48:00,-1,37708.624,37714.174928752065,bias0_d0.8_mss1_fvg0_hall
2024-01-11 05:28:00,1,37756.994,37752.81612234633,bias0_d0.8_mss1_fvg0_hall
2024-01-12 06:06:00,1,37685.734,37682.24556972247,bias0_d0.8_mss1_fvg0_hall
2024-01-12 07:03:00,-1,37698.009000000005,37704.89104836492,bias0_d0.8_mss1_fvg0_hall
2024-01-12 13:02:00,1,37543.824,37538.27910569088,bias0_d0.8_mss1_fvg0_hall
2024-01-12 13:02:00,1,37550.074,37537.59800736256,bias0_d0.8_mss1_fvg0_hall
2024-01-15 02:53:00,1,37600.748999999996,37596.38959574991,bias0_d0.8_mss1_fvg0_hall
2024-01-15 03:43:00,-1,37616.248999999996,37619.13027595584,bias0_d0.8_mss1_fvg0_hall
2024-01-17 10:16:00,-1,37227.301,37235.99770653744,bias0_d0.8_mss1_fvg0_hall
2024-01-18 01:52:00,1,37263.307,37259.41692898757,bias0_d0.8_mss1_fvg0_hall
2024-01-18 03:42:00,1,37268.693,37266.54935553161,bias0_d0.8_mss1_fvg0_hall
2024-01-18 05:26:00,-1,37242.093,37246.50129103191,bias0_d0.8_mss1_fvg0_hall
2024-01-18 07:00:00,-1,37268.563,37272.59804895979,bias0_d0.8_mss1_fvg0_hall
2024-01-18 11:33:00,-1,37333.731,37339.344273788854,bias0_d0.8_mss1_fvg0_hall
2024-01-18 11:33:00,-1,37333.731,37340.091782803946,bias0_d0.8_mss1_fvg0_hall
2024-01-19 00:19:00,1,37459.168999999994,37456.96456434691,bias0_d0.8_mss1_fvg0_hall
2024-01-19 05:32:00,-1,37445.789000000004,37448.38782480444,bias0_d0.8_mss1_fvg0_hall
2024-01-19 07:03:00,-1,37447.307,37449.985444346974,bias0_d0.8_mss1_fvg0_hall
2024-01-19 07:03:00,-1,37447.307,37451.00768403647,bias0_d0.8_mss1_fvg0_hall
2024-01-19 07:03:00,-1,37447.307,37450.04740660529,bias0_d0.8_mss1_fvg0_hall
2024-01-19 07:13:00,-1,37448.825,37451.90311018131,bias0_d0.8_mss1_fvg0_hall
2024-01-19 11:51:00,-1,37588.457,37597.19396738193,bias0_d0.8_mss1_fvg0_hall
2024-01-22 03:51:00,-1,37936.807,37938.99609400541,bias0_d0.8_mss1_fvg0_hall
2024-01-22 04:32:00,-1,37927.539000000004,37930.34129473706,bias0_d0.8_mss1_fvg0_hall
2024-01-22 05:49:00,-1,37925.532999999996,37929.426808488526,bias0_d0.8_mss1_fvg0_hall
2024-01-22 05:49:00,-1,37925.532999999996,37929.238565025065,bias0_d0.8_mss1_fvg0_hall
2024-01-22 10:55:00,-1,37911.380999999994,37914.69537728328,bias0_d0.8_mss1_fvg0_hall
2024-01-22 14:31:00,1,37985.045,37963.77481059467,bias0_d0.8_mss1_fvg0_hall
2024-01-22 18:19:00,-1,37971.387,37986.66673910094,bias0_d0.8_mss1_fvg0_hall
2024-01-23 05:20:00,1,37993.263,37988.91030301953,bias0_d0.8_mss1_fvg0_hall
2024-01-23 05:56:00,1,37986.631,37982.78287886529,bias0_d0.8_mss1_fvg0_hall
2024-01-23 07:59:00,1,38005.215,37995.755645425466,bias0_d0.8_mss1_fvg0_hall
2024-01-23 07:59:00,1,38005.215,37997.1917667189,bias0_d0.8_mss1_fvg0_hall
2024-01-23 11:06:00,1,37989.319,37980.36467203179,bias0_d0.8_mss1_fvg0_hall
2024-01-23 13:22:00,1,37969.039000000004,37961.31715736987,bias0_d0.8_mss1_fvg0_hall
2024-01-23 13:22:00,1,37969.039000000004,37963.25480327203,bias0_d0.8_mss1_fvg0_hall
2024-01-24 06:24:00,1,37942.024999999994,37937.35796465925,bias0_d0.8_mss1_fvg0_hall
2024-01-24 07:06:00,1,37937.477,37934.22719471351,bias0_d0.8_mss1_fvg0_hall
2024-01-25 03:08:00,-1,37872.215,37875.80602498461,bias0_d0.8_mss1_fvg0_hall
2024-01-25 05:05:00,-1,37888.483,37893.616623684284,bias0_d0.8_mss1_fvg0_hall
2024-01-25 05:15:00,1,37887.757,37881.80847464,bias0_d0.8_mss1_fvg0_hall
2024-01-25 09:17:00,1,37893.801,37887.095702076775,bias0_d0.8_mss1_fvg0_hall
2024-01-25 13:16:00,1,37766.407,37752.456063890284,bias0_d0.8_mss1_fvg0_hall
2024-01-25 14:31:00,1,37904.977,37882.23207601489,bias0_d0.8_mss1_fvg0_hall
2024-01-25 14:45:00,-1,37925.125,37945.52412323325,bias0_d0.8_mss1_fvg0_hall
2024-01-26 07:17:00,-1,37920.251000000004,37925.84624921507,bias0_d0.8_mss1_fvg0_hall
2024-01-26 11:09:00,-1,37996.307,38002.445709402986,bias0_d0.8_mss1_fvg0_hall
2024-01-26 11:55:00,1,37992.271,37987.870825291764,bias0_d0.8_mss1_fvg0_hall
2024-01-26 15:10:00,1,38069.013,38051.54986114933,bias0_d0.8_mss1_fvg0_hall
2024-01-26 16:37:00,-1,38153.477,38178.32518960632,bias0_d0.8_mss1_fvg0_hall
2024-01-29 02:58:00,1,38031.850999999995,38028.547937264,bias0_d0.8_mss1_fvg0_hall
2024-01-29 02:58:00,1,38031.850999999995,38029.033498888,bias0_d0.8_mss1_fvg0_hall
2024-01-29 06:49:00,1,38058.600999999995,38055.49641236938,bias0_d0.8_mss1_fvg0_hall
2024-01-29 08:30:00,1,38084.168999999994,38074.8193369238,bias0_d0.8_mss1_fvg0_hall
2024-01-29 17:42:00,-1,38118.600999999995,38123.509754935345,bias0_d0.8_mss1_fvg0_hall
2024-01-29 17:42:00,-1,38113.248999999996,38122.564943868536,bias0_d0.8_mss1_fvg0_hall
2024-01-29 17:42:00,-1,38113.248999999996,38127.53545364174,bias0_d0.8_mss1_fvg0_hall
2024-01-30 03:31:00,-1,38305.839,38308.58276454573,bias0_d0.8_mss1_fvg0_hall
2024-01-30 03:31:00,-1,38305.839,38307.599895649604,bias0_d0.8_mss1_fvg0_hall
2024-01-30 08:48:00,-1,38295.651,38302.938016867156,bias0_d0.8_mss1_fvg0_hall
2024-01-30 09:40:00,-1,38291.163,38295.78072978017,bias0_d0.8_mss1_fvg0_hall
2024-01-30 11:03:00,1,38286.293,38279.635322999544,bias0_d0.8_mss1_fvg0_hall
2024-01-30 11:03:00,1,38286.293,38281.655271356714,bias0_d0.8_mss1_fvg0_hall
2024-01-30 13:58:00,-1,38255.425,38262.972526675774,bias0_d0.8_mss1_fvg0_hall
2024-01-30 13:58:00,-1,38255.425,38261.43676330717,bias0_d0.8_mss1_fvg0_hall
2024-01-30 18:43:00,-1,38437.763,38442.993447554654,bias0_d0.8_mss1_fvg0_hall
2024-01-30 18:43:00,-1,38437.763,38445.67972987218,bias0_d0.8_mss1_fvg0_hall
2024-01-30 18:43:00,-1,38437.763,38443.22237773845,bias0_d0.8_mss1_fvg0_hall
2024-01-31 00:47:00,1,38483.274999999994,38478.2589207801,bias0_d0.8_mss1_fvg0_hall
2024-01-31 13:01:00,-1,38516.051,38530.974812252425,bias0_d0.8_mss1_fvg0_hall
2024-01-31 14:37:00,1,38529.781,38513.19986036237,bias0_d0.8_mss1_fvg0_hall
2024-01-31 15:36:00,-1,38500.733,38513.88240983964,bias0_d0.8_mss1_fvg0_hall
2024-02-01 07:32:00,1,38160.23299999999,38156.05076777517,bias0_d0.8_mss1_fvg0_hall
2024-02-01 11:00:00,-1,38213.175,38218.56080247303,bias0_d0.8_mss1_fvg0_hall
2024-02-01 14:04:00,-1,38177.319,38187.712216955384,bias0_d0.8_mss1_fvg0_hall
2024-02-01 14:30:00,1,38131.081,38119.85109888631,bias0_d0.8_mss1_fvg0_hall
2024-02-01 14:30:00,1,38131.081,38119.29436325158,bias0_d0.8_mss1_fvg0_hall
2024-02-01 19:14:00,-1,38430.983,38442.88820890685,bias0_d0.8_mss1_fvg0_hall
2024-02-01 19:39:00,1,38402.024999999994,38371.39231450771,bias0_d0.8_mss1_fvg0_hall
2024-02-02 05:08:00,1,38519.263,38515.381962190724,bias0_d0.8_mss1_fvg0_hall
2024-02-02 05:33:00,-1,38529.739,38534.40073316984,bias0_d0.8_mss1_fvg0_hall
2024-02-02 06:26:00,1,38523.351,38520.79554338403,bias0_d0.8_mss1_fvg0_hall
2024-02-02 06:26:00,1,38523.351,38519.82217159134,bias0_d0.8_mss1_fvg0_hall
2024-02-02 11:15:00,1,38514.325,38507.99240664231,bias0_d0.8_mss1_fvg0_hall
2024-02-02 11:15:00,1,38514.325,38508.99977759643,bias0_d0.8_mss1_fvg0_hall
2024-02-02 16:20:00,-1,38470.721,38504.79893500319,bias0_d0.8_mss1_fvg0_hall
2024-02-02 20:35:00,-1,38773.769,38782.81746290181,bias0_d0.8_mss1_fvg0_hall
2024-02-05 00:04:00,1,38657.274999999994,38636.05743178192,bias0_d0.8_mss1_fvg0_hall
2024-02-05 00:04:00,1,38657.274999999994,38644.052086654636,bias0_d0.8_mss1_fvg0_hall
2024-02-05 08:38:00,-1,38591.503,38598.83690968354,bias0_d0.8_mss1_fvg0_hall
2024-02-06 00:04:00,1,38324.965,38317.95224022908,bias0_d0.8_mss1_fvg0_hall
2024-02-06 00:40:00,1,38332.751000000004,38328.85461806622,bias0_d0.8_mss1_fvg0_hall
2024-02-06 03:50:00,-1,38363.263,38366.35710137777,bias0_d0.8_mss1_fvg0_hall
2024-02-06 04:57:00,-1,38368.744999999995,38372.061173410635,bias0_d0.8_mss1_fvg0_hall
2024-02-06 04:57:00,-1,38368.744999999995,38372.26091816702,bias0_d0.8_mss1_fvg0_hall
2024-02-06 14:33:00,1,38395.727,38367.181238962236,bias0_d0.8_mss1_fvg0_hall
2024-02-06 15:52:00,-1,38451.244999999995,38475.743659742235,bias0_d0.8_mss1_fvg0_hall
2024-02-06 19:01:00,-1,38488.131,38505.70967474244,bias0_d0.8_mss1_fvg0_hall
2024-02-06 19:01:00,-1,38488.131,38506.25604083225,bias0_d0.8_mss1_fvg0_hall
2024-02-06 20:35:00,1,38425.781,38417.67866995896,bias0_d0.8_mss1_fvg0_hall
2024-02-07 02:50:00,1,38551.477,38546.34981258384,bias0_d0.8_mss1_fvg0_hall
2024-02-07 08:18:00,-1,38540.039000000004,38546.881690654554,bias0_d0.8_mss1_fvg0_hall
2024-02-07 08:51:00,1,38537.045,38533.33356219651,bias0_d0.8_mss1_fvg0_hall
2024-02-08 03:11:00,-1,38683.239,38684.539018234085,bias0_d0.8_mss1_fvg0_hall
2024-02-08 17:58:00,1,38606.119000000006,38592.12511885099,bias0_d0.8_mss1_fvg0_hall
2024-02-08 18:35:00,1,38637.275,38622.89520292554,bias0_d0.8_mss1_fvg0_hall
2024-02-08 20:29:00,-1,38708.507,38719.22678121509,bias0_d0.8_mss1_fvg0_hall
2024-02-08 20:59:00,1,38702.257,38693.685272696704,bias0_d0.8_mss1_fvg0_hall
2024-02-09 00:42:00,1,38708.739,38706.46724694982,bias0_d0.8_mss1_fvg0_hall
2024-02-09 00:39:00,1,38709.227,38706.885000739116,bias0_d0.8_mss1_fvg0_hall
2024-02-09 00:48:00,-1,38715.024999999994,38717.190719272636,bias0_d0.8_mss1_fvg0_hall
2024-02-09 03:03:00,1,38705.524999999994,38704.47950535924,bias0_d0.8_mss1_fvg0_hall
2024-02-09 11:04:00,-1,38742.651,38747.403776171086,bias0_d0.8_mss1_fvg0_hall
2024-02-12 07:59:00,-1,38649.507,38657.72352005277,bias0_d0.8_mss1_fvg0_hall
2024-02-12 09:54:00,-1,38627.075,38630.3810388269,bias0_d0.8_mss1_fvg0_hall
2024-02-12 14:20:00,1,38624.413,38618.556645114026,bias0_d0.8_mss1_fvg0_hall
2024-02-12 20:28:00,1,38768.351,38760.26252839956,bias0_d0.8_mss1_fvg0_hall
2024-02-13 01:57:00,1,38766.763,38764.39629898974,bias0_d0.8_mss1_fvg0_hall
2024-02-13 02:04:00,-1,38766.625,38770.54396362676,bias0_d0.8_mss1_fvg0_hall
2024-02-13 04:27:00,1,38753.483,38749.97487709435,bias0_d0.8_mss1_fvg0_hall
2024-02-13 08:04:00,-1,38808.271,38813.56794105845,bias0_d0.8_mss1_fvg0_hall
2024-02-13 13:30:00,-1,38759.045,38764.12218959513,bias0_d0.8_mss1_fvg0_hall
2024-02-14 01:15:00,-1,38248.299,38256.493654564314,bias0_d0.8_mss1_fvg0_hall
2024-02-14 03:24:00,1,38242.031,38239.349855319524,bias0_d0.8_mss1_fvg0_hall
2024-02-14 03:24:00,1,38242.031,38239.37023708241,bias0_d0.8_mss1_fvg0_hall
2024-02-14 08:04:00,1,38298.388999999996,38286.499781971586,bias0_d0.8_mss1_fvg0_hall
2024-02-14 13:39:00,1,38377.795,38360.16081473657,bias0_d0.8_mss1_fvg0_hall
2024-02-14 14:33:00,-1,38378.751,38406.96126602904,bias0_d0.8_mss1_fvg0_hall
2024-02-14 14:33:00,-1,38378.751,38424.71419594235,bias0_d0.8_mss1_fvg0_hall
2024-02-15 06:02:00,-1,38417.751000000004,38421.53948702035,bias0_d0.8_mss1_fvg0_hall
2024-02-15 10:16:00,-1,38492.801,38497.187409069586,bias0_d0.8_mss1_fvg0_hall
2024-02-15 12:27:00,1,38451.045,38446.35144666435,bias0_d0.8_mss1_fvg0_hall
2024-02-15 16:04:00,-1,38584.739,38601.13657900927,bias0_d0.8_mss1_fvg0_hall
2024-02-15 16:04:00,-1,38584.739,38599.657123365745,bias0_d0.8_mss1_fvg0_hall
2024-02-16 02:06:00,-1,38715.001000000004,38718.720288423756,bias0_d0.8_mss1_fvg0_hall
2024-02-16 08:03:00,1,38710.681,38705.65886380251,bias0_d0.8_mss1_fvg0_hall
2024-02-16 12:47:00,1,38724.581000000006,38719.44729478888,bias0_d0.8_mss1_fvg0_hall
2024-02-16 12:47:00,1,38732.925,38724.93783087539,bias0_d0.8_mss1_fvg0_hall
2024-02-16 13:00:00,1,38732.539000000004,38726.87401623574,bias0_d0.8_mss1_fvg0_hall
2024-02-16 13:07:00,-1,38736.551,38740.98312062919,bias0_d0.8_mss1_fvg0_hall
2024-02-19 07:00:00,-1,38649.257,38653.261932580426,bias0_d0.8_mss1_fvg0_hall
2024-02-19 14:35:00,-1,38648.971000000005,38654.91103526681,bias0_d0.8_mss1_fvg0_hall
2024-02-19 14:44:00,1,38648.257,38630.34101644687,bias0_d0.8_mss1_fvg0_hall
2024-02-19 14:44:00,1,38648.257,38638.7404223445,bias0_d0.8_mss1_fvg0_hall
2024-02-20 01:19:00,1,38566.477,38560.69002598471,bias0_d0.8_mss1_fvg0_hall
2024-02-20 03:52:00,1,38508.721000000005,38504.91505361231,bias0_d0.8_mss1_fvg0_hall
2024-02-20 13:36:00,-1,38498.289000000004,38508.42622132853,bias0_d0.8_mss1_fvg0_hall
2024-02-20 14:28:00,1,38490.789000000004,38483.875044318585,bias0_d0.8_mss1_fvg0_hall
2024-02-20 19:19:00,1,38532.483,38523.13637515748,bias0_d0.8_mss1_fvg0_hall
2024-02-20 20:26:00,1,38580.739,38562.66633226998,bias0_d0.8_mss1_fvg0_hall
2024-02-21 01:38:00,1,38534.989,38530.07805286284,bias0_d0.8_mss1_fvg0_hall
2024-02-21 05:03:00,1,38537.263,38535.488288229375,bias0_d0.8_mss1_fvg0_hall
2024-02-21 06:02:00,1,38537.703,38534.86134255738,bias0_d0.8_mss1_fvg0_hall
2024-02-21 09:45:00,-1,38503.193,38509.6986575244,bias0_d0.8_mss1_fvg0_hall
2024-02-21 14:27:00,1,38506.003,38500.52354451225,bias0_d0.8_mss1_fvg0_hall
2024-02-21 14:27:00,1,38509.575,38502.02621990423,bias0_d0.8_mss1_fvg0_hall
2024-02-21 14:31:00,-1,38478.244999999995,38527.87158620666,bias0_d0.8_mss1_fvg0_hall
2024-02-21 16:26:00,-1,38520.643,38534.529133066906,bias0_d0.8_mss1_fvg0_hall
2024-02-21 17:49:00,1,38456.107,38446.462932852366,bias0_d0.8_mss1_fvg0_hall
2024-02-21 18:01:00,-1,38480.703,38508.60954663176,bias0_d0.8_mss1_fvg0_hall
2024-02-21 19:03:00,1,38506.244999999995,38475.38113410305,bias0_d0.8_mss1_fvg0_hall
2024-02-22 04:05:00,-1,38650.143,38654.071564620106,bias0_d0.8_mss1_fvg0_hall
2024-02-22 07:59:00,-1,38721.227,38727.83652389563,bias0_d0.8_mss1_fvg0_hall
2024-02-22 14:07:00,1,38846.045,38823.02905268045,bias0_d0.8_mss1_fvg0_hall
2024-02-22 14:07:00,1,38846.045,38823.89583463185,bias0_d0.8_mss1_fvg0_hall
2024-02-22 14:29:00,1,38821.949,38799.799256382634,bias0_d0.8_mss1_fvg0_hall
2024-02-22 14:33:00,1,38854.025,38821.659938069584,bias0_d0.8_mss1_fvg0_hall
2024-02-22 17:19:00,1,38879.48299999999,38864.32704880405,bias0_d0.8_mss1_fvg0_hall
2024-02-23 10:07:00,-1,39049.557,39056.56549734195,bias0_d0.8_mss1_fvg0_hall
2024-02-23 10:07:00,-1,39049.557,39056.58086181753,bias0_d0.8_mss1_fvg0_hall
2024-02-23 13:26:00,1,39102.401,39099.90750581598,bias0_d0.8_mss1_fvg0_hall
2024-02-23 13:26:00,1,39102.401,39097.309176953575,bias0_d0.8_mss1_fvg0_hall
2024-02-23 14:33:00,-1,39162.244999999995,39200.5787399271,bias0_d0.8_mss1_fvg0_hall
2024-02-23 14:33:00,-1,39162.244999999995,39183.821972789454,bias0_d0.8_mss1_fvg0_hall
2024-02-26 05:45:00,-1,39093.027,39095.38246376343,bias0_d0.8_mss1_fvg0_hall
2024-02-26 05:44:00,-1,39093.027,39096.4333592089,bias0_d0.8_mss1_fvg0_hall
2024-02-26 09:45:00,1,39056.570999999996,39053.12558771654,bias0_d0.8_mss1_fvg0_hall
2024-02-26 13:06:00,1,39097.625,39094.813451756876,bias0_d0.8_mss1_fvg0_hall
2024-02-26 17:00:00,-1,39144.019,39159.69451486257,bias0_d0.8_mss1_fvg0_hall
2024-02-26 20:33:00,-1,39105.489,39126.28347255228,bias0_d0.8_mss1_fvg0_hall
2024-02-27 01:03:00,1,39059.013,39051.73340707789,bias0_d0.8_mss1_fvg0_hall
2024-02-27 05:00:00,-1,39055.257,39057.51633560225,bias0_d0.8_mss1_fvg0_hall
2024-02-27 06:35:00,1,39052.543,39049.854332724695,bias0_d0.8_mss1_fvg0_hall
2024-02-27 06:35:00,1,39052.543,39050.41558038721,bias0_d0.8_mss1_fvg0_hall
2024-02-27 06:41:00,-1,39054.994999999995,39061.71413001322,bias0_d0.8_mss1_fvg0_hall
2024-02-27 11:03:00,-1,39088.837,39096.13495973982,bias0_d0.8_mss1_fvg0_hall
2024-02-27 11:03:00,-1,39088.837,39095.5979197584,bias0_d0.8_mss1_fvg0_hall
2024-02-27 17:39:00,-1,38904.494999999995,38911.499856330076,bias0_d0.8_mss1_fvg0_hall
2024-02-27 19:55:00,1,38926.757,38911.45562457732,bias0_d0.8_mss1_fvg0_hall
2024-02-27 20:24:00,1,38942.763,38935.50482471854,bias0_d0.8_mss1_fvg0_hall
2024-02-28 00:22:00,-1,38921.001000000004,38923.183151296296,bias0_d0.8_mss1_fvg0_hall
2024-02-28 02:03:00,-1,38929.977,38934.13260947817,bias0_d0.8_mss1_fvg0_hall
2024-02-28 02:47:00,1,38928.601,38926.94605611908,bias0_d0.8_mss1_fvg0_hall
2024-02-28 04:58:00,-1,38933.489,38936.028317780685,bias0_d0.8_mss1_fvg0_hall
2024-02-28 06:08:00,-1,38929.019,38932.06520625832,bias0_d0.8_mss1_fvg0_hall
2024-02-28 21:01:00,-1,38908.215,38944.05751508582,bias0_d0.8_mss1_fvg0_hall
2024-02-29 02:31:00,-1,38903.363,38907.634523123335,bias0_d0.8_mss1_fvg0_hall
2024-02-29 06:36:00,1,38927.001000000004,38924.89786385016,bias0_d0.8_mss1_fvg0_hall
2024-02-29 11:49:00,1,38815.699,38808.870677014536,bias0_d0.8_mss1_fvg0_hall
2024-02-29 11:49:00,1,38815.699,38808.88335722779,bias0_d0.8_mss1_fvg0_hall
2024-02-29 13:06:00,1,38816.557,38808.28890917863,bias0_d0.8_mss1_fvg0_hall
2024-02-29 13:23:00,-1,38825.562999999995,38834.44996361456,bias0_d0.8_mss1_fvg0_hall
2024-02-29 18:49:00,-1,38924.48299999999,38933.65965090426,bias0_d0.8_mss1_fvg0_hall
2024-03-01 14:30:00,1,38964.083,38935.25296887483,bias0_d0.8_mss1_fvg0_hall
2024-03-04 05:27:00,1,39034.519,39031.52183598954,bias0_d0.8_mss1_fvg0_hall
2024-03-05 00:46:00,-1,38939.131,38941.04314317859,bias0_d0.8_mss1_fvg0_hall
2024-03-05 02:22:00,1,38939.001,38935.600620054924,bias0_d0.8_mss1_fvg0_hall
2024-03-05 02:57:00,1,38932.494999999995,38928.86272708418,bias0_d0.8_mss1_fvg0_hall
2024-03-05 07:16:00,-1,38909.507,38912.161563734,bias0_d0.8_mss1_fvg0_hall
2024-03-05 23:35:00,1,38584.739,38577.5908897957,bias0_d0.8_mss1_fvg0_hall
2024-03-06 01:04:00,1,38554.757,38551.81769200823,bias0_d0.8_mss1_fvg0_hall
2024-03-06 01:04:00,1,38554.757,38551.263056864795,bias0_d0.8_mss1_fvg0_hall
2024-03-06 03:11:00,1,38565.013,38560.832646950745,bias0_d0.8_mss1_fvg0_hall
2024-03-06 03:24:00,1,38565.875,38560.383552900435,bias0_d0.8_mss1_fvg0_hall
2024-03-06 06:59:00,1,38571.994999999995,38568.4085151158,bias0_d0.8_mss1_fvg0_hall
2024-03-06 07:19:00,1,38571.107,38567.72934224764,bias0_d0.8_mss1_fvg0_hall
2024-03-06 11:46:00,1,38651.039,38647.96294778192,bias0_d0.8_mss1_fvg0_hall
2024-03-06 11:46:00,1,38651.039,38646.89133150584,bias0_d0.8_mss1_fvg0_hall
2024-03-06 11:53:00,-1,38655.039000000004,38659.9377698169,bias0_d0.8_mss1_fvg0_hall
2024-03-06 12:00:00,1,38650.069,38644.795913051305,bias0_d0.8_mss1_fvg0_hall
2024-03-06 12:00:00,1,38650.069,38646.85443354764,bias0_d0.8_mss1_fvg0_hall
2024-03-06 15:11:00,1,38710.787,38683.827108483274,bias0_d0.8_mss1_fvg0_hall
2024-03-07 01:35:00,-1,38631.257,38641.05884682003,bias0_d0.8_mss1_fvg0_hall
2024-03-07 03:00:00,1,38590.019,38584.1344378009,bias0_d0.8_mss1_fvg0_hall
2024-03-07 06:06:00,1,38630.631,38624.6994706498,bias0_d0.8_mss1_fvg0_hall
2024-03-07 17:29:00,-1,38797.119000000006,38805.380923341036,bias0_d0.8_mss1_fvg0_hall
2024-03-08 05:57:00,1,38771.757,38769.4343762908,bias0_d0.8_mss1_fvg0_hall
2024-03-08 07:02:00,-1,38772.494999999995,38775.13744610585,bias0_d0.8_mss1_fvg0_hall
2024-03-08 07:02:00,-1,38769.251,38776.16962852686,bias0_d0.8_mss1_fvg0_hall
2024-03-08 17:45:00,-1,38881.757,38902.89018496642,bias0_d0.8_mss1_fvg0_hall
2024-03-08 21:04:00,1,38741.001000000004,38716.77824005212,bias0_d0.8_mss1_fvg0_hall
2024-03-11 05:13:00,1,38647.483,38642.17878908505,bias0_d0.8_mss1_fvg0_hall
2024-03-11 05:13:00,1,38647.483,38642.9395041504,bias0_d0.8_mss1_fvg0_hall
2024-03-11 08:02:00,-1,38676.069,38686.21228783203,bias0_d0.8_mss1_fvg0_hall
2024-03-11 10:09:00,1,38580.795,38576.55416579083,bias0_d0.8_mss1_fvg0_hall
2024-03-11 18:34:00,-1,38731.031,38743.19560319766,bias0_d0.8_mss1_fvg0_hall
2024-03-12 03:25:00,-1,38812.727,38816.097920929096,bias0_d0.8_mss1_fvg0_hall
2024-03-12 08:01:00,-1,38836.307,38844.443779680936,bias0_d0.8_mss1_fvg0_hall
2024-03-12 08:06:00,-1,38828.282999999996,38845.49095598729,bias0_d0.8_mss1_fvg0_hall
2024-03-12 08:56:00,1,38763.021,38756.96363126822,bias0_d0.8_mss1_fvg0_hall
2024-03-12 12:33:00,1,38767.157,38760.95445164737,bias0_d0.8_mss1_fvg0_hall
2024-03-12 12:32:00,1,38763.289,38701.690535885304,bias0_d0.8_mss1_fvg0_hall
2024-03-13 01:13:00,1,38985.115000000005,38980.61241317328,bias0_d0.8_mss1_fvg0_hall
2024-03-13 08:25:00,-1,39012.713,39024.91515612251,bias0_d0.8_mss1_fvg0_hall
2024-03-13 08:25:00,-1,39012.713,39024.6389449709,bias0_d0.8_mss1_fvg0_hall
2024-03-13 10:23:00,1,39023.945,39016.68411520164,bias0_d0.8_mss1_fvg0_hall
2024-03-13 14:39:00,-1,39158.413,39170.700889071486,bias0_d0.8_mss1_fvg0_hall
2024-03-13 15:12:00,1,39133.109,39120.32312641449,bias0_d0.8_mss1_fvg0_hall
2024-03-13 16:12:00,1,39161.187000000005,39145.288902308166,bias0_d0.8_mss1_fvg0_hall
2024-03-13 18:42:00,-1,39122.632,39129.858509796315,bias0_d0.8_mss1_fvg0_hall
2024-03-13 23:07:00,1,39069.681,39066.761596425866,bias0_d0.8_mss1_fvg0_hall
2024-03-14 12:28:00,1,39191.487,39182.699785345874,bias0_d0.8_mss1_fvg0_hall
2024-03-14 12:30:00,-1,39196.44500000001,39199.204699321686,bias0_d0.8_mss1_fvg0_hall
2024-03-14 12:30:00,-1,39196.44500000001,39201.80185502738,bias0_d0.8_mss1_fvg0_hall
2024-03-14 16:06:00,-1,38972.681,38979.017177721944,bias0_d0.8_mss1_fvg0_hall
2024-03-15 03:17:00,1,38886.477,38883.855646065786,bias0_d0.8_mss1_fvg0_hall
2024-03-15 08:40:00,1,38917.045,38908.23508620936,bias0_d0.8_mss1_fvg0_hall
2024-03-15 12:04:00,1,38972.687,38966.85628672532,bias0_d0.8_mss1_fvg0_hall
2024-03-15 12:40:00,-1,38975.087,38982.25113104144,bias0_d0.8_mss1_fvg0_hall
2024-03-18 17:33:00,-1,38863.751,38870.00568090885,bias0_d0.8_mss1_fvg0_hall
2024-03-19 03:39:00,1,38765.244999999995,38761.77577717239,bias0_d0.8_mss1_fvg0_hall
2024-03-19 03:39:00,1,38773.001000000004,38763.18492317416,bias0_d0.8_mss1_fvg0_hall
2024-03-19 05:45:00,1,38776.787,38773.80074771071,bias0_d0.8_mss1_fvg0_hall
2024-03-19 08:43:00,1,38789.325,38781.57138538395,bias0_d0.8_mss1_fvg0_hall
2024-03-19 16:18:00,1,38987.263,38980.479907099194,bias0_d0.8_mss1_fvg0_hall
2024-03-19 16:18:00,1,38995.531,38990.856285163536,bias0_d0.8_mss1_fvg0_hall
2024-03-19 19:19:00,1,39028.494999999995,39013.21069722379,bias0_d0.8_mss1_fvg0_hall
2024-03-20 01:10:00,-1,39100.257,39102.59983798217,bias0_d0.8_mss1_fvg0_hall
2024-03-20 08:54:00,1,39083.057,39075.40862297815,bias0_d0.8_mss1_fvg0_hall
2024-03-20 08:54:00,1,39083.057,39073.916364193996,bias0_d0.8_mss1_fvg0_hall
2024-03-20 09:37:00,-1,39097.557,39102.62110254179,bias0_d0.8_mss1_fvg0_hall
2024-03-21 08:38:00,1,39641.545,39635.31253120257,bias0_d0.8_mss1_fvg0_hall
2024-03-22 01:34:00,1,39824.549,39821.91590976982,bias0_d0.8_mss1_fvg0_hall
2024-03-22 08:10:00,-1,39779.521,39790.78783226933,bias0_d0.8_mss1_fvg0_hall
2024-03-22 13:28:00,1,39773.009,39757.93327168647,bias0_d0.8_mss1_fvg0_hall
2024-03-22 13:28:00,1,39773.009,39754.85552370886,bias0_d0.8_mss1_fvg0_hall
2024-03-25 00:56:00,-1,39434.545,39437.97114323544,bias0_d0.8_mss1_fvg0_hall
2024-03-25 00:56:00,-1,39434.545,39437.50404729005,bias0_d0.8_mss1_fvg0_hall
2024-03-25 04:28:00,1,39404.062999999995,39402.25470416674,bias0_d0.8_mss1_fvg0_hall
2024-03-25 04:28:00,1,39408.532999999996,39403.73866815483,bias0_d0.8_mss1_fvg0_hall
2024-03-25 05:03:00,1,39409.557,39407.24811661321,bias0_d0.8_mss1_fvg0_hall
2024-03-25 05:02:00,1,39409.789,39406.0378082837,bias0_d0.8_mss1_fvg0_hall
2024-03-25 07:00:00,-1,39396.131,39400.91658885148,bias0_d0.8_mss1_fvg0_hall
2024-03-25 07:00:00,-1,39396.131,39400.78447304031,bias0_d0.8_mss1_fvg0_hall
2024-03-25 08:00:00,1,39397.957,39388.09809003623,bias0_d0.8_mss1_fvg0_hall
2024-03-26 01:48:00,-1,39355.151,39358.41542684235,bias0_d0.8_mss1_fvg0_hall
2024-03-26 01:48:00,-1,39355.151,39358.61742492504,bias0_d0.8_mss1_fvg0_hall
2024-03-26 16:48:00,1,39417.363,39399.47923516717,bias0_d0.8_mss1_fvg0_hall
2024-03-26 18:39:00,-1,39395.703,39408.16678645883,bias0_d0.8_mss1_fvg0_hall
2024-03-26 19:20:00,-1,39410.739,39417.15896122417,bias0_d0.8_mss1_fvg0_hall
2024-03-26 23:30:00,-1,39386.001,39391.55952107504,bias0_d0.8_mss1_fvg0_hall
2024-03-27 00:43:00,-1,39397.851,39400.060749382545,bias0_d0.8_mss1_fvg0_hall
2024-03-27 00:43:00,-1,39397.851,39400.29061860026,bias0_d0.8_mss1_fvg0_hall
2024-03-27 08:00:00,1,39430.049,39421.162289951586,bias0_d0.8_mss1_fvg0_hall
2024-03-28 02:41:00,1,39764.013,39760.464109110304,bias0_d0.8_mss1_fvg0_hall
2024-03-28 05:30:00,1,39760.869000000006,39759.441715531,bias0_d0.8_mss1_fvg0_hall
2024-03-28 05:30:00,1,39764.001,39759.89699299307,bias0_d0.8_mss1_fvg0_hall
2024-03-28 12:30:00,1,39790.253,39769.4082446295,bias0_d0.8_mss1_fvg0_hall
2024-03-28 12:36:00,-1,39782.431,39790.70466361114,bias0_d0.8_mss1_fvg0_hall
2024-03-28 12:36:00,-1,39771.515,39789.58104478178,bias0_d0.8_mss1_fvg0_hall
2024-03-28 16:13:00,1,39781.994999999995,39775.72115292929,bias0_d0.8_mss1_fvg0_hall
2024-03-28 19:59:00,-1,39813.459,39848.47496765907,bias0_d0.8_mss1_fvg0_hall
2024-03-28 19:59:00,-1,39813.459,39854.57759854056,bias0_d0.8_mss1_fvg0_hall
2024-04-01 07:52:00,1,39941.301,39938.10325500624,bias0_d0.8_mss1_fvg0_hall
2024-04-01 09:53:00,-1,39924.331000000006,39926.86896293269,bias0_d0.8_mss1_fvg0_hall
2024-04-01 15:10:00,-1,39581.494999999995,39593.01518200916,bias0_d0.8_mss1_fvg0_hall
2024-04-01 18:57:00,-1,39536.387,39546.23228086776,bias0_d0.8_mss1_fvg0_hall
2024-04-02 02:09:00,-1,39430.989,39434.46204787841,bias0_d0.8_mss1_fvg0_hall
2024-04-02 02:09:00,-1,39430.989,39434.764761366205,bias0_d0.8_mss1_fvg0_hall
2024-04-02 16:44:00,-1,39098.013,39118.682538966124,bias0_d0.8_mss1_fvg0_hall
2024-04-02 18:27:00,1,39101.001,39088.92261345335,bias0_d0.8_mss1_fvg0_hall
2024-04-03 01:57:00,-1,39134.669,39138.494064990744,bias0_d0.8_mss1_fvg0_hall
2024-04-03 13:29:00,1,39139.463,39123.13728293769,bias0_d0.8_mss1_fvg0_hall
2024-04-03 13:29:00,1,39139.463,39123.12007701357,bias0_d0.8_mss1_fvg0_hall
2024-04-03 13:29:00,1,39139.463,39126.50758579831,bias0_d0.8_mss1_fvg0_hall
2024-04-03 19:55:00,-1,39150.901,39171.80234606182,bias0_d0.8_mss1_fvg0_hall
2024-04-04 03:31:00,-1,39195.651,39197.933331202374,bias0_d0.8_mss1_fvg0_hall
2024-04-04 03:31:00,-1,39195.651,39198.3416504022,bias0_d0.8_mss1_fvg0_hall
2024-04-04 07:03:00,1,39201.713,39195.008306083844,bias0_d0.8_mss1_fvg0_hall
2024-04-04 07:09:00,-1,39208.893,39214.23802643363,bias0_d0.8_mss1_fvg0_hall
2024-04-04 07:09:00,-1,39200.333,39207.24272454552,bias0_d0.8_mss1_fvg0_hall
2024-04-04 07:58:00,1,39224.875,39218.921588441204,bias0_d0.8_mss1_fvg0_hall
2024-04-04 16:57:00,-1,39316.771,39326.59587000387,bias0_d0.8_mss1_fvg0_hall
2024-04-04 23:04:00,1,38606.643,38596.661446448976,bias0_d0.8_mss1_fvg0_hall
2024-04-05 00:09:00,1,38608.643,38599.87528380094,bias0_d0.8_mss1_fvg0_hall
2024-04-05 00:09:00,1,38608.643,38595.31620638658,bias0_d0.8_mss1_fvg0_hall
2024-04-05 08:42:00,-1,38662.301,38674.67262438612,bias0_d0.8_mss1_fvg0_hall
2024-04-05 12:29:00,1,38693.168999999994,38685.86758189615,bias0_d0.8_mss1_fvg0_hall
2024-04-05 14:12:00,1,38688.215,38663.16837622725,bias0_d0.8_mss1_fvg0_hall
2024-04-08 04:49:00,-1,38884.101,38888.11078325365,bias0_d0.8_mss1_fvg0_hall
2024-04-08 13:31:00,1,38944.299,38904.28765971075,bias0_d0.8_mss1_fvg0_hall
2024-04-08 15:02:00,-1,38953.637,38979.12774711563,bias0_d0.8_mss1_fvg0_hall
2024-04-08 17:22:00,1,38914.387,38905.52460290832,bias0_d0.8_mss1_fvg0_hall
2024-04-08 22:41:00,1,38919.107,38916.06192117002,bias0_d0.8_mss1_fvg0_hall
2024-04-09 00:35:00,1,38900.350999999995,38897.90275735196,bias0_d0.8_mss1_fvg0_hall
2024-04-09 08:52:00,1,38854.043,38848.23834846405,bias0_d0.8_mss1_fvg0_hall
2024-04-09 08:52:00,1,38854.043,38848.25943785948,bias0_d0.8_mss1_fvg0_hall
2024-04-09 09:43:00,1,38889.187,38883.34088608767,bias0_d0.8_mss1_fvg0_hall
2024-04-09 18:24:00,-1,38758.501,38775.29205762791,bias0_d0.8_mss1_fvg0_hall
2024-04-09 18:24:00,-1,38758.501,38770.23571065449,bias0_d0.8_mss1_fvg0_hall
2024-04-10 00:04:00,1,38910.287,38908.39014760232,bias0_d0.8_mss1_fvg0_hall
2024-04-10 11:44:00,1,38956.545,38944.22576914869,bias0_d0.8_mss1_fvg0_hall
2024-04-10 11:44:00,1,38956.545,38945.71164278092,bias0_d0.8_mss1_fvg0_hall
2024-04-10 20:00:00,-1,38477.971,38507.47817841825,bias0_d0.8_mss1_fvg0_hall
2024-04-11 02:52:00,-1,38446.971000000005,38451.19307622774,bias0_d0.8_mss1_fvg0_hall
2024-04-11 07:18:00,-1,38458.539000000004,38477.3592170267,bias0_d0.8_mss1_fvg0_hall
2024-04-11 07:58:00,1,38459.199,38446.79021271205,bias0_d0.8_mss1_fvg0_hall
2024-04-11 08:47:00,-1,38441.765,38457.47436710958,bias0_d0.8_mss1_fvg0_hall
2024-04-11 11:05:00,-1,38385.551,38395.5152072029,bias0_d0.8_mss1_fvg0_hall
2024-04-11 17:04:00,1,38359.257,38319.40381647085,bias0_d0.8_mss1_fvg0_hall
2024-04-11 17:04:00,1,38359.257,38329.34394386578,bias0_d0.8_mss1_fvg0_hall
2024-04-11 17:04:00,1,38359.257,38327.08336216108,bias0_d0.8_mss1_fvg0_hall
2024-04-11 19:13:00,-1,38559.23299999999,38571.430183503464,bias0_d0.8_mss1_fvg0_hall
2024-04-12 06:06:00,1,38488.763,38486.106389335655,bias0_d0.8_mss1_fvg0_hall
2024-04-12 17:21:00,-1,37965.137,37999.04974178427,bias0_d0.8_mss1_fvg0_hall
2024-04-12 19:20:00,1,37901.994999999995,37875.243933518876,bias0_d0.8_mss1_fvg0_hall
2024-04-12 19:43:00,1,37898.887,37880.03309042232,bias0_d0.8_mss1_fvg0_hall
2024-04-15 07:35:00,1,38125.307,38107.232219489495,bias0_d0.8_mss1_fvg0_hall
2024-04-15 15:28:00,1,38054.387,38031.887971757365,bias0_d0.8_mss1_fvg0_hall
2024-04-15 17:06:00,1,38021.769,37981.47120515304,bias0_d0.8_mss1_fvg0_hall
2024-04-15 20:00:00,-1,37749.221,37794.536241912116,bias0_d0.8_mss1_fvg0_hall
2024-04-16 00:02:00,1,37742.113,37739.46144221587,bias0_d0.8_mss1_fvg0_hall
2024-04-16 00:00:00,-1,37742.387,37750.336092171005,bias0_d0.8_mss1_fvg0_hall
2024-04-16 00:02:00,1,37742.113,37734.81285726978,bias0_d0.8_mss1_fvg0_hall
2024-04-16 01:46:00,1,37703.393,37698.81872260595,bias0_d0.8_mss1_fvg0_hall
2024-04-16 04:31:00,-1,37656.257,37662.32761458405,bias0_d0.8_mss1_fvg0_hall
2024-04-16 08:35:00,1,37695.753,37683.50201449957,bias0_d0.8_mss1_fvg0_hall
2024-04-16 12:34:00,1,37933.801,37906.117222672045,bias0_d0.8_mss1_fvg0_hall
2024-04-16 16:48:00,1,37879.727,37856.38692592289,bias0_d0.8_mss1_fvg0_hall
2024-04-16 17:29:00,-1,37867.251,37900.09470343741,bias0_d0.8_mss1_fvg0_hall
2024-04-16 19:19:00,1,37874.751000000004,37856.77775292806,bias0_d0.8_mss1_fvg0_hall
2024-04-17 10:52:00,-1,37985.795,37997.22119338701,bias0_d0.8_mss1_fvg0_hall
2024-04-17 16:30:00,-1,37711.227,37728.572120032804,bias0_d0.8_mss1_fvg0_hall
2024-04-17 22:41:00,1,37755.133,37749.98483249858,bias0_d0.8_mss1_fvg0_hall
2024-04-18 03:21:00,1,37819.388999999996,37813.321504349486,bias0_d0.8_mss1_fvg0_hall
2024-04-18 11:43:00,1,37843.683000000005,37832.36339170458,bias0_d0.8_mss1_fvg0_hall
2024-04-18 12:37:00,1,37841.445,37818.23245329807,bias0_d0.8_mss1_fvg0_hall
2024-04-18 13:20:00,1,37895.337,37867.39172224682,bias0_d0.8_mss1_fvg0_hall
2024-04-18 13:32:00,1,37913.049,37866.840226348446,bias0_d0.8_mss1_fvg0_hall
2024-04-18 19:54:00,-1,37828.244999999995,37843.12775895124,bias0_d0.8_mss1_fvg0_hall
2024-04-19 07:26:00,1,37605.825,37594.87303905547,bias0_d0.8_mss1_fvg0_hall
2024-04-19 07:43:00,1,37604.045,37582.38610741177,bias0_d0.8_mss1_fvg0_hall
2024-04-19 08:12:00,-1,37641.443,37657.738371880514,bias0_d0.8_mss1_fvg0_hall
2024-04-19 14:57:00,-1,37958.749,38001.71933261007,bias0_d0.8_mss1_fvg0_hall
2024-04-19 16:42:00,1,37846.757,37825.95133593874,bias0_d0.8_mss1_fvg0_hall
2024-04-22 12:00:00,-1,38210.081,38225.91553228512,bias0_d0.8_mss1_fvg0_hall
2024-04-23 09:27:00,1,38271.307,38264.52011898645,bias0_d0.8_mss1_fvg0_hall
2024-04-23 19:33:00,1,38480.143,38469.35539040573,bias0_d0.8_mss1_fvg0_hall
2024-04-23 19:56:00,-1,38500.477,38522.1119074616,bias0_d0.8_mss1_fvg0_hall
2024-04-23 22:44:00,-1,38505.369000000006,38507.983329084745,bias0_d0.8_mss1_fvg0_hall
2024-04-24 02:44:00,-1,38540.751,38542.71776866843,bias0_d0.8_mss1_fvg0_hall
2024-04-24 02:57:00,1,38534.739,38532.28507113287,bias0_d0.8_mss1_fvg0_hall
2024-04-24 05:57:00,-1,38569.269,38578.27509827681,bias0_d0.8_mss1_fvg0_hall
2024-04-24 08:54:00,-1,38521.301,38536.06475955769,bias0_d0.8_mss1_fvg0_hall
2024-04-24 12:36:00,-1,38513.831,38521.57457304406,bias0_d0.8_mss1_fvg0_hall
2024-04-24 13:50:00,1,38450.251000000004,38437.32583292792,bias0_d0.8_mss1_fvg0_hall
2024-04-24 16:30:00,-1,38368.739,38387.722198331925,bias0_d0.8_mss1_fvg0_hall
2024-04-24 16:30:00,-1,38368.739,38395.31749845107,bias0_d0.8_mss1_fvg0_hall
2024-04-25 04:31:00,1,38394.631,38391.958242526285,bias0_d0.8_mss1_fvg0_hall
2024-04-26 08:08:00,1,38152.343,38144.60567997176,bias0_d0.8_mss1_fvg0_hall
2024-04-26 16:36:00,1,38252.471,38238.653565622255,bias0_d0.8_mss1_fvg0_hall
2024-04-26 19:34:00,-1,38293.257,38306.19703059903,bias0_d0.8_mss1_fvg0_hall
2024-04-26 19:34:00,-1,38290.799,38296.65952841339,bias0_d0.8_mss1_fvg0_hall
2024-04-29 02:04:00,-1,38371.757,38376.89722764869,bias0_d0.8_mss1_fvg0_hall
2024-04-29 04:10:00,1,38354.269,38349.263420078685,bias0_d0.8_mss1_fvg0_hall
2024-04-29 06:01:00,-1,38364.381,38367.12097357817,bias0_d0.8_mss1_fvg0_hall
2024-04-29 13:01:00,-1,38308.789,38318.868689417395,bias0_d0.8_mss1_fvg0_hall
2024-04-29 17:21:00,1,38346.209,38337.09784247326,bias0_d0.8_mss1_fvg0_hall
2024-04-29 17:21:00,1,38346.209,38333.022110868034,bias0_d0.8_mss1_fvg0_hall
2024-04-30 01:54:00,-1,38348.251000000004,38351.11655353293,bias0_d0.8_mss1_fvg0_hall
2024-04-30 01:54:00,-1,38348.251000000004,38350.12198542343,bias0_d0.8_mss1_fvg0_hall
2024-04-30 02:36:00,1,38339.977,38336.90727776015,bias0_d0.8_mss1_fvg0_hall
2024-04-30 07:25:00,1,38364.509,38353.27281870881,bias0_d0.8_mss1_fvg0_hall
2024-04-30 07:25:00,1,38364.509,38354.28631737247,bias0_d0.8_mss1_fvg0_hall
2024-04-30 13:28:00,1,38212.027,38204.516283050776,bias0_d0.8_mss1_fvg0_hall
2024-04-30 13:31:00,-1,38226.883,38237.29803451234,bias0_d0.8_mss1_fvg0_hall
2024-04-30 13:31:00,-1,38226.883,38255.19907151006,bias0_d0.8_mss1_fvg0_hall
2024-04-30 19:51:00,-1,37944.513,37964.17531790804,bias0_d0.8_mss1_fvg0_hall
2024-05-01 04:11:00,-1,37853.607,37857.144880596956,bias0_d0.8_mss1_fvg0_hall
2024-05-01 04:47:00,1,37848.369000000006,37844.48743981396,bias0_d0.8_mss1_fvg0_hall
2024-05-01 04:47:00,1,37848.369000000006,37844.425750655915,bias0_d0.8_mss1_fvg0_hall
2024-05-01 06:04:00,-1,37833.721000000005,37839.80694864157,bias0_d0.8_mss1_fvg0_hall
2024-05-01 07:29:00,-1,37807.289000000004,37812.75513147541,bias0_d0.8_mss1_fvg0_hall
2024-05-01 12:18:00,1,37750.777,37728.565457484015,bias0_d0.8_mss1_fvg0_hall
2024-05-01 12:31:00,1,37757.551,37738.65633023874,bias0_d0.8_mss1_fvg0_hall
2024-05-01 12:31:00,1,37757.551,37732.98084699156,bias0_d0.8_mss1_fvg0_hall
2024-05-01 22:34:00,-1,37980.031,37989.02000205703,bias0_d0.8_mss1_fvg0_hall
2024-05-01 22:38:00,1,37982.263,37970.999450267154,bias0_d0.8_mss1_fvg0_hall
2024-05-01 22:38:00,1,37982.263,37969.35997524807,bias0_d0.8_mss1_fvg0_hall
2024-05-02 05:09:00,-1,38065.233,38068.67524764574,bias0_d0.8_mss1_fvg0_hall
2024-05-02 05:32:00,1,38059.494999999995,38056.26035878843,bias0_d0.8_mss1_fvg0_hall
2024-05-02 09:49:00,1,38039.557,38035.656828845094,bias0_d0.8_mss1_fvg0_hall
2024-05-02 12:33:00,1,38082.057,38061.245041234746,bias0_d0.8_mss1_fvg0_hall
2024-05-03 05:21:00,1,38450.501000000004,38447.33542669274,bias0_d0.8_mss1_fvg0_hall
2024-05-03 18:29:00,-1,38719.433000000005,38730.903072787136,bias0_d0.8_mss1_fvg0_hall
2024-05-03 20:02:00,1,38686.539000000004,38666.16608563391,bias0_d0.8_mss1_fvg0_hall
2024-05-05 23:15:00,-1,38749.143,38751.521269208126,bias0_d0.8_mss1_fvg0_hall
2024-05-06 02:31:00,-1,38718.387,38722.25436123037,bias0_d0.8_mss1_fvg0_hall
2024-05-06 04:59:00,-1,38709.100999999995,38711.07214118603,bias0_d0.8_mss1_fvg0_hall
2024-05-06 05:01:00,1,38708.333,38706.646167935236,bias0_d0.8_mss1_fvg0_hall
2024-05-06 05:01:00,1,38708.333,38706.140077454365,bias0_d0.8_mss1_fvg0_hall
2024-05-06 06:59:00,-1,38734.863,38742.44636152563,bias0_d0.8_mss1_fvg0_hall
2024-05-06 08:16:00,-1,38723.371,38727.37880028718,bias0_d0.8_mss1_fvg0_hall
2024-05-07 02:08:00,-1,38852.443,38855.92607443981,bias0_d0.8_mss1_fvg0_hall
2024-05-07 05:10:00,-1,38864.289,38866.363143457966,bias0_d0.8_mss1_fvg0_hall
2024-05-07 05:10:00,-1,38864.289,38865.79601892525,bias0_d0.8_mss1_fvg0_hall
2024-05-07 11:55:00,1,38871.077000000005,38865.67665921483,bias0_d0.8_mss1_fvg0_hall
2024-05-07 16:26:00,1,38903.749,38896.219668850856,bias0_d0.8_mss1_fvg0_hall
2024-05-07 23:40:00,1,38877.744999999995,38874.33628038687,bias0_d0.8_mss1_fvg0_hall
2024-05-08 01:43:00,1,38877.965,38873.8358653465,bias0_d0.8_mss1_fvg0_hall
2024-05-08 02:01:00,1,38876.757,38870.384149046615,bias0_d0.8_mss1_fvg0_hall
2024-05-08 02:01:00,1,38876.757,38873.36749554329,bias0_d0.8_mss1_fvg0_hall
2024-05-08 02:00:00,1,38875.293,38872.87676014734,bias0_d0.8_mss1_fvg0_hall
2024-05-08 04:55:00,-1,38870.994999999995,38873.42567879322,bias0_d0.8_mss1_fvg0_hall
2024-05-08 04:55:00,-1,38870.994999999995,38871.977616022275,bias0_d0.8_mss1_fvg0_hall
2024-05-08 09:02:00,1,38881.843,38877.90247772194,bias0_d0.8_mss1_fvg0_hall
2024-05-08 09:23:00,-1,38889.575,38894.868981019354,bias0_d0.8_mss1_fvg0_hall
2024-05-08 12:08:00,-1,38870.901,38874.597199751566,bias0_d0.8_mss1_fvg0_hall
2024-05-08 13:31:00,1,38839.375,38819.83787178529,bias0_d0.8_mss1_fvg0_hall
2024-05-08 15:04:00,-1,38952.875,38970.2648829704,bias0_d0.8_mss1_fvg0_hall
2024-05-08 17:04:00,1,38965.507,38941.22615534717,bias0_d0.8_mss1_fvg0_hall
2024-05-08 17:04:00,1,38965.507,38947.680229965226,bias0_d0.8_mss1_fvg0_hall
2024-05-09 00:11:00,-1,39054.787,39061.726997251775,bias0_d0.8_mss1_fvg0_hall
2024-05-09 02:46:00,-1,39043.531,39045.60846542673,bias0_d0.8_mss1_fvg0_hall
2024-05-09 07:28:00,-1,39017.181,39019.743185908635,bias0_d0.8_mss1_fvg0_hall
2024-05-09 11:55:00,-1,38995.943,39004.87515627177,bias0_d0.8_mss1_fvg0_hall
2024-05-09 23:30:00,-1,39453.975,39455.260286074445,bias0_d0.8_mss1_fvg0_hall
2024-05-10 02:39:00,-1,39432.933000000005,39435.86785503198,bias0_d0.8_mss1_fvg0_hall
2024-05-10 12:31:00,-1,39497.263,39507.46286805794,bias0_d0.8_mss1_fvg0_hall
2024-05-10 13:28:00,1,39498.257,39493.90729284252,bias0_d0.8_mss1_fvg0_hall
2024-05-10 16:08:00,1,39445.393,39423.78702109514,bias0_d0.8_mss1_fvg0_hall
2024-05-10 17:47:00,-1,39472.733,39483.85956646415,bias0_d0.8_mss1_fvg0_hall
2024-05-13 01:18:00,-1,39507.524999999994,39510.417703933956,bias0_d0.8_mss1_fvg0_hall
2024-05-13 01:18:00,-1,39503.025,39506.70806793866,bias0_d0.8_mss1_fvg0_hall
2024-05-13 09:03:00,1,39524.925,39515.426138598894,bias0_d0.8_mss1_fvg0_hall
2024-05-13 16:14:00,-1,39509.494999999995,39518.30121614673,bias0_d0.8_mss1_fvg0_hall
2024-05-14 03:58:00,1,39430.494999999995,39428.96773791391,bias0_d0.8_mss1_fvg0_hall
2024-05-14 03:58:00,1,39430.494999999995,39429.024402841416,bias0_d0.8_mss1_fvg0_hall
2024-05-14 05:04:00,1,39434.031,39432.03418466161,bias0_d0.8_mss1_fvg0_hall
2024-05-14 05:04:00,1,39435.137,39430.731927590874,bias0_d0.8_mss1_fvg0_hall
2024-05-14 06:35:00,1,39449.459,39444.3617935248,bias0_d0.8_mss1_fvg0_hall
2024-05-14 09:12:00,-1,39462.532999999996,39468.132371629916,bias0_d0.8_mss1_fvg0_hall
2024-05-14 09:35:00,-1,39463.418999999994,39467.00870694518,bias0_d0.8_mss1_fvg0_hall
2024-05-15 05:12:00,1,39567.850999999995,39565.09828262969,bias0_d0.8_mss1_fvg0_hall
2024-05-15 07:21:00,-1,39560.865000000005,39568.24640991523,bias0_d0.8_mss1_fvg0_hall
2024-05-15 09:23:00,-1,39568.639,39573.603077690685,bias0_d0.8_mss1_fvg0_hall
2024-05-15 11:17:00,-1,39568.687000000005,39574.73174411811,bias0_d0.8_mss1_fvg0_hall
2024-05-15 18:17:00,-1,39853.083,39863.6844222034,bias0_d0.8_mss1_fvg0_hall
2024-05-15 19:10:00,1,39834.583,39823.54160468812,bias0_d0.8_mss1_fvg0_hall
2024-05-15 19:10:00,1,39834.583,39825.05079006754,bias0_d0.8_mss1_fvg0_hall
2024-05-16 00:03:00,1,39944.850000000006,39939.289280540346,bias0_d0.8_mss1_fvg0_hall
2024-05-16 04:30:00,-1,39964.781,39967.07628159048,bias0_d0.8_mss1_fvg0_hall
2024-05-16 11:00:00,1,39917.312999999995,39910.00072430919,bias0_d0.8_mss1_fvg0_hall
2024-05-17 07:35:00,-1,39866.813,39873.7008400535,bias0_d0.8_mss1_fvg0_hall
2024-05-17 10:59:00,1,39861.789000000004,39856.00394413641,bias0_d0.8_mss1_fvg0_hall
2024-05-17 11:18:00,1,39859.051,39850.43987545,bias0_d0.8_mss1_fvg0_hall
2024-05-17 11:18:00,1,39862.045,39855.50628434643,bias0_d0.8_mss1_fvg0_hall
2024-05-17 15:02:00,-1,39915.439,39921.26796999857,bias0_d0.8_mss1_fvg0_hall
2024-05-17 16:20:00,-1,39900.239,39913.04106718767,bias0_d0.8_mss1_fvg0_hall
2024-05-20 07:28:00,1,40020.751000000004,40014.567852023036,bias0_d0.8_mss1_fvg0_hall
2024-05-20 12:06:00,1,40028.395000000004,40018.0537522224,bias0_d0.8_mss1_fvg0_hall
2024-05-20 13:30:00,1,39991.303,39968.88145181518,bias0_d0.8_mss1_fvg0_hall
2024-05-21 00:03:00,1,39791.471,39788.38982177086,bias0_d0.8_mss1_fvg0_hall
2024-05-21 07:12:00,1,39814.051,39807.992690017396,bias0_d0.8_mss1_fvg0_hall
2024-05-21 08:49:00,1,39800.651,39793.52152607247,bias0_d0.8_mss1_fvg0_hall
2024-05-21 10:02:00,1,39796.581,39793.02791651931,bias0_d0.8_mss1_fvg0_hall
2024-05-21 14:25:00,-1,39860.739,39875.78486096267,bias0_d0.8_mss1_fvg0_hall
2024-05-21 14:25:00,-1,39860.739,39877.26405660819,bias0_d0.8_mss1_fvg0_hall
2024-05-21 19:10:00,1,39832.239,39818.69183427443,bias0_d0.8_mss1_fvg0_hall
2024-05-21 19:10:00,1,39832.239,39822.27983182626,bias0_d0.8_mss1_fvg0_hall
2024-05-21 19:31:00,1,39853.989,39848.1495398968,bias0_d0.8_mss1_fvg0_hall
2024-05-22 13:29:00,-1,39799.825,39813.085042799226,bias0_d0.8_mss1_fvg0_hall
2024-05-22 13:33:00,1,39809.394,39795.30806025785,bias0_d0.8_mss1_fvg0_hall
2024-05-22 13:33:00,1,39813.019,39791.359727382296,bias0_d0.8_mss1_fvg0_hall
2024-05-22 17:23:00,-1,39849.721,39855.24294798053,bias0_d0.8_mss1_fvg0_hall
2024-05-23 01:08:00,1,39613.363,39610.47090435743,bias0_d0.8_mss1_fvg0_hall
2024-05-23 04:30:00,-1,39748.827000000005,39754.69426322017,bias0_d0.8_mss1_fvg0_hall
2024-05-23 06:27:00,-1,39723.320999999996,39727.0088507157,bias0_d0.8_mss1_fvg0_hall
2024-05-23 09:02:00,1,39676.638999999996,39672.54835605515,bias0_d0.8_mss1_fvg0_hall
2024-05-23 09:04:00,1,39678.763,39672.531787765496,bias0_d0.8_mss1_fvg0_hall
2024-05-23 09:04:00,1,39678.763,39670.96578863939,bias0_d0.8_mss1_fvg0_hall
2024-05-23 10:56:00,1,39719.657,39714.11805250796,bias0_d0.8_mss1_fvg0_hall
2024-05-24 05:35:00,-1,39089.793,39097.26044517149,bias0_d0.8_mss1_fvg0_hall
2024-05-24 05:35:00,-1,39089.793,39096.18582765924,bias0_d0.8_mss1_fvg0_hall
2024-05-24 05:47:00,1,39081.857,39079.75076971395,bias0_d0.8_mss1_fvg0_hall
2024-05-24 09:48:00,1,39108.307,39103.4340139229,bias0_d0.8_mss1_fvg0_hall
2024-05-24 10:42:00,1,39120.193,39116.96873322198,bias0_d0.8_mss1_fvg0_hall
2024-05-24 11:40:00,1,39103.825,39097.37637850557,bias0_d0.8_mss1_fvg0_hall
2024-05-24 12:31:00,1,39088.032999999996,39079.930695519855,bias0_d0.8_mss1_fvg0_hall
2024-05-24 13:31:00,1,39115.062999999995,39103.006882569905,bias0_d0.8_mss1_fvg0_hall
2024-05-24 13:31:00,1,39138.209,39100.17809670568,bias0_d0.8_mss1_fvg0_hall
2024-05-24 13:31:00,1,39138.209,39120.99003265528,bias0_d0.8_mss1_fvg0_hall
2024-05-24 14:14:00,-1,39107.977,39139.16678583192,bias0_d0.8_mss1_fvg0_hall
2024-05-24 15:33:00,1,39188.489,39171.54258037834,bias0_d0.8_mss1_fvg0_hall
2024-05-24 16:32:00,-1,39181.751000000004,39191.396336695645,bias0_d0.8_mss1_fvg0_hall
2024-05-24 17:31:00,-1,39155.727,39166.59713704795,bias0_d0.8_mss1_fvg0_hall
2024-05-24 19:34:00,1,39058.959,39034.13783044813,bias0_d0.8_mss1_fvg0_hall
2024-05-27 09:37:00,-1,39028.795,39032.02924755582,bias0_d0.8_mss1_fvg0_hall
2024-05-27 12:35:00,-1,39048.807,39052.53828357719,bias0_d0.8_mss1_fvg0_hall
2024-05-27 13:30:00,-1,39039.887,39049.4173253493,bias0_d0.8_mss1_fvg0_hall
2024-05-28 05:18:00,-1,39097.501000000004,39100.56211858168,bias0_d0.8_mss1_fvg0_hall
2024-05-28 05:43:00,1,39095.965,39092.39338699454,bias0_d0.8_mss1_fvg0_hall
2024-05-28 06:00:00,-1,39098.113,39104.60930275224,bias0_d0.8_mss1_fvg0_hall
2024-05-28 06:00:00,-1,39098.113,39106.01355275024,bias0_d0.8_mss1_fvg0_hall
2024-05-28 08:16:00,1,39094.819,39085.534208181154,bias0_d0.8_mss1_fvg0_hall
2024-05-28 11:14:00,1,39031.789000000004,39024.15236744266,bias0_d0.8_mss1_fvg0_hall
2024-05-28 17:21:00,-1,38849.227,38861.93031452068,bias0_d0.8_mss1_fvg0_hall
2024-05-28 17:21:00,-1,38849.227,38864.23163491207,bias0_d0.8_mss1_fvg0_hall
2024-05-28 22:30:00,1,38802.519,38799.40466432888,bias0_d0.8_mss1_fvg0_hall
2024-05-29 01:25:00,1,38769.863,38757.3969043826,bias0_d0.8_mss1_fvg0_hall
2024-05-29 12:08:00,1,38626.039,38615.82633098101,bias0_d0.8_mss1_fvg0_hall
2024-05-30 04:05:00,1,38130.613,38128.5595892539,bias0_d0.8_mss1_fvg0_hall
2024-05-30 08:04:00,-1,38121.819,38128.49767606954,bias0_d0.8_mss1_fvg0_hall
2024-05-30 08:04:00,-1,38121.819,38129.07474206458,bias0_d0.8_mss1_fvg0_hall
2024-05-30 08:04:00,-1,38116.777,38126.853674774255,bias0_d0.8_mss1_fvg0_hall
2024-05-30 12:24:00,-1,38094.282999999996,38102.52217812521,bias0_d0.8_mss1_fvg0_hall
2024-05-30 19:36:00,-1,38131.727,38155.75187088457,bias0_d0.8_mss1_fvg0_hall
2024-05-31 05:41:00,1,38093.333,38087.6363608683,bias0_d0.8_mss1_fvg0_hall
2024-05-31 07:51:00,-1,38103.669,38115.45897827026,bias0_d0.8_mss1_fvg0_hall
2024-05-31 11:44:00,-1,38080.877,38089.31699657525,bias0_d0.8_mss1_fvg0_hall
2024-05-31 11:44:00,-1,38080.877,38088.08815396274,bias0_d0.8_mss1_fvg0_hall
2024-05-31 14:04:00,1,38160.333,38105.84057887932,bias0_d0.8_mss1_fvg0_hall
2024-05-31 19:29:00,-1,38385.751000000004,38406.69567174132,bias0_d0.8_mss1_fvg0_hall
2024-06-02 23:23:00,1,38716.781,38713.482503205574,bias0_d0.8_mss1_fvg0_hall
2024-06-02 23:46:00,1,38733.149000000005,38727.55508390073,bias0_d0.8_mss1_fvg0_hall
2024-06-02 23:52:00,1,38734.399000000005,38723.53427872472,bias0_d0.8_mss1_fvg0_hall
2024-06-02 23:52:00,1,38734.399000000005,38727.40268738724,bias0_d0.8_mss1_fvg0_hall
2024-06-03 02:03:00,1,38772.507,38768.71339023914,bias0_d0.8_mss1_fvg0_hall
2024-06-03 02:03:00,1,38772.507,38767.65223379349,bias0_d0.8_mss1_fvg0_hall
2024-06-03 02:03:00,1,38772.507,38768.58646179132,bias0_d0.8_mss1_fvg0_hall
2024-06-03 10:33:00,-1,38662.801,38672.632929292835,bias0_d0.8_mss1_fvg0_hall
2024-06-03 13:22:00,1,38691.181,38677.597228602666,bias0_d0.8_mss1_fvg0_hall
2024-06-04 05:25:00,-1,38561.744999999995,38563.62415315638,bias0_d0.8_mss1_fvg0_hall
2024-06-04 06:01:00,-1,38558.959,38564.23119609777,bias0_d0.8_mss1_fvg0_hall
2024-06-04 07:04:00,1,38513.901,38504.80159327946,bias0_d0.8_mss1_fvg0_hall
2024-06-05 01:22:00,-1,38765.031,38770.2148789738,bias0_d0.8_mss1_fvg0_hall
2024-06-05 01:22:00,-1,38765.031,38768.265659047094,bias0_d0.8_mss1_fvg0_hall
2024-06-05 04:19:00,-1,38786.281,38789.26629157107,bias0_d0.8_mss1_fvg0_hall
2024-06-05 06:22:00,-1,38793.233,38802.808622566714,bias0_d0.8_mss1_fvg0_hall
2024-06-05 06:22:00,-1,38793.233,38801.32943524052,bias0_d0.8_mss1_fvg0_hall
2024-06-05 19:01:00,1,38824.477,38813.98325986307,bias0_d0.8_mss1_fvg0_hall
2024-06-06 01:36:00,-1,38808.519,38812.30611789328,bias0_d0.8_mss1_fvg0_hall
2024-06-06 01:36:00,-1,38808.519,38811.30538090091,bias0_d0.8_mss1_fvg0_hall
2024-06-06 08:12:00,1,38777.325,38756.97727680302,bias0_d0.8_mss1_fvg0_hall
2024-06-06 08:39:00,-1,38781.532999999996,38787.3276035823,bias0_d0.8_mss1_fvg0_hall
2024-06-06 08:39:00,-1,38781.532999999996,38788.61990332643,bias0_d0.8_mss1_fvg0_hall
2024-06-06 12:15:00,-1,38776.837,38791.01882369742,bias0_d0.8_mss1_fvg0_hall
2024-06-06 16:18:00,1,38841.807,38805.890452636435,bias0_d0.8_mss1_fvg0_hall
2024-06-06 17:58:00,-1,38861.145000000004,38869.51893748092,bias0_d0.8_mss1_fvg0_hall
2024-06-06 17:58:00,-1,38861.145000000004,38870.02373997079,bias0_d0.8_mss1_fvg0_hall
2024-06-06 19:51:00,-1,38878.151,38894.555605872716,bias0_d0.8_mss1_fvg0_hall
2024-06-06 19:51:00,-1,38878.151,38895.07213402467,bias0_d0.8_mss1_fvg0_hall
2024-06-06 19:51:00,-1,38878.151,38893.54063873719,bias0_d0.8_mss1_fvg0_hall
2024-06-07 03:47:00,1,38959.130999999994,38956.00420825388,bias0_d0.8_mss1_fvg0_hall
2024-06-07 07:59:00,1,38934.669,38930.56586086534,bias0_d0.8_mss1_fvg0_hall
2024-06-07 12:05:00,-1,38917.133,38929.157721209405,bias0_d0.8_mss1_fvg0_hall
2024-06-10 07:17:00,-1,38704.73299999999,38713.19241239812,bias0_d0.8_mss1_fvg0_hall
2024-06-10 10:06:00,1,38670.393,38659.861695753454,bias0_d0.8_mss1_fvg0_hall
2024-06-10 13:18:00,-1,38729.994999999995,38732.04614620502,bias0_d0.8_mss1_fvg0_hall
2024-06-10 13:18:00,-1,38729.994999999995,38736.63792952348,bias0_d0.8_mss1_fvg0_hall
2024-06-10 17:20:00,1,38739.433000000005,38729.116170790665,bias0_d0.8_mss1_fvg0_hall
2024-06-11 02:01:00,-1,38816.725000000006,38818.848097535745,bias0_d0.8_mss1_fvg0_hall
2024-06-11 04:24:00,-1,38809.945,38814.37489860912,bias0_d0.8_mss1_fvg0_hall
2024-06-11 09:52:00,-1,38752.519,38769.03249348416,bias0_d0.8_mss1_fvg0_hall
2024-06-11 12:41:00,1,38726.875,38714.49768189797,bias0_d0.8_mss1_fvg0_hall
2024-06-11 18:08:00,-1,38674.915,38685.54685369651,bias0_d0.8_mss1_fvg0_hall
2024-06-11 19:54:00,1,38696.524999999994,38667.660559768585,bias0_d0.8_mss1_fvg0_hall
2024-06-12 10:21:00,-1,38781.277,38785.5892512117,bias0_d0.8_mss1_fvg0_hall
2024-06-12 11:43:00,1,38786.413,38779.94625737341,bias0_d0.8_mss1_fvg0_hall
2024-06-12 12:06:00,-1,38794.319,38797.824621239924,bias0_d0.8_mss1_fvg0_hall
2024-06-12 18:36:00,-1,38776.275,38798.25816870936,bias0_d0.8_mss1_fvg0_hall
2024-06-12 18:36:00,-1,38776.275,38804.39379951584,bias0_d0.8_mss1_fvg0_hall
2024-06-12 18:36:00,-1,38776.275,38802.340856693285,bias0_d0.8_mss1_fvg0_hall
2024-06-12 18:56:00,1,38708.763,38663.281089910095,bias0_d0.8_mss1_fvg0_hall
2024-06-13 00:00:00,1,38692.013,38690.39340573204,bias0_d0.8_mss1_fvg0_hall
2024-06-13 00:04:00,-1,38694.989,38697.17535568758,bias0_d0.8_mss1_fvg0_hall
2024-06-13 06:25:00,-1,38668.501,38671.8230276204,bias0_d0.8_mss1_fvg0_hall
2024-06-13 10:55:00,1,38577.259,38564.45008043649,bias0_d0.8_mss1_fvg0_hall
2024-06-13 13:29:00,-1,38641.849,38656.83385594427,bias0_d0.8_mss1_fvg0_hall
2024-06-13 13:29:00,-1,38633.069,38656.84468051968,bias0_d0.8_mss1_fvg0_hall
2024-06-13 13:29:00,-1,38633.069,38656.1996033397,bias0_d0.8_mss1_fvg0_hall
2024-06-14 00:02:00,1,38624.056,38617.58814169114,bias0_d0.8_mss1_fvg0_hall
2024-06-14 00:53:00,1,38617.795,38614.12927316217,bias0_d0.8_mss1_fvg0_hall
2024-06-14 06:30:00,-1,38643.062999999995,38647.08690673662,bias0_d0.8_mss1_fvg0_hall
2024-06-14 10:56:00,-1,38338.077000000005,38355.26253870198,bias0_d0.8_mss1_fvg0_hall
2024-06-14 10:56:00,-1,38338.077000000005,38355.20084308041,bias0_d0.8_mss1_fvg0_hall
2024-06-14 17:20:00,1,38588.007,38562.43356817924,bias0_d0.8_mss1_fvg0_hall
2024-06-14 17:23:00,-1,38585.73299999999,38598.58002242783,bias0_d0.8_mss1_fvg0_hall
2024-06-17 04:52:00,-1,38547.983,38551.013280578176,bias0_d0.8_mss1_fvg0_hall
2024-06-17 06:00:00,-1,38565.869000000006,38573.70777595401,bias0_d0.8_mss1_fvg0_hall
2024-06-17 08:03:00,-1,38575.319,38585.632538098136,bias0_d0.8_mss1_fvg0_hall
2024-06-17 09:59:00,-1,38515.918999999994,38521.21881077013,bias0_d0.8_mss1_fvg0_hall
2024-06-18 00:30:00,-1,38838.881,38843.43520487099,bias0_d0.8_mss1_fvg0_hall
2024-06-18 07:01:00,1,38814.781,38807.44944308478,bias0_d0.8_mss1_fvg0_hall
2024-06-18 09:57:00,-1,38786.825,38791.751418668566,bias0_d0.8_mss1_fvg0_hall
2024-06-18 11:44:00,1,38748.795,38744.94455858394,bias0_d0.8_mss1_fvg0_hall
2024-06-18 11:44:00,1,38748.795,38744.91836154223,bias0_d0.8_mss1_fvg0_hall
2024-06-18 17:00:00,-1,38780.381,38788.649762006105,bias0_d0.8_mss1_fvg0_hall
2024-06-18 17:00:00,-1,38780.381,38789.54826315832,bias0_d0.8_mss1_fvg0_hall
2024-06-19 07:08:00,1,38821.051,38814.93555211602,bias0_d0.8_mss1_fvg0_hall
2024-06-19 16:45:00,1,38763.263,38757.73503827721,bias0_d0.8_mss1_fvg0_hall
2024-06-19 23:01:00,1,38768.757,38763.89592875969,bias0_d0.8_mss1_fvg0_hall
2024-06-20 07:05:00,1,38829.837,38827.422553105534,bias0_d0.8_mss1_fvg0_hall
2024-06-20 11:04:00,1,38881.289000000004,38874.83380710143,bias0_d0.8_mss1_fvg0_hall
2024-06-20 12:09:00,-1,38860.289000000004,38869.1620585596,bias0_d0.8_mss1_fvg0_hall
2024-06-20 12:30:00,-1,38853.599,38863.47765186934,bias0_d0.8_mss1_fvg0_hall
2024-06-20 13:29:00,-1,38805.181,38825.76180105827,bias0_d0.8_mss1_fvg0_hall
2024-06-20 13:30:00,-1,38795.994999999995,38817.99434383982,bias0_d0.8_mss1_fvg0_hall
2024-06-20 13:34:00,1,38794.007,38774.211535635535,bias0_d0.8_mss1_fvg0_hall
2024-06-20 15:41:00,1,38897.869000000006,38882.87445646201,bias0_d0.8_mss1_fvg0_hall
2024-06-20 17:34:00,1,39007.631,38983.69821152996,bias0_d0.8_mss1_fvg0_hall
2024-06-20 19:51:00,1,39106.221,39067.38442393662,bias0_d0.8_mss1_fvg0_hall
2024-06-21 08:03:00,1,39078.081000000006,39052.23316648403,bias0_d0.8_mss1_fvg0_hall
2024-06-21 13:49:00,1,39114.994999999995,39063.78192240266,bias0_d0.8_mss1_fvg0_hall
2024-06-21 13:49:00,1,39150.769,39083.05947080247,bias0_d0.8_mss1_fvg0_hall
2024-06-21 16:37:00,1,39132.483,39111.22797702818,bias0_d0.8_mss1_fvg0_hall
2024-06-21 19:51:00,1,39152.251000000004,39135.56368690287,bias0_d0.8_mss1_fvg0_hall
2024-06-21 19:51:00,1,39152.251000000004,39136.07802901318,bias0_d0.8_mss1_fvg0_hall
2024-06-24 04:29:00,1,39076.531,39073.91725434829,bias0_d0.8_mss1_fvg0_hall
2024-06-24 09:40:00,-1,39250.032999999996,39255.99768486219,bias0_d0.8_mss1_fvg0_hall
2024-06-24 15:38:00,-1,39521.507,39538.578348235686,bias0_d0.8_mss1_fvg0_hall
2024-06-25 00:02:00,-1,39452.024999999994,39456.84526790851,bias0_d0.8_mss1_fvg0_hall
2024-06-25 00:48:00,1,39440.739,39438.39888633035,bias0_d0.8_mss1_fvg0_hall
2024-06-25 07:00:00,-1,39467.295,39479.40051679684,bias0_d0.8_mss1_fvg0_hall
2024-06-25 07:00:00,-1,39467.295,39476.80386559707,bias0_d0.8_mss1_fvg0_hall
2024-06-25 08:09:00,-1,39435.187,39451.513264087145,bias0_d0.8_mss1_fvg0_hall
2024-06-25 12:31:00,-1,39380.813,39394.11843606742,bias0_d0.8_mss1_fvg0_hall
2024-06-25 13:36:00,1,39349.465,39320.89483996604,bias0_d0.8_mss1_fvg0_hall
2024-06-25 19:21:00,-1,39148.877,39166.277469916,bias0_d0.8_mss1_fvg0_hall
2024-06-25 23:52:00,-1,39089.007,39091.28813455312,bias0_d0.8_mss1_fvg0_hall
2024-06-26 00:50:00,1,39093.227,39086.34071736269,bias0_d0.8_mss1_fvg0_hall
2024-06-26 03:36:00,-1,39116.637,39120.7856335303,bias0_d0.8_mss1_fvg0_hall
2024-06-26 08:41:00,1,39131.295,39127.95644729187,bias0_d0.8_mss1_fvg0_hall
2024-06-26 17:11:00,1,39156.769,39127.09460776254,bias0_d0.8_mss1_fvg0_hall
2024-06-26 17:20:00,-1,39139.269,39166.44530509042,bias0_d0.8_mss1_fvg0_hall
2024-06-26 17:57:00,1,39148.151,39128.1649135645,bias0_d0.8_mss1_fvg0_hall
2024-06-26 19:42:00,-1,39130.248999999996,39142.40557718778,bias0_d0.8_mss1_fvg0_hall
2024-06-26 19:53:00,1,39119.487,39109.86932247696,bias0_d0.8_mss1_fvg0_hall
2024-06-27 07:36:00,-1,39092.645000000004,39096.47801142083,bias0_d0.8_mss1_fvg0_hall
2024-06-27 10:15:00,1,39068.001000000004,39063.44855652974,bias0_d0.8_mss1_fvg0_hall
2024-06-28 04:05:00,-1,39175.763,39177.50206899588,bias0_d0.8_mss1_fvg0_hall
2024-06-28 05:33:00,-1,39167.501000000004,39169.616467456355,bias0_d0.8_mss1_fvg0_hall
2024-06-28 10:26:00,1,39202.157,39195.45501510709,bias0_d0.8_mss1_fvg0_hall
2024-06-28 11:05:00,-1,39210.312999999995,39220.14164266736,bias0_d0.8_mss1_fvg0_hall
2024-06-28 19:31:00,-1,39019.471000000005,39054.964774877575,bias0_d0.8_mss1_fvg0_hall
2024-07-01 10:06:00,-1,39191.039,39194.317898457404,bias0_d0.8_mss1_fvg0_hall
2024-07-01 10:22:00,1,39193.069,39183.32108104911,bias0_d0.8_mss1_fvg0_hall
2024-07-01 11:04:00,-1,39188.657,39195.82065631377,bias0_d0.8_mss1_fvg0_hall
2024-07-01 11:04:00,-1,39188.657,39196.774080862786,bias0_d0.8_mss1_fvg0_hall
2024-07-01 17:06:00,1,39174.774999999994,39164.19324875153,bias0_d0.8_mss1_fvg0_hall
2024-07-01 17:31:00,-1,39191.037,39205.96924952217,bias0_d0.8_mss1_fvg0_hall
2024-07-01 18:26:00,-1,39172.757,39189.26036258446,bias0_d0.8_mss1_fvg0_hall
2024-07-02 05:27:00,1,39107.251000000004,39105.392016660626,bias0_d0.8_mss1_fvg0_hall
2024-07-02 10:44:00,1,39038.325,39035.81399664705,bias0_d0.8_mss1_fvg0_hall
2024-07-02 11:58:00,1,39008.295,39001.04296357272,bias0_d0.8_mss1_fvg0_hall
2024-07-02 12:26:00,-1,39052.807,39059.44445166628,bias0_d0.8_mss1_fvg0_hall
2024-07-02 13:27:00,1,39053.325,39040.76514733981,bias0_d0.8_mss1_fvg0_hall
2024-07-02 13:27:00,1,39053.325,39040.52645110125,bias0_d0.8_mss1_fvg0_hall
2024-07-02 14:43:00,-1,39141.721000000005,39161.96229877078,bias0_d0.8_mss1_fvg0_hall
2024-07-03 03:16:00,-1,39314.281,39316.57243158441,bias0_d0.8_mss1_fvg0_hall
2024-07-03 06:00:00,1,39298.113,39294.29936376852,bias0_d0.8_mss1_fvg0_hall
2024-07-03 07:15:00,1,39330.343,39325.033729160496,bias0_d0.8_mss1_fvg0_hall
2024-07-03 08:09:00,1,39360.319,39352.33902509755,bias0_d0.8_mss1_fvg0_hall
2024-07-03 08:09:00,1,39360.319,39355.2112518763,bias0_d0.8_mss1_fvg0_hall
2024-07-03 09:37:00,1,39385.551,39383.512145964,bias0_d0.8_mss1_fvg0_hall
2024-07-03 09:51:00,-1,39391.045,39400.101482506754,bias0_d0.8_mss1_fvg0_hall
2024-07-04 06:45:00,1,39289.494999999995,39286.87322817529,bias0_d0.8_mss1_fvg0_hall
2024-07-04 09:53:00,-1,39372.277,39379.53382592158,bias0_d0.8_mss1_fvg0_hall
2024-07-04 10:37:00,1,39368.265,39363.65395088321,bias0_d0.8_mss1_fvg0_hall
2024-07-04 10:37:00,1,39368.265,39364.66834010584,bias0_d0.8_mss1_fvg0_hall
2024-07-04 22:10:00,-1,39342.007,39344.07354880377,bias0_d0.8_mss1_fvg0_hall
2024-07-05 00:01:00,1,39311.739,39309.9082574767,bias0_d0.8_mss1_fvg0_hall
2024-07-05 06:34:00,1,39355.221000000005,39352.57881022749,bias0_d0.8_mss1_fvg0_hall
2024-07-05 06:50:00,-1,39360.631,39364.69331968905,bias0_d0.8_mss1_fvg0_hall
2024-07-05 06:50:00,-1,39360.631,39365.20350014005,bias0_d0.8_mss1_fvg0_hall
2024-07-05 18:32:00,-1,39321.101,39335.500803261035,bias0_d0.8_mss1_fvg0_hall
2024-07-05 18:34:00,1,39319.787,39312.437273992524,bias0_d0.8_mss1_fvg0_hall
2024-07-08 00:21:00,1,39301.363,39297.40614149009,bias0_d0.8_mss1_fvg0_hall
2024-07-08 02:45:00,1,39301.221000000005,39297.972684054934,bias0_d0.8_mss1_fvg0_hall
2024-07-08 02:45:00,1,39301.221000000005,39299.713343904514,bias0_d0.8_mss1_fvg0_hall
2024-07-09 01:40:00,-1,39384.282999999996,39389.42273546649,bias0_d0.8_mss1_fvg0_hall
2024-07-09 10:33:00,1,39383.583,39377.32598864753,bias0_d0.8_mss1_fvg0_hall
2024-07-09 10:33:00,1,39383.583,39378.2672751727,bias0_d0.8_mss1_fvg0_hall
2024-07-09 23:29:00,-1,39283.343,39284.28020627923,bias0_d0.8_mss1_fvg0_hall
2024-07-10 10:05:00,-1,39305.083,39312.38374816502,bias0_d0.8_mss1_fvg0_hall
2024-07-10 10:05:00,-1,39305.083,39312.87389472466,bias0_d0.8_mss1_fvg0_hall
2024-07-10 10:31:00,-1,39291.583,39302.67355862586,bias0_d0.8_mss1_fvg0_hall
2024-07-10 13:29:00,-1,39303.350999999995,39320.484648998485,bias0_d0.8_mss1_fvg0_hall
2024-07-10 18:05:00,-1,39505.069,39515.410950457066,bias0_d0.8_mss1_fvg0_hall
2024-07-10 19:32:00,1,39546.051,39538.43164007328,bias0_d0.8_mss1_fvg0_hall
2024-07-10 19:32:00,1,39546.051,39541.43484271624,bias0_d0.8_mss1_fvg0_hall
2024-07-11 01:01:00,1,39673.949,39668.67694355779,bias0_d0.8_mss1_fvg0_hall
2024-07-11 12:12:00,-1,39656.113,39660.4658326336,bias0_d0.8_mss1_fvg0_hall
2024-07-11 19:43:00,-1,39747.524999999994,39758.09798735779,bias0_d0.8_mss1_fvg0_hall
2024-07-11 23:58:00,-1,39808.465,39816.35712509505,bias0_d0.8_mss1_fvg0_hall
2024-07-12 04:07:00,1,39799.489,39798.43132774973,bias0_d0.8_mss1_fvg0_hall
2024-07-12 10:00:00,1,39810.753,39806.10549337614,bias0_d0.8_mss1_fvg0_hall
2024-07-12 12:20:00,-1,39826.163,39834.377269208584,bias0_d0.8_mss1_fvg0_hall
2024-07-12 13:30:00,-1,39841.774999999994,39872.07197875979,bias0_d0.8_mss1_fvg0_hall
2024-07-12 13:30:00,-1,39841.774999999994,39872.21708027695,bias0_d0.8_mss1_fvg0_hall
2024-07-12 14:08:00,1,39831.363,39798.59688410268,bias0_d0.8_mss1_fvg0_hall
2024-07-12 19:28:00,-1,40185.769,40197.73924132381,bias0_d0.8_mss1_fvg0_hall
2024-07-12 19:28:00,-1,40185.769,40201.777675427154,bias0_d0.8_mss1_fvg0_hall
2024-07-12 19:28:00,-1,40185.769,40195.77855575379,bias0_d0.8_mss1_fvg0_hall
2024-07-15 01:39:00,1,40058.733,40054.18428601817,bias0_d0.8_mss1_fvg0_hall
2024-07-15 06:41:00,-1,40092.851,40097.25992029026,bias0_d0.8_mss1_fvg0_hall
2024-07-15 07:21:00,1,40087.299,40081.252954560456,bias0_d0.8_mss1_fvg0_hall
2024-07-15 11:01:00,-1,40221.551,40230.82941899523,bias0_d0.8_mss1_fvg0_hall
2024-07-15 11:18:00,1,40211.168999999994,40205.35178982305,bias0_d0.8_mss1_fvg0_hall
2024-07-15 11:31:00,1,40226.539000000004,40209.38214514527,bias0_d0.8_mss1_fvg0_hall
2024-07-15 11:31:00,1,40227.027,40208.21360168138,bias0_d0.8_mss1_fvg0_hall
2024-07-15 11:31:00,1,40227.027,40213.08487298985,bias0_d0.8_mss1_fvg0_hall
2024-07-15 13:27:00,1,40202.581000000006,40194.422039290555,bias0_d0.8_mss1_fvg0_hall
2024-07-15 13:27:00,1,40203.431,40188.92433387808,bias0_d0.8_mss1_fvg0_hall
2024-07-15 17:28:00,-1,40220.399000000005,40234.48955210213,bias0_d0.8_mss1_fvg0_hall
2024-07-16 00:04:00,-1,40279.001000000004,40286.42029601114,bias0_d0.8_mss1_fvg0_hall
2024-07-16 04:02:00,1,40274.221,40270.89173297387,bias0_d0.8_mss1_fvg0_hall
2024-07-16 06:33:00,-1,40237.793,40244.94396535502,bias0_d0.8_mss1_fvg0_hall
2024-07-16 19:50:00,1,40925.963,40919.18444627243,bias0_d0.8_mss1_fvg0_hall
2024-07-17 01:02:00,1,40957.809,40954.98517375451,bias0_d0.8_mss1_fvg0_hall
2024-07-17 01:02:00,1,40957.809,40954.93300420062,bias0_d0.8_mss1_fvg0_hall
2024-07-17 08:28:00,1,40863.651,40843.16078540216,bias0_d0.8_mss1_fvg0_hall
2024-07-17 14:14:00,1,41074.993,41021.9707428264,bias0_d0.8_mss1_fvg0_hall
2024-07-17 14:14:00,1,41074.993,41019.32976119595,bias0_d0.8_mss1_fvg0_hall
2024-07-17 19:11:00,1,41167.994999999995,41148.562896267074,bias0_d0.8_mss1_fvg0_hall
2024-07-18 01:42:00,-1,41295.501000000004,41299.74832629387,bias0_d0.8_mss1_fvg0_hall
2024-07-18 06:34:00,-1,41262.48299999999,41268.74786387465,bias0_d0.8_mss1_fvg0_hall
2024-07-18 07:03:00,-1,41261.265,41271.89481626983,bias0_d0.8_mss1_fvg0_hall
2024-07-18 07:03:00,-1,41261.265,41270.421957964834,bias0_d0.8_mss1_fvg0_hall
2024-07-18 17:48:00,1,40926.757,40903.28197882625,bias0_d0.8_mss1_fvg0_hall
2024-07-19 04:32:00,1,40685.389,40679.80974737379,bias0_d0.8_mss1_fvg0_hall
2024-07-19 16:21:00,-1,40392.460999999996,40419.18181651803,bias0_d0.8_mss1_fvg0_hall
2024-07-22 00:00:00,-1,40379.269,40386.873232328886,bias0_d0.8_mss1_fvg0_hall
2024-07-22 02:31:00,1,40277.244999999995,40267.39615972727,bias0_d0.8_mss1_fvg0_hall
2024-07-22 02:31:00,1,40277.244999999995,40267.93921974675,bias0_d0.8_mss1_fvg0_hall
2024-07-22 10:36:00,1,40332.431,40326.269868548894,bias0_d0.8_mss1_fvg0_hall
2024-07-22 13:20:00,1,40340.551,40331.00465881142,bias0_d0.8_mss1_fvg0_hall
2024-07-22 17:36:00,-1,40404.362,40422.562363632365,bias0_d0.8_mss1_fvg0_hall
2024-07-22 17:36:00,-1,40404.362,40424.283594801476,bias0_d0.8_mss1_fvg0_hall
2024-07-23 00:18:00,1,40402.763,40398.240508769646,bias0_d0.8_mss1_fvg0_hall
2024-07-23 02:58:00,-1,40401.751000000004,40404.08044480496,bias0_d0.8_mss1_fvg0_hall
2024-07-23 10:25:00,1,40437.819,40429.936112665644,bias0_d0.8_mss1_fvg0_hall
2024-07-23 12:05:00,-1,40449.418999999994,40454.21477887012,bias0_d0.8_mss1_fvg0_hall
2024-07-23 13:29:00,1,40396.782999999996,40381.56828096188,bias0_d0.8_mss1_fvg0_hall
2024-07-23 13:29:00,1,40396.782999999996,40385.473446607466,bias0_d0.8_mss1_fvg0_hall
2024-07-23 17:02:00,1,40385.893,40354.52308684355,bias0_d0.8_mss1_fvg0_hall
2024-07-23 22:47:00,-1,40295.203,40304.2861552928,bias0_d0.8_mss1_fvg0_hall
2024-07-24 12:08:00,-1,40194.687,40200.45625417357,bias0_d0.8_mss1_fvg0_hall
2024-07-24 12:07:00,-1,40197.277,40206.5698811295,bias0_d0.8_mss1_fvg0_hall
2024-07-24 12:56:00,-1,40157.807,40173.636374524096,bias0_d0.8_mss1_fvg0_hall
2024-07-24 13:17:00,-1,40152.539000000004,40160.25470158129,bias0_d0.8_mss1_fvg0_hall
2024-07-24 13:27:00,1,40151.063,40134.250914167955,bias0_d0.8_mss1_fvg0_hall
2024-07-24 13:48:00,-1,40215.763,40257.56224895022,bias0_d0.8_mss1_fvg0_hall
2024-07-25 12:30:00,1,39847.289,39809.85911070703,bias0_d0.8_mss1_fvg0_hall
2024-07-26 08:16:00,1,40144.551,40131.705424663065,bias0_d0.8_mss1_fvg0_hall
2024-07-26 09:20:00,-1,40161.015,40169.11569340334,bias0_d0.8_mss1_fvg0_hall
2024-07-26 19:11:00,1,40553.744999999995,40542.09381318698,bias0_d0.8_mss1_fvg0_hall
2024-07-28 23:59:00,-1,40699.607,40705.517784772244,bias0_d0.8_mss1_fvg0_hall
2024-07-29 01:33:00,1,40763.763,40758.19528649687,bias0_d0.8_mss1_fvg0_hall
2024-07-29 14:57:00,1,40479.244999999995,40434.19926771785,bias0_d0.8_mss1_fvg0_hall
2024-07-29 16:54:00,1,40599.757,40571.84009839996,bias0_d0.8_mss1_fvg0_hall
2024-07-29 18:02:00,-1,40580.363,40598.94102020902,bias0_d0.8_mss1_fvg0_hall
2024-07-29 18:05:00,1,40578.787,40559.834892778956,bias0_d0.8_mss1_fvg0_hall
2024-07-30 05:31:00,-1,40533.269,40537.746734566805,bias0_d0.8_mss1_fvg0_hall
2024-07-30 19:01:00,-1,40662.143,40676.4742453376,bias0_d0.8_mss1_fvg0_hall
2024-07-30 19:31:00,-1,40685.459,40703.34865211757,bias0_d0.8_mss1_fvg0_hall
2024-07-30 19:31:00,-1,40685.459,40703.335534109174,bias0_d0.8_mss1_fvg0_hall
2024-07-30 23:14:00,1,40554.744999999995,40553.074174308524,bias0_d0.8_mss1_fvg0_hall
2024-07-31 01:34:00,-1,40602.744999999995,40610.064936844254,bias0_d0.8_mss1_fvg0_hall
2024-07-31 02:51:00,1,40637.887,40632.608552862366,bias0_d0.8_mss1_fvg0_hall
2024-07-31 07:24:00,-1,40821.039,40832.98546911462,bias0_d0.8_mss1_fvg0_hall
2024-07-31 07:24:00,-1,40821.039,40830.42792132071,bias0_d0.8_mss1_fvg0_hall
2024-07-31 10:48:00,-1,40890.307,40902.49880711742,bias0_d0.8_mss1_fvg0_hall
2024-07-31 10:48:00,-1,40890.307,40895.06614946618,bias0_d0.8_mss1_fvg0_hall
2024-08-01 03:39:00,-1,40929.881,40936.997328230995,bias0_d0.8_mss1_fvg0_hall
2024-08-01 06:00:00,-1,40955.239,40958.38053042143,bias0_d0.8_mss1_fvg0_hall
2024-08-01 06:00:00,-1,40955.477,40967.18707667551,bias0_d0.8_mss1_fvg0_hall
2024-08-01 19:12:00,1,40137.751000000004,40114.39975033101,bias0_d0.8_mss1_fvg0_hall
2024-08-02 11:02:00,1,39974.813,39959.338468443835,bias0_d0.8_mss1_fvg0_hall
2024-08-02 17:13:00,1,39527.357,39501.865835882265,bias0_d0.8_mss1_fvg0_hall
2024-08-02 17:13:00,1,39527.357,39504.87669046209,bias0_d0.8_mss1_fvg0_hall
2024-08-02 17:54:00,-1,39486.751000000004,39520.55629095022,bias0_d0.8_mss1_fvg0_hall
2024-08-02 19:05:00,-1,39580.744999999995,39615.27619332746,bias0_d0.8_mss1_fvg0_hall
2024-08-02 19:55:00,1,39592.131,39547.15340091458,bias0_d0.8_mss1_fvg0_hall
2024-08-05 00:49:00,-1,39411.543,39434.36326365721,bias0_d0.8_mss1_fvg0_hall
2024-08-05 00:49:00,-1,39411.543,39435.30451625312,bias0_d0.8_mss1_fvg0_hall
2024-08-05 00:49:00,-1,39411.543,39434.98360794933,bias0_d0.8_mss1_fvg0_hall
2024-08-05 08:43:00,1,39118.069,39098.43999300207,bias0_d0.8_mss1_fvg0_hall
2024-08-05 09:44:00,-1,39099.819,39137.15171090644,bias0_d0.8_mss1_fvg0_hall
2024-08-05 13:34:00,-1,38618.507,38676.28762423988,bias0_d0.8_mss1_fvg0_hall
2024-08-05 18:34:00,-1,38808.069,38867.155395231974,bias0_d0.8_mss1_fvg0_hall
2024-08-05 19:50:00,1,38622.043,38566.057144886625,bias0_d0.8_mss1_fvg0_hall
2024-08-06 00:22:00,1,38915.769,38874.89366157695,bias0_d0.8_mss1_fvg0_hall
2024-08-06 03:54:00,-1,39095.601,39111.10797855176,bias0_d0.8_mss1_fvg0_hall
2024-08-06 06:03:00,1,39088.494999999995,39074.68206599575,bias0_d0.8_mss1_fvg0_hall
2024-08-06 08:50:00,1,38900.532999999996,38858.36619281638,bias0_d0.8_mss1_fvg0_hall
2024-08-06 13:05:00,-1,38845.527,38877.45743197978,bias0_d0.8_mss1_fvg0_hall
2024-08-06 13:05:00,-1,38845.527,38874.97002969551,bias0_d0.8_mss1_fvg0_hall
2024-08-06 18:17:00,1,39248.881,39229.69475924322,bias0_d0.8_mss1_fvg0_hall
2024-08-07 06:50:00,1,39190.463,39178.59603163316,bias0_d0.8_mss1_fvg0_hall
2024-08-07 07:00:00,-1,39199.345,39235.696825180814,bias0_d0.8_mss1_fvg0_hall
2024-08-07 08:38:00,-1,39261.757,39276.760668321585,bias0_d0.8_mss1_fvg0_hall
2024-08-07 13:04:00,-1,39313.137,39337.19332599262,bias0_d0.8_mss1_fvg0_hall
2024-08-07 19:51:00,-1,38873.531,38922.0076105379,bias0_d0.8_mss1_fvg0_hall
2024-08-07 19:51:00,-1,38873.531,38929.54948121377,bias0_d0.8_mss1_fvg0_hall
2024-08-08 03:50:00,1,38799.244999999995,38790.93466731463,bias0_d0.8_mss1_fvg0_hall
2024-08-08 05:38:00,-1,38773.257,38782.10168984619,bias0_d0.8_mss1_fvg0_hall
2024-08-08 08:07:00,1,38668.782999999996,38616.8619114978,bias0_d0.8_mss1_fvg0_hall
2024-08-08 11:05:00,1,38673.539,38650.4106204299,bias0_d0.8_mss1_fvg0_hall
2024-08-08 11:05:00,1,38673.539,38644.084790399196,bias0_d0.8_mss1_fvg0_hall
2024-08-08 15:11:00,-1,39308.733,39338.62466360864,bias0_d0.8_mss1_fvg0_hall
2024-08-08 19:08:00,1,39416.293,39396.09524792062,bias0_d0.8_mss1_fvg0_hall
2024-08-09 00:46:00,1,39424.782999999996,39385.909796160646,bias0_d0.8_mss1_fvg0_hall
2024-08-09 01:12:00,-1,39446.425,39457.06349071925,bias0_d0.8_mss1_fvg0_hall
2024-08-09 01:14:00,1,39445.837,39433.6235666508,bias0_d0.8_mss1_fvg0_hall
2024-08-09 03:51:00,1,39478.539,39470.12640028968,bias0_d0.8_mss1_fvg0_hall
2024-08-09 11:00:00,1,39458.375,39446.22482807275,bias0_d0.8_mss1_fvg0_hall
2024-08-12 06:54:00,1,39488.203,39478.9386774156,bias0_d0.8_mss1_fvg0_hall
2024-08-12 07:00:00,-1,39491.781,39502.92852911138,bias0_d0.8_mss1_fvg0_hall
2024-08-12 07:06:00,1,39500.289,39477.828856587104,bias0_d0.8_mss1_fvg0_hall
2024-08-12 12:23:00,1,39582.557,39569.08318428138,bias0_d0.8_mss1_fvg0_hall
2024-08-12 12:52:00,1,39561.795,39552.444526356245,bias0_d0.8_mss1_fvg0_hall
2024-08-12 13:08:00,-1,39565.557,39573.100993092456,bias0_d0.8_mss1_fvg0_hall
2024-08-12 13:30:00,-1,39571.319,39579.34484114014,bias0_d0.8_mss1_fvg0_hall
2024-08-12 13:30:00,-1,39569.027,39576.33582391584,bias0_d0.8_mss1_fvg0_hall
2024-08-12 13:30:00,-1,39564.994999999995,39590.177320095885,bias0_d0.8_mss1_fvg0_hall
2024-08-12 19:11:00,1,39324.263,39300.58760100255,bias0_d0.8_mss1_fvg0_hall
2024-08-12 19:34:00,-1,39327.751000000004,39353.52036426231,bias0_d0.8_mss1_fvg0_hall
2024-08-12 22:49:00,1,39374.757,39366.21118327048,bias0_d0.8_mss1_fvg0_hall
2024-08-12 23:34:00,-1,39381.751000000004,39390.94751714585,bias0_d0.8_mss1_fvg0_hall
2024-08-13 09:03:00,-1,39436.168999999994,39443.622160522464,bias0_d0.8_mss1_fvg0_hall
2024-08-13 15:09:00,-1,39532.137,39557.71067319316,bias0_d0.8_mss1_fvg0_hall
2024-08-13 17:32:00,-1,39676.119000000006,39687.97281449583,bias0_d0.8_mss1_fvg0_hall
2024-08-14 00:51:00,1,39749.465,39742.576077194746,bias0_d0.8_mss1_fvg0_hall
2024-08-14 00:51:00,1,39749.465,39744.800543109406,bias0_d0.8_mss1_fvg0_hall
2024-08-14 12:31:00,-1,39757.587,39777.94971446552,bias0_d0.8_mss1_fvg0_hall
2024-08-14 19:55:00,1,40007.757,39972.31235814435,bias0_d0.8_mss1_fvg0_hall
2024-08-14 19:55:00,1,40007.757,39967.29506113404,bias0_d0.8_mss1_fvg0_hall
2024-08-15 04:11:00,-1,40067.757,40073.118473362745,bias0_d0.8_mss1_fvg0_hall
2024-08-15 08:06:00,1,40108.799,40096.284664246785,bias0_d0.8_mss1_fvg0_hall
2024-08-16 07:57:00,1,40607.057,40598.33164799953,bias0_d0.8_mss1_fvg0_hall
2024-08-16 11:37:00,1,40533.782999999996,40519.57576591763,bias0_d0.8_mss1_fvg0_hall
2024-08-16 12:19:00,-1,40527.045,40537.40245396885,bias0_d0.8_mss1_fvg0_hall
2024-08-16 15:12:00,1,40528.983,40510.78942827561,bias0_d0.8_mss1_fvg0_hall
2024-08-16 16:14:00,1,40612.019,40597.065952894394,bias0_d0.8_mss1_fvg0_hall
2024-08-16 18:44:00,-1,40680.721000000005,40692.80400224925,bias0_d0.8_mss1_fvg0_hall
2024-08-16 18:53:00,1,40671.357,40664.217448353964,bias0_d0.8_mss1_fvg0_hall
2024-08-19 07:00:00,1,40611.351,40608.99944441863,bias0_d0.8_mss1_fvg0_hall
2024-08-19 07:00:00,1,40611.351,40607.67153490806,bias0_d0.8_mss1_fvg0_hall
2024-08-19 10:04:00,1,40677.151,40662.08917452361,bias0_d0.8_mss1_fvg0_hall
2024-08-19 10:04:00,1,40677.151,40665.08107634335,bias0_d0.8_mss1_fvg0_hall
2024-08-19 13:28:00,1,40701.413,40680.98170832154,bias0_d0.8_mss1_fvg0_hall
2024-08-19 15:56:00,-1,40842.019,40858.03637313346,bias0_d0.8_mss1_fvg0_hall
2024-08-19 15:56:00,-1,40842.019,40856.76093219535,bias0_d0.8_mss1_fvg0_hall
2024-08-19 18:09:00,-1,40835.239,40841.024960607756,bias0_d0.8_mss1_fvg0_hall
2024-08-20 12:06:00,-1,40880.557,40887.67841499146,bias0_d0.8_mss1_fvg0_hall
2024-08-20 12:12:00,-1,40883.759,40888.17374327397,bias0_d0.8_mss1_fvg0_hall
2024-08-20 13:32:00,-1,40859.113,40877.8379243378,bias0_d0.8_mss1_fvg0_hall
2024-08-20 16:46:00,-1,40861.037,40868.11884048198,bias0_d0.8_mss1_fvg0_hall
2024-08-21 15:47:00,-1,40856.994999999995,40876.78333642307,bias0_d0.8_mss1_fvg0_hall
2024-08-21 18:02:00,-1,40871.607,40886.944335254724,bias0_d0.8_mss1_fvg0_hall
2024-08-22 00:45:00,-1,40919.977,40922.86609035017,bias0_d0.8_mss1_fvg0_hall
2024-08-22 15:08:00,-1,40842.263,40848.109813860945,bias0_d0.8_mss1_fvg0_hall
2024-08-22 15:08:00,-1,40842.263,40856.66921692875,bias0_d0.8_mss1_fvg0_hall
2024-08-22 19:02:00,1,40664.357,40652.865270142545,bias0_d0.8_mss1_fvg0_hall
2024-08-23 02:03:00,-1,40781.031,40785.71191888074,bias0_d0.8_mss1_fvg0_hall
2024-08-23 02:20:00,1,40789.019,40785.870722106956,bias0_d0.8_mss1_fvg0_hall
2024-08-23 05:32:00,1,40811.249,40808.940150682705,bias0_d0.8_mss1_fvg0_hall
2024-08-23 06:38:00,1,40828.977,40826.843049139556,bias0_d0.8_mss1_fvg0_hall
2024-08-26 00:37:00,1,41157.513,41148.62104362964,bias0_d0.8_mss1_fvg0_hall
2024-08-26 00:37:00,1,41157.513,41149.10010496637,bias0_d0.8_mss1_fvg0_hall
2024-08-26 12:31:00,-1,41235.789000000004,41243.33572779194,bias0_d0.8_mss1_fvg0_hall
2024-08-26 14:19:00,-1,41364.001,41402.59769198222,bias0_d0.8_mss1_fvg0_hall
2024-08-27 04:43:00,-1,41219.625,41221.12637800972,bias0_d0.8_mss1_fvg0_hall
2024-08-27 04:43:00,-1,41218.737,41220.350465294745,bias0_d0.8_mss1_fvg0_hall
2024-08-27 16:13:00,1,41148.880999999994,41140.46370356818,bias0_d0.8_mss1_fvg0_hall
2024-08-28 03:27:00,-1,41258.607,41262.915873552716,bias0_d0.8_mss1_fvg0_hall
2024-08-28 07:04:00,-1,41282.043,41286.932448513646,bias0_d0.8_mss1_fvg0_hall
2024-08-28 13:30:00,1,41246.381,41221.194798535354,bias0_d0.8_mss1_fvg0_hall
2024-08-28 14:53:00,1,41259.744999999995,41229.89408722614,bias0_d0.8_mss1_fvg0_hall
2024-08-28 18:51:00,1,40893.221,40875.57809884734,bias0_d0.8_mss1_fvg0_hall
2024-08-29 13:31:00,-1,41370.209,41406.88861154905,bias0_d0.8_mss1_fvg0_hall
2024-08-30 03:02:00,-1,41363.175,41368.05335424394,bias0_d0.8_mss1_fvg0_hall
2024-08-30 03:02:00,-1,41363.175,41367.57355751222,bias0_d0.8_mss1_fvg0_hall
2024-08-30 16:06:00,1,41231.675,41218.010983135675,bias0_d0.8_mss1_fvg0_hall
2024-09-01 23:21:00,1,41530.895000000004,41526.69438805125,bias0_d0.8_mss1_fvg0_hall
2024-09-01 23:51:00,-1,41543.663,41546.57487664959,bias0_d0.8_mss1_fvg0_hall
2024-09-02 09:16:00,1,41507.969,41501.28762448321,bias0_d0.8_mss1_fvg0_hall
2024-09-02 13:34:00,-1,41517.639,41527.423489019435,bias0_d0.8_mss1_fvg0_hall
2024-09-02 13:34:00,-1,41517.639,41526.947511232334,bias0_d0.8_mss1_fvg0_hall
2024-09-02 15:48:00,-1,41529.109,41533.913297367304,bias0_d0.8_mss1_fvg0_hall
2024-09-02 23:45:00,1,41484.757,41474.55282865385,bias0_d0.8_mss1_fvg0_hall
2024-09-02 23:45:00,1,41484.757,41479.63402660714,bias0_d0.8_mss1_fvg0_hall
2024-09-02 23:45:00,1,41484.757,41481.596753278056,bias0_d0.8_mss1_fvg0_hall
2024-09-03 06:00:00,-1,41486.763,41489.245517088624,bias0_d0.8_mss1_fvg0_hall
2024-09-03 06:00:00,-1,41486.751000000004,41493.92948705665,bias0_d0.8_mss1_fvg0_hall
2024-09-03 06:29:00,1,41471.387,41463.4581836387,bias0_d0.8_mss1_fvg0_hall
2024-09-03 11:05:00,-1,41354.193,41365.69304893109,bias0_d0.8_mss1_fvg0_hall
2024-09-03 12:37:00,1,41339.657,41326.99501481997,bias0_d0.8_mss1_fvg0_hall
2024-09-03 12:37:00,1,41339.657,41331.92554233283,bias0_d0.8_mss1_fvg0_hall
2024-09-04 02:40:00,-1,40857.757,40871.389415178935,bias0_d0.8_mss1_fvg0_hall
2024-09-04 03:03:00,1,40830.381,40822.493752771385,bias0_d0.8_mss1_fvg0_hall
2024-09-04 04:00:00,1,40797.774999999994,40789.65337483346,bias0_d0.8_mss1_fvg0_hall
2024-09-04 10:56:00,-1,40852.949,40864.88142670702,bias0_d0.8_mss1_fvg0_hall
2024-09-04 12:02:00,1,40858.777,40846.82008222754,bias0_d0.8_mss1_fvg0_hall
2024-09-04 17:51:00,-1,40878.263,40892.316126414145,bias0_d0.8_mss1_fvg0_hall
2024-09-05 05:04:00,-1,40931.637,40939.404708683025,bias0_d0.8_mss1_fvg0_hall
2024-09-05 06:02:00,-1,40944.501,40953.58538955862,bias0_d0.8_mss1_fvg0_hall
2024-09-05 14:00:00,1,40895.024999999994,40848.98095437934,bias0_d0.8_mss1_fvg0_hall
2024-09-05 14:00:00,1,40895.024999999994,40849.33121478081,bias0_d0.8_mss1_fvg0_hall
2024-09-06 02:50:00,-1,40798.899000000005,40804.91227522332,bias0_d0.8_mss1_fvg0_hall
2024-09-06 04:11:00,1,40780.531,40776.66581983136,bias0_d0.8_mss1_fvg0_hall
2024-09-06 08:58:00,1,40598.039000000004,40583.73944104932,bias0_d0.8_mss1_fvg0_hall
2024-09-08 23:00:00,-1,40339.399000000005,40348.86224320223,bias0_d0.8_mss1_fvg0_hall
2024-09-08 23:20:00,1,40330.607,40319.739240539246,bias0_d0.8_mss1_fvg0_hall
2024-09-09 02:18:00,-1,40429.244999999995,40440.208809364536,bias0_d0.8_mss1_fvg0_hall
2024-09-09 06:50:00,1,40469.744999999995,40461.35032575994,bias0_d0.8_mss1_fvg0_hall
2024-09-09 13:17:00,-1,40648.032999999996,40660.220199527525,bias0_d0.8_mss1_fvg0_hall
2024-09-09 13:17:00,-1,40648.032999999996,40660.16739347016,bias0_d0.8_mss1_fvg0_hall
2024-09-09 14:22:00,-1,40769.471,40805.83088713391,bias0_d0.8_mss1_fvg0_hall
2024-09-10 07:01:00,-1,40762.983,40772.10887943186,bias0_d0.8_mss1_fvg0_hall
2024-09-10 19:01:00,-1,40704.333,40726.44975277681,bias0_d0.8_mss1_fvg0_hall
2024-09-10 19:01:00,-1,40704.333,40723.21475614989,bias0_d0.8_mss1_fvg0_hall
2024-09-11 12:10:00,-1,40633.108,40646.076107345616,bias0_d0.8_mss1_fvg0_hall
2024-09-11 23:30:00,-1,40835.989,40838.54204595557,bias0_d0.8_mss1_fvg0_hall
2024-09-12 01:16:00,1,40827.251,40821.32741382501,bias0_d0.8_mss1_fvg0_hall
2024-09-12 01:16:00,1,40827.251,40819.320582328706,bias0_d0.8_mss1_fvg0_hall
2024-09-12 07:22:00,1,40899.063,40890.70355613925,bias0_d0.8_mss1_fvg0_hall
2024-09-12 08:33:00,1,40900.681,40882.69315861192,bias0_d0.8_mss1_fvg0_hall
2024-09-12 10:35:00,1,40925.295,40919.0980891701,bias0_d0.8_mss1_fvg0_hall
2024-09-12 10:50:00,-1,40942.168999999994,40946.39483920768,bias0_d0.8_mss1_fvg0_hall
2024-09-12 11:26:00,1,40922.795,40911.07971306479,bias0_d0.8_mss1_fvg0_hall
2024-09-12 11:26:00,1,40922.795,40916.0957046324,bias0_d0.8_mss1_fvg0_hall
2024-09-12 11:39:00,-1,40921.003,40936.09478711909,bias0_d0.8_mss1_fvg0_hall
2024-09-12 13:31:00,1,40909.739,40842.06752975183,bias0_d0.8_mss1_fvg0_hall
2024-09-12 16:35:00,1,40816.267,40798.530325242464,bias0_d0.8_mss1_fvg0_hall
2024-09-12 23:54:00,-1,41143.149,41149.1801414621,bias0_d0.8_mss1_fvg0_hall
2024-09-13 04:06:00,-1,41143.013,41144.92514719496,bias0_d0.8_mss1_fvg0_hall
2024-09-13 11:03:00,-1,41193.325,41202.282068618144,bias0_d0.8_mss1_fvg0_hall
2024-09-13 11:36:00,-1,41172.301,41183.88205170587,bias0_d0.8_mss1_fvg0_hall
2024-09-13 12:28:00,1,41176.575,41168.4209227159,bias0_d0.8_mss1_fvg0_hall
2024-09-13 12:28:00,1,41176.575,41169.392028236194,bias0_d0.8_mss1_fvg0_hall
2024-09-13 19:37:00,-1,41384.278999999995,41397.7582305184,bias0_d0.8_mss1_fvg0_hall
2024-09-15 23:37:00,-1,41409.207,41415.76757070922,bias0_d0.8_mss1_fvg0_hall
2024-09-16 03:04:00,-1,41416.243,41417.06313920287,bias0_d0.8_mss1_fvg0_hall
2024-09-16 03:56:00,1,41417.773,41411.8495460438,bias0_d0.8_mss1_fvg0_hall
2024-09-16 05:44:00,1,41398.605,41395.7811195999,bias0_d0.8_mss1_fvg0_hall
2024-09-16 10:41:00,1,41452.899,41448.61694083126,bias0_d0.8_mss1_fvg0_hall
2024-09-16 13:26:00,1,41484.799,41472.992578593294,bias0_d0.8_mss1_fvg0_hall
2024-09-17 00:00:00,1,41604.611000000004,41595.58757805722,bias0_d0.8_mss1_fvg0_hall
2024-09-17 03:30:00,1,41578.707,41576.88244925292,bias0_d0.8_mss1_fvg0_hall
2024-09-17 03:30:00,1,41582.998999999996,41578.18217430628,bias0_d0.8_mss1_fvg0_hall
2024-09-17 05:47:00,1,41598.713,41595.77312559713,bias0_d0.8_mss1_fvg0_hall
2024-09-17 09:57:00,-1,41718.759,41722.195112078465,bias0_d0.8_mss1_fvg0_hall
2024-09-17 13:32:00,1,41733.494999999995,41689.67175169176,bias0_d0.8_mss1_fvg0_hall
2024-09-17 23:16:00,1,41621.539,41619.95581081224,bias0_d0.8_mss1_fvg0_hall
2024-09-18 02:36:00,-1,41664.081000000006,41665.37718891849,bias0_d0.8_mss1_fvg0_hall
2024-09-18 02:36:00,-1,41664.081000000006,41665.38834860829,bias0_d0.8_mss1_fvg0_hall
2024-09-18 13:01:00,1,41656.725000000006,41649.062800552354,bias0_d0.8_mss1_fvg0_hall
2024-09-19 07:30:00,-1,41771.075,41784.858839103705,bias0_d0.8_mss1_fvg0_hall
2024-09-19 07:30:00,-1,41771.075,41785.78478575779,bias0_d0.8_mss1_fvg0_hall
2024-09-19 09:57:00,-1,41972.032999999996,41979.45649545936,bias0_d0.8_mss1_fvg0_hall
2024-09-19 10:59:00,-1,41997.163,42005.008310756355,bias0_d0.8_mss1_fvg0_hall
2024-09-19 16:49:00,-1,42071.757,42082.53044874303,bias0_d0.8_mss1_fvg0_hall
2024-09-19 16:49:00,-1,42071.757,42089.250888118535,bias0_d0.8_mss1_fvg0_hall
2024-09-19 16:49:00,-1,42071.757,42084.56102700016,bias0_d0.8_mss1_fvg0_hall
2024-09-19 17:26:00,1,42069.751,42040.45901595786,bias0_d0.8_mss1_fvg0_hall
2024-09-19 17:26:00,1,42069.751,42045.50774338944,bias0_d0.8_mss1_fvg0_hall
2024-09-19 17:26:00,1,42069.751,42046.46273314734,bias0_d0.8_mss1_fvg0_hall
2024-09-19 19:50:00,-1,42023.494999999995,42067.844189396,bias0_d0.8_mss1_fvg0_hall
2024-09-20 01:44:00,1,42028.215,42020.87303897299,bias0_d0.8_mss1_fvg0_hall
2024-09-20 03:22:00,-1,42021.744999999995,42023.76841012183,bias0_d0.8_mss1_fvg0_hall
2024-09-20 03:22:00,-1,42021.744999999995,42023.78090939885,bias0_d0.8_mss1_fvg0_hall
2024-09-20 08:18:00,-1,42032.069,42043.998474305874,bias0_d0.8_mss1_fvg0_hall
2024-09-20 13:03:00,-1,42056.699,42070.00339623941,bias0_d0.8_mss1_fvg0_hall
2024-09-20 14:18:00,1,41896.239,41871.37113669237,bias0_d0.8_mss1_fvg0_hall
2024-09-20 14:54:00,-1,41970.257,42002.77986918556,bias0_d0.8_mss1_fvg0_hall
2024-09-22 23:01:00,1,42049.293,42041.64203602299,bias0_d0.8_mss1_fvg0_hall
2024-09-22 23:32:00,1,42054.763,42052.88331016486,bias0_d0.8_mss1_fvg0_hall
2024-09-23 00:05:00,-1,42078.227,42086.15998361391,bias0_d0.8_mss1_fvg0_hall
2024-09-23 05:01:00,-1,42138.001000000004,42140.55707550563,bias0_d0.8_mss1_fvg0_hall
2024-09-23 11:02:00,1,42086.532999999996,42077.75807018951,bias0_d0.8_mss1_fvg0_hall
2024-09-23 19:34:00,1,42121.477,42107.97790301447,bias0_d0.8_mss1_fvg0_hall
2024-09-23 19:59:00,-1,42131.721,42141.76374880259,bias0_d0.8_mss1_fvg0_hall
2024-09-23 23:45:00,1,42078.763,42075.012343281116,bias0_d0.8_mss1_fvg0_hall
2024-09-23 23:45:00,1,42078.763,42076.25697590389,bias0_d0.8_mss1_fvg0_hall
2024-09-24 02:57:00,1,42042.751000000004,42039.20531708734,bias0_d0.8_mss1_fvg0_hall
2024-09-24 03:26:00,-1,42048.977,42054.213178894424,bias0_d0.8_mss1_fvg0_hall
2024-09-24 06:22:00,1,42104.483,42098.183437885,bias0_d0.8_mss1_fvg0_hall
2024-09-24 18:02:00,1,42121.494999999995,42107.480147410286,bias0_d0.8_mss1_fvg0_hall
2024-09-24 19:04:00,1,42121.001000000004,42111.0818290393,bias0_d0.8_mss1_fvg0_hall
2024-09-25 09:16:00,-1,42194.425,42203.2278507119,bias0_d0.8_mss1_fvg0_hall
2024-09-25 13:35:00,-1,42260.244999999995,42312.10071957386,bias0_d0.8_mss1_fvg0_hall
2024-09-25 13:35:00,-1,42215.519,42238.76082269754,bias0_d0.8_mss1_fvg0_hall
2024-09-26 06:45:00,1,42071.251000000004,42063.01659882116,bias0_d0.8_mss1_fvg0_hall
2024-09-26 10:26:00,-1,42118.021,42123.53588383816,bias0_d0.8_mss1_fvg0_hall
2024-09-26 10:45:00,-1,42122.539,42129.162280590375,bias0_d0.8_mss1_fvg0_hall
2024-09-26 13:28:00,1,42149.199,42130.28844977921,bias0_d0.8_mss1_fvg0_hall
2024-09-26 17:04:00,1,42157.73299999999,42148.09861978208,bias0_d0.8_mss1_fvg0_hall
2024-09-27 13:31:00,1,42307.226,42262.649971267034,bias0_d0.8_mss1_fvg0_hall
2024-09-27 19:50:00,1,42339.001,42315.063395480654,bias0_d0.8_mss1_fvg0_hall
2024-09-30 01:13:00,-1,42328.881,42336.75799015583,bias0_d0.8_mss1_fvg0_hall
2024-09-30 03:58:00,1,42319.721,42316.38001754928,bias0_d0.8_mss1_fvg0_hall
2024-09-30 03:58:00,1,42319.721,42314.79747227464,bias0_d0.8_mss1_fvg0_hall
2024-09-30 09:22:00,1,42263.901,42255.61428294111,bias0_d0.8_mss1_fvg0_hall
2024-09-30 10:53:00,1,42264.545,42259.10680790263,bias0_d0.8_mss1_fvg0_hall
2024-09-30 12:27:00,-1,42245.063,42250.94456431083,bias0_d0.8_mss1_fvg0_hall
2024-09-30 13:30:00,-1,42220.465,42260.88785877668,bias0_d0.8_mss1_fvg0_hall
2024-10-01 02:04:00,-1,42316.774999999994,42326.9423774688,bias0_d0.8_mss1_fvg0_hall
2024-10-01 06:53:00,-1,42306.483,42309.26786384185,bias0_d0.8_mss1_fvg0_hall
2024-10-01 10:53:00,1,42198.051,42189.1804856901,bias0_d0.8_mss1_fvg0_hall
2024-10-01 11:53:00,1,42213.913,42206.70817885755,bias0_d0.8_mss1_fvg0_hall
2024-10-01 12:29:00,-1,42212.295,42223.93783758437,bias0_d0.8_mss1_fvg0_hall
2024-10-01 23:20:00,-1,42065.575,42076.119007339505,bias0_d0.8_mss1_fvg0_hall
2024-10-02 00:19:00,-1,42082.069,42088.597579485366,bias0_d0.8_mss1_fvg0_hall
2024-10-02 04:22:00,-1,42088.27099999999,42092.99830921051,bias0_d0.8_mss1_fvg0_hall
2024-10-02 05:57:00,1,42000.337,41993.3545998353,bias0_d0.8_mss1_fvg0_hall
2024-10-02 08:23:00,1,42035.095,42024.11384370152,bias0_d0.8_mss1_fvg0_hall
2024-10-03 05:45:00,-1,42145.045,42147.67405251612,bias0_d0.8_mss1_fvg0_hall
2024-10-03 13:29:00,-1,42058.850999999995,42080.60293445872,bias0_d0.8_mss1_fvg0_hall
2024-10-03 13:31:00,-1,42064.449,42095.42962818124,bias0_d0.8_mss1_fvg0_hall
2024-10-03 19:41:00,-1,41938.989,41952.70144092248,bias0_d0.8_mss1_fvg0_hall
2024-10-04 00:15:00,-1,41989.219,41995.51953699796,bias0_d0.8_mss1_fvg0_hall
2024-10-04 01:19:00,1,41976.231,41964.621421876436,bias0_d0.8_mss1_fvg0_hall
2024-10-04 13:35:00,1,42251.301,42220.27418948326,bias0_d0.8_mss1_fvg0_hall
2024-10-04 13:35:00,1,42285.557,42242.39314737731,bias0_d0.8_mss1_fvg0_hall
2024-10-06 22:58:00,1,42372.933000000005,42367.75030677398,bias0_d0.8_mss1_fvg0_hall
2024-10-07 00:37:00,1,42338.433000000005,42333.21739352681,bias0_d0.8_mss1_fvg0_hall
2024-10-07 00:37:00,1,42338.433000000005,42333.69187970347,bias0_d0.8_mss1_fvg0_hall
2024-10-07 08:39:00,-1,42227.501000000004,42235.47593023273,bias0_d0.8_mss1_fvg0_hall
2024-10-07 10:08:00,-1,42156.453,42166.27663485549,bias0_d0.8_mss1_fvg0_hall
2024-10-07 11:00:00,-1,42161.043,42174.084199906465,bias0_d0.8_mss1_fvg0_hall
2024-10-07 13:08:00,1,42183.263,42174.304658957175,bias0_d0.8_mss1_fvg0_hall
2024-10-07 13:08:00,1,42201.543,42182.79622617453,bias0_d0.8_mss1_fvg0_hall
2024-10-07 13:30:00,-1,42201.939,42216.75191085072,bias0_d0.8_mss1_fvg0_hall
2024-10-07 13:30:00,-1,42201.939,42226.56721088659,bias0_d0.8_mss1_fvg0_hall
2024-10-07 19:31:00,-1,41949.951,41970.58951204804,bias0_d0.8_mss1_fvg0_hall
2024-10-08 03:49:00,-1,41928.701,41936.73526646445,bias0_d0.8_mss1_fvg0_hall
2024-10-08 13:33:00,-1,42018.062000000005,42056.529721531886,bias0_d0.8_mss1_fvg0_hall
2024-10-08 19:05:00,-1,42085.933000000005,42095.36493202735,bias0_d0.8_mss1_fvg0_hall
2024-10-09 01:27:00,-1,42056.927,42066.95543949344,bias0_d0.8_mss1_fvg0_hall
2024-10-09 04:02:00,1,42043.593,42037.999355600325,bias0_d0.8_mss1_fvg0_hall
2024-10-09 09:01:00,1,41990.257,41979.420617979915,bias0_d0.8_mss1_fvg0_hall
2024-10-10 06:49:00,1,42496.463,42491.99000848944,bias0_d0.8_mss1_fvg0_hall
2024-10-10 07:02:00,1,42494.065,42485.70487570849,bias0_d0.8_mss1_fvg0_hall
2024-10-10 08:04:00,1,42447.799,42440.05866444645,bias0_d0.8_mss1_fvg0_hall
2024-10-10 08:04:00,1,42447.799,42440.48340270027,bias0_d0.8_mss1_fvg0_hall
2024-10-11 03:41:00,1,42475.945,42471.58752574923,bias0_d0.8_mss1_fvg0_hall
2024-10-11 09:35:00,1,42413.501000000004,42405.42981502336,bias0_d0.8_mss1_fvg0_hall
2024-10-11 12:03:00,1,42460.887,42451.550483839805,bias0_d0.8_mss1_fvg0_hall
2024-10-11 12:03:00,1,42460.887,42452.51150642267,bias0_d0.8_mss1_fvg0_hall
2024-10-11 15:03:00,-1,42774.926999999996,42792.01034273033,bias0_d0.8_mss1_fvg0_hall
2024-10-11 16:58:00,1,42716.907999999996,42701.07258330703,bias0_d0.8_mss1_fvg0_hall
2024-10-14 00:06:00,1,42843.199,42837.818392861365,bias0_d0.8_mss1_fvg0_hall
2024-10-14 01:36:00,1,42846.574,42840.83331628507,bias0_d0.8_mss1_fvg0_hall
2024-10-14 06:32:00,-1,42846.19500000001,42848.91840064452,bias0_d0.8_mss1_fvg0_hall
2024-10-14 06:38:00,1,42841.463,42839.06326207565,bias0_d0.8_mss1_fvg0_hall
2024-10-14 07:07:00,-1,42856.483,42863.897451104946,bias0_d0.8_mss1_fvg0_hall
2024-10-14 12:41:00,1,42785.881,42782.612700456804,bias0_d0.8_mss1_fvg0_hall
2024-10-14 13:30:00,-1,42825.137,42829.432192618675,bias0_d0.8_mss1_fvg0_hall
2024-10-14 13:30:00,-1,42825.137,42838.84152586852,bias0_d0.8_mss1_fvg0_hall
2024-10-14 13:30:00,-1,42804.957,42834.07953116363,bias0_d0.8_mss1_fvg0_hall
2024-10-14 17:09:00,-1,43061.195,43070.065840591604,bias0_d0.8_mss1_fvg0_hall
2024-10-14 19:36:00,1,43074.933000000005,43068.16884702277,bias0_d0.8_mss1_fvg0_hall
2024-10-15 08:08:00,1,43152.703,43145.342800008184,bias0_d0.8_mss1_fvg0_hall
2024-10-15 13:29:00,-1,42940.263,42965.682711604815,bias0_d0.8_mss1_fvg0_hall
2024-10-15 14:46:00,-1,42891.494999999995,42940.997483680716,bias0_d0.8_mss1_fvg0_hall
2024-10-15 14:46:00,-1,42891.494999999995,42935.0788491321,bias0_d0.8_mss1_fvg0_hall
2024-10-15 18:51:00,1,42804.459,42773.95210112285,bias0_d0.8_mss1_fvg0_hall
2024-10-16 00:39:00,1,42746.757,42740.181770437426,bias0_d0.8_mss1_fvg0_hall
2024-10-16 04:02:00,-1,42752.649000000005,42754.59723720478,bias0_d0.8_mss1_fvg0_hall
2024-10-16 06:59:00,-1,42730.369000000006,42731.80716096169,bias0_d0.8_mss1_fvg0_hall
2024-10-16 07:07:00,1,42718.557,42707.19802423099,bias0_d0.8_mss1_fvg0_hall
2024-10-16 09:52:00,1,42717.557,42710.222206156745,bias0_d0.8_mss1_fvg0_hall
2024-10-16 15:08:00,-1,42929.744999999995,42968.341336345235,bias0_d0.8_mss1_fvg0_hall
2024-10-16 16:38:00,1,42999.751000000004,42986.25398599514,bias0_d0.8_mss1_fvg0_hall
2024-10-16 16:38:00,1,42999.751000000004,42988.78771556692,bias0_d0.8_mss1_fvg0_hall
2024-10-16 19:22:00,-1,43068.013,43086.66017809574,bias0_d0.8_mss1_fvg0_hall
2024-10-17 16:26:00,1,43192.983,43177.02439862971,bias0_d0.8_mss1_fvg0_hall
2024-10-17 16:26:00,1,43192.983,43175.98255587044,bias0_d0.8_mss1_fvg0_hall
2024-10-17 19:59:00,-1,43252.612,43266.8746534789,bias0_d0.8_mss1_fvg0_hall
2024-10-17 23:41:00,-1,43260.877,43263.9848889617,bias0_d0.8_mss1_fvg0_hall
2024-10-18 00:02:00,-1,43259.401,43262.424020353814,bias0_d0.8_mss1_fvg0_hall
2024-10-18 00:02:00,-1,43255.037,43260.720876042826,bias0_d0.8_mss1_fvg0_hall
2024-10-18 02:30:00,1,43241.157,43233.61368342141,bias0_d0.8_mss1_fvg0_hall
2024-10-18 05:48:00,-1,43231.681,43234.2058088113,bias0_d0.8_mss1_fvg0_hall
2024-10-18 05:53:00,1,43229.115,43226.314836531186,bias0_d0.8_mss1_fvg0_hall
2024-10-18 13:29:00,1,43184.683000000005,43133.36804648936,bias0_d0.8_mss1_fvg0_hall
2024-10-18 13:32:00,-1,43199.543,43251.28722825988,bias0_d0.8_mss1_fvg0_hall
2024-10-18 19:20:00,-1,43263.007,43277.62559017913,bias0_d0.8_mss1_fvg0_hall
2024-10-18 19:37:00,1,43247.763,43231.80535209263,bias0_d0.8_mss1_fvg0_hall
2024-10-20 23:54:00,1,43312.024999999994,43304.23485990774,bias0_d0.8_mss1_fvg0_hall
2024-10-21 07:01:00,1,43280.575,43274.79042532462,bias0_d0.8_mss1_fvg0_hall
2024-10-21 07:01:00,1,43280.575,43272.02405755031,bias0_d0.8_mss1_fvg0_hall
2024-10-21 09:08:00,-1,43288.27099999999,43293.36303385778,bias0_d0.8_mss1_fvg0_hall
2024-10-21 11:49:00,1,43170.789,43162.53882140424,bias0_d0.8_mss1_fvg0_hall
2024-10-21 13:38:00,-1,43248.239,43273.14473186817,bias0_d0.8_mss1_fvg0_hall
2024-10-21 16:51:00,1,42952.263,42928.738624049416,bias0_d0.8_mss1_fvg0_hall
2024-10-21 17:50:00,1,42948.727,42937.149820901795,bias0_d0.8_mss1_fvg0_hall
2024-10-22 01:50:00,1,42885.619000000006,42881.04781518238,bias0_d0.8_mss1_fvg0_hall
2024-10-22 01:50:00,1,42885.619000000006,42880.60952838363,bias0_d0.8_mss1_fvg0_hall
2024-10-22 10:32:00,1,42743.312999999995,42723.04395148327,bias0_d0.8_mss1_fvg0_hall
2024-10-22 13:30:00,1,42794.043,42744.006955729885,bias0_d0.8_mss1_fvg0_hall
2024-10-23 02:08:00,1,42804.287,42798.272841432336,bias0_d0.8_mss1_fvg0_hall
2024-10-23 10:00:00,-1,42763.562999999995,42769.781535694696,bias0_d0.8_mss1_fvg0_hall
2024-10-23 11:49:00,1,42710.003,42701.8391647383,bias0_d0.8_mss1_fvg0_hall
2024-10-23 13:27:00,-1,42668.675,42685.21510325347,bias0_d0.8_mss1_fvg0_hall
2024-10-23 13:29:00,1,42691.699,42662.76490086364,bias0_d0.8_mss1_fvg0_hall
2024-10-23 13:32:00,-1,42679.399000000005,42704.69709205519,bias0_d0.8_mss1_fvg0_hall
2024-10-24 00:23:00,1,42434.437,42432.17841783716,bias0_d0.8_mss1_fvg0_hall
2024-10-24 22:58:00,1,42387.865,42384.39710092533,bias0_d0.8_mss1_fvg0_hall
2024-10-24 23:05:00,1,42385.883,42383.337538044514,bias0_d0.8_mss1_fvg0_hall
2024-10-25 13:06:00,-1,42515.301,42521.83548743889,bias0_d0.8_mss1_fvg0_hall
2024-10-25 13:15:00,1,42506.433000000005,42497.05900913157,bias0_d0.8_mss1_fvg0_hall
2024-10-28 01:35:00,-1,42306.663,42310.42891184503,bias0_d0.8_mss1_fvg0_hall
2024-10-28 09:06:00,-1,42320.201,42330.54060694883,bias0_d0.8_mss1_fvg0_hall
2024-10-28 18:01:00,-1,42432.383,42448.476576112305,bias0_d0.8_mss1_fvg0_hall
2024-10-28 18:01:00,-1,42432.383,42449.23032067571,bias0_d0.8_mss1_fvg0_hall
2024-10-28 19:22:00,1,42412.157,42402.00419662942,bias0_d0.8_mss1_fvg0_hall
2024-10-28 23:46:00,-1,42382.371,42385.01561814563,bias0_d0.8_mss1_fvg0_hall
2024-10-29 09:45:00,-1,42409.587,42420.030314078846,bias0_d0.8_mss1_fvg0_hall
2024-10-29 13:32:00,1,42216.945,42202.80691126857,bias0_d0.8_mss1_fvg0_hall
2024-10-29 13:32:00,1,42209.145000000004,42160.9983410647,bias0_d0.8_mss1_fvg0_hall
2024-10-29 20:05:00,1,42238.031,42223.3034395469,bias0_d0.8_mss1_fvg0_hall
2024-10-29 20:06:00,1,42238.031,42226.32695100783,bias0_d0.8_mss1_fvg0_hall
2024-10-30 10:14:00,1,42265.451,42257.51927573175,bias0_d0.8_mss1_fvg0_hall
2024-10-30 12:33:00,1,42173.671,42154.080499951764,bias0_d0.8_mss1_fvg0_hall
2024-10-30 12:33:00,1,42173.671,42155.061349955206,bias0_d0.8_mss1_fvg0_hall
2024-10-30 13:30:00,-1,42205.999,42213.626679860456,bias0_d0.8_mss1_fvg0_hall
2024-10-30 13:36:00,1,42185.669,42152.545972190506,bias0_d0.8_mss1_fvg0_hall
2024-10-30 20:00:00,-1,42152.907,42207.87076026313,bias0_d0.8_mss1_fvg0_hall
2024-10-30 20:01:00,1,42166.175,42113.12370832709,bias0_d0.8_mss1_fvg0_hall
2024-10-31 00:55:00,-1,42133.615000000005,42139.97885114242,bias0_d0.8_mss1_fvg0_hall
2024-10-31 03:07:00,-1,42125.127,42132.2705643893,bias0_d0.8_mss1_fvg0_hall
2024-10-31 13:29:00,-1,41931.307,41950.890897309015,bias0_d0.8_mss1_fvg0_hall
2024-10-31 13:38:00,1,41903.769,41877.86365528244,bias0_d0.8_mss1_fvg0_hall
2024-10-31 13:48:00,-1,41948.524999999994,41975.712110953566,bias0_d0.8_mss1_fvg0_hall
2024-10-31 19:45:00,1,41864.127,41853.765427625025,bias0_d0.8_mss1_fvg0_hall
2024-11-01 12:30:00,-1,41921.701,41954.798396598475,bias0_d0.8_mss1_fvg0_hall
2024-11-01 19:06:00,1,42113.895000000004,42104.00620482747,bias0_d0.8_mss1_fvg0_hall
2024-11-04 01:10:00,1,41910.763,41902.34236098263,bias0_d0.8_mss1_fvg0_hall
2024-11-04 12:04:00,-1,42098.813,42108.37034145772,bias0_d0.8_mss1_fvg0_hall
2024-11-04 14:10:00,-1,42015.457,42029.670789372074,bias0_d0.8_mss1_fvg0_hall
2024-11-05 00:50:00,1,41791.019,41782.9377639331,bias0_d0.8_mss1_fvg0_hall
2024-11-05 00:50:00,1,41791.019,41783.926154615794,bias0_d0.8_mss1_fvg0_hall
2024-11-05 03:18:00,-1,41832.657,41836.13475237155,bias0_d0.8_mss1_fvg0_hall
2024-11-05 06:30:00,1,41842.633,41839.13192379351,bias0_d0.8_mss1_fvg0_hall
2024-11-05 08:09:00,-1,41831.689,41849.509224219495,bias0_d0.8_mss1_fvg0_hall
2024-11-05 10:41:00,-1,41856.195,41865.65198171276,bias0_d0.8_mss1_fvg0_hall
2024-11-05 10:41:00,-1,41856.195,41863.45696790539,bias0_d0.8_mss1_fvg0_hall
2024-11-05 11:30:00,-1,41875.349,41878.99225410674,bias0_d0.8_mss1_fvg0_hall
2024-11-05 14:32:00,1,41808.299,41778.90894983072,bias0_d0.8_mss1_fvg0_hall
2024-11-05 14:32:00,1,41841.138999999996,41815.54418198567,bias0_d0.8_mss1_fvg0_hall
2024-11-05 16:32:00,1,42112.413,42087.789847770524,bias0_d0.8_mss1_fvg0_hall
2024-11-06 00:03:00,1,42274.395000000004,42264.88222352993,bias0_d0.8_mss1_fvg0_hall
2024-11-06 19:43:00,-1,43660.119000000006,43689.767154745816,bias0_d0.8_mss1_fvg0_hall
2024-11-07 00:22:00,-1,43753.857,43764.204005145606,bias0_d0.8_mss1_fvg0_hall
2024-11-07 01:12:00,1,43718.751,43711.272725950636,bias0_d0.8_mss1_fvg0_hall
2024-11-07 05:08:00,1,43825.751,43820.064036589734,bias0_d0.8_mss1_fvg0_hall
2024-11-07 09:10:00,1,43803.807,43797.97450877801,bias0_d0.8_mss1_fvg0_hall
2024-11-07 14:32:00,-1,43741.751000000004,43766.81524685605,bias0_d0.8_mss1_fvg0_hall
2024-11-07 16:49:00,1,43717.363,43703.37261984229,bias0_d0.8_mss1_fvg0_hall
2024-11-07 16:49:00,1,43717.363,43701.06627935381,bias0_d0.8_mss1_fvg0_hall
2024-11-07 20:50:00,-1,43788.025,43802.78028921094,bias0_d0.8_mss1_fvg0_hall
2024-11-08 14:14:00,1,43789.115000000005,43777.640754906366,bias0_d0.8_mss1_fvg0_hall
2024-11-08 14:14:00,1,43789.115000000005,43775.67751527019,bias0_d0.8_mss1_fvg0_hall
2024-11-08 16:33:00,-1,44035.380999999994,44050.802572100234,bias0_d0.8_mss1_fvg0_hall
2024-11-08 16:33:00,-1,44035.380999999994,44053.78467409307,bias0_d0.8_mss1_fvg0_hall
2024-11-08 17:32:00,1,43983.725000000006,43963.72357169823,bias0_d0.8_mss1_fvg0_hall
2024-11-11 00:23:00,1,44051.357,44045.75345833125,bias0_d0.8_mss1_fvg0_hall
2024-11-11 16:05:00,-1,44394.850999999995,44431.844342899414,bias0_d0.8_mss1_fvg0_hall
2024-11-11 17:19:00,-1,44352.607,44366.48975824376,bias0_d0.8_mss1_fvg0_hall
2024-11-11 17:32:00,1,44346.850999999995,44329.28282236659,bias0_d0.8_mss1_fvg0_hall
2024-11-11 20:02:00,-1,44313.869000000006,44323.78102670867,bias0_d0.8_mss1_fvg0_hall
2024-11-12 07:05:00,-1,44231.849,44237.54829144033,bias0_d0.8_mss1_fvg0_hall
2024-11-13 00:06:00,-1,43896.851,43902.94915309189,bias0_d0.8_mss1_fvg0_hall
2024-11-13 05:13:00,-1,43866.607,43870.78540696442,bias0_d0.8_mss1_fvg0_hall
2024-11-13 14:31:00,-1,43971.613,44001.94284971543,bias0_d0.8_mss1_fvg0_hall
2024-11-13 14:31:00,-1,43949.757,43972.73807473575,bias0_d0.8_mss1_fvg0_hall
2024-11-13 14:39:00,1,43959.281,43917.796607574106,bias0_d0.8_mss1_fvg0_hall
2024-11-13 15:03:00,-1,43959.001000000004,43986.67205696579,bias0_d0.8_mss1_fvg0_hall
2024-11-13 19:14:00,1,44038.293,44027.16009585973,bias0_d0.8_mss1_fvg0_hall
2024-11-13 19:14:00,1,44038.293,44030.11683186975,bias0_d0.8_mss1_fvg0_hall
2024-11-14 00:01:00,1,44011.049,44007.754505519944,bias0_d0.8_mss1_fvg0_hall
2024-11-14 06:22:00,-1,43927.494999999995,43931.793931706066,bias0_d0.8_mss1_fvg0_hall
2024-11-14 09:00:00,1,43994.551,43987.85164302323,bias0_d0.8_mss1_fvg0_hall
2024-11-14 10:31:00,1,44019.907,44012.08607547829,bias0_d0.8_mss1_fvg0_hall
2024-11-14 11:13:00,-1,44008.503,44017.86962380822,bias0_d0.8_mss1_fvg0_hall
2024-11-14 14:29:00,-1,44063.02099999999,44077.54271882584,bias0_d0.8_mss1_fvg0_hall
2024-11-14 14:35:00,-1,44041.893,44077.92820869547,bias0_d0.8_mss1_fvg0_hall
2024-11-14 17:35:00,1,43808.881,43794.20143846675,bias0_d0.8_mss1_fvg0_hall
2024-11-14 18:55:00,-1,43790.501000000004,43799.71109610429,bias0_d0.8_mss1_fvg0_hall
2024-11-15 17:15:00,1,43411.23299999999,43389.34722365871,bias0_d0.8_mss1_fvg0_hall
2024-11-15 17:44:00,1,43363.239,43342.46736561489,bias0_d0.8_mss1_fvg0_hall
2024-11-15 19:00:00,1,43387.007,43373.27686383137,bias0_d0.8_mss1_fvg0_hall
2024-11-18 03:59:00,1,43400.757,43397.28700893508,bias0_d0.8_mss1_fvg0_hall
2024-11-18 09:03:00,-1,43336.075,43342.63226115164,bias0_d0.8_mss1_fvg0_hall
2024-11-18 09:03:00,-1,43311.401,43337.624742497945,bias0_d0.8_mss1_fvg0_hall
2024-11-18 14:13:00,1,43379.418999999994,43361.881253974396,bias0_d0.8_mss1_fvg0_hall
2024-11-18 14:36:00,1,43366.263,43344.85746967341,bias0_d0.8_mss1_fvg0_hall
2024-11-18 15:04:00,1,43367.863,43348.229760322734,bias0_d0.8_mss1_fvg0_hall
2024-11-18 17:06:00,-1,43432.351,43458.277024415234,bias0_d0.8_mss1_fvg0_hall
2024-11-18 19:41:00,1,43321.249,43309.310063952864,bias0_d0.8_mss1_fvg0_hall
2024-11-19 01:26:00,1,43359.263,43348.440725500186,bias0_d0.8_mss1_fvg0_hall
2024-11-19 05:54:00,1,43441.989,43436.81327364854,bias0_d0.8_mss1_fvg0_hall
2024-11-19 07:56:00,-1,43446.757,43454.45010819989,bias0_d0.8_mss1_fvg0_hall
2024-11-19 07:56:00,-1,43446.757,43453.37925761418,bias0_d0.8_mss1_fvg0_hall
2024-11-19 08:02:00,1,43438.657,43425.06847882142,bias0_d0.8_mss1_fvg0_hall
2024-11-19 10:12:00,-1,43138.699,43169.89525030636,bias0_d0.8_mss1_fvg0_hall
2024-11-19 10:17:00,1,43117.825,43102.91033646756,bias0_d0.8_mss1_fvg0_hall
2024-11-19 11:09:00,1,43162.807,43144.37614799694,bias0_d0.8_mss1_fvg0_hall
2024-11-19 14:47:00,-1,43032.769,43084.03515070444,bias0_d0.8_mss1_fvg0_hall
2024-11-19 18:39:00,1,43286.607,43264.388510184996,bias0_d0.8_mss1_fvg0_hall
2024-11-19 21:00:00,1,43253.351,43230.60495490923,bias0_d0.8_mss1_fvg0_hall
2024-11-20 18:19:00,-1,43199.875,43214.91360389313,bias0_d0.8_mss1_fvg0_hall
2024-11-21 01:38:00,-1,43367.463,43379.16600351497,bias0_d0.8_mss1_fvg0_hall
2024-11-21 02:34:00,-1,43353.719,43367.83925432715,bias0_d0.8_mss1_fvg0_hall
2024-11-21 04:54:00,1,43379.451,43372.38435111407,bias0_d0.8_mss1_fvg0_hall
2024-11-21 20:32:00,-1,43954.501000000004,43960.7337963896,bias0_d0.8_mss1_fvg0_hall
2024-11-22 05:47:00,-1,43862.757,43872.94454553643,bias0_d0.8_mss1_fvg0_hall
2024-11-25 04:50:00,-1,44544.501,44546.52128129755,bias0_d0.8_mss1_fvg0_hall
2024-11-25 04:50:00,-1,44544.501,44546.79081834773,bias0_d0.8_mss1_fvg0_hall
2024-11-25 05:44:00,-1,44547.221000000005,44551.16264185382,bias0_d0.8_mss1_fvg0_hall
2024-11-25 06:00:00,-1,44544.613,44547.839767170575,bias0_d0.8_mss1_fvg0_hall
2024-11-25 07:00:00,-1,44543.513,44547.735344785004,bias0_d0.8_mss1_fvg0_hall
2024-11-25 08:41:00,1,44547.831,44538.97561830119,bias0_d0.8_mss1_fvg0_hall
2024-11-25 11:35:00,-1,44598.093,44604.8451436194,bias0_d0.8_mss1_fvg0_hall
2024-11-25 13:40:00,1,44617.301,44602.89128952948,bias0_d0.8_mss1_fvg0_hall
2024-11-25 14:28:00,-1,44691.575,44703.97291842373,bias0_d0.8_mss1_fvg0_hall
2024-11-25 20:42:00,1,44702.494999999995,44685.32632515383,bias0_d0.8_mss1_fvg0_hall
2024-11-26 03:45:00,-1,44721.489,44725.40410889259,bias0_d0.8_mss1_fvg0_hall
2024-11-26 08:32:00,-1,44686.325,44707.615578285404,bias0_d0.8_mss1_fvg0_hall
2024-11-26 09:36:00,1,44699.289,44691.30515089092,bias0_d0.8_mss1_fvg0_hall
2024-11-26 09:36:00,1,44699.289,44690.7413687709,bias0_d0.8_mss1_fvg0_hall
2024-11-26 19:22:00,1,44699.739,44689.733005797156,bias0_d0.8_mss1_fvg0_hall
2024-11-27 09:07:00,-1,44810.839,44830.217769402254,bias0_d0.8_mss1_fvg0_hall
2024-11-27 10:44:00,1,44800.850999999995,44795.55657506976,bias0_d0.8_mss1_fvg0_hall
2024-11-27 14:30:00,1,44890.445,44855.67123793557,bias0_d0.8_mss1_fvg0_hall
2024-11-27 20:46:00,1,44713.301,44684.84319552817,bias0_d0.8_mss1_fvg0_hall
2024-11-28 13:31:00,-1,44786.100999999995,44795.59404308615,bias0_d0.8_mss1_fvg0_hall
2024-11-28 14:25:00,1,44774.345,44771.799066131236,bias0_d0.8_mss1_fvg0_hall
2024-11-29 01:56:00,1,44829.045,44823.391863684636,bias0_d0.8_mss1_fvg0_hall
2024-11-29 01:56:00,1,44829.045,44824.36955913573,bias0_d0.8_mss1_fvg0_hall
2024-11-29 02:54:00,1,44856.289000000004,44852.16234433588,bias0_d0.8_mss1_fvg0_hall
2024-11-29 06:31:00,1,44856.413,44851.15013800283,bias0_d0.8_mss1_fvg0_hall
2024-11-29 06:31:00,1,44856.413,44850.622362869784,bias0_d0.8_mss1_fvg0_hall
2024-11-29 13:14:00,-1,44870.399,44876.11023245935,bias0_d0.8_mss1_fvg0_hall
2024-12-02 09:23:00,-1,44879.807,44884.4049342368,bias0_d0.8_mss1_fvg0_hall
2024-12-02 10:51:00,1,44878.295,44871.22540593011,bias0_d0.8_mss1_fvg0_hall
2024-12-02 12:34:00,-1,44912.509,44920.31523314742,bias0_d0.8_mss1_fvg0_hall
2024-12-02 18:00:00,-1,44773.101,44783.27176209171,bias0_d0.8_mss1_fvg0_hall
2024-12-03 00:57:00,1,44763.519,44759.314357696174,bias0_d0.8_mss1_fvg0_hall
2024-12-03 21:03:00,1,44712.739,44674.62745735246,bias0_d0.8_mss1_fvg0_hall
2024-12-04 00:49:00,1,44789.763,44784.596295971176,bias0_d0.8_mss1_fvg0_hall
2024-12-04 05:23:00,1,44834.471000000005,44830.83789921171,bias0_d0.8_mss1_fvg0_hall
2024-12-04 06:11:00,-1,44843.215,44848.05961945341,bias0_d0.8_mss1_fvg0_hall
2024-12-04 10:08:00,1,44897.051,44889.287594718386,bias0_d0.8_mss1_fvg0_hall
2024-12-04 13:07:00,1,44878.307,44870.595211384076,bias0_d0.8_mss1_fvg0_hall
2024-12-04 13:07:00,1,44878.307,44870.05556771378,bias0_d0.8_mss1_fvg0_hall
2024-12-04 17:52:00,1,44889.013,44866.723880667225,bias0_d0.8_mss1_fvg0_hall
2024-12-05 13:00:00,-1,45007.063,45010.766761981664,bias0_d0.8_mss1_fvg0_hall
2024-12-05 13:00:00,-1,44998.901,45007.762307554396,bias0_d0.8_mss1_fvg0_hall
2024-12-05 14:29:00,-1,44979.549,44992.1065505301,bias0_d0.8_mss1_fvg0_hall
2024-12-05 14:35:00,-1,44973.875,45003.68798016585,bias0_d0.8_mss1_fvg0_hall
2024-12-05 15:11:00,-1,45032.715,45059.48293668699,bias0_d0.8_mss1_fvg0_hall
2024-12-05 19:08:00,1,44860.851,44839.6834294108,bias0_d0.8_mss1_fvg0_hall
2024-12-06 02:18:00,1,44739.251000000004,44735.896687940825,bias0_d0.8_mss1_fvg0_hall
2024-12-06 07:01:00,1,44751.999,44750.45314724402,bias0_d0.8_mss1_fvg0_hall
2024-12-06 15:53:00,1,44799.625,44779.42556163103,bias0_d0.8_mss1_fvg0_hall
2024-12-09 01:04:00,-1,44629.107,44636.95196846896,bias0_d0.8_mss1_fvg0_hall
2024-12-09 07:35:00,1,44601.637,44592.01667965434,bias0_d0.8_mss1_fvg0_hall
2024-12-09 09:00:00,1,44600.045,44588.45424456891,bias0_d0.8_mss1_fvg0_hall
2024-12-09 11:04:00,-1,44628.443,44633.8779128612,bias0_d0.8_mss1_fvg0_hall
2024-12-09 14:29:00,-1,44679.532999999996,44694.33537709014,bias0_d0.8_mss1_fvg0_hall
2024-12-09 19:41:00,-1,44545.989,44565.524650442276,bias0_d0.8_mss1_fvg0_hall
2024-12-09 19:41:00,-1,44545.989,44561.27462308543,bias0_d0.8_mss1_fvg0_hall
2024-12-10 00:00:00,-1,44393.131,44398.515336121134,bias0_d0.8_mss1_fvg0_hall
2024-12-10 08:34:00,1,44393.825,44386.679544298604,bias0_d0.8_mss1_fvg0_hall
2024-12-10 08:34:00,1,44393.825,44387.25807684871,bias0_d0.8_mss1_fvg0_hall
2024-12-10 15:09:00,-1,44308.233,44342.4192976349,bias0_d0.8_mss1_fvg0_hall
2024-12-11 03:23:00,-1,44248.869000000006,44253.03069169408,bias0_d0.8_mss1_fvg0_hall
2024-12-11 05:33:00,-1,44253.977,44257.12717509022,bias0_d0.8_mss1_fvg0_hall
2024-12-11 12:15:00,1,44215.801,44212.382960634546,bias0_d0.8_mss1_fvg0_hall
2024-12-11 14:29:00,-1,44343.539000000004,44353.61409902937,bias0_d0.8_mss1_fvg0_hall
2024-12-11 17:41:00,1,44248.763,44234.54462572967,bias0_d0.8_mss1_fvg0_hall
2024-12-11 20:37:00,1,44207.769,44192.76973363848,bias0_d0.8_mss1_fvg0_hall
2024-12-12 14:07:00,-1,44115.515,44126.51816317704,bias0_d0.8_mss1_fvg0_hall
2024-12-12 14:07:00,-1,44115.515,44125.50186580725,bias0_d0.8_mss1_fvg0_hall
2024-12-13 02:56:00,1,43906.395000000004,43902.87408202544,bias0_d0.8_mss1_fvg0_hall
2024-12-13 04:20:00,1,43903.865000000005,43899.01640194834,bias0_d0.8_mss1_fvg0_hall
2024-12-13 05:54:00,1,43921.638999999996,43916.24588207553,bias0_d0.8_mss1_fvg0_hall
2024-12-13 12:55:00,-1,43995.171,44000.28436420481,bias0_d0.8_mss1_fvg0_hall
2024-12-13 12:55:00,-1,43995.171,44000.26715247589,bias0_d0.8_mss1_fvg0_hall
2024-12-13 20:51:00,-1,43865.532999999996,43874.37284630214,bias0_d0.8_mss1_fvg0_hall
2024-12-13 20:51:00,-1,43846.575,43866.89352870913,bias0_d0.8_mss1_fvg0_hall
2024-12-15 23:45:00,-1,43853.721000000005,43856.86525571681,bias0_d0.8_mss1_fvg0_hall
2024-12-16 15:51:00,1,43896.251000000004,43858.815033181556,bias0_d0.8_mss1_fvg0_hall
2024-12-16 17:40:00,1,43788.113,43771.407976967035,bias0_d0.8_mss1_fvg0_hall
2024-12-16 17:40:00,1,43788.113,43777.84637861225,bias0_d0.8_mss1_fvg0_hall
2024-12-17 00:11:00,-1,43675.001000000004,43678.27625484034,bias0_d0.8_mss1_fvg0_hall
2024-12-17 00:11:00,-1,43675.001000000004,43678.460636637465,bias0_d0.8_mss1_fvg0_hall
2024-12-17 09:20:00,-1,43581.753,43594.58721842612,bias0_d0.8_mss1_fvg0_hall
2024-12-17 09:20:00,-1,43581.753,43594.09043139568,bias0_d0.8_mss1_fvg0_hall
2024-12-17 14:33:00,1,43488.887,43464.03843005993,bias0_d0.8_mss1_fvg0_hall
2024-12-17 14:33:00,1,43518.994999999995,43480.9229279128,bias0_d0.8_mss1_fvg0_hall
2024-12-18 00:56:00,-1,43465.751000000004,43472.70634011518,bias0_d0.8_mss1_fvg0_hall
2024-12-18 00:56:00,-1,43465.751000000004,43467.96690153553,bias0_d0.8_mss1_fvg0_hall
2024-12-18 02:34:00,-1,43506.233,43508.58907461297,bias0_d0.8_mss1_fvg0_hall
2024-12-18 05:45:00,1,43506.709,43501.436731730726,bias0_d0.8_mss1_fvg0_hall
2024-12-18 07:33:00,-1,43523.989,43526.692300991635,bias0_d0.8_mss1_fvg0_hall
2024-12-18 11:22:00,-1,43549.081000000006,43552.176234595914,bias0_d0.8_mss1_fvg0_hall
2024-12-18 14:31:00,1,43506.251,43474.85866248475,bias0_d0.8_mss1_fvg0_hall
2024-12-19 01:03:00,1,42391.125,42379.78733065854,bias0_d0.8_mss1_fvg0_hall
2024-12-19 04:25:00,-1,42407.269,42409.03059170593,bias0_d0.8_mss1_fvg0_hall
2024-12-19 04:39:00,-1,42396.251,42402.66484949281,bias0_d0.8_mss1_fvg0_hall
2024-12-19 06:36:00,1,42345.101,42331.85607427276,bias0_d0.8_mss1_fvg0_hall
2024-12-19 14:06:00,1,42591.265,42564.05974367212,bias0_d0.8_mss1_fvg0_hall
2024-12-19 14:06:00,1,42591.265,42575.05227626698,bias0_d0.8_mss1_fvg0_hall
2024-12-19 14:06:00,1,42591.265,42572.55798510505,bias0_d0.8_mss1_fvg0_hall
2024-12-19 14:31:00,1,42649.965,42601.94205572682,bias0_d0.8_mss1_fvg0_hall
2024-12-19 17:57:00,1,42458.351,42442.3718348102,bias0_d0.8_mss1_fvg0_hall
2024-12-19 18:22:00,-1,42506.999,42538.266692466554,bias0_d0.8_mss1_fvg0_hall
2024-12-19 18:24:00,1,42505.744999999995,42481.997194916534,bias0_d0.8_mss1_fvg0_hall
2024-12-20 03:30:00,-1,42219.031,42229.09043778642,bias0_d0.8_mss1_fvg0_hall
2024-12-22 23:39:00,1,42962.781,42941.09396868281,bias0_d0.8_mss1_fvg0_hall
2024-12-23 00:04:00,-1,42971.977,42979.029112353084,bias0_d0.8_mss1_fvg0_hall
2024-12-23 20:10:00,-1,42796.763,42815.25674533388,bias0_d0.8_mss1_fvg0_hall
2024-12-23 20:10:00,-1,42796.763,42817.72510638146,bias0_d0.8_mss1_fvg0_hall
2024-12-24 13:01:00,-1,42882.782999999996,42889.386787523144,bias0_d0.8_mss1_fvg0_hall
2024-12-24 13:01:00,-1,42882.782999999996,42891.954255568424,bias0_d0.8_mss1_fvg0_hall
2024-12-24 13:18:00,-1,42884.515,42887.92481576116,bias0_d0.8_mss1_fvg0_hall
2024-12-24 14:04:00,-1,42886.807,42893.073004634425,bias0_d0.8_mss1_fvg0_hall
2024-12-24 14:04:00,-1,42875.015,42888.69843287482,bias0_d0.8_mss1_fvg0_hall
2024-12-24 14:09:00,1,42877.157,42861.791255187665,bias0_d0.8_mss1_fvg0_hall
2024-12-24 14:52:00,1,42883.227,42852.34468112324,bias0_d0.8_mss1_fvg0_hall
2024-12-26 05:31:00,1,43250.099,43247.13579242694,bias0_d0.8_mss1_fvg0_hall
2024-12-26 05:31:00,1,43250.099,43248.33263582501,bias0_d0.8_mss1_fvg0_hall
2024-12-26 10:48:00,-1,43116.781,43127.31280765924,bias0_d0.8_mss1_fvg0_hall
2024-12-26 11:51:00,1,43103.043,43096.434340615604,bias0_d0.8_mss1_fvg0_hall
2024-12-26 11:51:00,1,43103.043,43095.382415281514,bias0_d0.8_mss1_fvg0_hall
2024-12-26 18:33:00,-1,43350.739,43361.33112347192,bias0_d0.8_mss1_fvg0_hall
2024-12-26 23:01:00,1,43327.009,43322.68727963151,bias0_d0.8_mss1_fvg0_hall
2024-12-27 09:40:00,1,43223.327,43217.54156446911,bias0_d0.8_mss1_fvg0_hall
2024-12-27 10:21:00,-1,43225.320999999996,43232.126738718005,bias0_d0.8_mss1_fvg0_hall
2024-12-27 11:44:00,1,43211.320999999996,43205.20472276086,bias0_d0.8_mss1_fvg0_hall
2024-12-27 13:59:00,-1,43171.887,43186.76885972793,bias0_d0.8_mss1_fvg0_hall
2024-12-27 18:26:00,-1,42872.263,42893.52412758122,bias0_d0.8_mss1_fvg0_hall
2024-12-30 02:47:00,-1,42949.887,42954.93952328136,bias0_d0.8_mss1_fvg0_hall
2025-01-02 04:05:00,-1,42658.345,42663.59101355113,bias0_d0.8_mss1_fvg0_hall
2025-01-02 04:05:00,-1,42658.345,42663.56356972605,bias0_d0.8_mss1_fvg0_hall
2025-01-02 09:36:00,-1,42742.609,42761.63029617354,bias0_d0.8_mss1_fvg0_hall
2025-01-02 09:36:00,-1,42742.609,42761.91748394556,bias0_d0.8_mss1_fvg0_hall
2025-01-02 09:59:00,1,42756.181,42731.089931918534,bias0_d0.8_mss1_fvg0_hall
2025-01-02 13:34:00,1,42847.633,42821.343907372866,bias0_d0.8_mss1_fvg0_hall
2025-01-02 14:33:00,-1,42842.469,42887.56789053376,bias0_d0.8_mss1_fvg0_hall
2025-01-02 15:20:00,-1,42820.873,42891.232361191935,bias0_d0.8_mss1_fvg0_hall
2025-01-02 20:35:00,-1,42437.111000000004,42461.72886462589,bias0_d0.8_mss1_fvg0_hall
2025-01-02 20:54:00,-1,42412.081000000006,42455.9110490008,bias0_d0.8_mss1_fvg0_hall
2025-01-03 18:01:00,-1,42644.155,42657.202389722945,bias0_d0.8_mss1_fvg0_hall
2025-01-03 18:01:00,-1,42644.155,42658.10509045702,bias0_d0.8_mss1_fvg0_hall
2025-01-03 18:01:00,-1,42644.155,42658.22915542438,bias0_d0.8_mss1_fvg0_hall
2025-01-06 07:59:00,-1,42739.005,42745.22188625425,bias0_d0.8_mss1_fvg0_hall
2025-01-07 04:35:00,-1,42699.619,42702.228454928205,bias0_d0.8_mss1_fvg0_hall
2025-01-07 06:44:00,1,42669.101,42663.56821443975,bias0_d0.8_mss1_fvg0_hall
2025-01-07 08:31:00,1,42679.937,42672.788937084704,bias0_d0.8_mss1_fvg0_hall
2025-01-07 19:16:00,-1,42668.935,42696.65272081373,bias0_d0.8_mss1_fvg0_hall
2025-01-07 23:54:00,1,42517.151,42508.37011905147,bias0_d0.8_mss1_fvg0_hall
2025-01-08 00:51:00,-1,42569.668999999994,42578.10453951241,bias0_d0.8_mss1_fvg0_hall
2025-01-08 00:51:00,-1,42569.668999999994,42574.89198669009,bias0_d0.8_mss1_fvg0_hall
2025-01-08 09:03:00,1,42617.051,42597.88990737864,bias0_d0.8_mss1_fvg0_hall
2025-01-08 09:03:00,1,42617.051,42605.38268542302,bias0_d0.8_mss1_fvg0_hall
2025-01-08 11:09:00,1,42663.683000000005,42656.17590130927,bias0_d0.8_mss1_fvg0_hall
2025-01-08 11:11:00,-1,42663.069,42671.55499177051,bias0_d0.8_mss1_fvg0_hall
2025-01-09 02:12:00,1,42533.243,42529.562395384775,bias0_d0.8_mss1_fvg0_hall
2025-01-09 12:08:00,1,42578.055,42570.703221792966,bias0_d0.8_mss1_fvg0_hall
2025-01-10 04:37:00,1,42537.279,42533.121707726445,bias0_d0.8_mss1_fvg0_hall
2025-01-10 06:06:00,1,42575.273,42567.50982096891,bias0_d0.8_mss1_fvg0_hall
2025-01-10 06:51:00,-1,42575.778999999995,42581.44185142388,bias0_d0.8_mss1_fvg0_hall
2025-01-10 06:51:00,-1,42575.778999999995,42579.90191917932,bias0_d0.8_mss1_fvg0_hall
2025-01-10 07:12:00,1,42547.397,42544.44334877774,bias0_d0.8_mss1_fvg0_hall
2025-01-10 21:01:00,-1,41903.645000000004,41961.57007773294,bias0_d0.8_mss1_fvg0_hall
2025-01-13 04:31:00,-1,41841.901,41847.98720229953,bias0_d0.8_mss1_fvg0_hall
2025-01-13 13:32:00,1,41872.94500000001,41866.03556792177,bias0_d0.8_mss1_fvg0_hall
2025-01-13 13:32:00,1,41872.94500000001,41865.70787021307,bias0_d0.8_mss1_fvg0_hall
2025-01-13 13:32:00,1,41872.94500000001,41863.69185091214,bias0_d0.8_mss1_fvg0_hall
2025-01-13 20:50:00,1,42261.901,42220.43326300925,bias0_d0.8_mss1_fvg0_hall
2025-01-14 02:03:00,-1,42357.399,42366.30641050338,bias0_d0.8_mss1_fvg0_hall
2025-01-14 02:03:00,-1,42357.399,42365.539738324565,bias0_d0.8_mss1_fvg0_hall
2025-01-14 03:51:00,1,42349.163,42345.17445804616,bias0_d0.8_mss1_fvg0_hall
2025-01-14 05:23:00,-1,42371.431,42374.296402408014,bias0_d0.8_mss1_fvg0_hall
2025-01-14 09:57:00,1,42440.557,42435.08568308874,bias0_d0.8_mss1_fvg0_hall
2025-01-14 10:06:00,1,42439.427,42430.29805458922,bias0_d0.8_mss1_fvg0_hall
2025-01-14 14:47:00,-1,42468.621,42507.48547278338,bias0_d0.8_mss1_fvg0_hall
2025-01-14 19:29:00,-1,42515.651,42543.958874548385,bias0_d0.8_mss1_fvg0_hall
2025-01-14 20:39:00,-1,42375.675,42413.43660328857,bias0_d0.8_mss1_fvg0_hall
2025-01-15 02:03:00,-1,42579.925,42583.06918221259,bias0_d0.8_mss1_fvg0_hall
2025-01-15 05:01:00,-1,42544.931,42546.94646412651,bias0_d0.8_mss1_fvg0_hall
2025-01-15 07:00:00,1,42536.413,42534.81593140255,bias0_d0.8_mss1_fvg0_hall
2025-01-15 08:01:00,-1,42549.545,42562.1807610691,bias0_d0.8_mss1_fvg0_hall
2025-01-15 08:07:00,1,42546.231,42538.10889654927,bias0_d0.8_mss1_fvg0_hall
2025-01-15 16:08:00,-1,43172.127,43198.82365094936,bias0_d0.8_mss1_fvg0_hall
2025-01-15 17:19:00,-1,43134.007,43146.119235162696,bias0_d0.8_mss1_fvg0_hall
2025-01-15 17:19:00,-1,43134.007,43151.07403440049,bias0_d0.8_mss1_fvg0_hall
2025-01-16 05:35:00,-1,43236.435,43245.25267224083,bias0_d0.8_mss1_fvg0_hall
2025-01-16 07:04:00,1,43265.498999999996,43250.538585875554,bias0_d0.8_mss1_fvg0_hall
2025-01-16 07:04:00,1,43265.498999999996,43256.53148271923,bias0_d0.8_mss1_fvg0_hall
2025-01-16 08:12:00,1,43302.991,43295.2484442501,bias0_d0.8_mss1_fvg0_hall
2025-01-16 11:01:00,-1,43272.205,43302.7669485068,bias0_d0.8_mss1_fvg0_hall
2025-01-16 16:42:00,-1,43185.269,43223.90492575826,bias0_d0.8_mss1_fvg0_hall
2025-01-16 19:26:00,1,43131.989,43110.09666220316,bias0_d0.8_mss1_fvg0_hall
2025-01-17 10:07:00,1,43258.557,43248.19055866916,bias0_d0.8_mss1_fvg0_hall
2025-01-17 14:00:00,1,43398.551,43375.459547072314,bias0_d0.8_mss1_fvg0_hall
2025-01-17 14:00:00,1,43398.551,43379.44790799572,bias0_d0.8_mss1_fvg0_hall
2025-01-17 15:28:00,1,43478.369000000006,43445.50313854078,bias0_d0.8_mss1_fvg0_hall
2025-01-17 15:28:00,1,43478.369000000006,43459.50691435929,bias0_d0.8_mss1_fvg0_hall
2025-01-20 00:00:00,1,43440.037,43430.36057254789,bias0_d0.8_mss1_fvg0_hall
2025-01-20 01:36:00,1,43444.0,43436.61175658167,bias0_d0.8_mss1_fvg0_hall
2025-01-20 01:36:00,1,43444.0,43436.63253825441,bias0_d0.8_mss1_fvg0_hall
2025-01-20 16:58:00,-1,43671.48299999999,43675.9472792189,bias0_d0.8_mss1_fvg0_hall
2025-01-21 05:01:00,1,43611.077000000005,43608.72367647985,bias0_d0.8_mss1_fvg0_hall
2025-01-21 09:17:00,-1,43621.644,43642.06368265164,bias0_d0.8_mss1_fvg0_hall
2025-01-21 11:56:00,-1,43649.406,43658.787266989224,bias0_d0.8_mss1_fvg0_hall
2025-01-21 11:56:00,-1,43649.406,43659.81364791857,bias0_d0.8_mss1_fvg0_hall
2025-01-22 01:45:00,1,44033.350999999995,44029.82823970776,bias0_d0.8_mss1_fvg0_hall
2025-01-22 03:05:00,-1,44045.957,44047.27907953138,bias0_d0.8_mss1_fvg0_hall
2025-01-22 06:03:00,1,44040.498999999996,44037.59216326125,bias0_d0.8_mss1_fvg0_hall
2025-01-22 14:31:00,-1,44156.320999999996,44183.24126560092,bias0_d0.8_mss1_fvg0_hall
2025-01-23 01:38:00,1,44147.600999999995,44145.34802860544,bias0_d0.8_mss1_fvg0_hall
2025-01-23 01:46:00,-1,44147.457,44153.55541630497,bias0_d0.8_mss1_fvg0_hall
2025-01-23 03:01:00,1,44129.583,44127.9658358629,bias0_d0.8_mss1_fvg0_hall
2025-01-23 03:01:00,1,44129.820999999996,44127.45015939898,bias0_d0.8_mss1_fvg0_hall
2025-01-23 03:35:00,1,44127.231,44122.83227828929,bias0_d0.8_mss1_fvg0_hall
2025-01-23 07:07:00,-1,44122.125,44126.27643108792,bias0_d0.8_mss1_fvg0_hall
2025-01-23 07:46:00,1,44111.839,44107.20595757892,bias0_d0.8_mss1_fvg0_hall
2025-01-23 14:04:00,-1,44185.121,44203.70014575204,bias0_d0.8_mss1_fvg0_hall
2025-01-23 14:04:00,-1,44185.121,44195.65207819832,bias0_d0.8_mss1_fvg0_hall
2025-01-23 14:27:00,-1,44184.001000000004,44192.2379099298,bias0_d0.8_mss1_fvg0_hall
2025-01-23 14:31:00,1,44181.233,44157.559726833744,bias0_d0.8_mss1_fvg0_hall
2025-01-23 15:07:00,1,44238.387,44223.85842355301,bias0_d0.8_mss1_fvg0_hall
2025-01-23 20:00:00,-1,44498.757,44509.15123869283,bias0_d0.8_mss1_fvg0_hall
2025-01-23 20:00:00,-1,44498.757,44514.378818056575,bias0_d0.8_mss1_fvg0_hall
2025-01-24 04:16:00,-1,44533.062999999995,44535.96165571143,bias0_d0.8_mss1_fvg0_hall
2025-01-24 04:16:00,-1,44533.062999999995,44536.49950926138,bias0_d0.8_mss1_fvg0_hall
2025-01-24 05:12:00,-1,44521.545,44526.93106391279,bias0_d0.8_mss1_fvg0_hall
2025-01-24 06:16:00,1,44519.057,44512.54178113713,bias0_d0.8_mss1_fvg0_hall
2025-01-24 07:51:00,-1,44533.819,44541.092095711836,bias0_d0.8_mss1_fvg0_hall
2025-01-24 11:58:00,1,44507.589,44499.61673823094,bias0_d0.8_mss1_fvg0_hall
2025-01-24 14:48:00,-1,44488.551,44525.42546566678,bias0_d0.8_mss1_fvg0_hall
2025-01-24 19:59:00,-1,44413.539,44425.08514727676,bias0_d0.8_mss1_fvg0_hall
2025-01-27 16:53:00,-1,44393.687,44411.8425234818,bias0_d0.8_mss1_fvg0_hall
2025-01-27 16:56:00,1,44375.039,44347.36259738032,bias0_d0.8_mss1_fvg0_hall
2025-01-27 20:56:00,1,44612.027,44580.43754952264,bias0_d0.8_mss1_fvg0_hall
2025-01-28 14:31:00,-1,44715.545,44741.31735960099,bias0_d0.8_mss1_fvg0_hall
2025-01-28 20:41:00,1,44844.051,44832.411194425775,bias0_d0.8_mss1_fvg0_hall
2025-01-28 20:41:00,1,44844.051,44832.353551966786,bias0_d0.8_mss1_fvg0_hall
2025-01-28 23:48:00,-1,44818.812999999995,44824.4101050641,bias0_d0.8_mss1_fvg0_hall
2025-01-29 01:43:00,-1,44822.931,44830.07089037733,bias0_d0.8_mss1_fvg0_hall
2025-01-29 04:12:00,1,44833.045,44828.55189966944,bias0_d0.8_mss1_fvg0_hall
2025-01-29 08:35:00,-1,44814.077,44819.09818304518,bias0_d0.8_mss1_fvg0_hall
2025-01-29 08:35:00,-1,44814.077,44817.626155684804,bias0_d0.8_mss1_fvg0_hall
2025-01-29 10:00:00,1,44796.130999999994,44790.97463959869,bias0_d0.8_mss1_fvg0_hall
2025-01-29 11:37:00,1,44838.350999999995,44830.09530793557,bias0_d0.8_mss1_fvg0_hall
2025-01-29 11:37:00,1,44838.350999999995,44830.057067556685,bias0_d0.8_mss1_fvg0_hall
2025-01-29 16:39:00,-1,44868.087,44888.018372704035,bias0_d0.8_mss1_fvg0_hall
2025-01-29 20:52:00,-1,44763.343,44795.72304630077,bias0_d0.8_mss1_fvg0_hall
2025-01-29 20:52:00,-1,44763.343,44788.91441442215,bias0_d0.8_mss1_fvg0_hall
2025-01-30 09:43:00,-1,44887.299,44893.651713743755,bias0_d0.8_mss1_fvg0_hall
2025-01-30 21:11:00,-1,44890.125,44931.73089038769,bias0_d0.8_mss1_fvg0_hall
2025-01-31 05:03:00,1,44933.851,44927.76496704295,bias0_d0.8_mss1_fvg0_hall
2025-01-31 05:03:00,1,44933.851,44930.65036939703,bias0_d0.8_mss1_fvg0_hall
2025-01-31 05:03:00,1,44937.983,44930.64522872581,bias0_d0.8_mss1_fvg0_hall
2025-01-31 06:04:00,1,44960.787,44955.83045138212,bias0_d0.8_mss1_fvg0_hall
2025-01-31 06:04:00,1,44960.787,44957.23513342626,bias0_d0.8_mss1_fvg0_hall
2025-01-31 13:29:00,1,45018.045,45011.67698644392,bias0_d0.8_mss1_fvg0_hall
2025-01-31 13:31:00,1,45024.319,45006.894887412214,bias0_d0.8_mss1_fvg0_hall
2025-01-31 13:35:00,-1,45012.771,45026.77764299661,bias0_d0.8_mss1_fvg0_hall
2025-01-31 16:09:00,1,44873.024999999994,44860.6626722264,bias0_d0.8_mss1_fvg0_hall
2025-01-31 17:06:00,-1,44880.757,44893.049232469064,bias0_d0.8_mss1_fvg0_hall
2025-01-31 20:47:00,1,44548.524999999994,44502.207772083624,bias0_d0.8_mss1_fvg0_hall
2025-02-03 05:39:00,1,43861.769,43850.68902841186,bias0_d0.8_mss1_fvg0_hall
2025-02-03 09:39:00,-1,43978.581000000006,43991.5525304141,bias0_d0.8_mss1_fvg0_hall
2025-02-03 09:39:00,-1,43978.581000000006,43991.142101064055,bias0_d0.8_mss1_fvg0_hall
2025-02-03 15:21:00,1,43964.263,43899.50147172799,bias0_d0.8_mss1_fvg0_hall
2025-02-03 17:50:00,1,44392.477,44356.44188876337,bias0_d0.8_mss1_fvg0_hall
2025-02-04 07:57:00,-1,44389.744999999995,44399.31733675142,bias0_d0.8_mss1_fvg0_hall
2025-02-04 10:45:00,1,44317.593,44305.582423221065,bias0_d0.8_mss1_fvg0_hall
2025-02-04 11:26:00,1,44326.807,44308.021785979494,bias0_d0.8_mss1_fvg0_hall
2025-02-04 11:26:00,1,44326.807,44316.03861555239,bias0_d0.8_mss1_fvg0_hall
2025-02-04 14:27:00,1,44340.325,44324.01569449115,bias0_d0.8_mss1_fvg0_hall
2025-02-04 15:58:00,-1,44438.239,44460.26525050835,bias0_d0.8_mss1_fvg0_hall
2025-02-04 19:03:00,1,44476.751,44465.118451321134,bias0_d0.8_mss1_fvg0_hall
2025-02-05 06:36:00,-1,44454.007,44462.56126105571,bias0_d0.8_mss1_fvg0_hall
2025-02-05 08:00:00,1,44443.669,44425.592517528254,bias0_d0.8_mss1_fvg0_hall
2025-02-05 10:56:00,1,44478.168999999994,44471.72177875582,bias0_d0.8_mss1_fvg0_hall
2025-02-05 10:56:00,1,44478.168999999994,44471.710808844684,bias0_d0.8_mss1_fvg0_hall
2025-02-05 11:16:00,1,44475.003,44468.21952990555,bias0_d0.8_mss1_fvg0_hall
2025-02-05 11:16:00,1,44475.003,44469.68851405122,bias0_d0.8_mss1_fvg0_hall
2025-02-05 14:27:00,-1,44572.575,44580.04517748883,bias0_d0.8_mss1_fvg0_hall
2025-02-05 14:30:00,-1,44576.575,44587.30083386899,bias0_d0.8_mss1_fvg0_hall
2025-02-05 14:30:00,-1,44561.763,44581.25058859263,bias0_d0.8_mss1_fvg0_hall
2025-02-06 00:31:00,-1,44935.251000000004,44943.913173747176,bias0_d0.8_mss1_fvg0_hall
2025-02-06 01:41:00,-1,44923.744999999995,44931.39610425338,bias0_d0.8_mss1_fvg0_hall
2025-02-06 01:41:00,-1,44923.744999999995,44928.42806823528,bias0_d0.8_mss1_fvg0_hall
2025-02-06 09:50:00,1,44959.581000000006,44951.160902691554,bias0_d0.8_mss1_fvg0_hall
2025-02-06 13:46:00,1,44907.289000000004,44895.97442170119,bias0_d0.8_mss1_fvg0_hall
2025-02-06 13:46:00,1,44907.289000000004,44895.44970586539,bias0_d0.8_mss1_fvg0_hall
2025-02-07 11:23:00,-1,44766.807,44773.089163659955,bias0_d0.8_mss1_fvg0_hall
2025-02-07 14:29:00,-1,44772.057,44803.331199684464,bias0_d0.8_mss1_fvg0_hall
2025-02-07 15:01:00,-1,44808.989,44856.09960003697,bias0_d0.8_mss1_fvg0_hall
2025-02-10 01:43:00,1,44397.007,44389.8348321143,bias0_d0.8_mss1_fvg0_hall
2025-02-10 08:00:00,1,44373.449,44359.66979777153,bias0_d0.8_mss1_fvg0_hall
2025-02-10 14:30:00,-1,44561.274999999994,44584.03532317474,bias0_d0.8_mss1_fvg0_hall
2025-02-10 14:34:00,-1,44573.775,44589.26987996171,bias0_d0.8_mss1_fvg0_hall
2025-02-10 20:20:00,-1,44449.453,44457.432292846366,bias0_d0.8_mss1_fvg0_hall
2025-02-10 20:20:00,-1,44449.453,44455.462821893045,bias0_d0.8_mss1_fvg0_hall
2025-02-10 20:33:00,1,44444.513,44423.42110325971,bias0_d0.8_mss1_fvg0_hall
2025-02-10 20:33:00,1,44444.513,44425.95716731258,bias0_d0.8_mss1_fvg0_hall
2025-02-10 20:40:00,1,44447.721000000005,44422.74611226868,bias0_d0.8_mss1_fvg0_hall
2025-02-11 07:32:00,-1,44383.163,44386.14545478219,bias0_d0.8_mss1_fvg0_hall
2025-02-11 12:20:00,-1,44370.695,44380.38407572062,bias0_d0.8_mss1_fvg0_hall
2025-02-11 15:04:00,-1,44372.109,44394.839927153276,bias0_d0.8_mss1_fvg0_hall
2025-02-11 15:04:00,-1,44372.109,44400.15647521375,bias0_d0.8_mss1_fvg0_hall
2025-02-11 15:04:00,-1,44372.109,44393.43025555563,bias0_d0.8_mss1_fvg0_hall
2025-02-11 17:06:00,-1,44492.175,44520.056792725234,bias0_d0.8_mss1_fvg0_hall
2025-02-11 19:22:00,1,44501.269,44490.66345673547,bias0_d0.8_mss1_fvg0_hall
2025-02-11 20:28:00,1,44599.413,44585.74346885076,bias0_d0.8_mss1_fvg0_hall
2025-02-11 23:55:00,-1,44615.645000000004,44620.74547036048,bias0_d0.8_mss1_fvg0_hall
2025-02-12 02:56:00,-1,44608.138999999996,44613.06499601917,bias0_d0.8_mss1_fvg0_hall
2025-02-12 03:17:00,1,44596.401,44591.19929824366,bias0_d0.8_mss1_fvg0_hall
2025-02-13 05:39:00,-1,44454.399,44456.73032795907,bias0_d0.8_mss1_fvg0_hall
2025-02-13 17:04:00,1,44478.627,44463.777689721086,bias0_d0.8_mss1_fvg0_hall
2025-02-13 17:41:00,-1,44516.413,44528.18270751178,bias0_d0.8_mss1_fvg0_hall
2025-02-13 18:24:00,1,44431.651,44408.54554640339,bias0_d0.8_mss1_fvg0_hall
2025-02-13 18:40:00,-1,44520.371,44557.691065509134,bias0_d0.8_mss1_fvg0_hall
2025-02-13 18:42:00,-1,44489.365000000005,44530.96647511562,bias0_d0.8_mss1_fvg0_hall
2025-02-13 20:50:00,-1,44728.127,44745.52176158317,bias0_d0.8_mss1_fvg0_hall
2025-02-14 03:02:00,-1,44754.689,44759.07412696914,bias0_d0.8_mss1_fvg0_hall
2025-02-14 04:28:00,1,44747.807,44744.94152535799,bias0_d0.8_mss1_fvg0_hall
2025-02-14 08:21:00,1,44693.98299999999,44689.47303437021,bias0_d0.8_mss1_fvg0_hall
2025-02-14 12:52:00,1,44578.959,44571.566476546104,bias0_d0.8_mss1_fvg0_hall
2025-02-14 16:13:00,-1,44678.171,44697.59010471778,bias0_d0.8_mss1_fvg0_hall
2025-02-14 18:20:00,1,44596.165,44579.515763152274,bias0_d0.8_mss1_fvg0_hall
2025-02-17 07:04:00,-1,44575.075,44580.70176841405,bias0_d0.8_mss1_fvg0_hall
2025-02-17 07:04:00,-1,44575.075,44578.760570670194,bias0_d0.8_mss1_fvg0_hall
2025-02-18 03:30:00,1,44589.725000000006,44585.11881765232,bias0_d0.8_mss1_fvg0_hall
2025-02-18 03:48:00,1,44585.676999999996,44584.617297694,bias0_d0.8_mss1_fvg0_hall
2025-02-18 11:00:00,1,44589.013,44578.10641272453,bias0_d0.8_mss1_fvg0_hall
2025-02-19 02:03:00,-1,44589.921,44593.3742395308,bias0_d0.8_mss1_fvg0_hall
2025-02-19 14:05:00,1,44431.543,44423.14919598673,bias0_d0.8_mss1_fvg0_hall
2025-02-19 20:31:00,1,44563.945,44534.49764454297,bias0_d0.8_mss1_fvg0_hall
2025-02-20 03:15:00,-1,44555.151,44557.116166474465,bias0_d0.8_mss1_fvg0_hall
2025-02-20 06:30:00,1,44515.913,44512.19364567561,bias0_d0.8_mss1_fvg0_hall
2025-02-20 13:38:00,-1,44476.957,44488.59512257197,bias0_d0.8_mss1_fvg0_hall
2025-02-20 13:50:00,-1,44480.926999999996,44497.115066538274,bias0_d0.8_mss1_fvg0_hall
2025-02-20 14:30:00,-1,44484.195,44492.65262595244,bias0_d0.8_mss1_fvg0_hall
2025-02-20 14:30:00,-1,44484.195,44496.787938384405,bias0_d0.8_mss1_fvg0_hall
2025-02-20 14:30:00,-1,44484.933000000005,44497.9221754437,bias0_d0.8_mss1_fvg0_hall
2025-02-20 14:34:00,1,44477.168999999994,44440.09101607151,bias0_d0.8_mss1_fvg0_hall
2025-02-20 14:34:00,1,44477.168999999994,44461.95920063782,bias0_d0.8_mss1_fvg0_hall
2025-02-20 14:40:00,-1,44471.395000000004,44508.21135025804,bias0_d0.8_mss1_fvg0_hall
2025-02-20 20:20:00,1,44115.007,44094.56518780758,bias0_d0.8_mss1_fvg0_hall
2025-02-21 02:27:00,-1,44198.757,44201.64810315105,bias0_d0.8_mss1_fvg0_hall
2025-02-21 08:15:00,-1,44194.671,44217.28728327279,bias0_d0.8_mss1_fvg0_hall
2025-02-21 16:00:00,1,43795.425,43771.11108455429,bias0_d0.8_mss1_fvg0_hall
2025-02-21 17:09:00,-1,43806.299,43820.224175104326,bias0_d0.8_mss1_fvg0_hall
2025-02-25 13:19:00,1,43525.081000000006,43512.112977653385,bias0_d0.8_mss1_fvg0_hall
2025-02-25 14:00:00,-1,43564.676999999996,43570.04604586436,bias0_d0.8_mss1_fvg0_hall
2025-02-25 18:51:00,-1,43640.875,43664.33927917814,bias0_d0.8_mss1_fvg0_hall
2025-02-25 19:34:00,1,43493.499,43477.86111208455,bias0_d0.8_mss1_fvg0_hall
2025-02-26 02:39:00,1,43658.501,43648.51196599054,bias0_d0.8_mss1_fvg0_hall
2025-02-26 02:39:00,1,43658.501,43648.476039848356,bias0_d0.8_mss1_fvg0_hall
2025-02-26 08:32:00,1,43694.593,43684.91455247502,bias0_d0.8_mss1_fvg0_hall
2025-02-26 10:44:00,1,43726.539,43719.32042211792,bias0_d0.8_mss1_fvg0_hall
2025-02-26 11:27:00,-1,43754.575,43758.84992343916,bias0_d0.8_mss1_fvg0_hall
2025-02-26 15:58:00,-1,43850.715,43868.145957912435,bias0_d0.8_mss1_fvg0_hall
2025-02-27 02:10:00,1,43389.351,43382.26051512448,bias0_d0.8_mss1_fvg0_hall
2025-02-27 04:20:00,-1,43437.113,43443.96975838805,bias0_d0.8_mss1_fvg0_hall
2025-02-27 04:57:00,1,43435.369000000006,43428.949051127885,bias0_d0.8_mss1_fvg0_hall
2025-02-27 18:59:00,-1,43729.209,43745.673841884374,bias0_d0.8_mss1_fvg0_hall
2025-02-27 18:59:00,-1,43692.149000000005,43732.42645317835,bias0_d0.8_mss1_fvg0_hall
2025-02-28 00:42:00,-1,43230.351,43243.05535626666,bias0_d0.8_mss1_fvg0_hall
2025-02-28 01:03:00,1,43205.727,43194.7648787183,bias0_d0.8_mss1_fvg0_hall
2025-02-28 01:03:00,1,43214.959,43187.64277309556,bias0_d0.8_mss1_fvg0_hall
2025-02-28 07:03:00,1,43231.263,43216.939748343124,bias0_d0.8_mss1_fvg0_hall
2025-02-28 17:23:00,-1,43438.744999999995,43502.14232888052,bias0_d0.8_mss1_fvg0_hall
2025-02-28 20:27:00,1,43517.244999999995,43439.04093890635,bias0_d0.8_mss1_fvg0_hall
2025-03-03 00:02:00,-1,43853.351,43870.21616155383,bias0_d0.8_mss1_fvg0_hall
2025-03-03 06:00:00,-1,43854.971000000005,43861.80272071116,bias0_d0.8_mss1_fvg0_hall
2025-03-03 06:00:00,-1,43854.971000000005,43861.87114066037,bias0_d0.8_mss1_fvg0_hall
2025-03-03 07:55:00,-1,43848.751000000004,43859.4504571203,bias0_d0.8_mss1_fvg0_hall
2025-03-03 08:03:00,1,43843.062999999995,43834.18886912245,bias0_d0.8_mss1_fvg0_hall
2025-03-03 11:12:00,-1,43909.0865,43917.622881670184,bias0_d0.8_mss1_fvg0_hall
2025-03-03 14:31:00,1,43947.543,43907.56304679195,bias0_d0.8_mss1_fvg0_hall
2025-03-03 16:28:00,-1,43805.739,43843.33451861957,bias0_d0.8_mss1_fvg0_hall
2025-03-03 17:47:00,-1,43776.257,43817.283198942925,bias0_d0.8_mss1_fvg0_hall
2025-03-04 00:09:00,-1,43221.769,43238.011192903934,bias0_d0.8_mss1_fvg0_hall
2025-03-04 00:09:00,-1,43221.769,43238.66550459546,bias0_d0.8_mss1_fvg0_hall
2025-03-04 04:02:00,-1,43226.131,43233.943519451626,bias0_d0.8_mss1_fvg0_hall
2025-03-04 06:01:00,-1,43243.721,43257.05114950979,bias0_d0.8_mss1_fvg0_hall
2025-03-04 08:11:00,1,43173.843,43136.578431976,bias0_d0.8_mss1_fvg0_hall
2025-03-04 08:11:00,1,43173.843,43149.88708683485,bias0_d0.8_mss1_fvg0_hall
2025-03-04 09:36:00,-1,43175.789,43204.21107076481,bias0_d0.8_mss1_fvg0_hall
2025-03-04 11:15:00,-1,43165.937,43186.549367621396,bias0_d0.8_mss1_fvg0_hall
2025-03-04 14:16:00,-1,43075.539,43095.97832579381,bias0_d0.8_mss1_fvg0_hall
2025-03-04 16:12:00,1,42425.733,42369.25107029248,bias0_d0.8_mss1_fvg0_hall
2025-03-04 16:12:00,1,42425.733,42377.81392285423,bias0_d0.8_mss1_fvg0_hall
2025-03-04 20:03:00,-1,42966.994999999995,42988.08023715856,bias0_d0.8_mss1_fvg0_hall
2025-03-05 03:34:00,-1,42750.007,42771.75862433313,bias0_d0.8_mss1_fvg0_hall
2025-03-05 13:04:00,1,42594.009,42569.08967538035,bias0_d0.8_mss1_fvg0_hall
2025-03-05 13:04:00,1,42617.289000000004,42570.75413234327,bias0_d0.8_mss1_fvg0_hall
2025-03-05 14:33:00,1,42503.138999999996,42468.4400619072,bias0_d0.8_mss1_fvg0_hall
2025-03-06 01:30:00,-1,42991.019,42995.37161956302,bias0_d0.8_mss1_fvg0_hall
2025-03-06 01:30:00,-1,42991.019,42997.9072770722,bias0_d0.8_mss1_fvg0_hall
2025-03-06 01:52:00,1,42958.007,42951.20858281437,bias0_d0.8_mss1_fvg0_hall
2025-03-06 01:52:00,1,42958.007,42946.14869433059,bias0_d0.8_mss1_fvg0_hall
2025-03-06 12:04:00,-1,42660.8065,42693.08081495968,bias0_d0.8_mss1_fvg0_hall
2025-03-06 16:15:00,-1,42884.971,42941.75136620609,bias0_d0.8_mss1_fvg0_hall
2025-03-06 19:10:00,1,42496.531,42445.33113116646,bias0_d0.8_mss1_fvg0_hall
2025-03-06 23:46:00,-1,42638.799,42644.23755429493,bias0_d0.8_mss1_fvg0_hall
2025-03-07 00:01:00,-1,42624.269,42643.91133304053,bias0_d0.8_mss1_fvg0_hall
2025-03-07 01:44:00,1,42672.7445,42658.09919260956,bias0_d0.8_mss1_fvg0_hall
2025-03-07 09:01:00,1,42634.087,42608.41295278922,bias0_d0.8_mss1_fvg0_hall
2025-03-07 17:58:00,-1,42593.851,42660.0194088533,bias0_d0.8_mss1_fvg0_hall
2025-03-10 03:58:00,-1,42643.501000000004,42650.15312312072,bias0_d0.8_mss1_fvg0_hall
2025-03-10 03:58:00,-1,42635.757,42642.70389493573,bias0_d0.8_mss1_fvg0_hall
2025-03-10 15:41:00,-1,42439.019,42508.48633916758,bias0_d0.8_mss1_fvg0_hall
2025-03-10 15:41:00,-1,42439.019,42473.33460065562,bias0_d0.8_mss1_fvg0_hall
2025-03-11 09:09:00,-1,42039.027,42058.94817908554,bias0_d0.8_mss1_fvg0_hall
2025-03-11 09:09:00,-1,42039.027,42057.42173772229,bias0_d0.8_mss1_fvg0_hall
2025-03-11 09:31:00,-1,42024.175,42037.60121676346,bias0_d0.8_mss1_fvg0_hall
2025-03-11 14:03:00,-1,41646.98299999999,41806.95590533279,bias0_d0.8_mss1_fvg0_hall
2025-03-11 17:22:00,-1,41236.781,41285.181839834135,bias0_d0.8_mss1_fvg0_hall
2025-03-11 17:22:00,-1,41236.781,41278.76833698884,bias0_d0.8_mss1_fvg0_hall
2025-03-11 23:00:00,-1,41513.389,41523.54706835162,bias0_d0.8_mss1_fvg0_hall
2025-03-11 23:00:00,-1,41513.389,41527.073777755075,bias0_d0.8_mss1_fvg0_hall
2025-03-11 23:15:00,-1,41508.443,41520.12897847889,bias0_d0.8_mss1_fvg0_hall
2025-03-12 03:59:00,-1,41504.799,41510.7968371555,bias0_d0.8_mss1_fvg0_hall
2025-03-12 03:59:00,-1,41504.799,41510.38153200825,bias0_d0.8_mss1_fvg0_hall
2025-03-12 11:45:00,-1,41685.481,41708.00900592682,bias0_d0.8_mss1_fvg0_hall
2025-03-12 11:45:00,-1,41685.481,41704.95197693204,bias0_d0.8_mss1_fvg0_hall
2025-03-12 13:31:00,1,41661.449,41632.206296632154,bias0_d0.8_mss1_fvg0_hall
2025-03-12 13:31:00,1,41661.449,41616.05957005528,bias0_d0.8_mss1_fvg0_hall
2025-03-12 13:33:00,-1,41685.793,41720.34145637724,bias0_d0.8_mss1_fvg0_hall
2025-03-12 18:23:00,-1,41420.989,41440.892597983,bias0_d0.8_mss1_fvg0_hall
2025-03-12 18:23:00,-1,41393.531,41431.8457266985,bias0_d0.8_mss1_fvg0_hall
2025-03-13 02:17:00,-1,41394.257,41405.87557698624,bias0_d0.8_mss1_fvg0_hall
2025-03-13 03:27:00,-1,41339.244999999995,41352.34706366199,bias0_d0.8_mss1_fvg0_hall
2025-03-13 13:28:00,-1,41335.087,41347.65031707299,bias0_d0.8_mss1_fvg0_hall
2025-03-13 13:28:00,-1,41323.045,41342.725349925175,bias0_d0.8_mss1_fvg0_hall
2025-03-13 14:29:00,-1,41283.465,41364.590689412915,bias0_d0.8_mss1_fvg0_hall
2025-03-13 16:31:00,1,40872.507,40854.4093314347,bias0_d0.8_mss1_fvg0_hall
2025-03-14 00:00:00,-1,40959.744999999995,40978.474642524656,bias0_d0.8_mss1_fvg0_hall
2025-03-14 00:00:00,-1,40959.744999999995,40976.21122520147,bias0_d0.8_mss1_fvg0_hall
2025-03-14 01:36:00,1,41005.703,40987.49152262091,bias0_d0.8_mss1_fvg0_hall
2025-03-14 02:41:00,-1,41014.857,41029.0029273556,bias0_d0.8_mss1_fvg0_hall
2025-03-14 04:26:00,-1,41036.251,41040.81498403293,bias0_d0.8_mss1_fvg0_hall
2025-03-14 04:26:00,-1,41036.251,41040.79651374486,bias0_d0.8_mss1_fvg0_hall
2025-03-14 04:26:00,-1,41036.251,41041.040734191665,bias0_d0.8_mss1_fvg0_hall
2025-03-14 04:26:00,-1,41036.251,41041.06949603512,bias0_d0.8_mss1_fvg0_hall
2025-03-14 06:39:00,1,40997.031,40990.236754602614,bias0_d0.8_mss1_fvg0_hall
2025-03-14 07:00:00,-1,41027.013,41033.749746668276,bias0_d0.8_mss1_fvg0_hall
2025-03-14 07:00:00,-1,41027.013,41032.733710137436,bias0_d0.8_mss1_fvg0_hall
2025-03-14 17:14:00,-1,41450.73299999999,41470.40865820551,bias0_d0.8_mss1_fvg0_hall
2025-03-14 19:51:00,1,41455.751000000004,41403.00213658446,bias0_d0.8_mss1_fvg0_hall
2025-03-17 04:08:00,-1,41295.02099999999,41301.2807442701,bias0_d0.8_mss1_fvg0_hall
2025-03-17 04:08:00,-1,41289.325,41305.676548250805,bias0_d0.8_mss1_fvg0_hall
2025-03-17 04:08:00,-1,41289.325,41295.57771660401,bias0_d0.8_mss1_fvg0_hall
2025-03-17 04:35:00,1,41284.587,41277.83991832508,bias0_d0.8_mss1_fvg0_hall
2025-03-17 07:26:00,1,41241.475000000006,41226.995161330924,bias0_d0.8_mss1_fvg0_hall
2025-03-17 09:01:00,1,41275.095,41250.75607920792,bias0_d0.8_mss1_fvg0_hall
2025-03-17 09:52:00,-1,41284.327000000005,41301.95382641875,bias0_d0.8_mss1_fvg0_hall
2025-03-17 09:52:00,-1,41284.327000000005,41301.47782453169,bias0_d0.8_mss1_fvg0_hall
2025-03-17 13:29:00,1,41426.089,41406.06172582433,bias0_d0.8_mss1_fvg0_hall
2025-03-17 13:29:00,1,41426.089,41405.26671597524,bias0_d0.8_mss1_fvg0_hall
2025-03-17 19:50:00,-1,41956.989,41971.88139954533,bias0_d0.8_mss1_fvg0_hall
2025-03-18 01:08:00,1,41835.531,41827.34332530342,bias0_d0.8_mss1_fvg0_hall
2025-03-18 04:38:00,-1,41750.251000000004,41754.919762893915,bias0_d0.8_mss1_fvg0_hall
2025-03-18 04:38:00,-1,41750.251000000004,41756.650247597296,bias0_d0.8_mss1_fvg0_hall
2025-03-18 07:25:00,1,41766.675,41761.07196141917,bias0_d0.8_mss1_fvg0_hall
2025-03-18 07:25:00,1,41766.675,41759.2421213178,bias0_d0.8_mss1_fvg0_hall
2025-03-18 11:46:00,1,41751.277,41732.49048075212,bias0_d0.8_mss1_fvg0_hall
2025-03-18 13:30:00,-1,41745.727,41793.014815572926,bias0_d0.8_mss1_fvg0_hall
2025-03-19 04:06:00,-1,41627.781,41633.8344647462,bias0_d0.8_mss1_fvg0_hall
2025-03-19 07:36:00,-1,41587.812999999995,41604.87666196573,bias0_d0.8_mss1_fvg0_hall
2025-03-19 12:46:00,1,41583.687,41576.646523302516,bias0_d0.8_mss1_fvg0_hall
2025-03-19 14:41:00,-1,41820.513,41850.49351297232,bias0_d0.8_mss1_fvg0_hall
2025-03-20 00:20:00,1,42049.119000000006,42044.88573038842,bias0_d0.8_mss1_fvg0_hall
2025-03-20 05:49:00,1,42099.857,42097.854044831154,bias0_d0.8_mss1_fvg0_hall
2025-03-20 16:54:00,1,42026.751,41989.3418532072,bias0_d0.8_mss1_fvg0_hall
2025-03-20 19:25:00,-1,41964.751000000004,41996.67010086263,bias0_d0.8_mss1_fvg0_hall
2025-03-21 00:26:00,-1,41990.051,41994.52044279629,bias0_d0.8_mss1_fvg0_hall
2025-03-21 03:59:00,-1,41965.413,41969.810469220734,bias0_d0.8_mss1_fvg0_hall
2025-03-21 08:43:00,-1,41781.625,41804.3665417619,bias0_d0.8_mss1_fvg0_hall
2025-03-21 12:16:00,-1,41851.619,41863.37924234268,bias0_d0.8_mss1_fvg0_hall
2025-03-21 15:32:00,1,41720.0205,41680.99990242171,bias0_d0.8_mss1_fvg0_hall
2025-03-21 18:23:00,-1,41902.399,41940.97603582317,bias0_d0.8_mss1_fvg0_hall
2025-03-21 18:23:00,-1,41902.399,41937.848690407234,bias0_d0.8_mss1_fvg0_hall
2025-03-21 18:23:00,-1,41902.399,41937.37589823529,bias0_d0.8_mss1_fvg0_hall
2025-03-21 19:37:00,1,41860.937000000005,41830.95493892064,bias0_d0.8_mss1_fvg0_hall
2025-03-24 01:43:00,-1,42202.115,42216.407669135115,bias0_d0.8_mss1_fvg0_hall
2025-03-24 02:11:00,-1,42210.751000000004,42218.37679813885,bias0_d0.8_mss1_fvg0_hall
2025-03-24 02:34:00,-1,42207.769,42212.21798528696,bias0_d0.8_mss1_fvg0_hall
2025-03-24 08:01:00,1,42274.451,42271.67738490565,bias0_d0.8_mss1_fvg0_hall
2025-03-24 08:01:00,1,42274.451,42266.53695741239,bias0_d0.8_mss1_fvg0_hall
2025-03-24 08:01:00,1,42281.445,42270.386974740075,bias0_d0.8_mss1_fvg0_hall
2025-03-24 11:05:00,-1,42361.415,42376.42402888587,bias0_d0.8_mss1_fvg0_hall
2025-03-24 11:05:00,-1,42361.415,42371.438741108315,bias0_d0.8_mss1_fvg0_hall
2025-03-24 11:05:00,-1,42361.415,42370.917773886285,bias0_d0.8_mss1_fvg0_hall
2025-03-25 03:15:00,-1,42526.919,42532.09850640358,bias0_d0.8_mss1_fvg0_hall
2025-03-25 03:15:00,-1,42526.919,42531.80035594618,bias0_d0.8_mss1_fvg0_hall
2025-03-25 03:15:00,-1,42526.919,42531.52814480718,bias0_d0.8_mss1_fvg0_hall
2025-03-25 06:34:00,1,42486.627,42480.238636856906,bias0_d0.8_mss1_fvg0_hall
2025-03-25 06:34:00,1,42486.627,42480.14552769805,bias0_d0.8_mss1_fvg0_hall
2025-03-25 09:01:00,-1,42511.206999999995,42521.896031792414,bias0_d0.8_mss1_fvg0_hall
2025-03-25 09:08:00,-1,42510.999,42522.004709919,bias0_d0.8_mss1_fvg0_hall
2025-03-25 09:08:00,-1,42510.999,42522.57100206764,bias0_d0.8_mss1_fvg0_hall
2025-03-25 13:25:00,-1,42664.842,42682.05694057617,bias0_d0.8_mss1_fvg0_hall
2025-03-25 18:25:00,-1,42540.163,42550.6069469907,bias0_d0.8_mss1_fvg0_hall
2025-03-25 19:37:00,1,42477.668999999994,42444.08145324682,bias0_d0.8_mss1_fvg0_hall
2025-03-26 01:54:00,1,42617.139,42607.19254323957,bias0_d0.8_mss1_fvg0_hall
2025-03-26 03:11:00,-1,42595.645000000004,42599.083212212485,bias0_d0.8_mss1_fvg0_hall
2025-03-26 09:07:00,1,42541.701,42530.134684481105,bias0_d0.8_mss1_fvg0_hall
2025-03-26 16:53:00,-1,42541.638,42574.733687864304,bias0_d0.8_mss1_fvg0_hall
2025-03-26 16:53:00,-1,42541.638,42563.21521015971,bias0_d0.8_mss1_fvg0_hall
2025-03-27 03:17:00,1,42460.162,42452.59564679126,bias0_d0.8_mss1_fvg0_hall
2025-03-27 06:08:00,1,42501.619999999995,42496.313118524384,bias0_d0.8_mss1_fvg0_hall
2025-03-27 08:04:00,-1,42469.585999999996,42494.77379181575,bias0_d0.8_mss1_fvg0_hall
2025-03-27 12:25:00,1,42469.437999999995,42458.39482052457,bias0_d0.8_mss1_fvg0_hall
2025-03-27 13:10:00,-1,42469.456,42492.33713927988,bias0_d0.8_mss1_fvg0_hall
2025-03-27 18:55:00,-1,42381.156,42393.92642846246,bias0_d0.8_mss1_fvg0_hall
2025-03-27 18:55:00,-1,42352.608,42380.699497858,bias0_d0.8_mss1_fvg0_hall
2025-03-28 02:03:00,1,42319.762,42311.413163815305,bias0_d0.8_mss1_fvg0_hall
2025-03-28 06:46:00,-1,42354.292,42358.83120334266,bias0_d0.8_mss1_fvg0_hall
2025-03-28 09:34:00,1,42238.020000000004,42222.884803142835,bias0_d0.8_mss1_fvg0_hall
2025-03-28 10:52:00,-1,42298.43,42304.179439156826,bias0_d0.8_mss1_fvg0_hall
2025-03-28 10:52:00,-1,42298.43,42306.25287921705,bias0_d0.8_mss1_fvg0_hall
2025-03-28 11:56:00,1,42250.574,42245.04635052289,bias0_d0.8_mss1_fvg0_hall
2025-03-28 15:26:00,1,41762.380000000005,41729.7795541549,bias0_d0.8_mss1_fvg0_hall
2025-03-28 16:56:00,-1,41691.186,41708.20566062973,bias0_d0.8_mss1_fvg0_hall
2025-03-31 06:01:00,-1,41404.294,41417.76007449118,bias0_d0.8_mss1_fvg0_hall
2025-03-31 06:27:00,-1,41409.335999999996,41419.39928060721,bias0_d0.8_mss1_fvg0_hall
2025-03-31 06:58:00,1,41363.562,41350.54095257047,bias0_d0.8_mss1_fvg0_hall
2025-03-31 11:04:00,1,41316.998999999996,41308.86041462476,bias0_d0.8_mss1_fvg0_hall
2025-04-01 12:50:00,1,41737.475000000006,41722.05045285349,bias0_d0.8_mss1_fvg0_hall
2025-04-01 12:50:00,1,41737.475000000006,41727.08526336396,bias0_d0.8_mss1_fvg0_hall
2025-04-02 02:56:00,1,41933.951,41929.795373321,bias0_d0.8_mss1_fvg0_hall
2025-04-02 05:03:00,-1,41921.993,41926.502753049885,bias0_d0.8_mss1_fvg0_hall
2025-04-02 11:39:00,-1,41778.625,41788.12778402511,bias0_d0.8_mss1_fvg0_hall
2025-04-02 18:05:00,-1,42125.951,42183.13146225179,bias0_d0.8_mss1_fvg0_hall
2025-04-03 15:11:00,1,40654.809,40593.13822769917,bias0_d0.8_mss1_fvg0_hall
2025-04-03 17:10:00,-1,40973.637,41018.37742914697,bias0_d0.8_mss1_fvg0_hall
2025-04-03 22:54:00,-1,40429.643,40440.48534392556,bias0_d0.8_mss1_fvg0_hall
2025-04-03 22:54:00,-1,40429.643,40446.95776221659,bias0_d0.8_mss1_fvg0_hall
2025-04-03 22:54:00,-1,40429.643,40442.551336343975,bias0_d0.8_mss1_fvg0_hall
2025-04-04 00:28:00,1,40459.209,40430.57981107435,bias0_d0.8_mss1_fvg0_hall
2025-04-04 00:28:00,1,40459.209,40436.093938854756,bias0_d0.8_mss1_fvg0_hall
2025-04-04 06:33:00,-1,40413.619000000006,40424.71702226476,bias0_d0.8_mss1_fvg0_hall
2025-04-04 07:32:00,-1,40328.051,40358.06731653975,bias0_d0.8_mss1_fvg0_hall
2025-04-04 16:36:00,1,38913.875,38850.643509697686,bias0_d0.8_mss1_fvg0_hall
2025-04-04 16:36:00,1,38913.875,38841.667044972965,bias0_d0.8_mss1_fvg0_hall
2025-04-04 17:06:00,-1,38889.630999999994,39007.13272068539,bias0_d0.8_mss1_fvg0_hall
2025-04-04 17:06:00,-1,38889.630999999994,38983.349354922146,bias0_d0.8_mss1_fvg0_hall
2025-04-07 00:01:00,1,36941.032999999996,36919.815043488365,bias0_d0.8_mss1_fvg0_hall
2025-04-07 02:39:00,-1,37478.825,37544.62381109019,bias0_d0.8_mss1_fvg0_hall
2025-04-07 08:36:00,1,37061.333,36999.73392390506,bias0_d0.8_mss1_fvg0_hall
2025-04-07 10:02:00,1,37130.315,36970.59199903951,bias0_d0.8_mss1_fvg0_hall
2025-04-07 14:10:00,1,37474.687,37194.270803703956,bias0_d0.8_mss1_fvg0_hall
2025-04-08 05:31:00,1,38537.633,38516.23120734239,bias0_d0.8_mss1_fvg0_hall
2025-04-08 08:32:00,1,38638.057,38594.98432604369,bias0_d0.8_mss1_fvg0_hall
2025-04-08 11:17:00,1,38698.731,38666.63986180087,bias0_d0.8_mss1_fvg0_hall
2025-04-08 11:17:00,1,38698.731,38653.04681452938,bias0_d0.8_mss1_fvg0_hall
2025-04-08 14:42:00,-1,39372.657,39436.93627040496,bias0_d0.8_mss1_fvg0_hall
2025-04-08 18:07:00,-1,38232.009,38312.03874565716,bias0_d0.8_mss1_fvg0_hall
2025-04-08 23:46:00,1,37111.357,37071.98207859065,bias0_d0.8_mss1_fvg0_hall
2025-04-09 02:30:00,1,37386.221000000005,37344.571415080405,bias0_d0.8_mss1_fvg0_hall
2025-04-09 13:31:00,1,37271.627,37188.64899722903,bias0_d0.8_mss1_fvg0_hall
2025-04-09 15:33:00,-1,37747.607,37841.490460050765,bias0_d0.8_mss1_fvg0_hall
2025-04-10 00:01:00,1,40873.651,40823.728828387684,bias0_d0.8_mss1_fvg0_hall
2025-04-10 04:46:00,1,40488.789,40464.47412440751,bias0_d0.8_mss1_fvg0_hall
2025-04-10 07:15:00,-1,40606.307,40641.363463079535,bias0_d0.8_mss1_fvg0_hall
2025-04-10 11:59:00,1,40100.345,40078.30286759327,bias0_d0.8_mss1_fvg0_hall
2025-04-10 12:30:00,1,39992.065,39950.46657981303,bias0_d0.8_mss1_fvg0_hall
2025-04-10 16:49:00,1,38942.907,38785.11021043412,bias0_d0.8_mss1_fvg0_hall
2025-04-10 16:49:00,1,38942.907,38770.69913826026,bias0_d0.8_mss1_fvg0_hall
2025-04-11 02:04:00,-1,39288.73299999999,39358.393260378616,bias0_d0.8_mss1_fvg0_hall
2025-04-11 09:14:00,1,39368.27099999999,39312.6127878812,bias0_d0.8_mss1_fvg0_hall
2025-04-11 09:14:00,1,39368.27099999999,39317.46200303254,bias0_d0.8_mss1_fvg0_hall
2025-04-11 11:14:00,-1,39851.081,39888.571662882365,bias0_d0.8_mss1_fvg0_hall
2025-04-11 16:25:00,-1,39738.937,39806.21330373069,bias0_d0.8_mss1_fvg0_hall
2025-04-11 17:18:00,-1,39982.931,40049.93072699267,bias0_d0.8_mss1_fvg0_hall
2025-04-14 05:54:00,1,40406.125,40388.49966023723,bias0_d0.8_mss1_fvg0_hall
2025-04-14 05:54:00,1,40406.125,40387.96655593456,bias0_d0.8_mss1_fvg0_hall
2025-04-14 17:44:00,-1,40429.607,40489.19549969449,bias0_d0.8_mss1_fvg0_hall
2025-04-14 23:39:00,-1,40442.739,40452.88881343686,bias0_d0.8_mss1_fvg0_hall
2025-04-15 04:29:00,-1,40515.465,40524.89974887596,bias0_d0.8_mss1_fvg0_hall
2025-04-15 04:29:00,-1,40515.465,40524.8955810991,bias0_d0.8_mss1_fvg0_hall
2025-04-15 04:34:00,1,40514.507,40509.02934563277,bias0_d0.8_mss1_fvg0_hall
2025-04-15 04:38:00,-1,40516.989,40526.56103383557,bias0_d0.8_mss1_fvg0_hall
2025-04-15 04:38:00,-1,40516.989,40528.71197322768,bias0_d0.8_mss1_fvg0_hall
2025-04-15 05:05:00,-1,40503.757,40518.54767186499,bias0_d0.8_mss1_fvg0_hall
2025-04-15 08:25:00,-1,40601.443,40637.20716533227,bias0_d0.8_mss1_fvg0_hall
2025-04-15 09:23:00,1,40572.295,40537.916299711134,bias0_d0.8_mss1_fvg0_hall
2025-04-15 15:53:00,1,40571.769,40531.96886059009,bias0_d0.8_mss1_fvg0_hall
2025-04-15 15:53:00,1,40571.769,40523.25689297245,bias0_d0.8_mss1_fvg0_hall
2025-04-15 16:22:00,1,40618.281,40566.458905915715,bias0_d0.8_mss1_fvg0_hall
2025-04-16 07:15:00,-1,40151.027,40165.05057062698,bias0_d0.8_mss1_fvg0_hall
2025-04-16 11:06:00,1,40305.693,40263.6379787515,bias0_d0.8_mss1_fvg0_hall
2025-04-16 11:06:00,1,40305.693,40277.548151697825,bias0_d0.8_mss1_fvg0_hall
2025-04-16 11:52:00,-1,40347.418999999994,40371.6434979329,bias0_d0.8_mss1_fvg0_hall
2025-04-16 12:38:00,-1,40328.563,40350.06002399779,bias0_d0.8_mss1_fvg0_hall
2025-04-16 12:38:00,-1,40328.563,40352.051365140804,bias0_d0.8_mss1_fvg0_hall
2025-04-17 05:32:00,-1,39945.751,39955.8156189433,bias0_d0.8_mss1_fvg0_hall
2025-04-17 07:02:00,1,39964.687,39953.51485308547,bias0_d0.8_mss1_fvg0_hall
2025-04-17 07:02:00,1,39964.687,39946.84881720125,bias0_d0.8_mss1_fvg0_hall
2025-04-17 16:16:00,1,39225.013,39104.59422776134,bias0_d0.8_mss1_fvg0_hall
2025-04-21 08:58:00,1,38777.087,38772.48231868344,bias0_d0.8_mss1_fvg0_hall
2025-04-21 14:40:00,1,38428.143,38363.810497568345,bias0_d0.8_mss1_fvg0_hall
2025-04-21 14:44:00,-1,38427.357,38457.656668444986,bias0_d0.8_mss1_fvg0_hall
2025-04-22 04:34:00,-1,38274.899000000005,38278.246109199936,bias0_d0.8_mss1_fvg0_hall
2025-04-22 04:34:00,-1,38274.899000000005,38279.45044721832,bias0_d0.8_mss1_fvg0_hall
2025-04-22 10:02:00,1,38476.765,38466.018689508324,bias0_d0.8_mss1_fvg0_hall
2025-04-22 10:06:00,-1,38478.027,38492.72203914843,bias0_d0.8_mss1_fvg0_hall
2025-04-22 10:56:00,-1,38469.557,38490.98280035046,bias0_d0.8_mss1_fvg0_hall
2025-04-22 17:10:00,-1,39188.274999999994,39227.675775936696,bias0_d0.8_mss1_fvg0_hall
2025-04-22 19:42:00,1,39065.494999999995,39025.48090516068,bias0_d0.8_mss1_fvg0_hall
2025-04-22 19:42:00,1,39065.494999999995,39022.6956976492,bias0_d0.8_mss1_fvg0_hall
2025-04-23 03:15:00,-1,39612.013,39620.611895979804,bias0_d0.8_mss1_fvg0_hall
2025-04-23 03:54:00,1,39610.477,39592.978215896524,bias0_d0.8_mss1_fvg0_hall
2025-04-23 07:02:00,1,39666.319,39646.227279388106,bias0_d0.8_mss1_fvg0_hall
2025-04-23 07:07:00,-1,39685.163,39702.210587670466,bias0_d0.8_mss1_fvg0_hall
2025-04-23 14:15:00,-1,40253.387,40309.23448598931,bias0_d0.8_mss1_fvg0_hall
2025-04-23 14:15:00,-1,40253.387,40319.522011898945,bias0_d0.8_mss1_fvg0_hall
2025-04-24 00:40:00,1,39572.251000000004,39559.92587741169,bias0_d0.8_mss1_fvg0_hall
2025-04-24 05:05:00,1,39491.239,39482.60107143172,bias0_d0.8_mss1_fvg0_hall
2025-04-24 05:51:00,-1,39465.363,39485.16685927775,bias0_d0.8_mss1_fvg0_hall
2025-04-24 05:51:00,-1,39465.363,39486.187483615045,bias0_d0.8_mss1_fvg0_hall
2025-04-24 19:36:00,1,40039.274999999994,39983.989478971176,bias0_d0.8_mss1_fvg0_hall
2025-04-25 00:03:00,1,40078.257,40067.69265118394,bias0_d0.8_mss1_fvg0_hall
2025-04-25 01:38:00,1,40076.549,40064.254535900756,bias0_d0.8_mss1_fvg0_hall
2025-04-25 03:18:00,1,40043.483,40036.723115103516,bias0_d0.8_mss1_fvg0_hall
2025-04-25 12:01:00,-1,39929.163,39949.76863602734,bias0_d0.8_mss1_fvg0_hall
2025-04-25 12:32:00,1,39938.521,39910.1025984573,bias0_d0.8_mss1_fvg0_hall
2025-04-25 13:05:00,1,39926.551,39909.06938111233,bias0_d0.8_mss1_fvg0_hall
2025-04-27 23:12:00,1,39992.037,39977.365417294,bias0_d0.8_mss1_fvg0_hall
2025-04-28 02:53:00,-1,39976.989,39980.363904348334,bias0_d0.8_mss1_fvg0_hall
2025-04-28 02:53:00,-1,39970.244999999995,39977.27002546631,bias0_d0.8_mss1_fvg0_hall
2025-04-28 09:56:00,-1,40129.901,40140.1885767109,bias0_d0.8_mss1_fvg0_hall
2025-04-29 05:06:00,1,40257.281,40253.274409823636,bias0_d0.8_mss1_fvg0_hall
2025-04-29 12:05:00,1,40380.039,40358.79662493538,bias0_d0.8_mss1_fvg0_hall
2025-04-29 18:07:00,-1,40603.751000000004,40629.19345028227,bias0_d0.8_mss1_fvg0_hall
2025-04-30 01:35:00,1,40467.994999999995,40456.76869293787,bias0_d0.8_mss1_fvg0_hall
2025-04-30 08:08:00,1,40513.295,40498.18885695374,bias0_d0.8_mss1_fvg0_hall
2025-04-30 18:07:00,1,40368.239,40353.38814810833,bias0_d0.8_mss1_fvg0_hall
2025-05-01 00:31:00,-1,40830.721,40841.054013069166,bias0_d0.8_mss1_fvg0_hall
2025-05-01 10:22:00,-1,41000.282999999996,41008.444338365254,bias0_d0.8_mss1_fvg0_hall
2025-05-01 13:37:00,1,40847.769,40800.17478989582,bias0_d0.8_mss1_fvg0_hall
2025-05-01 13:59:00,-1,40860.715,40938.344837295816,bias0_d0.8_mss1_fvg0_hall
2025-05-01 19:04:00,1,40921.649000000005,40908.84882979514,bias0_d0.8_mss1_fvg0_hall
2025-05-01 23:02:00,1,40716.494999999995,40705.09504260965,bias0_d0.8_mss1_fvg0_hall
2025-05-01 23:15:00,1,40725.757,40715.61202857347,bias0_d0.8_mss1_fvg0_hall
2025-05-02 00:08:00,-1,40718.875,40751.79964592945,bias0_d0.8_mss1_fvg0_hall
2025-05-02 01:13:00,1,41047.239,41021.17299445672,bias0_d0.8_mss1_fvg0_hall
2025-05-02 03:44:00,-1,41104.381,41119.334558408955,bias0_d0.8_mss1_fvg0_hall
2025-05-02 03:44:00,-1,41104.381,41115.80198995118,bias0_d0.8_mss1_fvg0_hall
2025-05-02 11:55:00,-1,40919.937,40933.01526183228,bias0_d0.8_mss1_fvg0_hall
2025-05-02 11:55:00,-1,40919.937,40932.55671147783,bias0_d0.8_mss1_fvg0_hall
2025-05-02 13:17:00,-1,41233.539,41252.819484916996,bias0_d0.8_mss1_fvg0_hall
2025-05-02 13:17:00,-1,41206.045,41231.352221708636,bias0_d0.8_mss1_fvg0_hall
2025-05-05 00:49:00,1,41115.519,41108.15695006672,bias0_d0.8_mss1_fvg0_hall
2025-05-05 05:38:00,-1,41038.751,41045.14931001828,bias0_d0.8_mss1_fvg0_hall
2025-05-05 13:28:00,1,41070.151,41047.60592771459,bias0_d0.8_mss1_fvg0_hall
2025-05-05 13:28:00,1,41070.151,41046.56604716355,bias0_d0.8_mss1_fvg0_hall
2025-05-05 13:28:00,1,41070.151,41048.11125808044,bias0_d0.8_mss1_fvg0_hall
2025-05-05 13:32:00,1,41061.465,41034.655109949905,bias0_d0.8_mss1_fvg0_hall
2025-05-05 13:57:00,1,41101.471,41073.916027011706,bias0_d0.8_mss1_fvg0_hall
2025-05-05 16:31:00,-1,41418.119000000006,41442.99693801231,bias0_d0.8_mss1_fvg0_hall
2025-05-05 17:14:00,-1,41410.037,41420.16921471566,bias0_d0.8_mss1_fvg0_hall
2025-05-05 23:51:00,-1,41215.024999999994,41222.51373026555,bias0_d0.8_mss1_fvg0_hall
2025-05-05 23:51:00,-1,41215.024999999994,41223.55439238944,bias0_d0.8_mss1_fvg0_hall
2025-05-06 00:04:00,1,41210.549,41200.83258119866,bias0_d0.8_mss1_fvg0_hall
2025-05-06 07:05:00,-1,41171.807,41179.631556436325,bias0_d0.8_mss1_fvg0_hall
2025-05-06 07:05:00,-1,41168.801,41176.59367383373,bias0_d0.8_mss1_fvg0_hall
2025-05-06 19:06:00,-1,40907.393,40934.7500174689,bias0_d0.8_mss1_fvg0_hall
2025-05-07 01:02:00,1,41138.781,41127.23511138466,bias0_d0.8_mss1_fvg0_hall
2025-05-07 03:56:00,-1,41057.024999999994,41067.137319156354,bias0_d0.8_mss1_fvg0_hall
2025-05-07 09:22:00,-1,41060.801,41071.68556515262,bias0_d0.8_mss1_fvg0_hall
2025-05-07 09:41:00,1,41032.431,41019.23000398301,bias0_d0.8_mss1_fvg0_hall
2025-05-07 16:22:00,-1,41104.757,41121.867897618125,bias0_d0.8_mss1_fvg0_hall
2025-05-08 05:32:00,-1,41363.263,41370.141488745256,bias0_d0.8_mss1_fvg0_hall
2025-05-08 11:37:00,-1,41478.093,41488.75411936577,bias0_d0.8_mss1_fvg0_hall
2025-05-08 12:31:00,1,41417.569,41404.448027705905,bias0_d0.8_mss1_fvg0_hall
2025-05-08 12:35:00,-1,41424.051,41440.29498223318,bias0_d0.8_mss1_fvg0_hall
2025-05-08 12:35:00,-1,41424.051,41436.720726359374,bias0_d0.8_mss1_fvg0_hall
2025-05-08 14:53:00,-1,41275.994999999995,41326.82187746441,bias0_d0.8_mss1_fvg0_hall
2025-05-09 04:18:00,-1,41388.757,41399.795647157494,bias0_d0.8_mss1_fvg0_hall
2025-05-09 05:16:00,1,41393.477,41380.91870861421,bias0_d0.8_mss1_fvg0_hall
2025-05-09 05:16:00,1,41393.477,41379.9299437132,bias0_d0.8_mss1_fvg0_hall
2025-05-09 12:25:00,-1,41428.575,41444.53243394238,bias0_d0.8_mss1_fvg0_hall
2025-05-09 12:32:00,1,41420.551,41411.70681279717,bias0_d0.8_mss1_fvg0_hall
2025-05-12 05:09:00,-1,41700.281,41703.84109906007,bias0_d0.8_mss1_fvg0_hall
2025-05-12 05:40:00,1,41691.709,41685.19916027457,bias0_d0.8_mss1_fvg0_hall
2025-05-12 08:20:00,-1,42086.295,42106.84444020686,bias0_d0.8_mss1_fvg0_hall
2025-05-12 13:30:00,-1,42318.437,42331.068261540706,bias0_d0.8_mss1_fvg0_hall
2025-05-12 13:30:00,-1,42300.057,42327.93852857351,bias0_d0.8_mss1_fvg0_hall
2025-05-12 14:58:00,-1,42296.989,42318.605247421416,bias0_d0.8_mss1_fvg0_hall
2025-05-12 14:58:00,-1,42255.763,42293.9356726056,bias0_d0.8_mss1_fvg0_hall
2025-05-12 16:22:00,1,42165.251000000004,42123.87093797882,bias0_d0.8_mss1_fvg0_hall
2025-05-12 16:22:00,1,42165.251000000004,42126.366785266044,bias0_d0.8_mss1_fvg0_hall
2025-05-12 19:04:00,1,42346.013,42334.28268124928,bias0_d0.8_mss1_fvg0_hall
2025-05-13 05:02:00,1,42287.613,42277.45750521365,bias0_d0.8_mss1_fvg0_hall
2025-05-13 05:50:00,-1,42309.221000000005,42312.03791603559,bias0_d0.8_mss1_fvg0_hall
2025-05-13 13:57:00,1,42240.983,42202.434005364776,bias0_d0.8_mss1_fvg0_hall
2025-05-13 17:15:00,1,42206.977,42193.2052942949,bias0_d0.8_mss1_fvg0_hall
2025-05-14 05:51:00,-1,42164.477,42171.887219670585,bias0_d0.8_mss1_fvg0_hall
2025-05-14 06:54:00,1,42137.369000000006,42131.648215851885,bias0_d0.8_mss1_fvg0_hall
2025-05-14 08:02:00,-1,42173.849,42189.155599949605,bias0_d0.8_mss1_fvg0_hall
2025-05-14 12:10:00,1,42170.789000000004,42150.7549665326,bias0_d0.8_mss1_fvg0_hall
2025-05-14 13:01:00,-1,42188.301,42205.59493693801,bias0_d0.8_mss1_fvg0_hall
2025-05-14 18:05:00,1,42053.019,42025.68862347607,bias0_d0.8_mss1_fvg0_hall
2025-05-14 18:34:00,1,42025.531,42018.28293547937,bias0_d0.8_mss1_fvg0_hall
2025-05-14 19:13:00,1,42065.601,42054.52860374913,bias0_d0.8_mss1_fvg0_hall
2025-05-15 00:25:00,-1,41868.451,41877.92179901188,bias0_d0.8_mss1_fvg0_hall
2025-05-15 00:31:00,1,41864.951,41858.19541207649,bias0_d0.8_mss1_fvg0_hall
2025-05-15 12:32:00,1,41887.857,41867.759462198504,bias0_d0.8_mss1_fvg0_hall
2025-05-16 00:03:00,1,42325.183000000005,42313.72407356673,bias0_d0.8_mss1_fvg0_hall
2025-05-16 00:46:00,-1,42320.701,42329.75413593114,bias0_d0.8_mss1_fvg0_hall
2025-05-16 04:19:00,-1,42303.551,42306.96082634169,bias0_d0.8_mss1_fvg0_hall
2025-05-16 07:49:00,1,42353.507,42340.02439116077,bias0_d0.8_mss1_fvg0_hall
2025-05-16 15:16:00,-1,42361.427,42375.262917797365,bias0_d0.8_mss1_fvg0_hall
2025-05-16 15:16:00,-1,42361.427,42375.363409383266,bias0_d0.8_mss1_fvg0_hall
2025-05-16 16:01:00,1,42336.933000000005,42312.71111573532,bias0_d0.8_mss1_fvg0_hall
2025-05-16 18:12:00,1,42551.307,42531.32294398567,bias0_d0.8_mss1_fvg0_hall
2025-05-16 19:42:00,-1,42617.415,42639.729100319084,bias0_d0.8_mss1_fvg0_hall
2025-05-16 19:48:00,1,42617.987,42600.81610734002,bias0_d0.8_mss1_fvg0_hall
2025-05-19 05:07:00,1,42300.151,42290.032300750165,bias0_d0.8_mss1_fvg0_hall
2025-05-19 05:26:00,1,42307.681,42300.59400408657,bias0_d0.8_mss1_fvg0_hall
2025-05-19 05:26:00,1,42307.681,42296.53900250321,bias0_d0.8_mss1_fvg0_hall
2025-05-19 05:31:00,-1,42308.782999999996,42317.167870644975,bias0_d0.8_mss1_fvg0_hall
2025-05-19 07:56:00,-1,42282.213,42298.366243391225,bias0_d0.8_mss1_fvg0_hall
2025-05-19 10:01:00,-1,42288.951,42300.41028542412,bias0_d0.8_mss1_fvg0_hall
2025-05-19 15:13:00,-1,42631.325,42644.26902080764,bias0_d0.8_mss1_fvg0_hall
2025-05-20 03:39:00,1,42749.319,42745.77878830812,bias0_d0.8_mss1_fvg0_hall
2025-05-20 07:02:00,-1,42707.051,42718.412136559666,bias0_d0.8_mss1_fvg0_hall
2025-05-20 09:22:00,1,42725.149,42714.241489176115,bias0_d0.8_mss1_fvg0_hall
2025-05-20 13:24:00,-1,42787.893,42806.83668683467,bias0_d0.8_mss1_fvg0_hall
2025-05-21 00:23:00,1,42617.062999999995,42607.05009251292,bias0_d0.8_mss1_fvg0_hall
2025-05-21 00:23:00,1,42617.062999999995,42605.116627727984,bias0_d0.8_mss1_fvg0_hall
2025-05-21 00:23:00,1,42617.062999999995,42606.51588289027,bias0_d0.8_mss1_fvg0_hall
2025-05-21 09:02:00,-1,42426.893,42443.055152404275,bias0_d0.8_mss1_fvg0_hall
2025-05-21 16:30:00,1,42325.562999999995,42316.44969266899,bias0_d0.8_mss1_fvg0_hall
2025-05-22 02:37:00,1,41856.663,41847.176569926385,bias0_d0.8_mss1_fvg0_hall
2025-05-22 07:34:00,1,41850.369,41837.19944921291,bias0_d0.8_mss1_fvg0_hall
2025-05-22 09:41:00,-1,41858.809,41861.824570874036,bias0_d0.8_mss1_fvg0_hall
2025-05-22 14:59:00,1,41756.163,41723.04807254829,bias0_d0.8_mss1_fvg0_hall
2025-05-22 19:25:00,1,42038.551,42018.969720493245,bias0_d0.8_mss1_fvg0_hall
2025-05-23 01:25:00,1,41880.715,41867.88580408605,bias0_d0.8_mss1_fvg0_hall
2025-05-23 01:25:00,1,41880.715,41867.892018079896,bias0_d0.8_mss1_fvg0_hall
2025-05-23 08:00:00,1,41919.259,41908.5305566335,bias0_d0.8_mss1_fvg0_hall
2025-05-23 08:00:00,1,41919.259,41908.30181687396,bias0_d0.8_mss1_fvg0_hall
2025-05-23 08:07:00,1,41920.175,41908.763626096865,bias0_d0.8_mss1_fvg0_hall
2025-05-23 08:07:00,1,41920.175,41905.300338518515,bias0_d0.8_mss1_fvg0_hall
2025-05-23 11:19:00,-1,41822.443,41837.93505754502,bias0_d0.8_mss1_fvg0_hall
2025-05-23 11:40:00,1,41732.157,41710.6611102182,bias0_d0.8_mss1_fvg0_hall
2025-05-23 13:26:00,1,41290.807,41264.12508367801,bias0_d0.8_mss1_fvg0_hall
2025-05-23 13:26:00,1,41290.807,41275.12914912958,bias0_d0.8_mss1_fvg0_hall
2025-05-23 14:50:00,-1,41600.781,41630.685291964895,bias0_d0.8_mss1_fvg0_hall
2025-05-23 14:50:00,-1,41600.781,41618.7286139674,bias0_d0.8_mss1_fvg0_hall
2025-05-23 14:50:00,-1,41600.781,41621.87945582688,bias0_d0.8_mss1_fvg0_hall
2025-05-26 07:21:00,1,42019.087,42010.363294133094,bias0_d0.8_mss1_fvg0_hall
2025-05-26 10:04:00,1,42034.418999999994,42028.76299826195,bias0_d0.8_mss1_fvg0_hall
2025-05-26 11:34:00,1,42054.509,42045.17753797474,bias0_d0.8_mss1_fvg0_hall
2025-05-26 11:34:00,1,42054.509,42042.1880281194,bias0_d0.8_mss1_fvg0_hall
2025-05-26 13:20:00,-1,42063.301,42068.95835341709,bias0_d0.8_mss1_fvg0_hall
2025-05-27 05:02:00,-1,41961.189,41963.94842922335,bias0_d0.8_mss1_fvg0_hall
2025-05-27 06:59:00,-1,42036.945,42049.40138206612,bias0_d0.8_mss1_fvg0_hall
2025-05-27 11:49:00,-1,42185.244999999995,42192.98561019589,bias0_d0.8_mss1_fvg0_hall
2025-05-27 12:20:00,1,42140.727,42117.30548757411,bias0_d0.8_mss1_fvg0_hall
2025-05-27 13:23:00,-1,42125.203,42134.73940331747,bias0_d0.8_mss1_fvg0_hall
2025-05-27 13:23:00,-1,42125.203,42134.14534593765,bias0_d0.8_mss1_fvg0_hall
2025-05-27 13:23:00,-1,42125.203,42134.74923603807,bias0_d0.8_mss1_fvg0_hall
2025-05-27 14:40:00,1,42089.051,42065.88095854785,bias0_d0.8_mss1_fvg0_hall
2025-05-27 19:55:00,1,42312.099,42279.96506788413,bias0_d0.8_mss1_fvg0_hall
2025-05-28 01:06:00,-1,42354.189,42361.62718178143,bias0_d0.8_mss1_fvg0_hall
2025-05-28 01:06:00,-1,42354.189,42360.57806879704,bias0_d0.8_mss1_fvg0_hall
2025-05-28 01:09:00,1,42358.981,42346.83607020879,bias0_d0.8_mss1_fvg0_hall
2025-05-28 01:09:00,1,42358.981,42351.26063662244,bias0_d0.8_mss1_fvg0_hall
2025-05-28 01:25:00,1,42354.801,42343.878986964,bias0_d0.8_mss1_fvg0_hall
2025-05-28 03:34:00,-1,42340.409,42343.81232051366,bias0_d0.8_mss1_fvg0_hall
2025-05-28 13:09:00,1,42325.477,42318.43736656139,bias0_d0.8_mss1_fvg0_hall
2025-05-28 13:30:00,1,42319.744999999995,42311.320481673494,bias0_d0.8_mss1_fvg0_hall
2025-05-29 01:30:00,1,42573.957,42547.5666859421,bias0_d0.8_mss1_fvg0_hall
2025-05-29 02:42:00,1,42673.469,42663.513110310094,bias0_d0.8_mss1_fvg0_hall
2025-05-29 02:49:00,-1,42678.195,42696.89487346506,bias0_d0.8_mss1_fvg0_hall
2025-05-29 13:17:00,1,42210.269,42179.06031232211,bias0_d0.8_mss1_fvg0_hall
2025-05-29 15:51:00,1,42030.057,42003.811632074074,bias0_d0.8_mss1_fvg0_hall
2025-05-29 15:57:00,-1,42019.183000000005,42071.021538386754,bias0_d0.8_mss1_fvg0_hall
2025-05-29 15:57:00,-1,42019.183000000005,42062.33747135913,bias0_d0.8_mss1_fvg0_hall
2025-05-30 00:01:00,1,42136.257,42124.59318878395,bias0_d0.8_mss1_fvg0_hall
2025-05-30 00:01:00,1,42136.257,42125.60187529938,bias0_d0.8_mss1_fvg0_hall
2025-05-30 04:56:00,1,42146.274999999994,42139.15685661389,bias0_d0.8_mss1_fvg0_hall
2025-05-30 07:02:00,1,42131.045,42119.36949595914,bias0_d0.8_mss1_fvg0_hall
2025-05-30 07:02:00,1,42142.539000000004,42130.81011767634,bias0_d0.8_mss1_fvg0_hall
2025-05-30 07:09:00,-1,42123.032999999996,42152.418667154685,bias0_d0.8_mss1_fvg0_hall
2025-05-30 09:04:00,1,42164.289000000004,42157.60168325171,bias0_d0.8_mss1_fvg0_hall
2025-05-30 12:09:00,-1,42195.801,42202.431277741525,bias0_d0.8_mss1_fvg0_hall
2025-05-30 15:33:00,-1,42196.471000000005,42222.081697906135,bias0_d0.8_mss1_fvg0_hall
2025-05-30 16:06:00,1,42148.793,42131.72825098453,bias0_d0.8_mss1_fvg0_hall
2025-06-02 01:22:00,1,42142.969,42137.90346397136,bias0_d0.8_mss1_fvg0_hall
2025-06-02 01:22:00,1,42142.969,42135.87050225911,bias0_d0.8_mss1_fvg0_hall
2025-06-02 01:28:00,-1,42145.689,42152.929882848664,bias0_d0.8_mss1_fvg0_hall
2025-06-02 01:28:00,-1,42145.689,42151.94104835948,bias0_d0.8_mss1_fvg0_hall
2025-06-02 04:07:00,1,42075.581000000006,42066.12170194617,bias0_d0.8_mss1_fvg0_hall
2025-06-02 13:32:00,1,42089.613,42068.24095471774,bias0_d0.8_mss1_fvg0_hall
2025-06-02 16:52:00,1,42065.195,42040.95810540759,bias0_d0.8_mss1_fvg0_hall
2025-06-02 23:16:00,-1,42281.993,42288.466402427395,bias0_d0.8_mss1_fvg0_hall
2025-06-03 01:44:00,1,42225.801,42218.62338458585,bias0_d0.8_mss1_fvg0_hall
2025-06-03 04:45:00,1,42140.963,42139.49925175603,bias0_d0.8_mss1_fvg0_hall
2025-06-03 10:03:00,-1,42155.465,42170.975187705335,bias0_d0.8_mss1_fvg0_hall
2025-06-03 16:40:00,-1,42488.975000000006,42514.35580251733,bias0_d0.8_mss1_fvg0_hall
2025-06-03 23:33:00,-1,42563.933000000005,42568.17297759117,bias0_d0.8_mss1_fvg0_hall
2025-06-03 23:33:00,-1,42563.933000000005,42571.215566460574,bias0_d0.8_mss1_fvg0_hall
2025-06-04 00:35:00,1,42548.469,42536.31708549202,bias0_d0.8_mss1_fvg0_hall
2025-06-04 00:35:00,1,42548.469,42539.895593671165,bias0_d0.8_mss1_fvg0_hall
2025-06-04 04:11:00,1,42497.939,42494.879440236225,bias0_d0.8_mss1_fvg0_hall
2025-06-04 06:00:00,1,42518.475000000006,42509.40444056237,bias0_d0.8_mss1_fvg0_hall
2025-06-04 09:47:00,-1,42604.007,42609.11481735704,bias0_d0.8_mss1_fvg0_hall
2025-06-04 09:47:00,-1,42604.007,42609.85873435377,bias0_d0.8_mss1_fvg0_hall
2025-06-04 11:41:00,1,42578.251000000004,42572.96532461583,bias0_d0.8_mss1_fvg0_hall
2025-06-04 22:42:00,-1,42432.665,42437.68078297177,bias0_d0.8_mss1_fvg0_hall
2025-06-04 23:45:00,1,42395.945,42388.3606536094,bias0_d0.8_mss1_fvg0_hall
2025-06-04 23:44:00,1,42395.225000000006,42391.869006923014,bias0_d0.8_mss1_fvg0_hall
2025-06-05 00:00:00,1,42394.207,42389.29738311187,bias0_d0.8_mss1_fvg0_hall
2025-06-05 00:00:00,1,42394.207,42390.78312717531,bias0_d0.8_mss1_fvg0_hall
2025-06-05 03:40:00,1,42415.225000000006,42408.98335061829,bias0_d0.8_mss1_fvg0_hall
2025-06-05 06:01:00,-1,42418.731,42424.629544316194,bias0_d0.8_mss1_fvg0_hall
2025-06-05 06:06:00,1,42417.426999999996,42408.79450413553,bias0_d0.8_mss1_fvg0_hall
2025-06-05 06:06:00,1,42417.426999999996,42411.64108241156,bias0_d0.8_mss1_fvg0_hall
2025-06-05 08:23:00,1,42517.48299999999,42503.38826208919,bias0_d0.8_mss1_fvg0_hall
2025-06-05 08:23:00,1,42517.48299999999,42504.33491479711,bias0_d0.8_mss1_fvg0_hall
2025-06-05 11:30:00,1,42447.881,42434.596869916684,bias0_d0.8_mss1_fvg0_hall
2025-06-05 11:30:00,1,42447.881,42435.59367920835,bias0_d0.8_mss1_fvg0_hall
2025-06-05 11:30:00,1,42447.881,42436.50288462353,bias0_d0.8_mss1_fvg0_hall
2025-06-06 09:03:00,-1,42479.113,42487.82841605569,bias0_d0.8_mss1_fvg0_hall
2025-06-06 09:41:00,-1,42482.453,42486.49159492624,bias0_d0.8_mss1_fvg0_hall
2025-06-06 18:55:00,1,42755.099,42735.439952596884,bias0_d0.8_mss1_fvg0_hall
2025-06-06 19:38:00,-1,42773.849,42787.477643723716,bias0_d0.8_mss1_fvg0_hall
2025-06-10 07:28:00,-1,42745.027,42767.186279317684,bias0_d0.8_mss1_fvg0_hall
2025-06-10 07:27:00,-1,42757.032999999996,42766.452316509276,bias0_d0.8_mss1_fvg0_hall
2025-06-10 08:30:00,1,42686.045,42664.60085722296,bias0_d0.8_mss1_fvg0_hall
2025-06-10 09:18:00,-1,42714.051,42720.10335417512,bias0_d0.8_mss1_fvg0_hall
2025-06-10 09:34:00,-1,42717.075,42722.0728283948,bias0_d0.8_mss1_fvg0_hall
2025-06-10 10:59:00,1,42745.081,42735.055974494055,bias0_d0.8_mss1_fvg0_hall
2025-06-10 12:51:00,-1,42779.407,42791.5632816635,bias0_d0.8_mss1_fvg0_hall
2025-06-10 13:17:00,1,42773.407,42758.1731730026,bias0_d0.8_mss1_fvg0_hall
2025-06-10 14:23:00,1,42765.244999999995,42736.453773031026,bias0_d0.8_mss1_fvg0_hall
2025-06-10 14:23:00,1,42765.244999999995,42734.9994892431,bias0_d0.8_mss1_fvg0_hall
2025-06-10 22:29:00,-1,42852.751,42857.81806428215,bias0_d0.8_mss1_fvg0_hall
2025-06-11 05:52:00,1,42779.757,42767.316562600805,bias0_d0.8_mss1_fvg0_hall
2025-06-11 10:44:00,1,42787.825,42782.88880567512,bias0_d0.8_mss1_fvg0_hall
2025-06-11 10:44:00,1,42788.075,42771.134700753726,bias0_d0.8_mss1_fvg0_hall
2025-06-11 15:53:00,1,43026.513,43006.04747109756,bias0_d0.8_mss1_fvg0_hall
2025-06-12 00:04:00,-1,42809.257,42821.19105401219,bias0_d0.8_mss1_fvg0_hall
2025-06-12 00:04:00,-1,42809.257,42822.10693586846,bias0_d0.8_mss1_fvg0_hall
2025-06-12 00:04:00,-1,42809.257,42821.33600082536,bias0_d0.8_mss1_fvg0_hall
2025-06-12 00:26:00,-1,42778.233,42797.20538863207,bias0_d0.8_mss1_fvg0_hall
2025-06-12 03:14:00,1,42704.351,42691.31180653995,bias0_d0.8_mss1_fvg0_hall
2025-06-12 03:14:00,1,42704.351,42696.24020607281,bias0_d0.8_mss1_fvg0_hall
2025-06-12 06:51:00,1,42741.613,42733.67515786002,bias0_d0.8_mss1_fvg0_hall
2025-06-13 05:00:00,-1,42358.789,42373.050663770635,bias0_d0.8_mss1_fvg0_hall
2025-06-13 05:00:00,-1,42358.789,42373.346302072736,bias0_d0.8_mss1_fvg0_hall
2025-06-13 05:26:00,1,42361.545,42348.025761248406,bias0_d0.8_mss1_fvg0_hall
2025-06-13 08:41:00,-1,42469.083,42484.47027639697,bias0_d0.8_mss1_fvg0_hall
2025-06-13 09:01:00,1,42465.863,42452.987723910664,bias0_d0.8_mss1_fvg0_hall
2025-06-13 09:15:00,1,42470.125,42432.942200878504,bias0_d0.8_mss1_fvg0_hall
2025-06-13 12:01:00,-1,42552.475000000006,42566.86177701051,bias0_d0.8_mss1_fvg0_hall
2025-06-13 13:33:00,-1,42509.027,42583.82182969229,bias0_d0.8_mss1_fvg0_hall
2025-06-16 01:55:00,1,42217.787,42214.44815916059,bias0_d0.8_mss1_fvg0_hall
2025-06-16 05:00:00,1,42201.893,42197.30249035971,bias0_d0.8_mss1_fvg0_hall
2025-06-16 08:00:00,-1,42386.443,42408.06981343948,bias0_d0.8_mss1_fvg0_hall
2025-06-16 13:31:00,1,42432.98299999999,42413.399590910085,bias0_d0.8_mss1_fvg0_hall
2025-06-16 14:46:00,1,42668.239,42653.396489803505,bias0_d0.8_mss1_fvg0_hall
2025-06-16 19:59:00,1,42492.601,42456.89074305063,bias0_d0.8_mss1_fvg0_hall
2025-06-17 03:45:00,-1,42373.774999999994,42388.43466837313,bias0_d0.8_mss1_fvg0_hall
2025-06-17 05:16:00,-1,42345.257,42362.091453027344,bias0_d0.8_mss1_fvg0_hall
2025-06-17 05:16:00,-1,42345.257,42361.44632066825,bias0_d0.8_mss1_fvg0_hall
2025-06-17 07:55:00,1,42222.759,42193.081191727535,bias0_d0.8_mss1_fvg0_hall
2025-06-17 08:55:00,-1,42286.527,42315.900008168115,bias0_d0.8_mss1_fvg0_hall
2025-06-17 13:20:00,1,42275.312999999995,42258.52180350673,bias0_d0.8_mss1_fvg0_hall
2025-06-17 13:20:00,1,42275.312999999995,42261.00807468482,bias0_d0.8_mss1_fvg0_hall
2025-06-17 19:22:00,1,42204.531,42189.76027915059,bias0_d0.8_mss1_fvg0_hall
2025-06-17 23:56:00,-1,42122.087,42135.57821108086,bias0_d0.8_mss1_fvg0_hall
2025-06-18 00:03:00,1,42114.049,42095.82657434839,bias0_d0.8_mss1_fvg0_hall
2025-06-18 00:03:00,1,42114.049,42104.34984760922,bias0_d0.8_mss1_fvg0_hall
2025-06-18 03:25:00,-1,42213.539000000004,42224.401737906155,bias0_d0.8_mss1_fvg0_hall
2025-06-18 03:42:00,1,42207.819,42203.36986386529,bias0_d0.8_mss1_fvg0_hall
2025-06-18 05:35:00,-1,42234.812999999995,42238.80796046003,bias0_d0.8_mss1_fvg0_hall
2025-06-18 07:31:00,1,42268.869,42261.927654928586,bias0_d0.8_mss1_fvg0_hall
2025-06-18 08:46:00,1,42247.143,42235.75093980195,bias0_d0.8_mss1_fvg0_hall
2025-06-18 11:13:00,1,42173.707,42151.31163445302,bias0_d0.8_mss1_fvg0_hall
2025-06-18 18:02:00,-1,42345.801,42382.00684083375,bias0_d0.8_mss1_fvg0_hall
2025-06-19 10:52:00,1,41998.600999999995,41981.16712040273,bias0_d0.8_mss1_fvg0_hall
2025-06-19 14:32:00,-1,41830.295,41850.13982427067,bias0_d0.8_mss1_fvg0_hall
2025-06-20 01:05:00,-1,42058.051,42074.102004559456,bias0_d0.8_mss1_fvg0_hall
2025-06-20 13:31:00,-1,42335.527,42360.44947354118,bias0_d0.8_mss1_fvg0_hall
2025-06-20 17:17:00,-1,42257.051,42277.16115384531,bias0_d0.8_mss1_fvg0_hall
2025-06-20 17:17:00,-1,42257.051,42278.298153060496,bias0_d0.8_mss1_fvg0_hall
2025-06-20 19:28:00,-1,42144.521,42179.89113649164,bias0_d0.8_mss1_fvg0_hall
2025-06-20 19:28:00,-1,42144.521,42171.46934102796,bias0_d0.8_mss1_fvg0_hall
2025-06-23 07:09:00,1,42114.113,42095.494325646476,bias0_d0.8_mss1_fvg0_hall
2025-06-23 08:45:00,1,42251.637,42237.879524664684,bias0_d0.8_mss1_fvg0_hall
2025-06-23 09:09:00,-1,42246.095,42269.292568887366,bias0_d0.8_mss1_fvg0_hall
2025-06-23 09:09:00,-1,42246.095,42266.617556823985,bias0_d0.8_mss1_fvg0_hall
2025-06-23 15:02:00,1,42266.062999999995,42252.10020943314,bias0_d0.8_mss1_fvg0_hall
2025-06-23 19:24:00,1,42509.562999999995,42487.299558368446,bias0_d0.8_mss1_fvg0_hall
2025-06-24 00:52:00,1,42777.087,42744.51271016905,bias0_d0.8_mss1_fvg0_hall
2025-06-24 06:25:00,1,42904.421,42894.39589284616,bias0_d0.8_mss1_fvg0_hall
2025-06-24 07:52:00,-1,42904.257,42931.721510203235,bias0_d0.8_mss1_fvg0_hall
2025-06-24 10:58:00,-1,42890.851,42901.75864328198,bias0_d0.8_mss1_fvg0_hall
2025-06-24 12:50:00,-1,42869.727,42885.183598769356,bias0_d0.8_mss1_fvg0_hall
2025-06-24 18:36:00,1,43082.213,43074.15161131027,bias0_d0.8_mss1_fvg0_hall
2025-06-24 22:43:00,1,43067.195,43055.56004417155,bias0_d0.8_mss1_fvg0_hall
2025-06-24 23:56:00,1,43066.915,43062.79961590257,bias0_d0.8_mss1_fvg0_hall
2025-06-25 04:23:00,-1,43109.195,43111.76719984437,bias0_d0.8_mss1_fvg0_hall
2025-06-25 05:58:00,1,43127.927,43124.006190232016,bias0_d0.8_mss1_fvg0_hall
2025-06-25 07:33:00,-1,43119.994999999995,43126.265390718705,bias0_d0.8_mss1_fvg0_hall
2025-06-25 13:31:00,-1,43077.701,43097.92710628872,bias0_d0.8_mss1_fvg0_hall
2025-06-25 22:55:00,1,42984.683000000005,42980.883916580584,bias0_d0.8_mss1_fvg0_hall
2025-06-25 23:09:00,1,42981.195,42975.96122093429,bias0_d0.8_mss1_fvg0_hall
2025-06-26 04:03:00,-1,43028.439,43033.5276849709,bias0_d0.8_mss1_fvg0_hall
2025-06-26 08:01:00,1,43076.107,43065.88682136626,bias0_d0.8_mss1_fvg0_hall
2025-06-26 10:05:00,1,43081.751000000004,43075.89456296639,bias0_d0.8_mss1_fvg0_hall
2025-06-26 13:04:00,-1,43100.513,43109.651298187506,bias0_d0.8_mss1_fvg0_hall
2025-06-26 13:04:00,-1,43100.513,43107.15571974554,bias0_d0.8_mss1_fvg0_hall
2025-06-26 13:30:00,1,43099.965,43084.258278883004,bias0_d0.8_mss1_fvg0_hall
2025-06-26 13:30:00,1,43113.095,43086.204873248505,bias0_d0.8_mss1_fvg0_hall
2025-06-26 19:50:00,1,43360.426999999996,43343.942728385264,bias0_d0.8_mss1_fvg0_hall
2025-06-27 00:05:00,1,43466.981,43457.99820918673,bias0_d0.8_mss1_fvg0_hall
2025-06-27 00:18:00,1,43459.725000000006,43452.86799403874,bias0_d0.8_mss1_fvg0_hall
2025-06-27 12:24:00,1,43556.965,43545.429080303475,bias0_d0.8_mss1_fvg0_hall
2025-06-27 12:30:00,-1,43552.239,43573.541200645675,bias0_d0.8_mss1_fvg0_hall
2025-06-27 13:30:00,1,43549.331000000006,43519.19980614011,bias0_d0.8_mss1_fvg0_hall
2025-06-30 03:18:00,1,44052.237,44048.96051230532,bias0_d0.8_mss1_fvg0_hall
2025-06-30 04:36:00,1,44062.563,44059.60651732126,bias0_d0.8_mss1_fvg0_hall
2025-06-30 04:36:00,1,44062.563,44059.61440894117,bias0_d0.8_mss1_fvg0_hall
2025-06-30 13:31:00,-1,44056.477,44073.41358386195,bias0_d0.8_mss1_fvg0_hall
2025-06-30 13:30:00,-1,44056.477,44073.1708135861,bias0_d0.8_mss1_fvg0_hall
2025-06-30 15:05:00,1,43909.057,43899.83893067039,bias0_d0.8_mss1_fvg0_hall
2025-06-30 17:10:00,1,43996.201,43974.292772105386,bias0_d0.8_mss1_fvg0_hall
2025-06-30 18:45:00,1,43930.957,43906.318683510435,bias0_d0.8_mss1_fvg0_hall
2025-06-30 18:45:00,1,43930.957,43910.51132040255,bias0_d0.8_mss1_fvg0_hall
2025-07-01 02:01:00,-1,44123.969,44129.11874958311,bias0_d0.8_mss1_fvg0_hall
2025-07-01 06:30:00,-1,44044.699,44050.735259593144,bias0_d0.8_mss1_fvg0_hall
2025-07-01 06:44:00,-1,44045.957,44049.81755404516,bias0_d0.8_mss1_fvg0_hall
2025-07-01 09:05:00,-1,44052.744999999995,44061.77261698683,bias0_d0.8_mss1_fvg0_hall
2025-07-01 10:57:00,1,44027.774999999994,44026.061701759914,bias0_d0.8_mss1_fvg0_hall
2025-07-01 10:57:00,1,44027.774999999994,44024.14160100728,bias0_d0.8_mss1_fvg0_hall
2025-07-01 10:57:00,1,44035.399000000005,44027.584029506754,bias0_d0.8_mss1_fvg0_hall
2025-07-01 11:57:00,-1,44053.751,44059.09153481041,bias0_d0.8_mss1_fvg0_hall
2025-07-01 13:30:00,1,44043.231,44004.43118540013,bias0_d0.8_mss1_fvg0_hall
2025-07-01 19:51:00,-1,44556.159,44577.14796178593,bias0_d0.8_mss1_fvg0_hall
2025-07-01 23:47:00,-1,44510.426999999996,44512.96045335635,bias0_d0.8_mss1_fvg0_hall
2025-07-01 23:53:00,-1,44507.849,44512.97592697916,bias0_d0.8_mss1_fvg0_hall
2025-07-02 09:10:00,1,44548.531,44540.8366804132,bias0_d0.8_mss1_fvg0_hall
2025-07-02 11:33:00,-1,44598.971000000005,44607.61635472425,bias0_d0.8_mss1_fvg0_hall
2025-07-02 13:30:00,1,44454.269,44445.04700491244,bias0_d0.8_mss1_fvg0_hall
2025-07-02 13:31:00,-1,44442.957,44489.788072014344,bias0_d0.8_mss1_fvg0_hall
2025-07-02 17:51:00,1,44455.957,44447.396759182826,bias0_d0.8_mss1_fvg0_hall
2025-07-02 18:48:00,-1,44484.249,44490.313426007124,bias0_d0.8_mss1_fvg0_hall
2025-07-02 23:39:00,1,44495.274999999994,44492.89102635222,bias0_d0.8_mss1_fvg0_hall
2025-07-03 00:01:00,-1,44502.007,44504.67562775265,bias0_d0.8_mss1_fvg0_hall
2025-07-03 00:01:00,-1,44499.257,44504.25031371417,bias0_d0.8_mss1_fvg0_hall
2025-07-03 04:32:00,-1,44513.989,44516.1765911424,bias0_d0.8_mss1_fvg0_hall
2025-07-03 10:05:00,-1,44499.075,44502.291240972794,bias0_d0.8_mss1_fvg0_hall
2025-07-03 11:59:00,1,44501.307,44493.730509347806,bias0_d0.8_mss1_fvg0_hall
2025-07-03 11:59:00,1,44501.307,44492.66804530499,bias0_d0.8_mss1_fvg0_hall
2025-07-03 23:34:00,-1,44763.787,44768.31243463126,bias0_d0.8_mss1_fvg0_hall
2025-07-04 06:42:00,-1,44711.269,44715.482345872304,bias0_d0.8_mss1_fvg0_hall
2025-07-07 00:44:00,-1,44718.031,44729.24076755397,bias0_d0.8_mss1_fvg0_hall
2025-07-07 01:34:00,-1,44724.465,44735.27353763596,bias0_d0.8_mss1_fvg0_hall
2025-07-07 01:34:00,-1,44724.465,44734.0390992334,bias0_d0.8_mss1_fvg0_hall
2025-07-07 02:56:00,-1,44683.019,44693.169287525976,bias0_d0.8_mss1_fvg0_hall
2025-07-07 05:07:00,-1,44676.507,44689.4482064305,bias0_d0.8_mss1_fvg0_hall
2025-07-07 05:22:00,1,44679.244999999995,44672.1186677538,bias0_d0.8_mss1_fvg0_hall
2025-07-07 05:22:00,1,44679.244999999995,44674.594662914235,bias0_d0.8_mss1_fvg0_hall
2025-07-07 10:15:00,-1,44824.52099999999,44838.856343520834,bias0_d0.8_mss1_fvg0_hall
2025-07-07 11:01:00,1,44795.301,44788.83380282632,bias0_d0.8_mss1_fvg0_hall
2025-07-07 11:01:00,1,44795.301,44789.21347405301,bias0_d0.8_mss1_fvg0_hall
2025-07-07 11:27:00,1,44797.693,44793.34421740374,bias0_d0.8_mss1_fvg0_hall
2025-07-08 00:29:00,1,44311.101,44299.73698605936,bias0_d0.8_mss1_fvg0_hall
2025-07-08 04:56:00,-1,44368.501,44372.86699837102,bias0_d0.8_mss1_fvg0_hall
2025-07-08 04:56:00,-1,44368.501,44372.85483635052,bias0_d0.8_mss1_fvg0_hall
2025-07-08 19:49:00,1,44260.233,44244.687064478385,bias0_d0.8_mss1_fvg0_hall
2025-07-08 19:49:00,1,44260.233,44248.65005987278,bias0_d0.8_mss1_fvg0_hall
2025-07-08 19:49:00,1,44260.233,44243.716627024725,bias0_d0.8_mss1_fvg0_hall
2025-07-08 19:51:00,-1,44259.994999999995,44294.152667502436,bias0_d0.8_mss1_fvg0_hall
2025-07-09 18:32:00,1,44389.387,44377.06538396139,bias0_d0.8_mss1_fvg0_hall
2025-07-10 00:31:00,1,44402.351,44392.51849761831,bias0_d0.8_mss1_fvg0_hall
2025-07-10 00:31:00,1,44402.351,44394.45489064557,bias0_d0.8_mss1_fvg0_hall
2025-07-10 01:35:00,1,44373.149000000005,44367.96717628774,bias0_d0.8_mss1_fvg0_hall
2025-07-10 04:31:00,1,44333.269,44330.777484808765,bias0_d0.8_mss1_fvg0_hall
2025-07-10 04:31:00,1,44333.269,44330.28966446529,bias0_d0.8_mss1_fvg0_hall
2025-07-10 06:58:00,1,44324.721000000005,44314.46360719567,bias0_d0.8_mss1_fvg0_hall
2025-07-10 07:51:00,-1,44335.782999999996,44345.50460857396,bias0_d0.8_mss1_fvg0_hall
2025-07-10 13:40:00,-1,44399.399000000005,44441.869506968564,bias0_d0.8_mss1_fvg0_hall
2025-07-10 13:46:00,1,44413.274999999994,44368.855731910255,bias0_d0.8_mss1_fvg0_hall
2025-07-10 17:05:00,1,44702.125,44688.09297851029,bias0_d0.8_mss1_fvg0_hall
2025-07-10 17:05:00,1,44702.125,44688.03719433099,bias0_d0.8_mss1_fvg0_hall
2025-07-11 05:38:00,1,44530.625,44520.58617807409,bias0_d0.8_mss1_fvg0_hall
2025-07-11 06:44:00,1,44480.001000000004,44466.80562395081,bias0_d0.8_mss1_fvg0_hall
2025-07-11 13:01:00,-1,44378.587,44395.324353837605,bias0_d0.8_mss1_fvg0_hall
2025-07-11 13:34:00,-1,44389.251,44426.770579248216,bias0_d0.8_mss1_fvg0_hall
2025-07-11 15:47:00,-1,44349.899000000005,44375.543984271295,bias0_d0.8_mss1_fvg0_hall
2025-07-14 04:25:00,-1,44168.209,44170.29099904926,bias0_d0.8_mss1_fvg0_hall
2025-07-14 07:13:00,1,44124.789000000004,44103.710463453055,bias0_d0.8_mss1_fvg0_hall
2025-07-14 10:15:00,1,44219.003,44213.58020335387,bias0_d0.8_mss1_fvg0_hall
2025-07-14 10:39:00,1,44225.657,44214.27058429668,bias0_d0.8_mss1_fvg0_hall
2025-07-14 16:02:00,1,44391.251,44369.651939195035,bias0_d0.8_mss1_fvg0_hall
2025-07-14 19:49:00,1,44430.357,44416.18323238111,bias0_d0.8_mss1_fvg0_hall
2025-07-15 13:00:00,-1,44420.039,44442.724875699656,bias0_d0.8_mss1_fvg0_hall
2025-07-15 13:33:00,-1,44481.381,44516.17608377896,bias0_d0.8_mss1_fvg0_hall
2025-07-15 15:55:00,-1,44223.757,44245.23779902561,bias0_d0.8_mss1_fvg0_hall
2025-07-15 19:49:00,1,44109.48299999999,44074.66022266213,bias0_d0.8_mss1_fvg0_hall
2025-07-15 19:50:00,-1,44097.019,44126.957847161546,bias0_d0.8_mss1_fvg0_hall
2025-07-15 19:50:00,-1,44097.019,44127.96312950716,bias0_d0.8_mss1_fvg0_hall
2025-07-16 05:03:00,-1,43967.375,43982.04507700702,bias0_d0.8_mss1_fvg0_hall
2025-07-16 05:54:00,-1,43951.459,43957.12277382111,bias0_d0.8_mss1_fvg0_hall
2025-07-16 06:13:00,1,43929.631,43924.21529817689,bias0_d0.8_mss1_fvg0_hall
2025-07-16 07:17:00,1,43902.825,43888.75573994961,bias0_d0.8_mss1_fvg0_hall
2025-07-16 13:33:00,1,44160.625,44124.87389700272,bias0_d0.8_mss1_fvg0_hall
2025-07-16 15:16:00,-1,44050.381,44143.981075454576,bias0_d0.8_mss1_fvg0_hall
2025-07-16 16:51:00,1,44024.013,43973.540315545426,bias0_d0.8_mss1_fvg0_hall
2025-07-16 19:31:00,-1,44214.73299999999,44225.451479792195,bias0_d0.8_mss1_fvg0_hall
2025-07-16 19:31:00,-1,44214.73299999999,44226.34802390245,bias0_d0.8_mss1_fvg0_hall
2025-07-16 19:38:00,1,44215.727,44198.1026011509,bias0_d0.8_mss1_fvg0_hall
2025-07-16 19:50:00,-1,44231.989,44256.47596715511,bias0_d0.8_mss1_fvg0_hall
2025-07-17 03:15:00,1,44139.613,44135.29328027902,bias0_d0.8_mss1_fvg0_hall
2025-07-17 03:13:00,1,44139.399000000005,44134.81500311623,bias0_d0.8_mss1_fvg0_hall
2025-07-17 03:50:00,-1,44155.875,44160.29308294434,bias0_d0.8_mss1_fvg0_hall
2025-07-17 11:00:00,-1,44191.075,44206.50806438868,bias0_d0.8_mss1_fvg0_hall
2025-07-17 11:36:00,1,44159.413,44139.94200630037,bias0_d0.8_mss1_fvg0_hall
2025-07-17 11:36:00,1,44159.413,44147.4687629932,bias0_d0.8_mss1_fvg0_hall
2025-07-17 19:48:00,1,44502.507,44491.033953057675,bias0_d0.8_mss1_fvg0_hall
2025-07-18 03:35:00,-1,44601.977,44603.91739230249,bias0_d0.8_mss1_fvg0_hall
2025-07-18 03:32:00,1,44597.98299999999,44592.04860769751,bias0_d0.8_mss1_fvg0_hall
2025-07-18 03:35:00,-1,44601.977,44607.497548464904,bias0_d0.8_mss1_fvg0_hall
2025-07-18 08:11:00,1,44566.545,44557.6055743636,bias0_d0.8_mss1_fvg0_hall
2025-07-18 11:00:00,1,44532.313,44506.16359673775,bias0_d0.8_mss1_fvg0_hall
2025-07-18 12:32:00,1,44565.069,44553.81892839766,bias0_d0.8_mss1_fvg0_hall
2025-07-18 12:32:00,1,44565.069,44552.79867636926,bias0_d0.8_mss1_fvg0_hall
2025-07-18 13:29:00,1,44563.551,44541.95484993294,bias0_d0.8_mss1_fvg0_hall
2025-07-18 13:30:00,-1,44544.157,44569.37633934799,bias0_d0.8_mss1_fvg0_hall
2025-07-18 13:29:00,1,44563.551,44539.30966065201,bias0_d0.8_mss1_fvg0_hall
2025-07-18 13:29:00,1,44563.551,44543.46587060544,bias0_d0.8_mss1_fvg0_hall
2025-07-18 13:30:00,-1,44544.157,44587.344977294946,bias0_d0.8_mss1_fvg0_hall
2025-07-18 19:16:00,1,44293.781,44267.46086225027,bias0_d0.8_mss1_fvg0_hall
2025-07-18 19:49:00,1,44298.507,44279.60752326795,bias0_d0.8_mss1_fvg0_hall
2025-07-21 12:43:00,-1,44429.627,44435.46432542796,bias0_d0.8_mss1_fvg0_hall
2025-07-21 12:45:00,-1,44421.681,44430.50643075453,bias0_d0.8_mss1_fvg0_hall
2025-07-21 14:34:00,-1,44495.600999999995,44523.12264562798,bias0_d0.8_mss1_fvg0_hall
2025-07-22 00:38:00,-1,44410.315,44415.01027555437,bias0_d0.8_mss1_fvg0_hall
2025-07-22 07:00:00,1,44336.725000000006,44333.32574520549,bias0_d0.8_mss1_fvg0_hall
2025-07-22 07:00:00,1,44346.245,44332.07624911938,bias0_d0.8_mss1_fvg0_hall
2025-07-22 09:01:00,-1,44351.888999999996,44360.84542963613,bias0_d0.8_mss1_fvg0_hall
2025-07-22 16:25:00,-1,44362.125,44382.868554585904,bias0_d0.8_mss1_fvg0_hall
2025-07-22 16:44:00,1,44359.850999999995,44342.14427600776,bias0_d0.8_mss1_fvg0_hall
2025-07-23 13:28:00,-1,44744.615,44757.55570887793,bias0_d0.8_mss1_fvg0_hall
2025-07-23 13:31:00,1,44731.595,44705.29852578238,bias0_d0.8_mss1_fvg0_hall
2025-07-23 13:31:00,1,44753.363,44719.81513108364,bias0_d0.8_mss1_fvg0_hall
2025-07-23 17:14:00,-1,44889.083,44907.113126901066,bias0_d0.8_mss1_fvg0_hall
2025-07-23 17:12:00,-1,44889.083,44901.71354640813,bias0_d0.8_mss1_fvg0_hall
2025-07-24 18:02:00,1,44823.327,44802.21639374762,bias0_d0.8_mss1_fvg0_hall
2025-07-24 20:14:00,1,44698.089,44682.38555760237,bias0_d0.8_mss1_fvg0_hall
2025-07-24 20:14:00,1,44698.089,44687.8029892022,bias0_d0.8_mss1_fvg0_hall
2025-07-25 08:58:00,-1,44776.145000000004,44782.563104097,bias0_d0.8_mss1_fvg0_hall
2025-07-25 11:14:00,1,44765.031,44760.99663964146,bias0_d0.8_mss1_fvg0_hall
2025-07-25 13:01:00,1,44762.365,44757.68797589117,bias0_d0.8_mss1_fvg0_hall
2025-07-25 19:36:00,1,44911.083,44903.74394852345,bias0_d0.8_mss1_fvg0_hall
2025-07-28 02:17:00,1,45048.631,45044.37972433192,bias0_d0.8_mss1_fvg0_hall
2025-07-28 02:55:00,1,45066.583,45063.94472115977,bias0_d0.8_mss1_fvg0_hall
2025-07-28 02:55:00,1,45066.583,45064.02819018368,bias0_d0.8_mss1_fvg0_hall
2025-07-28 04:33:00,-1,45077.243,45079.5479453928,bias0_d0.8_mss1_fvg0_hall
2025-07-28 19:20:00,1,44767.070999999996,44750.88086165397,bias0_d0.8_mss1_fvg0_hall
2025-07-28 22:47:00,1,44858.809,44856.91122661708,bias0_d0.8_mss1_fvg0_hall
2025-07-28 23:02:00,-1,44865.119,44870.392004991765,bias0_d0.8_mss1_fvg0_hall
2025-07-29 03:46:00,1,44859.399,44855.44536546597,bias0_d0.8_mss1_fvg0_hall
2025-07-29 05:16:00,-1,44898.119,44901.211604836164,bias0_d0.8_mss1_fvg0_hall
2025-07-29 07:20:00,-1,44884.645000000004,44891.892957865275,bias0_d0.8_mss1_fvg0_hall
2025-07-29 13:30:00,-1,44859.993,44890.52971709078,bias0_d0.8_mss1_fvg0_hall
2025-07-30 08:57:00,-1,44638.145000000004,44646.980480752325,bias0_d0.8_mss1_fvg0_hall
2025-07-30 09:22:00,-1,44654.663,44656.335071063244,bias0_d0.8_mss1_fvg0_hall
2025-07-30 10:33:00,-1,44660.609,44668.37841806947,bias0_d0.8_mss1_fvg0_hall
2025-07-30 11:43:00,-1,44662.871,44675.46984535944,bias0_d0.8_mss1_fvg0_hall
2025-07-30 18:02:00,-1,44651.201,44683.50789895781,bias0_d0.8_mss1_fvg0_hall
2025-07-30 18:02:00,-1,44651.201,44672.149477603685,bias0_d0.8_mss1_fvg0_hall
2025-07-30 18:26:00,1,44644.369,44619.81789899755,bias0_d0.8_mss1_fvg0_hall
2025-07-30 18:37:00,-1,44684.101,44723.046323150455,bias0_d0.8_mss1_fvg0_hall
2025-07-31 11:54:00,-1,44573.639,44583.37637079891,bias0_d0.8_mss1_fvg0_hall
2025-07-31 23:12:00,1,44086.549,44072.57302616741,bias0_d0.8_mss1_fvg0_hall
2025-07-31 23:12:00,1,44086.549,44069.60166715545,bias0_d0.8_mss1_fvg0_hall
2025-08-01 05:11:00,-1,44084.593,44097.83348002533,bias0_d0.8_mss1_fvg0_hall
2025-08-01 05:11:00,-1,44084.593,44095.34131716638,bias0_d0.8_mss1_fvg0_hall
2025-08-01 17:49:00,1,43473.045,43453.015305707326,bias0_d0.8_mss1_fvg0_hall
2025-08-04 05:02:00,1,43702.937,43698.308753260244,bias0_d0.8_mss1_fvg0_hall
2025-08-04 06:01:00,1,43739.062999999995,43732.25501270188,bias0_d0.8_mss1_fvg0_hall
2025-08-04 14:44:00,-1,44019.313,44036.22164424959,bias0_d0.8_mss1_fvg0_hall
2025-08-05 04:22:00,1,44217.312999999995,44213.45007945914,bias0_d0.8_mss1_fvg0_hall
2025-08-05 07:05:00,1,44266.487,44254.81663620486,bias0_d0.8_mss1_fvg0_hall
2025-08-05 09:02:00,1,44205.387,44193.36866390342,bias0_d0.8_mss1_fvg0_hall
2025-08-05 13:29:00,1,44165.339,44137.860891687,bias0_d0.8_mss1_fvg0_hall
2025-08-05 15:35:00,-1,44058.943,44077.36060572647,bias0_d0.8_mss1_fvg0_hall
2025-08-06 00:17:00,-1,44136.499,44156.576776659116,bias0_d0.8_mss1_fvg0_hall
2025-08-06 10:11:00,1,44260.032999999996,44242.08792580103,bias0_d0.8_mss1_fvg0_hall
2025-08-06 10:40:00,-1,44276.539000000004,44290.45811905962,bias0_d0.8_mss1_fvg0_hall
2025-08-06 10:40:00,-1,44276.539000000004,44292.47838198393,bias0_d0.8_mss1_fvg0_hall
2025-08-06 10:40:00,-1,44276.539000000004,44294.96076898508,bias0_d0.8_mss1_fvg0_hall
2025-08-07 06:07:00,-1,44207.607,44215.998177101304,bias0_d0.8_mss1_fvg0_hall
2025-08-07 18:07:00,-1,43877.994999999995,43916.76416221514,bias0_d0.8_mss1_fvg0_hall
2025-08-08 03:04:00,-1,44102.956999999995,44108.38400915394,bias0_d0.8_mss1_fvg0_hall
2025-08-08 06:59:00,-1,44039.313,44045.376222543266,bias0_d0.8_mss1_fvg0_hall
2025-08-08 18:03:00,1,44213.176999999996,44198.995634052095,bias0_d0.8_mss1_fvg0_hall
2025-08-11 00:54:00,1,44264.045,44257.248473330095,bias0_d0.8_mss1_fvg0_hall
2025-08-11 02:24:00,1,44298.789000000004,44295.36007287496,bias0_d0.8_mss1_fvg0_hall
2025-08-11 12:23:00,-1,44298.125,44308.53966112728,bias0_d0.8_mss1_fvg0_hall
2025-08-11 13:15:00,1,44233.083,44227.26067439001,bias0_d0.8_mss1_fvg0_hall
2025-08-11 13:34:00,1,44216.069,44187.56825133603,bias0_d0.8_mss1_fvg0_hall
2025-08-11 13:34:00,1,44238.063,44216.89856195489,bias0_d0.8_mss1_fvg0_hall
2025-08-11 13:40:00,-1,44246.069,44259.295996640685,bias0_d0.8_mss1_fvg0_hall
2025-08-11 15:03:00,1,44021.295,43991.98045115049,bias0_d0.8_mss1_fvg0_hall
2025-08-11 18:05:00,-1,43999.295,44020.81893975547,bias0_d0.8_mss1_fvg0_hall
2025-08-11 23:31:00,1,43965.069,43961.2389754434,bias0_d0.8_mss1_fvg0_hall
2025-08-12 01:13:00,-1,44004.439,44012.407535319115,bias0_d0.8_mss1_fvg0_hall
2025-08-12 04:09:00,1,44028.499,44025.60907359579,bias0_d0.8_mss1_fvg0_hall
2025-08-13 05:52:00,-1,44459.063,44462.82451635153,bias0_d0.8_mss1_fvg0_hall
2025-08-13 05:52:00,-1,44459.063,44463.42019420106,bias0_d0.8_mss1_fvg0_hall
2025-08-13 10:36:00,1,44598.781,44587.57708016858,bias0_d0.8_mss1_fvg0_hall
2025-08-13 11:30:00,-1,44590.793,44601.025950099065,bias0_d0.8_mss1_fvg0_hall
2025-08-13 13:16:00,-1,44615.269,44627.19574764912,bias0_d0.8_mss1_fvg0_hall
2025-08-13 13:31:00,1,44636.915,44600.26074532518,bias0_d0.8_mss1_fvg0_hall
2025-08-13 17:21:00,1,44741.199,44732.54379144772,bias0_d0.8_mss1_fvg0_hall
2025-08-14 00:35:00,-1,44933.695,44944.24855441649,bias0_d0.8_mss1_fvg0_hall
2025-08-14 00:35:00,-1,44933.695,44942.21202910103,bias0_d0.8_mss1_fvg0_hall
2025-08-14 01:38:00,1,44917.563,44912.30523707208,bias0_d0.8_mss1_fvg0_hall
2025-08-15 02:55:00,1,45197.751000000004,45194.7842013598,bias0_d0.8_mss1_fvg0_hall
2025-08-15 07:03:00,1,45260.539000000004,45249.96890803309,bias0_d0.8_mss1_fvg0_hall
2025-08-15 13:11:00,-1,45174.69500000001,45185.786576985774,bias0_d0.8_mss1_fvg0_hall
2025-08-15 13:31:00,-1,45172.527,45212.04050390741,bias0_d0.8_mss1_fvg0_hall
2025-08-15 19:52:00,-1,44990.631,45007.558668363796,bias0_d0.8_mss1_fvg0_hall
2025-08-18 05:24:00,-1,45009.613,45013.54372465372,bias0_d0.8_mss1_fvg0_hall
2025-08-18 16:34:00,-1,44954.489,44964.39196299277,bias0_d0.8_mss1_fvg0_hall
2025-08-19 02:04:00,1,44873.345,44869.61129753817,bias0_d0.8_mss1_fvg0_hall
2025-08-19 02:32:00,1,44871.363,44868.68498272851,bias0_d0.8_mss1_fvg0_hall
2025-08-19 13:32:00,-1,44995.350999999995,45014.382804144545,bias0_d0.8_mss1_fvg0_hall
2025-08-19 17:59:00,-1,44898.345,44913.121804258,bias0_d0.8_mss1_fvg0_hall
2025-08-19 19:57:00,1,44861.345,44833.8646975364,bias0_d0.8_mss1_fvg0_hall
2025-08-20 08:02:00,-1,44836.407,44844.06358077898,bias0_d0.8_mss1_fvg0_hall
2025-08-20 11:15:00,-1,44880.657,44889.14752529553,bias0_d0.8_mss1_fvg0_hall
2025-08-20 17:27:00,-1,44898.393,44912.38519610789,bias0_d0.8_mss1_fvg0_hall
2025-08-21 05:53:00,1,44866.027,44858.31089937448,bias0_d0.8_mss1_fvg0_hall
2025-08-21 17:51:00,-1,44770.813,44796.3894292052,bias0_d0.8_mss1_fvg0_hall
2025-08-22 00:01:00,1,44852.901,44841.33643678845,bias0_d0.8_mss1_fvg0_hall
2025-08-22 00:05:00,-1,44853.443,44870.23995432333,bias0_d0.8_mss1_fvg0_hall
2025-08-22 18:03:00,1,45706.875,45688.3830920971,bias0_d0.8_mss1_fvg0_hall
2025-08-22 19:56:00,-1,45626.863,45656.636076110204,bias0_d0.8_mss1_fvg0_hall
2025-08-24 22:45:00,-1,45630.695,45635.75543228823,bias0_d0.8_mss1_fvg0_hall
2025-08-24 23:25:00,1,45630.475,45625.87349462534,bias0_d0.8_mss1_fvg0_hall
2025-08-25 11:04:00,1,45534.024999999994,45529.97320491651,bias0_d0.8_mss1_fvg0_hall
2025-08-25 11:49:00,-1,45546.893,45551.000485436765,bias0_d0.8_mss1_fvg0_hall
2025-08-26 02:37:00,1,45238.931,45223.430769356244,bias0_d0.8_mss1_fvg0_hall
2025-08-26 02:37:00,1,45238.931,45227.48467154509,bias0_d0.8_mss1_fvg0_hall
2025-08-26 12:16:00,1,45212.69500000001,45192.26030186492,bias0_d0.8_mss1_fvg0_hall
2025-08-26 12:31:00,1,45228.463,45214.29848646635,bias0_d0.8_mss1_fvg0_hall
2025-08-26 13:31:00,1,45240.651,45232.28687461652,bias0_d0.8_mss1_fvg0_hall
2025-08-26 13:31:00,1,45240.651,45220.47940209282,bias0_d0.8_mss1_fvg0_hall
2025-08-26 14:20:00,-1,45298.651,45314.842353860186,bias0_d0.8_mss1_fvg0_hall
2025-08-26 16:06:00,-1,45279.121,45288.93841620055,bias0_d0.8_mss1_fvg0_hall
2025-08-26 16:06:00,-1,45279.121,45290.65754866272,bias0_d0.8_mss1_fvg0_hall
2025-08-26 19:33:00,-1,45379.919,45406.09431145754,bias0_d0.8_mss1_fvg0_hall
2025-08-27 00:25:00,1,45424.949,45420.19814266704,bias0_d0.8_mss1_fvg0_hall
2025-08-27 02:30:00,-1,45453.645000000004,45455.333698781295,bias0_d0.8_mss1_fvg0_hall
2025-08-27 07:05:00,1,45436.463,45424.14567787533,bias0_d0.8_mss1_fvg0_hall
2025-08-27 14:53:00,1,45484.901,45475.05459117116,bias0_d0.8_mss1_fvg0_hall
2025-08-28 00:00:00,-1,45546.407,45554.53805448292,bias0_d0.8_mss1_fvg0_hall
2025-08-28 05:28:00,1,45637.781,45633.5193959959,bias0_d0.8_mss1_fvg0_hall
2025-08-28 07:13:00,1,45679.825,45668.967924982215,bias0_d0.8_mss1_fvg0_hall
2025-08-28 13:25:00,-1,45649.099,45659.52694399759,bias0_d0.8_mss1_fvg0_hall
2025-08-28 19:42:00,1,45631.651,45622.57922430078,bias0_d0.8_mss1_fvg0_hall
2025-08-28 19:50:00,-1,45645.377,45650.886257028156,bias0_d0.8_mss1_fvg0_hall
2025-08-28 22:36:00,-1,45577.513,45585.58881447402,bias0_d0.8_mss1_fvg0_hall
2025-08-29 07:03:00,1,45554.189,45534.15072594421,bias0_d0.8_mss1_fvg0_hall
2025-08-29 07:15:00,-1,45559.921,45569.52672259558,bias0_d0.8_mss1_fvg0_hall
2025-08-29 11:01:00,-1,45490.433000000005,45499.279899729736,bias0_d0.8_mss1_fvg0_hall
2025-08-29 14:03:00,-1,45501.213,45546.590760835046,bias0_d0.8_mss1_fvg0_hall
2025-08-29 19:50:00,-1,45527.827000000005,45557.029715767996,bias0_d0.8_mss1_fvg0_hall
2025-08-31 23:34:00,-1,45644.151,45650.20204101636,bias0_d0.8_mss1_fvg0_hall
2025-09-01 00:07:00,1,45638.539000000004,45634.64198923476,bias0_d0.8_mss1_fvg0_hall
2025-09-01 00:07:00,1,45651.545,45638.66346143228,bias0_d0.8_mss1_fvg0_hall
2025-09-01 03:04:00,1,45579.657,45566.56943306693,bias0_d0.8_mss1_fvg0_hall
2025-09-01 13:21:00,1,45501.189,45492.026745104515,bias0_d0.8_mss1_fvg0_hall
2025-09-01 15:00:00,-1,45555.469,45564.2688739485,bias0_d0.8_mss1_fvg0_hall
2025-09-02 00:21:00,-1,45523.003,45525.65053268729,bias0_d0.8_mss1_fvg0_hall
2025-09-02 03:15:00,1,45496.668999999994,45487.79179441238,bias0_d0.8_mss1_fvg0_hall
2025-09-02 03:31:00,-1,45506.495,45511.1835480563,bias0_d0.8_mss1_fvg0_hall
2025-09-02 05:36:00,-1,45503.163,45509.68560334953,bias0_d0.8_mss1_fvg0_hall
2025-09-02 06:26:00,1,45498.719,45495.025176803894,bias0_d0.8_mss1_fvg0_hall
2025-09-02 06:53:00,-1,45512.189,45517.76844635208,bias0_d0.8_mss1_fvg0_hall
2025-09-03 00:59:00,1,45194.051,45189.84426525526,bias0_d0.8_mss1_fvg0_hall
2025-09-03 09:32:00,-1,45270.725000000006,45282.77009948485,bias0_d0.8_mss1_fvg0_hall
2025-09-03 15:26:00,-1,45176.705,45204.34273693159,bias0_d0.8_mss1_fvg0_hall
2025-09-04 05:23:00,-1,45241.663,45245.2092113022,bias0_d0.8_mss1_fvg0_hall
2025-09-04 06:34:00,1,45215.689,45208.376025223704,bias0_d0.8_mss1_fvg0_hall
2025-09-04 08:02:00,-1,45233.426999999996,45242.160783615014,bias0_d0.8_mss1_fvg0_hall
2025-09-04 11:21:00,-1,45268.159,45278.26064536503,bias0_d0.8_mss1_fvg0_hall
2025-09-04 13:31:00,-1,45238.737,45244.75927025502,bias0_d0.8_mss1_fvg0_hall
2025-09-04 13:31:00,-1,45252.939,45287.13388103144,bias0_d0.8_mss1_fvg0_hall
2025-09-04 15:11:00,-1,45393.665,45413.54945481657,bias0_d0.8_mss1_fvg0_hall
2025-09-05 00:09:00,1,45630.027,45624.78015711052,bias0_d0.8_mss1_fvg0_hall
2025-09-05 00:46:00,-1,45653.507,45658.06856787145,bias0_d0.8_mss1_fvg0_hall
2025-09-05 02:34:00,1,45644.039000000004,45639.1583307422,bias0_d0.8_mss1_fvg0_hall
2025-09-05 11:04:00,-1,45612.433000000005,45627.79440877461,bias0_d0.8_mss1_fvg0_hall
2025-09-05 13:30:00,1,45672.481,45615.45905472974,bias0_d0.8_mss1_fvg0_hall
2025-09-05 15:46:00,-1,45388.426999999996,45412.75859623041,bias0_d0.8_mss1_fvg0_hall
2025-09-05 16:10:00,1,45371.701,45328.59907587047,bias0_d0.8_mss1_fvg0_hall
2025-09-05 16:41:00,1,45331.668000000005,45304.82423680373,bias0_d0.8_mss1_fvg0_hall
2025-09-05 16:41:00,1,45331.668000000005,45310.865991317754,bias0_d0.8_mss1_fvg0_hall
2025-09-05 19:06:00,1,45389.872,45374.56845663396,bias0_d0.8_mss1_fvg0_hall
2025-09-08 06:32:00,-1,45473.171,45478.24381303003,bias0_d0.8_mss1_fvg0_hall
2025-09-08 06:32:00,-1,45458.963,45473.70461209931,bias0_d0.8_mss1_fvg0_hall
2025-09-08 11:30:00,1,45482.475000000006,45474.13814574543,bias0_d0.8_mss1_fvg0_hall
2025-09-08 23:41:00,-1,45580.051,45587.264628213175,bias0_d0.8_mss1_fvg0_hall
2025-09-09 02:36:00,-1,45576.668999999994,45580.25737957558,bias0_d0.8_mss1_fvg0_hall
2025-09-09 03:45:00,-1,45588.581,45591.28158753079,bias0_d0.8_mss1_fvg0_hall
2025-09-09 04:29:00,-1,45581.063,45582.75716249748,bias0_d0.8_mss1_fvg0_hall
2025-09-09 11:03:00,1,45518.069,45509.09759503994,bias0_d0.8_mss1_fvg0_hall
2025-09-09 14:37:00,1,45490.877,45456.891171126306,bias0_d0.8_mss1_fvg0_hall
2025-09-09 16:26:00,1,45587.489,45565.25707365002,bias0_d0.8_mss1_fvg0_hall
2025-09-09 18:22:00,1,45715.520000000004,45707.75353085663,bias0_d0.8_mss1_fvg0_hall
2025-09-09 18:22:00,1,45715.520000000004,45705.747612830455,bias0_d0.8_mss1_fvg0_hall
2025-09-10 09:01:00,-1,45614.463,45635.85111030773,bias0_d0.8_mss1_fvg0_hall
2025-09-11 11:16:00,-1,45602.671,45606.06772780859,bias0_d0.8_mss1_fvg0_hall
2025-09-11 11:39:00,-1,45592.749,45602.58953120505,bias0_d0.8_mss1_fvg0_hall
2025-09-11 13:29:00,-1,45618.165,45631.73473605382,bias0_d0.8_mss1_fvg0_hall
2025-09-11 15:40:00,-1,46080.385,46096.92725021667,bias0_d0.8_mss1_fvg0_hall
2025-09-11 17:40:00,1,46077.916,46057.09667832678,bias0_d0.8_mss1_fvg0_hall
2025-09-11 18:08:00,-1,46111.17,46118.0207996832,bias0_d0.8_mss1_fvg0_hall
2025-09-11 19:24:00,-1,46091.675,46100.13500993476,bias0_d0.8_mss1_fvg0_hall
2025-09-11 22:52:00,1,46126.668999999994,46123.96147720001,bias0_d0.8_mss1_fvg0_hall
2025-09-11 22:52:00,1,46126.668999999994,46123.97883595307,bias0_d0.8_mss1_fvg0_hall
2025-09-12 00:33:00,-1,46131.527,46138.145645281424,bias0_d0.8_mss1_fvg0_hall
2025-09-12 00:51:00,1,46129.007,46125.02731806731,bias0_d0.8_mss1_fvg0_hall
2025-09-12 10:57:00,1,46037.743,46032.34185594559,bias0_d0.8_mss1_fvg0_hall
2025-09-12 14:07:00,1,46043.849,46011.10221576301,bias0_d0.8_mss1_fvg0_hall
2025-09-12 15:43:00,1,45915.701,45901.268113358194,bias0_d0.8_mss1_fvg0_hall
2025-09-12 15:47:00,-1,45916.063,45929.555449196254,bias0_d0.8_mss1_fvg0_hall
2025-09-12 15:47:00,-1,45916.063,45925.5966771131,bias0_d0.8_mss1_fvg0_hall
2025-09-12 16:48:00,1,45902.426999999996,45889.48048238152,bias0_d0.8_mss1_fvg0_hall
2025-09-15 00:04:00,-1,45827.045,45832.17198480408,bias0_d0.8_mss1_fvg0_hall
2025-09-15 06:31:00,1,45880.007,45869.74364081478,bias0_d0.8_mss1_fvg0_hall
2025-09-15 06:59:00,-1,45897.983,45905.14053176878,bias0_d0.8_mss1_fvg0_hall
2025-09-15 06:59:00,-1,45897.983,45903.2153937853,bias0_d0.8_mss1_fvg0_hall
2025-09-15 06:59:00,-1,45897.983,45905.130922800636,bias0_d0.8_mss1_fvg0_hall
2025-09-15 08:31:00,-1,45911.713,45924.841432068155,bias0_d0.8_mss1_fvg0_hall
2025-09-15 09:34:00,-1,45926.113,45936.34930233919,bias0_d0.8_mss1_fvg0_hall
2025-09-15 13:32:00,-1,45908.369,45939.427540043216,bias0_d0.8_mss1_fvg0_hall
2025-09-15 18:50:00,1,45819.146,45807.388484727664,bias0_d0.8_mss1_fvg0_hall
2025-09-16 07:44:00,1,45889.35,45881.623949822504,bias0_d0.8_mss1_fvg0_hall
2025-09-16 19:59:00,-1,45782.833,45804.33580247193,bias0_d0.8_mss1_fvg0_hall
2025-09-17 00:12:00,-1,45808.483,45815.07884212406,bias0_d0.8_mss1_fvg0_hall
2025-09-17 06:04:00,-1,45749.207,45753.57365981286,bias0_d0.8_mss1_fvg0_hall
2025-09-17 06:36:00,1,45733.975,45727.662577737225,bias0_d0.8_mss1_fvg0_hall
2025-09-17 06:36:00,1,45733.975,45727.16322218456,bias0_d0.8_mss1_fvg0_hall
2025-09-17 08:06:00,-1,45761.231,45768.246928144756,bias0_d0.8_mss1_fvg0_hall
2025-09-17 08:06:00,-1,45761.231,45768.77026184871,bias0_d0.8_mss1_fvg0_hall
2025-09-17 08:06:00,-1,45761.231,45769.68255743094,bias0_d0.8_mss1_fvg0_hall
2025-09-17 14:54:00,1,46044.151,46022.259099720424,bias0_d0.8_mss1_fvg0_hall
2025-09-17 17:36:00,-1,45985.429000000004,45996.93950348314,bias0_d0.8_mss1_fvg0_hall
2025-09-17 19:56:00,-1,45996.088,46064.49419720912,bias0_d0.8_mss1_fvg0_hall
2025-09-19 00:01:00,1,46242.545,46235.83266407902,bias0_d0.8_mss1_fvg0_hall
2025-09-19 02:05:00,-1,46219.081000000006,46230.564487271135,bias0_d0.8_mss1_fvg0_hall
2025-09-19 07:47:00,-1,46130.057,46139.44615365569,bias0_d0.8_mss1_fvg0_hall
2025-09-19 08:41:00,-1,46174.481,46178.87417360029,bias0_d0.8_mss1_fvg0_hall
2025-09-19 09:49:00,-1,46176.087,46180.74841747222,bias0_d0.8_mss1_fvg0_hall
2025-09-19 09:49:00,-1,46176.087,46180.76534479563,bias0_d0.8_mss1_fvg0_hall
2025-09-19 09:49:00,-1,46173.176999999996,46180.76529117583,bias0_d0.8_mss1_fvg0_hall
2025-09-19 15:27:00,-1,46153.221000000005,46180.46471867276,bias0_d0.8_mss1_fvg0_hall
2025-09-19 18:22:00,-1,46292.666,46307.14917799115,bias0_d0.8_mss1_fvg0_hall
2025-09-19 18:57:00,1,46265.542,46254.573831118585,bias0_d0.8_mss1_fvg0_hall
2025-09-19 18:57:00,1,46265.542,46255.53169318154,bias0_d0.8_mss1_fvg0_hall
2025-09-19 19:46:00,1,46315.151,46302.411171851636,bias0_d0.8_mss1_fvg0_hall
2025-09-22 07:00:00,-1,46224.475000000006,46235.754850318895,bias0_d0.8_mss1_fvg0_hall
2025-09-22 07:03:00,1,46224.969,46218.0973389896,bias0_d0.8_mss1_fvg0_hall
2025-09-22 07:03:00,1,46224.969,46212.822733877605,bias0_d0.8_mss1_fvg0_hall
2025-09-22 07:08:00,-1,46227.165,46239.056071299405,bias0_d0.8_mss1_fvg0_hall
2025-09-22 22:24:00,1,46359.551,46353.92860141745,bias0_d0.8_mss1_fvg0_hall
2025-09-23 00:47:00,-1,46391.649000000005,46397.01583381554,bias0_d0.8_mss1_fvg0_hall
2025-09-23 03:45:00,1,46397.168999999994,46394.24244039918,bias0_d0.8_mss1_fvg0_hall
2025-09-23 07:05:00,-1,46402.445,46410.83979282735,bias0_d0.8_mss1_fvg0_hall
2025-09-23 08:14:00,1,46390.969,46384.878985102565,bias0_d0.8_mss1_fvg0_hall
2025-09-23 15:20:00,-1,46582.495,46594.82236055968,bias0_d0.8_mss1_fvg0_hall
2025-09-23 16:38:00,1,46402.167,46378.61699644946,bias0_d0.8_mss1_fvg0_hall
2025-09-23 16:38:00,1,46402.167,46373.9349882651,bias0_d0.8_mss1_fvg0_hall
2025-09-24 02:49:00,-1,46341.557,46349.38601055626,bias0_d0.8_mss1_fvg0_hall
2025-09-24 05:32:00,-1,46372.021,46376.04849014526,bias0_d0.8_mss1_fvg0_hall
2025-09-24 06:03:00,-1,46377.569,46384.901062702564,bias0_d0.8_mss1_fvg0_hall
2025-09-24 06:03:00,-1,46377.176999999996,46382.48270108095,bias0_d0.8_mss1_fvg0_hall
2025-09-24 13:07:00,-1,46382.081000000006,46390.504630988624,bias0_d0.8_mss1_fvg0_hall
2025-09-24 14:55:00,-1,46352.969,46368.97631777345,bias0_d0.8_mss1_fvg0_hall
2025-09-24 16:20:00,1,46129.967000000004,46111.470266148295,bias0_d0.8_mss1_fvg0_hall
2025-09-24 17:40:00,-1,46202.865,46211.24529787169,bias0_d0.8_mss1_fvg0_hall
2025-09-24 18:15:00,1,46126.997,46101.72595711303,bias0_d0.8_mss1_fvg0_hall
2025-09-24 20:03:00,1,46142.938,46109.451228093814,bias0_d0.8_mss1_fvg0_hall
2025-09-24 23:30:00,-1,46156.193,46160.963886418715,bias0_d0.8_mss1_fvg0_hall
2025-09-25 16:18:00,-1,46033.521,46071.38212309801,bias0_d0.8_mss1_fvg0_hall
2025-09-25 18:40:00,1,45908.22,45896.32950392041,bias0_d0.8_mss1_fvg0_hall
2025-09-26 00:12:00,1,45960.465,45948.635125515626,bias0_d0.8_mss1_fvg0_hall
2025-09-26 05:36:00,-1,45958.051,45970.35037599992,bias0_d0.8_mss1_fvg0_hall
2025-09-26 05:55:00,1,45971.557,45963.54002746865,bias0_d0.8_mss1_fvg0_hall
2025-09-26 11:10:00,1,46025.551,46014.057739612974,bias0_d0.8_mss1_fvg0_hall
2025-09-26 13:26:00,-1,46172.176999999996,46182.42905715136,bias0_d0.8_mss1_fvg0_hall
2025-09-26 13:33:00,1,46161.939,46120.04957425528,bias0_d0.8_mss1_fvg0_hall
2025-09-26 15:19:00,1,46079.329,46053.767718810894,bias0_d0.8_mss1_fvg0_hall
2025-09-26 17:47:00,-1,46302.888999999996,46326.65965967613,bias0_d0.8_mss1_fvg0_hall
2025-09-28 23:19:00,1,46288.769,46285.503019972,bias0_d0.8_mss1_fvg0_hall
2025-09-29 05:03:00,1,46376.019,46373.91221645309,bias0_d0.8_mss1_fvg0_hall
2025-09-29 06:12:00,1,46363.363,46354.48057814343,bias0_d0.8_mss1_fvg0_hall
2025-09-29 09:06:00,1,46419.418999999994,46415.253686104064,bias0_d0.8_mss1_fvg0_hall
2025-09-29 13:06:00,-1,46453.671,46467.095938860846,bias0_d0.8_mss1_fvg0_hall
2025-09-30 04:27:00,-1,46308.531,46314.23075337477,bias0_d0.8_mss1_fvg0_hall
2025-09-30 10:05:00,1,46219.213,46207.1341355165,bias0_d0.8_mss1_fvg0_hall
2025-09-30 15:32:00,1,46135.439,46120.10716638682,bias0_d0.8_mss1_fvg0_hall
2025-10-01 13:30:00,1,46269.201,46253.3383004821,bias0_d0.8_mss1_fvg0_hall
2025-10-01 13:30:00,1,46269.201,46246.08912187623,bias0_d0.8_mss1_fvg0_hall
2025-10-01 23:31:00,-1,46443.995,46447.14311198836,bias0_d0.8_mss1_fvg0_hall
2025-10-02 07:37:00,1,46431.475000000006,46407.768502710765,bias0_d0.8_mss1_fvg0_hall
2025-10-02 09:02:00,-1,46439.207,46449.8486171124,bias0_d0.8_mss1_fvg0_hall
2025-10-02 09:02:00,-1,46436.551,46442.78818312243,bias0_d0.8_mss1_fvg0_hall
2025-10-02 13:03:00,1,46413.421,46404.879925515306,bias0_d0.8_mss1_fvg0_hall
2025-10-02 19:30:00,-1,46555.087,46568.00060198918,bias0_d0.8_mss1_fvg0_hall
2025-10-03 00:00:00,-1,46548.507,46551.10073381337,bias0_d0.8_mss1_fvg0_hall
2025-10-03 00:58:00,-1,46573.045,46576.23288279111,bias0_d0.8_mss1_fvg0_hall
2025-10-03 00:58:00,-1,46573.045,46576.26350544889,bias0_d0.8_mss1_fvg0_hall
2025-10-03 00:58:00,-1,46567.057,46577.251500106446,bias0_d0.8_mss1_fvg0_hall
2025-10-03 05:46:00,-1,46644.163,46646.92950053584,bias0_d0.8_mss1_fvg0_hall
2025-10-03 15:32:00,1,46853.701,46830.36069525717,bias0_d0.8_mss1_fvg0_hall
2025-10-03 15:32:00,1,46853.701,46834.38245988166,bias0_d0.8_mss1_fvg0_hall
2025-10-05 23:51:00,-1,46869.337,46876.01190234383,bias0_d0.8_mss1_fvg0_hall
2025-10-06 06:00:00,-1,46847.926999999996,46855.0987583563,bias0_d0.8_mss1_fvg0_hall
2025-10-06 10:50:00,1,46841.213,46832.93770009186,bias0_d0.8_mss1_fvg0_hall
2025-10-06 10:50:00,1,46841.213,46832.394607228154,bias0_d0.8_mss1_fvg0_hall
2025-10-06 10:50:00,1,46841.213,46833.395178140425,bias0_d0.8_mss1_fvg0_hall
2025-10-06 10:50:00,1,46841.213,46828.7151511304,bias0_d0.8_mss1_fvg0_hall
2025-10-06 12:20:00,-1,46859.409,46867.542137281926,bias0_d0.8_mss1_fvg0_hall
2025-10-06 12:37:00,-1,46857.451,46870.68284965851,bias0_d0.8_mss1_fvg0_hall
2025-10-06 13:29:00,-1,46859.969,46884.813020592876,bias0_d0.8_mss1_fvg0_hall
2025-10-07 01:04:00,-1,46630.451,46638.824148702544,bias0_d0.8_mss1_fvg0_hall
2025-10-07 01:04:00,-1,46630.451,46636.88075236665,bias0_d0.8_mss1_fvg0_hall
2025-10-07 07:19:00,-1,46595.987,46617.68633643727,bias0_d0.8_mss1_fvg0_hall
2025-10-07 12:37:00,-1,46720.707,46732.226826629005,bias0_d0.8_mss1_fvg0_hall
2025-10-07 13:31:00,1,46774.957,46760.67140671387,bias0_d0.8_mss1_fvg0_hall
2025-10-07 14:56:00,-1,46638.051,46652.76551108996,bias0_d0.8_mss1_fvg0_hall
2025-10-08 11:35:00,1,46691.713,46678.08500034088,bias0_d0.8_mss1_fvg0_hall
2025-10-08 19:08:00,-1,46615.957,46638.995935220155,bias0_d0.8_mss1_fvg0_hall
2025-10-08 19:08:00,-1,46615.957,46632.021925561574,bias0_d0.8_mss1_fvg0_hall
2025-10-09 08:15:00,-1,46617.159,46624.77976398796,bias0_d0.8_mss1_fvg0_hall
2025-10-09 08:14:00,-1,46617.159,46622.82830941739,bias0_d0.8_mss1_fvg0_hall
2025-10-09 08:47:00,1,46607.701,46601.64593146787,bias0_d0.8_mss1_fvg0_hall
2025-10-09 12:31:00,-1,46604.207,46621.35838320744,bias0_d0.8_mss1_fvg0_hall
2025-10-09 13:10:00,-1,46609.719,46619.10321057277,bias0_d0.8_mss1_fvg0_hall
2025-10-09 13:30:00,-1,46618.707,46630.18201125576,bias0_d0.8_mss1_fvg0_hall
2025-10-09 13:30:00,-1,46621.426999999996,46650.18625332686,bias0_d0.8_mss1_fvg0_hall
2025-10-09 13:31:00,1,46624.569,46569.42090762506,bias0_d0.8_mss1_fvg0_hall
2025-10-09 19:34:00,1,46305.963,46293.162988865886,bias0_d0.8_mss1_fvg0_hall
2025-10-10 01:36:00,-1,46433.849,46442.201160994715,bias0_d0.8_mss1_fvg0_hall
2025-10-10 02:22:00,1,46424.701,46421.940387274946,bias0_d0.8_mss1_fvg0_hall
2025-10-10 02:22:00,1,46424.701,46421.51903104102,bias0_d0.8_mss1_fvg0_hall
2025-10-10 03:54:00,-1,46412.581000000006,46415.6196117551,bias0_d0.8_mss1_fvg0_hall
2025-10-10 14:40:00,-1,46507.325,46534.9766736778,bias0_d0.8_mss1_fvg0_hall
2025-10-12 23:21:00,1,45794.945,45772.09484148416,bias0_d0.8_mss1_fvg0_hall
2025-10-12 23:34:00,-1,45833.183000000005,45864.555992419366,bias0_d0.8_mss1_fvg0_hall
2025-10-12 23:34:00,-1,45833.183000000005,45855.48233581798,bias0_d0.8_mss1_fvg0_hall
2025-10-13 01:37:00,-1,45870.171,45883.60613221775,bias0_d0.8_mss1_fvg0_hall
2025-10-13 01:37:00,-1,45870.171,45884.59783705934,bias0_d0.8_mss1_fvg0_hall
2025-10-13 07:07:00,1,45934.819,45912.1240658593,bias0_d0.8_mss1_fvg0_hall
2025-10-13 15:10:00,1,45897.689,45865.48282834905,bias0_d0.8_mss1_fvg0_hall
2025-10-13 15:10:00,1,45897.689,45862.80841423974,bias0_d0.8_mss1_fvg0_hall
2025-10-13 16:08:00,1,46065.201,46042.76506000621,bias0_d0.8_mss1_fvg0_hall
2025-10-14 06:38:00,-1,45908.707,45923.82593366348,bias0_d0.8_mss1_fvg0_hall
2025-10-14 08:01:00,1,45811.671,45784.29663067358,bias0_d0.8_mss1_fvg0_hall
2025-10-14 08:01:00,1,45811.671,45782.54655705404,bias0_d0.8_mss1_fvg0_hall
2025-10-14 11:25:00,1,45822.206999999995,45781.38444301785,bias0_d0.8_mss1_fvg0_hall
2025-10-14 19:08:00,-1,46486.957,46501.47653741923,bias0_d0.8_mss1_fvg0_hall
2025-10-14 23:02:00,-1,46301.939,46311.488505714464,bias0_d0.8_mss1_fvg0_hall
2025-10-15 02:05:00,1,46340.956999999995,46328.02567282203,bias0_d0.8_mss1_fvg0_hall
2025-10-15 06:16:00,-1,46379.433000000005,46396.19030076306,bias0_d0.8_mss1_fvg0_hall
2025-10-15 11:28:00,1,46472.695,46464.77495487899,bias0_d0.8_mss1_fvg0_hall
2025-10-15 13:35:00,1,46469.171,46434.58473272008,bias0_d0.8_mss1_fvg0_hall
2025-10-15 18:47:00,-1,46306.815,46326.16507811222,bias0_d0.8_mss1_fvg0_hall
2025-10-15 18:53:00,1,46281.850999999995,46267.017013494406,bias0_d0.8_mss1_fvg0_hall
2025-10-16 15:25:00,-1,46378.975000000006,46425.054074809035,bias0_d0.8_mss1_fvg0_hall
2025-10-16 16:50:00,1,45983.563,45891.48876757988,bias0_d0.8_mss1_fvg0_hall
2025-10-16 18:38:00,1,45838.439,45787.099198438744,bias0_d0.8_mss1_fvg0_hall
2025-10-16 19:14:00,-1,45981.701,46013.55303234202,bias0_d0.8_mss1_fvg0_hall
2025-10-16 22:31:00,1,45936.676999999996,45918.87678631104,bias0_d0.8_mss1_fvg0_hall
2025-10-16 23:28:00,-1,45866.219,45886.54112640997,bias0_d0.8_mss1_fvg0_hall
2025-10-17 03:35:00,-1,45870.445,45882.92006321968,bias0_d0.8_mss1_fvg0_hall
2025-10-17 06:05:00,1,45781.207,45766.697738852454,bias0_d0.8_mss1_fvg0_hall
2025-10-17 10:03:00,1,45620.421,45581.1619177339,bias0_d0.8_mss1_fvg0_hall
2025-10-17 10:03:00,1,45620.421,45587.895495038625,bias0_d0.8_mss1_fvg0_hall
2025-10-17 13:08:00,1,45987.945,45970.08567212656,bias0_d0.8_mss1_fvg0_hall
2025-10-17 13:08:00,1,45991.957,45969.49749554609,bias0_d0.8_mss1_fvg0_hall
2025-10-17 13:29:00,-1,46027.701,46042.84241465247,bias0_d0.8_mss1_fvg0_hall
2025-10-17 13:34:00,1,45984.189,45935.98019093675,bias0_d0.8_mss1_fvg0_hall
2025-10-17 13:34:00,1,46044.713,45953.34482015556,bias0_d0.8_mss1_fvg0_hall
2025-10-17 19:11:00,1,46260.713,46243.17241427135,bias0_d0.8_mss1_fvg0_hall
2025-10-19 23:01:00,-1,46254.813,46267.93849937892,bias0_d0.8_mss1_fvg0_hall
2025-10-20 13:30:00,1,46342.176999999996,46324.91360181337,bias0_d0.8_mss1_fvg0_hall
2025-10-20 13:30:00,1,46384.225000000006,46347.33843025528,bias0_d0.8_mss1_fvg0_hall
2025-10-20 22:33:00,-1,46754.733,46760.32096493047,bias0_d0.8_mss1_fvg0_hall
2025-10-21 12:23:00,1,46735.921,46726.50778611463,bias0_d0.8_mss1_fvg0_hall
2025-10-21 16:52:00,-1,47057.063,47072.66709511063,bias0_d0.8_mss1_fvg0_hall
2025-10-22 00:17:00,-1,46925.171,46940.30683866871,bias0_d0.8_mss1_fvg0_hall
2025-10-22 02:54:00,1,46936.183000000005,46928.47376990614,bias0_d0.8_mss1_fvg0_hall
2025-10-22 10:19:00,-1,46940.969,46948.75084127389,bias0_d0.8_mss1_fvg0_hall
2025-10-22 14:03:00,1,46827.201,46794.52254456787,bias0_d0.8_mss1_fvg0_hall
2025-10-22 16:55:00,1,46717.707,46679.95755953065,bias0_d0.8_mss1_fvg0_hall
2025-10-22 18:20:00,1,46492.551,46470.50613005981,bias0_d0.8_mss1_fvg0_hall
2025-10-22 19:06:00,1,46564.701,46507.5248865113,bias0_d0.8_mss1_fvg0_hall
2025-10-22 19:45:00,-1,46604.275,46631.6650700295,bias0_d0.8_mss1_fvg0_hall
2025-10-22 20:08:00,-1,46567.075,46629.66001382273,bias0_d0.8_mss1_fvg0_hall
2025-10-22 23:19:00,-1,46530.993,46536.77001936369,bias0_d0.8_mss1_fvg0_hall
2025-10-22 23:19:00,-1,46530.993,46537.34205036971,bias0_d0.8_mss1_fvg0_hall
2025-10-23 03:37:00,-1,46572.707,46583.044273699845,bias0_d0.8_mss1_fvg0_hall
2025-10-23 07:17:00,-1,46561.445,46578.19350293979,bias0_d0.8_mss1_fvg0_hall
2025-10-23 15:25:00,1,46609.195,46577.97573153423,bias0_d0.8_mss1_fvg0_hall
2025-10-23 15:36:00,-1,46623.207,46646.79446451488,bias0_d0.8_mss1_fvg0_hall
2025-10-23 23:42:00,-1,46736.551,46738.41480882128,bias0_d0.8_mss1_fvg0_hall
2025-10-23 23:42:00,-1,46736.551,46738.70956533405,bias0_d0.8_mss1_fvg0_hall
2025-10-24 00:02:00,1,46735.171,46730.926353779876,bias0_d0.8_mss1_fvg0_hall
2025-10-24 00:02:00,1,46735.171,46729.20772844548,bias0_d0.8_mss1_fvg0_hall
2025-10-24 00:06:00,-1,46733.683000000005,46742.73975761589,bias0_d0.8_mss1_fvg0_hall
2025-10-24 04:30:00,-1,46784.195,46792.507414406755,bias0_d0.8_mss1_fvg0_hall
2025-10-24 11:00:00,1,46784.987,46780.25575824171,bias0_d0.8_mss1_fvg0_hall
2025-10-24 12:27:00,1,46814.949,46807.113013444534,bias0_d0.8_mss1_fvg0_hall
2025-10-24 14:55:00,-1,47139.445,47168.81872288145,bias0_d0.8_mss1_fvg0_hall
2025-10-24 18:46:00,-1,47269.409,47282.33636246786,bias0_d0.8_mss1_fvg0_hall
2025-10-24 18:46:00,-1,47269.409,47277.87995086302,bias0_d0.8_mss1_fvg0_hall
2025-10-27 00:45:00,-1,47495.957,47507.42774758684,bias0_d0.8_mss1_fvg0_hall
2025-10-27 03:38:00,-1,47494.231,47502.06772781013,bias0_d0.8_mss1_fvg0_hall
2025-10-27 11:10:00,-1,47484.707,47489.76203579256,bias0_d0.8_mss1_fvg0_hall
2025-10-27 12:35:00,1,47432.331000000006,47425.88972547096,bias0_d0.8_mss1_fvg0_hall
2025-10-27 16:10:00,-1,47471.151,47478.13680115272,bias0_d0.8_mss1_fvg0_hall
2025-10-27 19:17:00,-1,47453.587,47461.091436869356,bias0_d0.8_mss1_fvg0_hall
2025-10-27 19:17:00,-1,47453.587,47461.178005664406,bias0_d0.8_mss1_fvg0_hall
2025-10-28 01:15:00,1,47559.282999999996,47555.3410502897,bias0_d0.8_mss1_fvg0_hall
2025-10-28 01:40:00,-1,47560.557,47566.80879251951,bias0_d0.8_mss1_fvg0_hall
2025-10-28 02:13:00,-1,47551.807,47555.19726959289,bias0_d0.8_mss1_fvg0_hall
2025-10-28 07:04:00,1,47530.057,47521.796713142176,bias0_d0.8_mss1_fvg0_hall
2025-10-28 08:37:00,-1,47538.532999999996,47547.3239691267,bias0_d0.8_mss1_fvg0_hall
2025-10-28 08:37:00,-1,47538.532999999996,47547.10559990336,bias0_d0.8_mss1_fvg0_hall
2025-10-28 11:00:00,1,47592.589,47580.71237788205,bias0_d0.8_mss1_fvg0_hall
2025-10-28 11:00:00,1,47592.589,47582.23447946191,bias0_d0.8_mss1_fvg0_hall
2025-10-28 13:31:00,1,47872.295,47823.75727427557,bias0_d0.8_mss1_fvg0_hall
2025-10-28 16:25:00,1,47716.051,47707.603627654265,bias0_d0.8_mss1_fvg0_hall
2025-10-28 16:25:00,1,47733.701,47711.623682821824,bias0_d0.8_mss1_fvg0_hall
2025-10-29 00:35:00,-1,47683.630999999994,47691.017863264795,bias0_d0.8_mss1_fvg0_hall
2025-10-29 01:40:00,1,47666.248999999996,47660.922322045655,bias0_d0.8_mss1_fvg0_hall
2025-10-29 07:02:00,-1,47687.320999999996,47693.2074683748,bias0_d0.8_mss1_fvg0_hall
2025-10-29 08:17:00,1,47696.369,47690.21195070266,bias0_d0.8_mss1_fvg0_hall
2025-10-29 08:17:00,1,47696.369,47692.22458279533,bias0_d0.8_mss1_fvg0_hall
2025-10-29 13:32:00,1,47823.100999999995,47776.40430234111,bias0_d0.8_mss1_fvg0_hall
2025-10-29 16:43:00,-1,47983.713,48005.53919956965,bias0_d0.8_mss1_fvg0_hall
2025-10-29 18:01:00,1,47837.239,47813.63682834415,bias0_d0.8_mss1_fvg0_hall
2025-10-29 18:01:00,1,47837.239,47820.618612033846,bias0_d0.8_mss1_fvg0_hall
2025-10-29 23:46:00,1,47552.981,47531.96724656469,bias0_d0.8_mss1_fvg0_hall
2025-10-30 08:01:00,-1,47618.725000000006,47638.89422623944,bias0_d0.8_mss1_fvg0_hall
2025-10-30 08:01:00,-1,47618.725000000006,47630.513610079484,bias0_d0.8_mss1_fvg0_hall
2025-10-30 11:13:00,1,47488.807,47472.998199673835,bias0_d0.8_mss1_fvg0_hall
2025-10-30 12:05:00,1,47486.939,47474.88149072423,bias0_d0.8_mss1_fvg0_hall
2025-10-30 13:30:00,1,47446.939,47391.510578488145,bias0_d0.8_mss1_fvg0_hall
2025-10-30 20:01:00,1,47508.445,47491.205321993104,bias0_d0.8_mss1_fvg0_hall
2025-10-30 20:01:00,1,47508.445,47478.36162756502,bias0_d0.8_mss1_fvg0_hall
2025-10-31 05:24:00,-1,47549.426999999996,47555.68200549397,bias0_d0.8_mss1_fvg0_hall
2025-10-31 06:20:00,-1,47543.433000000005,47549.24722766358,bias0_d0.8_mss1_fvg0_hall
2025-10-31 11:06:00,1,47512.219,47504.91741842139,bias0_d0.8_mss1_fvg0_hall
2025-10-31 18:56:00,1,47556.195,47543.84272249276,bias0_d0.8_mss1_fvg0_hall
2025-11-03 10:27:00,-1,47626.165,47634.123758362104,bias0_d0.8_mss1_fvg0_hall
2025-11-03 17:24:00,-1,47405.219,47433.04793297259,bias0_d0.8_mss1_fvg0_hall
2025-11-03 18:49:00,-1,47368.963,47382.9957728305,bias0_d0.8_mss1_fvg0_hall
2025-11-03 20:30:00,-1,47355.975,47366.52087997371,bias0_d0.8_mss1_fvg0_hall
2025-11-04 01:20:00,1,47270.551,47266.47042795268,bias0_d0.8_mss1_fvg0_hall
2025-11-04 01:20:00,1,47282.937,47271.38299738462,bias0_d0.8_mss1_fvg0_hall
2025-11-04 05:02:00,-1,47176.062999999995,47185.583227425595,bias0_d0.8_mss1_fvg0_hall
2025-11-04 14:31:00,-1,47016.557,47079.37260180092,bias0_d0.8_mss1_fvg0_hall
2025-11-04 18:14:00,1,47049.481,47030.22842954956,bias0_d0.8_mss1_fvg0_hall
2025-11-05 04:24:00,1,47109.676999999996,47097.733861695844,bias0_d0.8_mss1_fvg0_hall
2025-11-05 07:00:00,-1,47156.701,47166.585669236054,bias0_d0.8_mss1_fvg0_hall
2025-11-05 07:05:00,-1,47151.933000000005,47162.803620667495,bias0_d0.8_mss1_fvg0_hall
2025-11-05 07:59:00,-1,47126.933000000005,47149.36898663107,bias0_d0.8_mss1_fvg0_hall
2025-11-05 12:48:00,-1,47111.493,47119.8873680849,bias0_d0.8_mss1_fvg0_hall
2025-11-05 18:02:00,1,47375.240999999995,47354.63150693076,bias0_d0.8_mss1_fvg0_hall
2025-11-05 20:30:00,1,47391.365000000005,47371.88670783819,bias0_d0.8_mss1_fvg0_hall
2025-11-06 01:48:00,-1,47288.706999999995,47302.862261955896,bias0_d0.8_mss1_fvg0_hall
2025-11-06 03:20:00,-1,47301.975,47308.30093403897,bias0_d0.8_mss1_fvg0_hall
2025-11-06 12:26:00,-1,47331.171,47346.92981999294,bias0_d0.8_mss1_fvg0_hall
2025-11-06 19:55:00,1,47052.904,47011.868682446366,bias0_d0.8_mss1_fvg0_hall
2025-11-07 00:04:00,1,47026.593,47003.06401650738,bias0_d0.8_mss1_fvg0_hall
2025-11-07 09:22:00,-1,47007.981,47027.70371398887,bias0_d0.8_mss1_fvg0_hall
2025-11-07 13:20:00,1,46812.707,46792.6722827346,bias0_d0.8_mss1_fvg0_hall
2025-11-10 01:49:00,1,47054.945,47041.29533581093,bias0_d0.8_mss1_fvg0_hall
2025-11-10 02:07:00,-1,47078.469,47090.0537326436,bias0_d0.8_mss1_fvg0_hall
2025-11-10 02:07:00,-1,47078.469,47087.16203745478,bias0_d0.8_mss1_fvg0_hall
2025-11-10 05:53:00,1,47082.719,47072.09984237942,bias0_d0.8_mss1_fvg0_hall
2025-11-10 06:54:00,-1,47092.563,47103.415796759844,bias0_d0.8_mss1_fvg0_hall
2025-11-10 08:00:00,-1,47074.493,47082.14287257129,bias0_d0.8_mss1_fvg0_hall
2025-11-10 11:03:00,1,47191.051,47178.97857361615,bias0_d0.8_mss1_fvg0_hall
2025-11-10 11:03:00,1,47191.051,47181.25403264356,bias0_d0.8_mss1_fvg0_hall
2025-11-10 11:08:00,-1,47194.653,47200.95161183338,bias0_d0.8_mss1_fvg0_hall
2025-11-10 13:41:00,-1,47167.683000000005,47173.18844579266,bias0_d0.8_mss1_fvg0_hall
2025-11-10 14:21:00,1,47172.557,47152.81233599708,bias0_d0.8_mss1_fvg0_hall
2025-11-11 13:04:00,-1,47387.171,47391.895162875306,bias0_d0.8_mss1_fvg0_hall
2025-11-12 10:15:00,-1,47998.939,48008.80266302092,bias0_d0.8_mss1_fvg0_hall
2025-11-12 10:15:00,-1,47998.939,48009.00242994799,bias0_d0.8_mss1_fvg0_hall
2025-11-12 12:41:00,-1,48036.593,48051.13356441039,bias0_d0.8_mss1_fvg0_hall
2025-11-12 19:50:00,-1,48283.08500000001,48292.12093897011,bias0_d0.8_mss1_fvg0_hall
2025-11-13 07:36:00,-1,48391.575,48395.882928652194,bias0_d0.8_mss1_fvg0_hall
2025-11-13 12:51:00,-1,48237.183000000005,48253.15893083294,bias0_d0.8_mss1_fvg0_hall
2025-11-13 12:51:00,-1,48237.183000000005,48247.151464344875,bias0_d0.8_mss1_fvg0_hall
2025-11-13 16:39:00,-1,47895.331,47934.64397620714,bias0_d0.8_mss1_fvg0_hall
2025-11-14 01:07:00,1,47537.713,47521.0557117548,bias0_d0.8_mss1_fvg0_hall
2025-11-14 03:20:00,-1,47513.563,47517.91087399528,bias0_d0.8_mss1_fvg0_hall
2025-11-17 11:41:00,-1,47176.831000000006,47186.56492918876,bias0_d0.8_mss1_fvg0_hall
2025-11-17 13:08:00,-1,47133.945,47150.7381337968,bias0_d0.8_mss1_fvg0_hall
2025-11-17 14:34:00,1,47037.557,47011.801147887614,bias0_d0.8_mss1_fvg0_hall
2025-11-17 14:34:00,1,47037.557,47013.16401031672,bias0_d0.8_mss1_fvg0_hall
2025-11-18 12:02:00,-1,46350.825,46375.802758895494,bias0_d0.8_mss1_fvg0_hall
2025-11-18 14:50:00,-1,46231.975000000006,46281.00827957527,bias0_d0.8_mss1_fvg0_hall
2025-11-18 18:40:00,1,46303.649000000005,46246.02337361054,bias0_d0.8_mss1_fvg0_hall
2025-11-18 18:40:00,1,46303.649000000005,46251.78253978121,bias0_d0.8_mss1_fvg0_hall
2025-11-18 18:57:00,-1,46295.594,46347.62243413353,bias0_d0.8_mss1_fvg0_hall
2025-11-18 19:37:00,1,46250.149999999994,46220.13772042012,bias0_d0.8_mss1_fvg0_hall
2025-11-18 19:37:00,1,46250.149999999994,46220.847797532966,bias0_d0.8_mss1_fvg0_hall
2025-11-19 03:03:00,1,46168.189,46154.805160264215,bias0_d0.8_mss1_fvg0_hall
2025-11-19 07:02:00,1,46080.433000000005,46067.08919205238,bias0_d0.8_mss1_fvg0_hall
2025-11-19 14:29:00,1,46095.481,46079.63713762041,bias0_d0.8_mss1_fvg0_hall
2025-11-19 14:29:00,1,46095.481,46073.90502779039,bias0_d0.8_mss1_fvg0_hall
2025-11-19 14:34:00,1,46082.469,46062.15712090089,bias0_d0.8_mss1_fvg0_hall
2025-11-19 14:34:00,1,46080.999,46048.26708077679,bias0_d0.8_mss1_fvg0_hall
2025-11-19 17:28:00,1,46018.714,45971.35791121319,bias0_d0.8_mss1_fvg0_hall
2025-11-19 17:35:00,-1,45974.868,46052.755913905516,bias0_d0.8_mss1_fvg0_hall
2025-11-20 03:50:00,1,46392.713,46377.689084101046,bias0_d0.8_mss1_fvg0_hall
2025-11-20 08:35:00,1,46426.719,46398.27410839817,bias0_d0.8_mss1_fvg0_hall
2025-11-20 20:26:00,-1,45971.024999999994,46008.10861600368,bias0_d0.8_mss1_fvg0_hall
2025-11-21 00:06:00,1,45842.933000000005,45824.17168660795,bias0_d0.8_mss1_fvg0_hall
2025-11-21 00:06:00,1,45842.933000000005,45826.26723692217,bias0_d0.8_mss1_fvg0_hall
2025-11-21 00:06:00,1,45842.933000000005,45829.13500571344,bias0_d0.8_mss1_fvg0_hall
2025-11-21 01:32:00,-1,45940.439,45952.7591988989,bias0_d0.8_mss1_fvg0_hall
2025-11-21 10:00:00,-1,45907.44500000001,45919.164566506006,bias0_d0.8_mss1_fvg0_hall
2025-11-21 13:25:00,-1,46001.469,46039.583163689385,bias0_d0.8_mss1_fvg0_hall
2025-11-21 15:24:00,1,45913.926999999996,45858.515619925915,bias0_d0.8_mss1_fvg0_hall
2025-11-21 15:24:00,1,45913.926999999996,45848.56933278834,bias0_d0.8_mss1_fvg0_hall
2025-11-21 15:24:00,1,45913.926999999996,45865.637880446324,bias0_d0.8_mss1_fvg0_hall
2025-11-21 16:21:00,1,45930.399000000005,45862.912508698995,bias0_d0.8_mss1_fvg0_hall
2025-11-24 07:01:00,-1,46347.237,46351.15641265688,bias0_d0.8_mss1_fvg0_hall
2025-11-24 10:53:00,-1,46246.731,46262.0502016857,bias0_d0.8_mss1_fvg0_hall
2025-11-24 12:19:00,-1,46276.719,46294.34838498068,bias0_d0.8_mss1_fvg0_hall
2025-11-24 23:31:00,-1,46455.201,46466.59549778651,bias0_d0.8_mss1_fvg0_hall
2025-11-25 04:50:00,1,46397.201,46394.863915458154,bias0_d0.8_mss1_fvg0_hall
2025-11-25 10:10:00,1,46366.475000000006,46356.363921248,bias0_d0.8_mss1_fvg0_hall
2025-11-25 11:11:00,1,46387.177,46380.29875726082,bias0_d0.8_mss1_fvg0_hall
2025-11-25 13:34:00,-1,46495.433000000005,46506.29978626679,bias0_d0.8_mss1_fvg0_hall
2025-11-25 13:34:00,-1,46495.433000000005,46506.83824632187,bias0_d0.8_mss1_fvg0_hall
2025-11-25 18:37:00,-1,47006.987,47023.26835619001,bias0_d0.8_mss1_fvg0_hall
2025-11-25 23:53:00,-1,47153.013,47163.513590511626,bias0_d0.8_mss1_fvg0_hall
2025-11-26 07:23:00,1,47238.693,47234.96887723326,bias0_d0.8_mss1_fvg0_hall
2025-11-26 14:28:00,-1,47232.425,47256.6447133965,bias0_d0.8_mss1_fvg0_hall
2025-11-26 20:12:00,1,47494.263000000006,47470.29064025629,bias0_d0.8_mss1_fvg0_hall
2025-11-26 20:12:00,1,47494.263000000006,47478.289401666545,bias0_d0.8_mss1_fvg0_hall
2025-11-26 23:42:00,-1,47445.451,47454.423208655164,bias0_d0.8_mss1_fvg0_hall
2025-11-26 23:51:00,1,47422.945,47408.77982337328,bias0_d0.8_mss1_fvg0_hall
2025-11-27 08:00:00,-1,47440.921,47444.57797969772,bias0_d0.8_mss1_fvg0_hall
2025-11-27 08:00:00,-1,47433.915,47441.68173829075,bias0_d0.8_mss1_fvg0_hall
2025-11-27 08:46:00,-1,47456.439,47462.74971229639,bias0_d0.8_mss1_fvg0_hall
2025-11-27 10:42:00,1,47414.195,47409.71891223581,bias0_d0.8_mss1_fvg0_hall
2025-11-27 11:06:00,-1,47422.575,47428.5945525479,bias0_d0.8_mss1_fvg0_hall
2025-11-27 11:06:00,-1,47422.575,47427.067184508756,bias0_d0.8_mss1_fvg0_hall
2025-11-28 01:00:00,1,47507.513,47503.99143345075,bias0_d0.8_mss1_fvg0_hall
2025-11-28 01:00:00,1,47509.007,47503.86172169988,bias0_d0.8_mss1_fvg0_hall
2025-11-28 02:11:00,-1,47492.426999999996,47496.32146957675,bias0_d0.8_mss1_fvg0_hall
2025-11-28 02:44:00,-1,47494.221000000005,47495.05769304558,bias0_d0.8_mss1_fvg0_hall
2025-11-28 16:22:00,-1,47723.93,47735.05003128929,bias0_d0.8_mss1_fvg0_hall
2025-11-28 17:04:00,1,47722.463,47710.17288530523,bias0_d0.8_mss1_fvg0_hall
2025-12-01 00:05:00,-1,47654.676999999996,47666.94769365949,bias0_d0.8_mss1_fvg0_hall
2025-12-01 08:07:00,1,47449.457,47427.524922361874,bias0_d0.8_mss1_fvg0_hall
2025-12-01 13:05:00,-1,47481.926999999996,47492.460937052754,bias0_d0.8_mss1_fvg0_hall
2025-12-01 14:17:00,-1,47482.689,47499.399398782836,bias0_d0.8_mss1_fvg0_hall
2025-12-01 16:42:00,1,47494.91499999999,47466.589599339786,bias0_d0.8_mss1_fvg0_hall
2025-12-01 17:14:00,-1,47508.447,47528.772985156815,bias0_d0.8_mss1_fvg0_hall
2025-12-01 17:44:00,1,47482.227,47459.37199827508,bias0_d0.8_mss1_fvg0_hall
2025-12-01 17:44:00,1,47496.652,47465.976041255424,bias0_d0.8_mss1_fvg0_hall
2025-12-01 20:46:00,-1,47388.045,47403.29709818826,bias0_d0.8_mss1_fvg0_hall
2025-12-02 05:57:00,1,47240.731,47235.364243040436,bias0_d0.8_mss1_fvg0_hall
2025-12-02 10:29:00,1,47315.939,47307.03319433067,bias0_d0.8_mss1_fvg0_hall
2025-12-02 23:47:00,-1,47525.415,47528.744606062435,bias0_d0.8_mss1_fvg0_hall
2025-12-03 11:58:00,-1,47566.44500000001,47573.51151249753,bias0_d0.8_mss1_fvg0_hall
2025-12-03 13:16:00,-1,47605.201,47615.782348048706,bias0_d0.8_mss1_fvg0_hall
2025-12-03 20:50:00,-1,47934.53999999999,47950.20277897747,bias0_d0.8_mss1_fvg0_hall
2025-12-04 05:18:00,-1,47942.201,47945.355363575545,bias0_d0.8_mss1_fvg0_hall
2025-12-04 05:18:00,-1,47942.201,47945.855623320145,bias0_d0.8_mss1_fvg0_hall
2025-12-04 06:13:00,-1,47941.695,47944.92832736758,bias0_d0.8_mss1_fvg0_hall
2025-12-04 11:06:00,1,47923.699,47909.61086535662,bias0_d0.8_mss1_fvg0_hall
2025-12-04 11:50:00,1,47923.671,47919.90248289864,bias0_d0.8_mss1_fvg0_hall
2025-12-04 11:49:00,1,47923.671,47920.63291983445,bias0_d0.8_mss1_fvg0_hall
2025-12-04 14:30:00,1,47936.207,47908.89202734801,bias0_d0.8_mss1_fvg0_hall
2025-12-04 20:50:00,1,47777.653,47764.86266763218,bias0_d0.8_mss1_fvg0_hall
2025-12-04 20:50:00,1,47794.357,47765.84604912387,bias0_d0.8_mss1_fvg0_hall
2025-12-05 02:25:00,1,47882.951,47874.249528203305,bias0_d0.8_mss1_fvg0_hall
2025-12-05 08:02:00,1,47888.671,47877.3837036742,bias0_d0.8_mss1_fvg0_hall
2025-12-05 08:02:00,1,47888.671,47881.19888198318,bias0_d0.8_mss1_fvg0_hall
2025-12-05 08:08:00,-1,47885.945,47891.28719971859,bias0_d0.8_mss1_fvg0_hall
2025-12-05 08:08:00,-1,47879.195,47889.77238545297,bias0_d0.8_mss1_fvg0_hall
2025-12-05 10:11:00,1,47842.707,47839.812142046074,bias0_d0.8_mss1_fvg0_hall
2025-12-05 10:11:00,1,47847.933000000005,47842.30223189993,bias0_d0.8_mss1_fvg0_hall
2025-12-05 11:03:00,1,47855.475000000006,47851.248002149754,bias0_d0.8_mss1_fvg0_hall
2025-12-08 01:50:00,-1,47938.463,47943.55739521897,bias0_d0.8_mss1_fvg0_hall
2025-12-08 02:19:00,-1,47935.676999999996,47943.53051097529,bias0_d0.8_mss1_fvg0_hall
2025-12-08 10:58:00,1,47960.427,47953.15706419872,bias0_d0.8_mss1_fvg0_hall
2025-12-08 12:01:00,-1,47947.706999999995,47955.08783023198,bias0_d0.8_mss1_fvg0_hall
2025-12-08 12:01:00,-1,47947.706999999995,47954.64939950113,bias0_d0.8_mss1_fvg0_hall
2025-12-08 12:03:00,1,47948.421,47940.18180046324,bias0_d0.8_mss1_fvg0_hall
2025-12-08 12:59:00,-1,47967.445,47973.688761262376,bias0_d0.8_mss1_fvg0_hall
2025-12-08 20:55:00,-1,47692.10799999999,47711.43187778246,bias0_d0.8_mss1_fvg0_hall
2025-12-08 20:59:00,1,47693.274999999994,47676.469734755185,bias0_d0.8_mss1_fvg0_hall
2025-12-08 23:33:00,-1,47752.707,47760.32838620561,bias0_d0.8_mss1_fvg0_hall
2025-12-09 00:50:00,1,47755.933000000005,47750.77867857022,bias0_d0.8_mss1_fvg0_hall
2025-12-09 00:49:00,1,47756.225000000006,47749.84097295805,bias0_d0.8_mss1_fvg0_hall
2025-12-09 00:49:00,1,47756.225000000006,47748.86817488963,bias0_d0.8_mss1_fvg0_hall
2025-12-09 02:14:00,1,47737.415,47731.74854440513,bias0_d0.8_mss1_fvg0_hall
2025-12-09 03:05:00,1,47756.701,47746.30042365403,bias0_d0.8_mss1_fvg0_hall
2025-12-09 03:05:00,1,47756.701,47746.77159339302,bias0_d0.8_mss1_fvg0_hall
2025-12-09 05:41:00,-1,47745.749,47749.94118449349,bias0_d0.8_mss1_fvg0_hall
2025-12-09 07:42:00,1,47761.719,47757.861823086736,bias0_d0.8_mss1_fvg0_hall
2025-12-09 19:10:00,-1,47615.189,47638.978996533384,bias0_d0.8_mss1_fvg0_hall
2025-12-10 01:03:00,1,47545.599,47537.801459616334,bias0_d0.8_mss1_fvg0_hall
2025-12-10 01:03:00,1,47545.599,47537.83495535802,bias0_d0.8_mss1_fvg0_hall
2025-12-10 01:03:00,1,47545.599,47540.221929975305,bias0_d0.8_mss1_fvg0_hall
2025-12-10 02:18:00,1,47563.719,47557.89501795841,bias0_d0.8_mss1_fvg0_hall
2025-12-10 03:57:00,1,47552.695,47547.98177835612,bias0_d0.8_mss1_fvg0_hall
2025-12-10 03:56:00,1,47552.695,47548.514779902114,bias0_d0.8_mss1_fvg0_hall
2025-12-10 07:02:00,-1,47576.499,47579.573063706426,bias0_d0.8_mss1_fvg0_hall
2025-12-10 10:07:00,-1,47570.563,47585.56636192638,bias0_d0.8_mss1_fvg0_hall
2025-12-10 14:34:00,-1,47524.44500000001,47564.80867597071,bias0_d0.8_mss1_fvg0_hall
2025-12-10 14:34:00,-1,47524.44500000001,47576.12991340137,bias0_d0.8_mss1_fvg0_hall
2025-12-10 14:55:00,1,47606.499,47549.138034797936,bias0_d0.8_mss1_fvg0_hall
2025-12-10 16:07:00,1,47687.018,47661.287690902565,bias0_d0.8_mss1_fvg0_hall
2025-12-11 00:00:00,-1,48113.719,48117.14002725301,bias0_d0.8_mss1_fvg0_hall
2025-12-11 00:00:00,-1,48106.439,48115.275733702845,bias0_d0.8_mss1_fvg0_hall
2025-12-11 06:03:00,-1,47856.319,47866.08996875863,bias0_d0.8_mss1_fvg0_hall
2025-12-11 06:03:00,-1,47856.319,47864.39998326637,bias0_d0.8_mss1_fvg0_hall
2025-12-11 13:57:00,-1,48073.219,48085.29373759816,bias0_d0.8_mss1_fvg0_hall
2025-12-11 13:57:00,-1,48073.219,48084.642370626854,bias0_d0.8_mss1_fvg0_hall
2025-12-11 15:56:00,1,48471.135,48440.84687640289,bias0_d0.8_mss1_fvg0_hall
2025-12-11 18:56:00,1,48671.077000000005,48658.74218490967,bias0_d0.8_mss1_fvg0_hall
2025-12-11 19:18:00,1,48661.327000000005,48644.216784031516,bias0_d0.8_mss1_fvg0_hall
2025-12-11 20:50:00,1,48714.603,48681.236212039265,bias0_d0.8_mss1_fvg0_hall
2025-12-11 20:50:00,1,48714.603,48685.04630403646,bias0_d0.8_mss1_fvg0_hall
2025-12-11 20:50:00,1,48714.603,48684.881675176715,bias0_d0.8_mss1_fvg0_hall
2025-12-12 07:59:00,-1,48839.469,48842.65404020049,bias0_d0.8_mss1_fvg0_hall
2025-12-12 07:59:00,-1,48839.469,48842.13849447188,bias0_d0.8_mss1_fvg0_hall
2025-12-12 11:11:00,1,48819.463,48811.034584683286,bias0_d0.8_mss1_fvg0_hall
2025-12-12 12:46:00,-1,48803.957,48810.31883553197,bias0_d0.8_mss1_fvg0_hall
2025-12-12 13:42:00,1,48802.19500000001,48791.43946711324,bias0_d0.8_mss1_fvg0_hall
2025-12-12 14:30:00,-1,48785.933000000005,48823.18292020377,bias0_d0.8_mss1_fvg0_hall
2025-12-12 18:46:00,-1,48531.209,48567.036902104795,bias0_d0.8_mss1_fvg0_hall
2025-12-12 19:42:00,-1,48475.699,48507.65689930432,bias0_d0.8_mss1_fvg0_hall
2025-12-15 08:19:00,1,48576.727,48563.266637194334,bias0_d0.8_mss1_fvg0_hall
2025-12-15 19:46:00,-1,48390.214,48402.15217427654,bias0_d0.8_mss1_fvg0_hall
2025-12-15 23:24:00,-1,48448.319,48459.22512689521,bias0_d0.8_mss1_fvg0_hall
2025-12-16 01:33:00,-1,48404.671,48418.24099621468,bias0_d0.8_mss1_fvg0_hall
2025-12-16 01:33:00,-1,48404.671,48414.25719648506,bias0_d0.8_mss1_fvg0_hall
2025-12-16 03:01:00,1,48301.069,48293.29537066669,bias0_d0.8_mss1_fvg0_hall
2025-12-16 06:31:00,-1,48273.439,48283.50743825468,bias0_d0.8_mss1_fvg0_hall
2025-12-16 06:31:00,-1,48273.439,48278.940378379346,bias0_d0.8_mss1_fvg0_hall
2025-12-16 09:35:00,-1,48334.945,48351.04488138516,bias0_d0.8_mss1_fvg0_hall
2025-12-16 14:31:00,1,48387.183000000005,48369.70434013764,bias0_d0.8_mss1_fvg0_hall
2025-12-16 14:31:00,1,48387.183000000005,48334.968136546064,bias0_d0.8_mss1_fvg0_hall
2025-12-16 14:31:00,1,48408.707,48367.46759822135,bias0_d0.8_mss1_fvg0_hall
2025-12-17 01:43:00,1,48066.451,48048.01221326523,bias0_d0.8_mss1_fvg0_hall
2025-12-17 02:24:00,-1,48081.683000000005,48089.1861718853,bias0_d0.8_mss1_fvg0_hall
2025-12-17 02:28:00,1,48077.825,48063.64440734986,bias0_d0.8_mss1_fvg0_hall
2025-12-17 02:56:00,-1,48096.415,48104.83681388371,bias0_d0.8_mss1_fvg0_hall
2025-12-17 08:03:00,-1,48133.075,48137.05500979725,bias0_d0.8_mss1_fvg0_hall
2025-12-17 08:03:00,-1,48119.201,48133.38272338316,bias0_d0.8_mss1_fvg0_hall
2025-12-17 08:18:00,1,48129.563,48110.1737884488,bias0_d0.8_mss1_fvg0_hall
2025-12-17 12:02:00,-1,48212.451,48223.9033732866,bias0_d0.8_mss1_fvg0_hall
2025-12-17 12:32:00,1,48210.701,48205.55394036323,bias0_d0.8_mss1_fvg0_hall
2025-12-17 19:37:00,-1,47959.153,47981.1056161779,bias0_d0.8_mss1_fvg0_hall
2025-12-17 20:53:00,-1,47935.67,47957.03973909121,bias0_d0.8_mss1_fvg0_hall
2025-12-17 23:27:00,1,47909.451,47896.78265735,bias0_d0.8_mss1_fvg0_hall
2025-12-18 10:39:00,-1,47960.19500000001,47967.49983848396,bias0_d0.8_mss1_fvg0_hall
2025-12-18 12:33:00,-1,47982.707,47996.91166682141,bias0_d0.8_mss1_fvg0_hall
2025-12-18 15:24:00,1,48150.945,48084.95129226144,bias0_d0.8_mss1_fvg0_hall
2025-12-19 03:07:00,1,47887.177,47879.02251786533,bias0_d0.8_mss1_fvg0_hall
2025-12-19 03:07:00,1,47887.177,47878.098719996124,bias0_d0.8_mss1_fvg0_hall
2025-12-19 03:07:00,1,47887.177,47879.97938285355,bias0_d0.8_mss1_fvg0_hall
2025-12-19 07:43:00,-1,47877.433000000005,47887.366266763456,bias0_d0.8_mss1_fvg0_hall
2025-12-19 07:43:00,-1,47877.433000000005,47888.90871913749,bias0_d0.8_mss1_fvg0_hall
2025-12-19 10:03:00,-1,48026.201,48034.981533452534,bias0_d0.8_mss1_fvg0_hall
2025-12-22 05:01:00,1,48164.475000000006,48161.58884057733,bias0_d0.8_mss1_fvg0_hall
2025-12-22 06:27:00,1,48151.201,48146.949765873665,bias0_d0.8_mss1_fvg0_hall
2025-12-22 08:34:00,-1,48194.963,48199.476954209575,bias0_d0.8_mss1_fvg0_hall
2025-12-22 11:09:00,-1,48171.713,48179.51771138484,bias0_d0.8_mss1_fvg0_hall
2025-12-22 15:17:00,1,48249.981,48211.547631219284,bias0_d0.8_mss1_fvg0_hall
2025-12-22 17:20:00,-1,48408.117,48419.584871671555,bias0_d0.8_mss1_fvg0_hall
2025-12-22 21:01:00,-1,48361.863,48378.24111157111,bias0_d0.8_mss1_fvg0_hall
2025-12-23 01:34:00,-1,48352.689,48358.89764904941,bias0_d0.8_mss1_fvg0_hall
2025-12-23 15:16:00,1,48363.380000000005,48317.196214528725,bias0_d0.8_mss1_fvg0_hall
2025-12-23 21:00:00,-1,48439.969,48465.46262966367,bias0_d0.8_mss1_fvg0_hall
2025-12-23 21:00:00,-1,48439.969,48461.01429183055,bias0_d0.8_mss1_fvg0_hall
2025-12-24 11:33:00,-1,48418.837,48423.32933553961,bias0_d0.8_mss1_fvg0_hall
2025-12-24 14:31:00,1,48454.206999999995,48408.526259348706,bias0_d0.8_mss1_fvg0_hall
2025-12-24 17:29:00,1,48730.271,48707.87056611502,bias0_d0.8_mss1_fvg0_hall
2025-12-25 23:51:00,1,48740.725000000006,48736.78906814059,bias0_d0.8_mss1_fvg0_hall
2025-12-25 23:51:00,1,48740.725000000006,48735.81916895796,bias0_d0.8_mss1_fvg0_hall
2025-12-26 01:02:00,-1,48766.325,48771.46305169747,bias0_d0.8_mss1_fvg0_hall
2025-12-26 09:19:00,-1,48691.713,48694.03631911491,bias0_d0.8_mss1_fvg0_hall
2025-12-26 13:51:00,-1,48693.481,48698.34033604751,bias0_d0.8_mss1_fvg0_hall
2025-12-26 15:21:00,1,48660.325,48642.28197484328,bias0_d0.8_mss1_fvg0_hall
2025-12-29 01:46:00,1,48733.463,48730.69170838172,bias0_d0.8_mss1_fvg0_hall
2025-12-29 02:38:00,1,48729.481,48722.00014880246,bias0_d0.8_mss1_fvg0_hall
2025-12-29 12:00:00,-1,48709.951,48720.0995138304,bias0_d0.8_mss1_fvg0_hall
2025-12-30 01:38:00,1,48471.551,48469.38059127315,bias0_d0.8_mss1_fvg0_hall
2025-12-30 14:31:00,-1,48459.201,48489.27549998799,bias0_d0.8_mss1_fvg0_hall
2025-12-30 17:20:00,1,48331.528,48307.41237756817,bias0_d0.8_mss1_fvg0_hall
2025-12-30 17:20:00,1,48331.528,48314.20512202759,bias0_d0.8_mss1_fvg0_hall
2025-12-30 19:19:00,-1,48411.435,48419.07475594999,bias0_d0.8_mss1_fvg0_hall
2025-12-31 04:33:00,1,48371.737,48369.05212922926,bias0_d0.8_mss1_fvg0_hall
2025-12-31 09:02:00,1,48308.951,48298.76447052042,bias0_d0.8_mss1_fvg0_hall
2026-01-01 23:30:00,-1,48144.587,48155.613529217975,bias0_d0.8_mss1_fvg0_hall
2026-01-01 23:30:00,-1,48144.587,48152.89281998812,bias0_d0.8_mss1_fvg0_hall
2026-01-02 00:38:00,-1,48151.189,48158.07980209086,bias0_d0.8_mss1_fvg0_hall
2026-01-02 04:37:00,1,48199.676999999996,48193.39357306579,bias0_d0.8_mss1_fvg0_hall
2026-01-02 07:43:00,1,48172.599,48164.399889396926,bias0_d0.8_mss1_fvg0_hall
2026-01-02 08:01:00,-1,48169.171,48172.74442835401,bias0_d0.8_mss1_fvg0_hall
2026-01-02 08:01:00,-1,48169.171,48172.99098347158,bias0_d0.8_mss1_fvg0_hall
2026-01-02 08:04:00,1,48167.451,48161.29513772093,bias0_d0.8_mss1_fvg0_hall
2026-01-02 08:04:00,1,48167.451,48162.23469017774,bias0_d0.8_mss1_fvg0_hall
2026-01-02 08:28:00,1,48171.427,48161.83948025739,bias0_d0.8_mss1_fvg0_hall
2026-01-02 08:28:00,1,48171.427,48156.83766023901,bias0_d0.8_mss1_fvg0_hall
2026-01-02 18:49:00,-1,48147.388999999996,48172.08802413628,bias0_d0.8_mss1_fvg0_hall
2026-01-02 18:49:00,-1,48147.388999999996,48166.715683566494,bias0_d0.8_mss1_fvg0_hall
2026-01-02 20:03:00,1,48389.217000000004,48345.03635469296,bias0_d0.8_mss1_fvg0_hall
2026-01-04 23:07:00,-1,48387.075,48397.31685757311,bias0_d0.8_mss1_fvg0_hall
2026-01-05 09:05:00,1,48421.825,48414.27476784394,bias0_d0.8_mss1_fvg0_hall
2026-01-05 17:32:00,1,49121.975000000006,49095.87420867144,bias0_d0.8_mss1_fvg0_hall
2026-01-05 23:30:00,-1,48981.409,48991.6714616643,bias0_d0.8_mss1_fvg0_hall
2026-01-06 02:34:00,-1,48998.551,49005.328173353286,bias0_d0.8_mss1_fvg0_hall
2026-01-06 03:05:00,-1,49003.676999999996,49005.42801456423,bias0_d0.8_mss1_fvg0_hall
2026-01-06 06:30:00,1,48986.665,48983.28259694545,bias0_d0.8_mss1_fvg0_hall
2026-01-06 10:24:00,1,48880.463,48868.57125031966,bias0_d0.8_mss1_fvg0_hall
2026-01-06 14:18:00,1,48923.926999999996,48913.20481965828,bias0_d0.8_mss1_fvg0_hall
2026-01-06 14:18:00,1,48923.926999999996,48913.295276133926,bias0_d0.8_mss1_fvg0_hall
2026-01-06 14:31:00,1,48929.445,48893.70328717774,bias0_d0.8_mss1_fvg0_hall
2026-01-06 14:31:00,1,48929.445,48882.88593809362,bias0_d0.8_mss1_fvg0_hall
2026-01-07 01:39:00,-1,49501.201,49506.188424914944,bias0_d0.8_mss1_fvg0_hall
2026-01-07 03:20:00,-1,49529.421,49536.97946934526,bias0_d0.8_mss1_fvg0_hall
2026-01-07 05:40:00,-1,49548.713,49553.89055825204,bias0_d0.8_mss1_fvg0_hall
2026-01-07 14:32:00,-1,49543.749,49591.62670873211,bias0_d0.8_mss1_fvg0_hall
2026-01-08 08:32:00,-1,48894.057,48905.35316436676,bias0_d0.8_mss1_fvg0_hall
2026-01-08 14:30:00,1,48825.719,48771.629531497965,bias0_d0.8_mss1_fvg0_hall
2026-01-08 15:58:00,1,49167.251,49125.69676983676,bias0_d0.8_mss1_fvg0_hall
2026-01-08 15:58:00,1,49167.251,49128.5633505627,bias0_d0.8_mss1_fvg0_hall
2026-01-08 17:31:00,1,49290.869,49261.3147189376,bias0_d0.8_mss1_fvg0_hall
2026-01-08 19:06:00,1,49260.471000000005,49237.67973013908,bias0_d0.8_mss1_fvg0_hall
2026-01-09 01:21:00,-1,49278.219,49282.93534597002,bias0_d0.8_mss1_fvg0_hall
2026-01-09 02:44:00,1,49276.201,49268.24318292999,bias0_d0.8_mss1_fvg0_hall
2026-01-09 02:44:00,1,49276.201,49268.71989843499,bias0_d0.8_mss1_fvg0_hall
2026-01-09 04:52:00,1,49272.213,49268.40022962914,bias0_d0.8_mss1_fvg0_hall
2026-01-09 05:03:00,-1,49281.225000000006,49286.029556995585,bias0_d0.8_mss1_fvg0_hall
2026-01-09 12:03:00,1,49274.933000000005,49267.65431988296,bias0_d0.8_mss1_fvg0_hall
2026-01-09 12:32:00,-1,49268.409,49272.1025665959,bias0_d0.8_mss1_fvg0_hall
2026-01-12 04:17:00,1,49249.707,49241.13228067367,bias0_d0.8_mss1_fvg0_hall
2026-01-12 12:45:00,1,49157.731,49146.97894734579,bias0_d0.8_mss1_fvg0_hall
2026-01-12 19:31:00,1,49508.746,49499.04326294516,bias0_d0.8_mss1_fvg0_hall
2026-01-12 19:31:00,1,49508.746,49499.61466559194,bias0_d0.8_mss1_fvg0_hall
2026-01-12 20:13:00,-1,49567.758,49584.144760150026,bias0_d0.8_mss1_fvg0_hall
2026-01-13 01:44:00,1,49524.719,49520.33762636161,bias0_d0.8_mss1_fvg0_hall
2026-01-13 04:38:00,-1,49575.927,49579.58494062365,bias0_d0.8_mss1_fvg0_hall
2026-01-13 04:38:00,-1,49575.927,49579.29608772196,bias0_d0.8_mss1_fvg0_hall
2026-01-13 04:38:00,-1,49575.927,49579.33709574182,bias0_d0.8_mss1_fvg0_hall
2026-01-13 07:14:00,1,49553.457,49550.15297036698,bias0_d0.8_mss1_fvg0_hall
2026-01-13 09:04:00,-1,49541.951,49545.613667819845,bias0_d0.8_mss1_fvg0_hall
2026-01-13 09:06:00,-1,49536.481,49544.63884868986,bias0_d0.8_mss1_fvg0_hall
2026-01-13 14:27:00,-1,49585.813,49607.06638207593,bias0_d0.8_mss1_fvg0_hall
2026-01-13 15:30:00,1,49232.921,49202.11970624719,bias0_d0.8_mss1_fvg0_hall
2026-01-13 17:17:00,-1,49297.111000000004,49329.97931308804,bias0_d0.8_mss1_fvg0_hall
2026-01-13 23:31:00,1,49154.421,49147.84374355851,bias0_d0.8_mss1_fvg0_hall
2026-01-13 23:31:00,1,49154.421,49147.968354226694,bias0_d0.8_mss1_fvg0_hall
2026-01-14 00:59:00,-1,49153.933000000005,49157.07910633598,bias0_d0.8_mss1_fvg0_hall
2026-01-14 11:47:00,1,49041.165,49016.154057161075,bias0_d0.8_mss1_fvg0_hall
2026-01-14 12:01:00,-1,49023.219,49045.169946279384,bias0_d0.8_mss1_fvg0_hall
2026-01-14 13:17:00,1,49047.957,49033.25947765118,bias0_d0.8_mss1_fvg0_hall
2026-01-14 17:50:00,-1,48930.758,48963.93475241616,bias0_d0.8_mss1_fvg0_hall
2026-01-14 18:33:00,-1,48984.104999999996,48998.941642136735,bias0_d0.8_mss1_fvg0_hall
2026-01-14 20:05:00,1,49013.031,48990.65332161135,bias0_d0.8_mss1_fvg0_hall
2026-01-14 23:18:00,-1,49082.863,49106.382611370704,bias0_d0.8_mss1_fvg0_hall
2026-01-15 02:19:00,-1,49131.063,49135.71985698305,bias0_d0.8_mss1_fvg0_hall
2026-01-15 08:26:00,-1,49116.456999999995,49129.1661533369,bias0_d0.8_mss1_fvg0_hall
2026-01-15 14:04:00,1,49109.719,49092.17270278381,bias0_d0.8_mss1_fvg0_hall
2026-01-15 19:09:00,1,49547.307,49529.32914597916,bias0_d0.8_mss1_fvg0_hall
2026-01-16 14:30:00,1,49492.313,49447.575231559684,bias0_d0.8_mss1_fvg0_hall
2026-01-16 17:48:00,-1,49428.531,49436.74117399964,bias0_d0.8_mss1_fvg0_hall
2026-01-16 19:01:00,1,49470.178,49446.59173305592,bias0_d0.8_mss1_fvg0_hall
2026-01-19 01:00:00,-1,49042.138999999996,49050.30597637448,bias0_d0.8_mss1_fvg0_hall
2026-01-19 05:50:00,1,49002.133,48996.990314145965,bias0_d0.8_mss1_fvg0_hall
2026-01-19 05:51:00,-1,48999.783,49005.63365677523,bias0_d0.8_mss1_fvg0_hall
2026-01-19 08:00:00,1,48920.087,48914.710848456445,bias0_d0.8_mss1_fvg0_hall
2026-01-19 09:04:00,-1,49029.439,49040.76430049511,bias0_d0.8_mss1_fvg0_hall
2026-01-19 15:23:00,-1,48940.409,48955.081001941,bias0_d0.8_mss1_fvg0_hall
2026-01-19 17:05:00,1,48937.213,48921.629147606705,bias0_d0.8_mss1_fvg0_hall
2026-01-19 17:05:00,1,48937.213,48928.15066563479,bias0_d0.8_mss1_fvg0_hall
2026-01-19 17:05:00,1,48937.213,48929.66404666088,bias0_d0.8_mss1_fvg0_hall
2026-01-20 04:44:00,-1,48907.915,48913.181205602705,bias0_d0.8_mss1_fvg0_hall
2026-01-20 04:44:00,-1,48907.915,48913.18181948823,bias0_d0.8_mss1_fvg0_hall
2026-01-20 23:37:00,1,48548.725000000006,48542.1162796886,bias0_d0.8_mss1_fvg0_hall
2026-01-21 04:31:00,-1,48591.057,48601.23064408086,bias0_d0.8_mss1_fvg0_hall
2026-01-21 08:25:00,1,48584.807,48573.041717696906,bias0_d0.8_mss1_fvg0_hall
2026-01-21 08:25:00,1,48584.807,48573.428395004266,bias0_d0.8_mss1_fvg0_hall
2026-01-21 09:23:00,-1,48598.921,48606.95888836671,bias0_d0.8_mss1_fvg0_hall
2026-01-21 18:02:00,-1,48730.364,48778.01579837461,bias0_d0.8_mss1_fvg0_hall
2026-01-22 00:08:00,1,49135.845,49130.258044014336,bias0_d0.8_mss1_fvg0_hall
2026-01-22 19:00:00,1,49490.861000000004,49477.77656941997,bias0_d0.8_mss1_fvg0_hall
2026-01-23 00:03:00,-1,49341.695,49353.725011251845,bias0_d0.8_mss1_fvg0_hall
2026-01-23 00:03:00,-1,49341.695,49357.333567591,bias0_d0.8_mss1_fvg0_hall
2026-01-23 02:29:00,1,49410.587,49407.92908022981,bias0_d0.8_mss1_fvg0_hall
2026-01-23 05:03:00,-1,49419.807,49425.53590838423,bias0_d0.8_mss1_fvg0_hall
2026-01-23 05:44:00,-1,49428.909,49429.8488451081,bias0_d0.8_mss1_fvg0_hall
2026-01-23 05:44:00,-1,49428.909,49430.80444188609,bias0_d0.8_mss1_fvg0_hall
2026-01-23 08:14:00,-1,49399.563,49411.480533795526,bias0_d0.8_mss1_fvg0_hall
2026-01-23 17:32:00,-1,49162.169,49182.37279338908,bias0_d0.8_mss1_fvg0_hall
2026-01-23 18:38:00,1,48997.68,48985.36281792411,bias0_d0.8_mss1_fvg0_hall
2026-01-26 05:18:00,1,48976.551,48972.12687055817,bias0_d0.8_mss1_fvg0_hall
2026-01-26 13:45:00,1,49092.909,49080.11434306857,bias0_d0.8_mss1_fvg0_hall
2026-01-26 14:25:00,1,49159.939,49151.078024629,bias0_d0.8_mss1_fvg0_hall
2026-01-26 15:48:00,1,49288.213,49254.41961668958,bias0_d0.8_mss1_fvg0_hall
2026-01-27 00:02:00,-1,49249.665,49255.24867206215,bias0_d0.8_mss1_fvg0_hall
2026-01-27 01:15:00,1,49261.343,49255.29751420771,bias0_d0.8_mss1_fvg0_hall
2026-01-27 07:00:00,1,49369.987,49364.37676344777,bias0_d0.8_mss1_fvg0_hall
2026-01-27 20:45:00,-1,48992.663,49003.961093463244,bias0_d0.8_mss1_fvg0_hall
2026-01-27 20:49:00,1,48994.986,48969.12420104445,bias0_d0.8_mss1_fvg0_hall
2026-01-27 20:49:00,1,48994.986,48982.02862239841,bias0_d0.8_mss1_fvg0_hall
2026-01-28 02:29:00,-1,49004.957,49011.54521821975,bias0_d0.8_mss1_fvg0_hall
2026-01-28 10:36:00,1,49034.957,49025.6749827984,bias0_d0.8_mss1_fvg0_hall
2026-01-28 11:03:00,-1,49037.439,49050.1602267053,bias0_d0.8_mss1_fvg0_hall
2026-01-28 16:04:00,1,49013.485,48987.76299518774,bias0_d0.8_mss1_fvg0_hall
2026-01-28 16:19:00,-1,49042.979999999996,49056.40835803803,bias0_d0.8_mss1_fvg0_hall
2026-01-28 16:19:00,-1,49042.979999999996,49054.61570025858,bias0_d0.8_mss1_fvg0_hall
2026-01-28 17:24:00,-1,49061.793,49073.056613338355,bias0_d0.8_mss1_fvg0_hall
2026-01-28 19:29:00,-1,48962.164000000004,49010.47345168518,bias0_d0.8_mss1_fvg0_hall
2026-01-28 19:30:00,1,48989.869,48891.721917254974,bias0_d0.8_mss1_fvg0_hall
2026-01-28 20:50:00,1,48963.66,48934.447743319775,bias0_d0.8_mss1_fvg0_hall
2026-01-28 20:50:00,1,48963.66,48931.43285451122,bias0_d0.8_mss1_fvg0_hall
2026-01-29 01:28:00,1,48878.381,48866.65671266541,bias0_d0.8_mss1_fvg0_hall
2026-01-29 07:16:00,-1,49016.001,49027.68161816512,bias0_d0.8_mss1_fvg0_hall
2026-01-29 09:21:00,1,49091.869000000006,49082.9667241926,bias0_d0.8_mss1_fvg0_hall
2026-01-29 12:36:00,-1,49085.489,49104.97301008059,bias0_d0.8_mss1_fvg0_hall
2026-01-29 13:43:00,1,49055.781,49033.06356326101,bias0_d0.8_mss1_fvg0_hall
2026-01-29 18:59:00,-1,48911.094,48926.23963208184,bias0_d0.8_mss1_fvg0_hall
2026-01-29 19:05:00,1,48875.47,48853.99810080182,bias0_d0.8_mss1_fvg0_hall
2026-01-30 05:03:00,1,48855.151,48840.523347289636,bias0_d0.8_mss1_fvg0_hall
2026-01-30 19:29:00,-1,48841.213,48902.55753605883,bias0_d0.8_mss1_fvg0_hall
2026-01-30 19:59:00,-1,48858.427,48879.55242241485,bias0_d0.8_mss1_fvg0_hall
2026-02-02 10:36:00,-1,48774.243,48782.14350986392,bias0_d0.8_mss1_fvg0_hall
2026-02-02 13:23:00,1,48837.093,48820.66209986235,bias0_d0.8_mss1_fvg0_hall
2026-02-02 13:23:00,1,48837.093,48817.703478443604,bias0_d0.8_mss1_fvg0_hall
2026-02-02 13:23:00,1,48837.093,48819.0167728405,bias0_d0.8_mss1_fvg0_hall
2026-02-02 14:32:00,1,48816.207,48708.01574091954,bias0_d0.8_mss1_fvg0_hall
2026-02-02 14:34:00,1,48930.231,48875.185187996714,bias0_d0.8_mss1_fvg0_hall
2026-02-02 20:37:00,-1,49415.689,49431.21087466934,bias0_d0.8_mss1_fvg0_hall
2026-02-03 01:24:00,-1,49434.469,49440.51320364947,bias0_d0.8_mss1_fvg0_hall
2026-02-03 07:06:00,-1,49443.463,49448.65129426228,bias0_d0.8_mss1_fvg0_hall
2026-02-03 07:11:00,1,49447.695,49437.202008854714,bias0_d0.8_mss1_fvg0_hall
2026-02-03 15:49:00,1,49415.213,49390.67954902011,bias0_d0.8_mss1_fvg0_hall
2026-02-04 00:16:00,1,49279.757,49262.7644996124,bias0_d0.8_mss1_fvg0_hall
2026-02-04 05:06:00,1,49301.543,49296.07240396374,bias0_d0.8_mss1_fvg0_hall
2026-02-04 05:31:00,-1,49301.645000000004,49308.6962243369,bias0_d0.8_mss1_fvg0_hall
2026-02-04 05:55:00,-1,49308.263,49311.15668461409,bias0_d0.8_mss1_fvg0_hall
2026-02-04 14:27:00,1,49298.443,49294.638702366254,bias0_d0.8_mss1_fvg0_hall
2026-02-04 16:02:00,-1,49547.474,49633.65585135515,bias0_d0.8_mss1_fvg0_hall
2026-02-04 16:27:00,1,49516.643,49481.63554831656,bias0_d0.8_mss1_fvg0_hall
2026-02-04 18:55:00,1,49218.242,49180.453590662575,bias0_d0.8_mss1_fvg0_hall
2026-02-04 20:51:00,-1,49573.354,49611.11921555577,bias0_d0.8_mss1_fvg0_hall
2026-02-05 01:28:00,1,49497.909,49483.02162683891,bias0_d0.8_mss1_fvg0_hall
2026-02-05 06:10:00,1,49417.951,49404.79893619345,bias0_d0.8_mss1_fvg0_hall
2026-02-05 06:20:00,-1,49437.951,49445.7829507347,bias0_d0.8_mss1_fvg0_hall
2026-02-05 06:20:00,-1,49428.951,49437.38383996793,bias0_d0.8_mss1_fvg0_hall
2026-02-05 10:54:00,-1,49428.557,49445.61393511053,bias0_d0.8_mss1_fvg0_hall
2026-02-05 13:34:00,1,49329.219,49309.7652798666,bias0_d0.8_mss1_fvg0_hall
2026-02-05 16:16:00,1,48861.295,48819.7826919796,bias0_d0.8_mss1_fvg0_hall
2026-02-05 16:16:00,1,48861.295,48823.922028266774,bias0_d0.8_mss1_fvg0_hall
2026-02-05 17:48:00,-1,49214.943,49255.82430600288,bias0_d0.8_mss1_fvg0_hall
2026-02-06 03:11:00,-1,48847.969,48872.85561957023,bias0_d0.8_mss1_fvg0_hall
2026-02-06 03:39:00,-1,48851.207,48874.854119453805,bias0_d0.8_mss1_fvg0_hall
2026-02-06 03:39:00,-1,48851.207,48874.32909663567,bias0_d0.8_mss1_fvg0_hall
2026-02-06 08:02:00,-1,48872.719,48895.22914826857,bias0_d0.8_mss1_fvg0_hall
2026-02-06 08:42:00,1,48873.683000000005,48860.36516335041,bias0_d0.8_mss1_fvg0_hall
2026-02-06 10:23:00,-1,48992.831000000006,49010.95319367546,bias0_d0.8_mss1_fvg0_hall
2026-02-06 11:36:00,1,49124.475,49114.98931904023,bias0_d0.8_mss1_fvg0_hall
2026-02-06 12:35:00,-1,49173.963,49182.877961515725,bias0_d0.8_mss1_fvg0_hall
2026-02-06 14:28:00,1,49186.731,49163.91003398389,bias0_d0.8_mss1_fvg0_hall
2026-02-06 17:35:00,-1,49881.426999999996,49897.069557566465,bias0_d0.8_mss1_fvg0_hall
2026-02-09 02:07:00,1,50196.225000000006,50190.214693436035,bias0_d0.8_mss1_fvg0_hall
2026-02-09 02:32:00,1,50194.219,50186.60428301706,bias0_d0.8_mss1_fvg0_hall
2026-02-09 08:03:00,1,50171.439,50158.20720620889,bias0_d0.8_mss1_fvg0_hall
2026-02-09 08:03:00,1,50177.063,50157.52521555767,bias0_d0.8_mss1_fvg0_hall
2026-02-09 09:27:00,1,50185.183000000005,50176.2507198988,bias0_d0.8_mss1_fvg0_hall
2026-02-09 12:43:00,-1,50081.337,50092.968949620634,bias0_d0.8_mss1_fvg0_hall
2026-02-09 12:43:00,-1,50081.337,50093.745310362014,bias0_d0.8_mss1_fvg0_hall
2026-02-09 16:40:00,1,50094.603,50069.510447754765,bias0_d0.8_mss1_fvg0_hall
2026-02-09 16:40:00,1,50094.603,50082.59706577228,bias0_d0.8_mss1_fvg0_hall
2026-02-10 00:53:00,1,50082.951,50077.3486173258,bias0_d0.8_mss1_fvg0_hall
2026-02-10 08:18:00,-1,50119.969,50138.65249897551,bias0_d0.8_mss1_fvg0_hall
2026-02-10 10:34:00,1,50169.981,50155.49976131497,bias0_d0.8_mss1_fvg0_hall
2026-02-10 16:36:00,1,50349.119,50314.15091229434,bias0_d0.8_mss1_fvg0_hall
2026-02-10 16:36:00,1,50349.119,50314.05727570189,bias0_d0.8_mss1_fvg0_hall
2026-02-11 14:31:00,1,50405.487,50384.53445829519,bias0_d0.8_mss1_fvg0_hall
2026-02-11 14:31:00,1,50405.487,50370.05778270267,bias0_d0.8_mss1_fvg0_hall
2026-02-11 14:32:00,1,50450.44500000001,50399.87181467731,bias0_d0.8_mss1_fvg0_hall
2026-02-11 21:01:00,1,50142.24,50105.22976215552,bias0_d0.8_mss1_fvg0_hall
2026-02-11 21:01:00,1,50142.24,50113.79772553206,bias0_d0.8_mss1_fvg0_hall
2026-02-12 00:05:00,1,50108.381,50097.48694981871,bias0_d0.8_mss1_fvg0_hall
2026-02-12 02:02:00,-1,50202.501000000004,50217.338383140945,bias0_d0.8_mss1_fvg0_hall
2026-02-12 02:38:00,1,50186.251000000004,50180.89503851166,bias0_d0.8_mss1_fvg0_hall
2026-02-12 10:08:00,-1,50307.001,50318.19083999647,bias0_d0.8_mss1_fvg0_hall
2026-02-12 11:56:00,1,50277.739,50267.017173009466,bias0_d0.8_mss1_fvg0_hall
2026-02-12 17:46:00,-1,49588.891,49632.53231866471,bias0_d0.8_mss1_fvg0_hall
2026-02-12 19:15:00,1,49616.576,49594.697964360246,bias0_d0.8_mss1_fvg0_hall
2026-02-13 01:45:00,-1,49478.421,49489.36168331581,bias0_d0.8_mss1_fvg0_hall
2026-02-13 07:28:00,-1,49381.207,49392.7119813092,bias0_d0.8_mss1_fvg0_hall
2026-02-13 07:54:00,1,49349.957,49337.639356060245,bias0_d0.8_mss1_fvg0_hall
2026-02-13 08:44:00,1,49372.087,49344.98466425757,bias0_d0.8_mss1_fvg0_hall
2026-02-13 09:54:00,-1,49381.569,49397.69742370368,bias0_d0.8_mss1_fvg0_hall
2026-02-13 10:14:00,1,49347.551,49339.95800562034,bias0_d0.8_mss1_fvg0_hall
2026-02-13 11:35:00,1,49244.487,49232.55478543422,bias0_d0.8_mss1_fvg0_hall
2026-02-13 12:58:00,-1,49339.706999999995,49374.258799467134,bias0_d0.8_mss1_fvg0_hall
2026-02-16 01:42:00,1,49557.807,49553.16841705799,bias0_d0.8_mss1_fvg0_hall
2026-02-16 09:25:00,1,49726.213,49711.895639320486,bias0_d0.8_mss1_fvg0_hall
2026-02-16 17:55:00,-1,49548.433000000005,49561.863918307,bias0_d0.8_mss1_fvg0_hall
2026-02-17 08:34:00,-1,49475.463,49493.02379963877,bias0_d0.8_mss1_fvg0_hall
2026-02-17 11:28:00,1,49408.313,49394.488834080825,bias0_d0.8_mss1_fvg0_hall
2026-02-17 11:28:00,1,49408.313,49391.87808878934,bias0_d0.8_mss1_fvg0_hall
2026-02-17 13:47:00,-1,49390.19500000001,49415.326242855175,bias0_d0.8_mss1_fvg0_hall
2026-02-17 13:50:00,1,49410.481,49366.49213437528,bias0_d0.8_mss1_fvg0_hall
2026-02-17 18:21:00,1,49417.561,49370.43269440123,bias0_d0.8_mss1_fvg0_hall
2026-02-17 20:16:00,1,49586.526,49566.0523707801,bias0_d0.8_mss1_fvg0_hall
2026-02-18 00:01:00,1,49482.319,49472.557167332336,bias0_d0.8_mss1_fvg0_hall
2026-02-18 01:40:00,1,49496.939,49487.32696708848,bias0_d0.8_mss1_fvg0_hall
2026-02-18 01:40:00,1,49496.939,49488.57601229644,bias0_d0.8_mss1_fvg0_hall
2026-02-18 06:15:00,1,49579.481,49576.325851388545,bias0_d0.8_mss1_fvg0_hall
2026-02-18 06:15:00,1,49579.481,49573.72053206462,bias0_d0.8_mss1_fvg0_hall
2026-02-18 06:15:00,1,49579.481,49576.28247977429,bias0_d0.8_mss1_fvg0_hall
2026-02-18 06:37:00,1,49578.963,49575.52111339005,bias0_d0.8_mss1_fvg0_hall
2026-02-18 06:37:00,1,49589.743,49579.56413386219,bias0_d0.8_mss1_fvg0_hall
2026-02-18 10:58:00,1,49780.689,49772.89321853716,bias0_d0.8_mss1_fvg0_hall
2026-02-18 16:07:00,1,49863.674,49805.943980033066,bias0_d0.8_mss1_fvg0_hall
2026-02-19 04:24:00,-1,49658.107,49666.844323761135,bias0_d0.8_mss1_fvg0_hall
2026-02-19 10:51:00,-1,49481.025,49492.52560610609,bias0_d0.8_mss1_fvg0_hall
2026-02-19 12:01:00,-1,49509.519,49522.36975857361,bias0_d0.8_mss1_fvg0_hall
2026-02-19 12:01:00,-1,49486.459,49505.553361532635,bias0_d0.8_mss1_fvg0_hall
2026-02-19 14:29:00,1,49498.989,49479.900460359684,bias0_d0.8_mss1_fvg0_hall
2026-02-19 17:46:00,-1,49382.488,49418.77967299493,bias0_d0.8_mss1_fvg0_hall
2026-02-20 04:19:00,-1,49463.457,49469.64311669827,bias0_d0.8_mss1_fvg0_hall
2026-02-20 08:22:00,-1,49473.057,49481.245325326716,bias0_d0.8_mss1_fvg0_hall
2026-02-20 20:56:00,1,49580.702,49557.990251207506,bias0_d0.8_mss1_fvg0_hall
2026-02-20 20:56:00,1,49580.702,49560.95719754983,bias0_d0.8_mss1_fvg0_hall
2026-02-23 03:06:00,1,49326.933000000005,49320.74224203257,bias0_d0.8_mss1_fvg0_hall
2026-02-23 03:06:00,1,49326.933000000005,49319.57024746685,bias0_d0.8_mss1_fvg0_hall
2026-02-23 04:08:00,1,49298.921,49293.84559184419,bias0_d0.8_mss1_fvg0_hall
2026-02-23 11:05:00,1,49498.165,49487.03901034619,bias0_d0.8_mss1_fvg0_hall
2026-02-23 19:48:00,1,48792.316,48751.70763940408,bias0_d0.8_mss1_fvg0_hall
2026-02-23 19:48:00,1,48807.424,48768.399515160934,bias0_d0.8_mss1_fvg0_hall
2026-02-24 01:20:00,1,48832.963,48820.927110353776,bias0_d0.8_mss1_fvg0_hall
2026-02-24 01:20:00,1,48832.963,48821.56143104279,bias0_d0.8_mss1_fvg0_hall
2026-02-24 02:13:00,1,48844.951,48833.96728572569,bias0_d0.8_mss1_fvg0_hall
2026-02-24 04:21:00,1,48871.231,48864.30367913701,bias0_d0.8_mss1_fvg0_hall
2026-02-24 12:01:00,1,48929.457,48913.59992043619,bias0_d0.8_mss1_fvg0_hall
2026-02-24 14:32:00,1,48852.951,48827.98918793224,bias0_d0.8_mss1_fvg0_hall
2026-02-24 14:32:00,1,48852.951,48801.476574084234,bias0_d0.8_mss1_fvg0_hall
2026-02-24 23:34:00,1,49171.483,49158.97576684356,bias0_d0.8_mss1_fvg0_hall
2026-02-25 00:27:00,-1,49168.024999999994,49173.19094927383,bias0_d0.8_mss1_fvg0_hall
2026-02-25 00:27:00,-1,49168.024999999994,49172.46869575426,bias0_d0.8_mss1_fvg0_hall
2026-02-25 09:10:00,1,49231.013,49218.00095514099,bias0_d0.8_mss1_fvg0_hall
2026-02-25 15:34:00,-1,49264.57000000001,49285.02241532907,bias0_d0.8_mss1_fvg0_hall
2026-02-25 15:34:00,-1,49264.57000000001,49293.21104994842,bias0_d0.8_mss1_fvg0_hall
2026-02-25 15:34:00,-1,49264.57000000001,49285.829074952104,bias0_d0.8_mss1_fvg0_hall
2026-02-25 20:01:00,1,49481.809,49468.070893985205,bias0_d0.8_mss1_fvg0_hall
2026-02-25 20:48:00,1,49486.728,49472.254121266014,bias0_d0.8_mss1_fvg0_hall
2026-02-25 21:02:00,-1,49489.041,49499.36222141205,bias0_d0.8_mss1_fvg0_hall
2026-02-25 21:03:00,-1,49483.123,49500.85563416833,bias0_d0.8_mss1_fvg0_hall
2026-02-25 21:03:00,-1,49483.123,49495.21845315631,bias0_d0.8_mss1_fvg0_hall
2026-02-25 21:03:00,-1,49483.123,49509.88976726232,bias0_d0.8_mss1_fvg0_hall
2026-02-26 01:15:00,1,49396.469,49378.946096410466,bias0_d0.8_mss1_fvg0_hall
2026-02-26 07:12:00,-1,49389.487,49394.84226096304,bias0_d0.8_mss1_fvg0_hall
2026-02-26 11:20:00,-1,49443.969,49448.300638331806,bias0_d0.8_mss1_fvg0_hall
2026-02-26 11:20:00,-1,49443.969,49447.734642235075,bias0_d0.8_mss1_fvg0_hall
2026-02-26 17:37:00,-1,49308.133,49335.946021264244,bias0_d0.8_mss1_fvg0_hall
2026-02-27 01:15:00,1,49223.557,49203.18396546024,bias0_d0.8_mss1_fvg0_hall
2026-02-27 08:34:00,-1,49294.795,49308.331599175464,bias0_d0.8_mss1_fvg0_hall
2026-02-27 10:02:00,-1,49281.057,49301.8755260259,bias0_d0.8_mss1_fvg0_hall
2026-02-27 10:31:00,-1,49244.693,49263.69830993709,bias0_d0.8_mss1_fvg0_hall
2026-02-27 10:47:00,-1,49256.045,49266.33317506408,bias0_d0.8_mss1_fvg0_hall
2026-02-27 10:47:00,-1,49256.045,49266.74480400933,bias0_d0.8_mss1_fvg0_hall
2026-02-27 14:35:00,-1,48996.057,49059.28946246556,bias0_d0.8_mss1_fvg0_hall
2026-02-27 14:35:00,-1,48947.699,49044.65347228945,bias0_d0.8_mss1_fvg0_hall
2026-02-27 17:14:00,-1,48933.433000000005,48955.775529719336,bias0_d0.8_mss1_fvg0_hall
2026-03-02 04:19:00,-1,48550.965,48578.16823076592,bias0_d0.8_mss1_fvg0_hall
2026-03-02 12:36:00,-1,48398.957,48416.72540719957,bias0_d0.8_mss1_fvg0_hall
2026-03-02 17:15:00,1,48902.147,48856.4408250224,bias0_d0.8_mss1_fvg0_hall
2026-03-02 17:15:00,1,48902.147,48867.5369375208,bias0_d0.8_mss1_fvg0_hall
2026-03-03 00:51:00,-1,48774.213,48785.46771807904,bias0_d0.8_mss1_fvg0_hall
2026-03-03 01:27:00,-1,48782.695,48791.986385915225,bias0_d0.8_mss1_fvg0_hall
2026-03-03 01:27:00,-1,48782.695,48801.40204703915,bias0_d0.8_mss1_fvg0_hall
2026-03-03 09:38:00,1,48179.301,48160.49450163962,bias0_d0.8_mss1_fvg0_hall
2026-03-03 10:41:00,1,48009.969,47980.46032211387,bias0_d0.8_mss1_fvg0_hall
2026-03-03 13:16:00,1,48176.707,48145.553942911356,bias0_d0.8_mss1_fvg0_hall
2026-03-03 23:54:00,-1,48439.457,48452.76452642777,bias0_d0.8_mss1_fvg0_hall
2026-03-04 05:04:00,-1,48343.493,48368.539913286164,bias0_d0.8_mss1_fvg0_hall
2026-03-04 12:03:00,1,48541.195,48519.95058242574,bias0_d0.8_mss1_fvg0_hall
2026-03-05 00:47:00,-1,48804.381,48814.032748576676,bias0_d0.8_mss1_fvg0_hall
2026-03-05 03:54:00,1,48553.689,48535.15517033556,bias0_d0.8_mss1_fvg0_hall
2026-03-05 10:20:00,-1,48664.349,48691.61506996346,bias0_d0.8_mss1_fvg0_hall
2026-03-06 00:51:00,-1,48038.701,48047.68816022407,bias0_d0.8_mss1_fvg0_hall
2026-03-06 00:51:00,-1,48038.701,48046.458708560545,bias0_d0.8_mss1_fvg0_hall
2026-03-06 01:04:00,1,48045.677,48022.13186530953,bias0_d0.8_mss1_fvg0_hall
2026-03-06 11:33:00,-1,47844.921,47882.46632135782,bias0_d0.8_mss1_fvg0_hall
2026-03-06 14:30:00,-1,47266.019,47343.41273969329,bias0_d0.8_mss1_fvg0_hall
2026-03-06 20:39:00,1,47444.426999999996,47410.17879073704,bias0_d0.8_mss1_fvg0_hall
2026-03-09 05:05:00,1,46471.313,46456.46833188931,bias0_d0.8_mss1_fvg0_hall
2026-03-09 08:22:00,1,46717.757,46675.65414956705,bias0_d0.8_mss1_fvg0_hall
2026-03-09 09:04:00,-1,46787.457,46821.51975461926,bias0_d0.8_mss1_fvg0_hall
2026-03-09 09:04:00,-1,46787.457,46825.27984357503,bias0_d0.8_mss1_fvg0_hall
2026-03-09 11:35:00,1,46888.921,46833.800971220895,bias0_d0.8_mss1_fvg0_hall
2026-03-09 11:35:00,1,46888.921,46842.72975899083,bias0_d0.8_mss1_fvg0_hall
2026-03-09 12:33:00,-1,47021.149000000005,47050.397519939215,bias0_d0.8_mss1_fvg0_hall
2026-03-09 12:33:00,-1,47021.149000000005,47044.763101376164,bias0_d0.8_mss1_fvg0_hall
2026-03-09 13:33:00,-1,47028.463,47089.2317199589,bias0_d0.8_mss1_fvg0_hall
2026-03-09 18:52:00,1,47157.164000000004,47133.2408810779,bias0_d0.8_mss1_fvg0_hall
2026-03-10 07:02:00,1,47652.951,47625.219037901414,bias0_d0.8_mss1_fvg0_hall
2026-03-10 13:33:00,-1,47677.213,47733.5391866663,bias0_d0.8_mss1_fvg0_hall
2026-03-10 19:21:00,-1,47866.176,47891.149365236895,bias0_d0.8_mss1_fvg0_hall
2026-03-10 19:21:00,-1,47866.176,47898.464705147766,bias0_d0.8_mss1_fvg0_hall
2026-03-10 23:45:00,1,47710.865000000005,47696.17770448394,bias0_d0.8_mss1_fvg0_hall
2026-03-10 23:45:00,1,47710.865000000005,47694.98334560904,bias0_d0.8_mss1_fvg0_hall
2026-03-11 02:35:00,1,47887.013,47882.03905340725,bias0_d0.8_mss1_fvg0_hall
2026-03-11 12:27:00,1,47647.169,47608.89446219916,bias0_d0.8_mss1_fvg0_hall
2026-03-11 12:33:00,-1,47638.701,47671.9350869403,bias0_d0.8_mss1_fvg0_hall
2026-03-11 12:33:00,-1,47638.701,47659.92769501599,bias0_d0.8_mss1_fvg0_hall
2026-03-12 14:03:00,1,46849.469,46780.34538201846,bias0_d0.8_mss1_fvg0_hall
2026-03-12 14:18:00,-1,46952.186,47003.32370919042,bias0_d0.8_mss1_fvg0_hall
2026-03-12 15:39:00,1,46706.493,46670.58123151373,bias0_d0.8_mss1_fvg0_hall
2026-03-12 17:45:00,-1,46892.581,46929.28421474619,bias0_d0.8_mss1_fvg0_hall
2026-03-12 18:18:00,-1,46863.638999999996,46881.45180614997,bias0_d0.8_mss1_fvg0_hall
2026-03-12 19:06:00,1,46743.251000000004,46718.658733418124,bias0_d0.8_mss1_fvg0_hall
2026-03-12 23:46:00,-1,46776.451,46794.56285147418,bias0_d0.8_mss1_fvg0_hall
2026-03-12 23:46:00,-1,46776.451,46794.02793351174,bias0_d0.8_mss1_fvg0_hall
2026-03-13 05:57:00,1,46843.951,46832.71150006381,bias0_d0.8_mss1_fvg0_hall
2026-03-13 11:44:00,1,46843.457,46808.7236667771,bias0_d0.8_mss1_fvg0_hall
2026-03-13 13:30:00,1,46903.415,46881.73761428025,bias0_d0.8_mss1_fvg0_hall
2026-03-16 01:03:00,-1,46726.857,46761.36542677039,bias0_d0.8_mss1_fvg0_hall
2026-03-16 07:09:00,-1,46791.733,46802.99502353504,bias0_d0.8_mss1_fvg0_hall
2026-03-16 08:55:00,1,46664.269,46644.328343954534,bias0_d0.8_mss1_fvg0_hall
2026-03-16 13:34:00,-1,46937.744999999995,46981.07972414871,bias0_d0.8_mss1_fvg0_hall
2026-03-16 13:34:00,-1,46929.683000000005,46961.74105813808,bias0_d0.8_mss1_fvg0_hall
2026-03-16 13:34:00,-1,46929.683000000005,46961.61959684251,bias0_d0.8_mss1_fvg0_hall
2026-03-16 13:40:00,1,46884.957,46855.742449868805,bias0_d0.8_mss1_fvg0_hall
2026-03-16 13:40:00,1,46938.989,46884.095989163885,bias0_d0.8_mss1_fvg0_hall
2026-03-16 16:21:00,-1,46957.44,46985.99957234908,bias0_d0.8_mss1_fvg0_hall
2026-03-16 17:48:00,-1,46887.547,46952.7269114466,bias0_d0.8_mss1_fvg0_hall
2026-03-16 19:09:00,1,46977.405,46959.17469165557,bias0_d0.8_mss1_fvg0_hall
2026-03-17 04:30:00,1,46820.781,46809.96261659664,bias0_d0.8_mss1_fvg0_hall
2026-03-17 07:02:00,1,46713.075,46701.52711989321,bias0_d0.8_mss1_fvg0_hall
2026-03-17 07:02:00,1,46714.032999999996,46701.40275031608,bias0_d0.8_mss1_fvg0_hall
2026-03-17 07:02:00,1,46714.032999999996,46698.12166022152,bias0_d0.8_mss1_fvg0_hall
2026-03-17 07:45:00,-1,46798.551,46806.463052063016,bias0_d0.8_mss1_fvg0_hall
2026-03-17 08:40:00,1,46758.015,46742.10684802422,bias0_d0.8_mss1_fvg0_hall
2026-03-17 10:06:00,-1,46936.693,46947.35674622972,bias0_d0.8_mss1_fvg0_hall
2026-03-17 17:43:00,-1,47107.517,47123.282045179556,bias0_d0.8_mss1_fvg0_hall
2026-03-18 02:00:00,1,47073.951,47066.82105283619,bias0_d0.8_mss1_fvg0_hall
2026-03-18 09:40:00,-1,47259.701,47269.321574725705,bias0_d0.8_mss1_fvg0_hall
2026-03-18 09:43:00,1,47264.457,47247.039655466106,bias0_d0.8_mss1_fvg0_hall
2026-03-18 10:18:00,1,47256.463,47247.248576708276,bias0_d0.8_mss1_fvg0_hall
2026-03-18 13:30:00,-1,46771.451,46820.89186356891,bias0_d0.8_mss1_fvg0_hall
2026-03-18 13:32:00,1,46776.439,46713.1293124003,bias0_d0.8_mss1_fvg0_hall
2026-03-18 16:33:00,-1,46580.563,46617.068706558945,bias0_d0.8_mss1_fvg0_hall
2026-03-19 05:11:00,-1,46235.749,46244.73148231649,bias0_d0.8_mss1_fvg0_hall
2026-03-19 05:11:00,-1,46235.749,46245.488776436745,bias0_d0.8_mss1_fvg0_hall
2026-03-19 05:11:00,-1,46235.749,46241.798435262695,bias0_d0.8_mss1_fvg0_hall
2026-03-19 07:01:00,-1,46200.457,46220.61614121702,bias0_d0.8_mss1_fvg0_hall
2026-03-19 12:07:00,1,46028.099,46013.33994829892,bias0_d0.8_mss1_fvg0_hall
2026-03-19 20:07:00,1,46017.713,45992.78892013409,bias0_d0.8_mss1_fvg0_hall
2026-03-20 02:24:00,-1,46183.945,46192.59408754757,bias0_d0.8_mss1_fvg0_hall
2026-03-20 06:11:00,-1,46130.075,46138.01943473191,bias0_d0.8_mss1_fvg0_hall
2026-03-20 09:09:00,1,46076.171,46066.29421481638,bias0_d0.8_mss1_fvg0_hall
2026-03-20 09:15:00,-1,46071.487,46103.24221627129,bias0_d0.8_mss1_fvg0_hall
2026-03-20 13:35:00,-1,45922.713,45976.720654983445,bias0_d0.8_mss1_fvg0_hall
2026-03-20 13:44:00,1,45885.165,45852.40625985864,bias0_d0.8_mss1_fvg0_hall
2026-03-20 15:20:00,-1,45785.387,45843.02022084658,bias0_d0.8_mss1_fvg0_hall
2026-03-20 15:54:00,1,45759.941999999995,45722.07066015151,bias0_d0.8_mss1_fvg0_hall
2026-03-20 15:54:00,1,45759.941999999995,45721.94779871212,bias0_d0.8_mss1_fvg0_hall
2026-03-20 18:04:00,-1,45768.53999999999,45811.442188586,bias0_d0.8_mss1_fvg0_hall
2026-03-23 09:24:00,-1,45382.957,45426.896924091,bias0_d0.8_mss1_fvg0_hall
2026-03-23 17:09:00,1,46190.113,46172.58670923627,bias0_d0.8_mss1_fvg0_hall
2026-03-23 23:30:00,-1,46301.171,46309.37687799447,bias0_d0.8_mss1_fvg0_hall
2026-03-24 03:31:00,-1,45986.331000000006,45999.823486288915,bias0_d0.8_mss1_fvg0_hall
2026-03-24 08:02:00,1,46277.751000000004,46248.12341588856,bias0_d0.8_mss1_fvg0_hall
2026-03-24 13:41:00,-1,45847.683000000005,45907.996449918275,bias0_d0.8_mss1_fvg0_hall
2026-03-25 00:01:00,-1,46436.513,46458.27091839609,bias0_d0.8_mss1_fvg0_hall
2026-03-25 00:10:00,1,46441.269,46425.658418965926,bias0_d0.8_mss1_fvg0_hall
2026-03-25 08:36:00,-1,46617.265,46677.98501240887,bias0_d0.8_mss1_fvg0_hall
2026-03-25 08:36:00,-1,46617.265,46676.68549723681,bias0_d0.8_mss1_fvg0_hall
2026-03-25 15:06:00,-1,46522.282999999996,46556.93309529595,bias0_d0.8_mss1_fvg0_hall
2026-03-26 00:15:00,1,46360.263,46349.81024255947,bias0_d0.8_mss1_fvg0_hall
2026-03-26 01:32:00,1,46365.465,46347.52969131635,bias0_d0.8_mss1_fvg0_hall
2026-03-26 02:22:00,-1,46378.863,46386.57756603497,bias0_d0.8_mss1_fvg0_hall
2026-03-26 07:05:00,-1,46268.575,46291.576977395656,bias0_d0.8_mss1_fvg0_hall
2026-03-26 08:13:00,-1,46286.939,46309.228623782044,bias0_d0.8_mss1_fvg0_hall
2026-03-26 09:05:00,1,46164.493,46124.74954065494,bias0_d0.8_mss1_fvg0_hall
2026-03-26 10:05:00,1,46105.695,46065.25696109168,bias0_d0.8_mss1_fvg0_hall
2026-03-26 14:31:00,1,46492.319,46437.40381768099,bias0_d0.8_mss1_fvg0_hall
2026-03-27 01:05:00,1,46072.119000000006,46042.918588809225,bias0_d0.8_mss1_fvg0_hall
2026-03-27 12:41:00,1,45780.820999999996,45761.76456805035,bias0_d0.8_mss1_fvg0_hall
2026-03-27 13:30:00,-1,45751.393,45779.98599470627,bias0_d0.8_mss1_fvg0_hall
2026-03-27 14:47:00,1,45547.827000000005,45487.32148085242,bias0_d0.8_mss1_fvg0_hall
2026-03-30 00:17:00,1,44884.781,44844.52725894027,bias0_d0.8_mss1_fvg0_hall
2026-03-30 00:17:00,1,44884.781,44844.15605473025,bias0_d0.8_mss1_fvg0_hall
2026-03-30 01:15:00,-1,44900.393,44917.534571867276,bias0_d0.8_mss1_fvg0_hall
2026-03-30 09:39:00,1,45326.951,45305.672212339654,bias0_d0.8_mss1_fvg0_hall
2026-03-30 15:56:00,-1,45600.96,45618.316435284934,bias0_d0.8_mss1_fvg0_hall
2026-03-30 23:00:00,-1,45230.949,45252.43667091243,bias0_d0.8_mss1_fvg0_hall
2026-03-31 00:00:00,1,45148.837,45127.71122136589,bias0_d0.8_mss1_fvg0_hall
2026-03-31 03:36:00,-1,45650.926999999996,45675.31453304643,bias0_d0.8_mss1_fvg0_hall
2026-03-31 03:50:00,1,45648.457,45625.26466730109,bias0_d0.8_mss1_fvg0_hall
2026-03-31 09:30:00,-1,45646.763000000006,45667.39762440731,bias0_d0.8_mss1_fvg0_hall
2026-03-31 09:55:00,-1,45622.165,45655.110150507484,bias0_d0.8_mss1_fvg0_hall
2026-03-31 12:10:00,-1,45718.219,45741.98044347201,bias0_d0.8_mss1_fvg0_hall
2026-03-31 12:10:00,-1,45718.219,45742.783240366865,bias0_d0.8_mss1_fvg0_hall
2026-03-31 12:10:00,-1,45718.219,45774.158101132656,bias0_d0.8_mss1_fvg0_hall
2026-03-31 13:32:00,-1,45682.819,45748.84019993011,bias0_d0.8_mss1_fvg0_hall
2026-03-31 17:38:00,-1,46191.903,46220.41430863515,bias0_d0.8_mss1_fvg0_hall
2026-04-01 08:54:00,-1,46586.998999999996,46599.506231796455,bias0_d0.8_mss1_fvg0_hall
2026-04-01 08:54:00,-1,46586.998999999996,46602.60757238242,bias0_d0.8_mss1_fvg0_hall
2026-04-01 08:54:00,-1,46577.157,46602.45619355838,bias0_d0.8_mss1_fvg0_hall
2026-04-01 10:41:00,1,46562.869000000006,46534.38509232592,bias0_d0.8_mss1_fvg0_hall
2026-04-01 10:41:00,1,46562.869000000006,46542.847300016925,bias0_d0.8_mss1_fvg0_hall
2026-04-01 14:26:00,-1,46545.941999999995,46633.568869219416,bias0_d0.8_mss1_fvg0_hall
2026-04-01 15:19:00,1,46755.242,46735.183117251196,bias0_d0.8_mss1_fvg0_hall
2026-04-01 15:36:00,1,46747.282,46725.17739242402,bias0_d0.8_mss1_fvg0_hall
2026-04-01 23:50:00,-1,46570.089,46591.51712752424,bias0_d0.8_mss1_fvg0_hall
2026-04-02 00:35:00,1,46544.189,46521.65300666542,bias0_d0.8_mss1_fvg0_hall
2026-04-02 00:33:00,1,46544.189,46521.23539190361,bias0_d0.8_mss1_fvg0_hall
2026-04-02 01:00:00,-1,46646.057,46692.25989236346,bias0_d0.8_mss1_fvg0_hall
2026-04-02 02:08:00,-1,46203.633,46249.373701882156,bias0_d0.8_mss1_fvg0_hall
2026-04-02 05:26:00,1,46076.577000000005,46066.60997445419,bias0_d0.8_mss1_fvg0_hall
2026-04-02 13:30:00,-1,45970.077000000005,46029.40303402128,bias0_d0.8_mss1_fvg0_hall
2026-04-06 04:35:00,1,46388.683000000005,46376.83532581525,bias0_d0.8_mss1_fvg0_hall
2026-04-06 12:23:00,1,46432.569,46418.7000829769,bias0_d0.8_mss1_fvg0_hall
2026-04-06 13:32:00,-1,46462.475000000006,46504.230388274045,bias0_d0.8_mss1_fvg0_hall
2026-04-07 02:11:00,1,46496.456999999995,46483.51293348703,bias0_d0.8_mss1_fvg0_hall
2026-04-07 04:23:00,1,46533.44500000001,46514.22843112756,bias0_d0.8_mss1_fvg0_hall
2026-04-07 04:23:00,1,46533.44500000001,46515.63834318988,bias0_d0.8_mss1_fvg0_hall
2026-04-07 05:24:00,-1,46580.581000000006,46586.09726315408,bias0_d0.8_mss1_fvg0_hall
2026-04-07 08:00:00,1,46557.171,46552.65804683103,bias0_d0.8_mss1_fvg0_hall
2026-04-07 10:03:00,-1,46768.125,46798.539482965025,bias0_d0.8_mss1_fvg0_hall
2026-04-07 11:29:00,-1,46521.725000000006,46549.48615208994,bias0_d0.8_mss1_fvg0_hall
2026-04-07 12:06:00,1,46472.463,46452.56321872655,bias0_d0.8_mss1_fvg0_hall
2026-04-07 12:06:00,1,46472.463,46448.79354596036,bias0_d0.8_mss1_fvg0_hall
2026-04-07 12:53:00,1,46490.739,46475.586362869486,bias0_d0.8_mss1_fvg0_hall
2026-04-07 13:52:00,1,46383.915,46315.15123713127,bias0_d0.8_mss1_fvg0_hall
2026-04-07 22:33:00,1,46987.527,46959.315118514416,bias0_d0.8_mss1_fvg0_hall
2026-04-08 00:03:00,-1,47521.189,47559.55439378233,bias0_d0.8_mss1_fvg0_hall
2026-04-08 09:44:00,-1,47751.707,47768.872224894585,bias0_d0.8_mss1_fvg0_hall
2026-04-08 11:56:00,-1,47884.975000000006,47915.7620943333,bias0_d0.8_mss1_fvg0_hall
2026-04-08 11:56:00,-1,47884.975000000006,47916.71483045235,bias0_d0.8_mss1_fvg0_hall
2026-04-08 13:51:00,-1,47935.44500000001,48044.35824229693,bias0_d0.8_mss1_fvg0_hall
2026-04-08 13:51:00,-1,47935.44500000001,48016.22405356143,bias0_d0.8_mss1_fvg0_hall
2026-04-08 23:19:00,-1,47893.451,47903.994736255154,bias0_d0.8_mss1_fvg0_hall
2026-04-08 23:19:00,-1,47893.451,47903.552483665495,bias0_d0.8_mss1_fvg0_hall
2026-04-09 02:45:00,1,47849.813,47836.965494583514,bias0_d0.8_mss1_fvg0_hall
2026-04-09 08:50:00,-1,47745.969,47753.4261566081,bias0_d0.8_mss1_fvg0_hall
2026-04-09 19:55:00,-1,48212.355,48250.39498242843,bias0_d0.8_mss1_fvg0_hall
2026-04-09 22:29:00,-1,48170.151,48190.65098953957,bias0_d0.8_mss1_fvg0_hall
2026-04-10 00:58:00,1,48150.993,48141.431483888984,bias0_d0.8_mss1_fvg0_hall
2026-04-10 03:33:00,1,48135.725,48129.870391091456,bias0_d0.8_mss1_fvg0_hall
2026-04-10 07:13:00,-1,48116.409,48128.89680163271,bias0_d0.8_mss1_fvg0_hall
2026-04-10 13:30:00,-1,48195.195,48229.33203242843,bias0_d0.8_mss1_fvg0_hall
2026-04-10 14:29:00,1,48088.933000000005,48055.28617651482,bias0_d0.8_mss1_fvg0_hall
2026-04-13 02:33:00,-1,47529.421,47533.28591070827,bias0_d0.8_mss1_fvg0_hall
2026-04-13 02:33:00,-1,47529.421,47535.22388423315,bias0_d0.8_mss1_fvg0_hall
2026-04-13 10:20:00,1,47662.213,47654.781285213394,bias0_d0.8_mss1_fvg0_hall
2026-04-13 18:00:00,1,47926.07,47912.55070397372,bias0_d0.8_mss1_fvg0_hall
2026-04-13 23:49:00,-1,48226.731,48236.494613339535,bias0_d0.8_mss1_fvg0_hall
2026-04-14 07:42:00,-1,48280.707,48292.095404654516,bias0_d0.8_mss1_fvg0_hall
2026-04-14 08:06:00,1,48268.469,48252.65210137141,bias0_d0.8_mss1_fvg0_hall
2026-04-14 12:29:00,1,48233.713,48218.09857371474,bias0_d0.8_mss1_fvg0_hall
2026-04-14 14:45:00,1,48392.775,48374.76376282392,bias0_d0.8_mss1_fvg0_hall
2026-04-14 23:52:00,-1,48568.707,48578.01872266148,bias0_d0.8_mss1_fvg0_hall
2026-04-14 23:52:00,-1,48568.707,48582.13198637648,bias0_d0.8_mss1_fvg0_hall
2026-04-15 05:37:00,-1,48518.725000000006,48526.375314187564,bias0_d0.8_mss1_fvg0_hall
2026-04-15 09:03:00,-1,48529.825,48544.31385039855,bias0_d0.8_mss1_fvg0_hall
2026-04-15 09:03:00,-1,48529.825,48544.66518965579,bias0_d0.8_mss1_fvg0_hall
2026-04-15 11:48:00,-1,48542.477,48561.41684937804,bias0_d0.8_mss1_fvg0_hall
2026-04-15 15:54:00,-1,48335.828,48356.930296055376,bias0_d0.8_mss1_fvg0_hall
2026-04-15 18:40:00,-1,48427.278000000006,48436.711753749434,bias0_d0.8_mss1_fvg0_hall
2026-04-15 23:09:00,-1,48520.689,48527.542025127135,bias0_d0.8_mss1_fvg0_hall
2026-04-16 00:04:00,-1,48536.189,48545.08661806451,bias0_d0.8_mss1_fvg0_hall
2026-04-16 09:22:00,-1,48487.469,48496.80181518687,bias0_d0.8_mss1_fvg0_hall
2026-04-16 12:25:00,1,48551.945,48547.941904492196,bias0_d0.8_mss1_fvg0_hall
2026-04-16 13:30:00,1,48566.915,48518.97006469132,bias0_d0.8_mss1_fvg0_hall
2026-04-16 19:13:00,-1,48556.751000000004,48566.70014003294,bias0_d0.8_mss1_fvg0_hall
2026-04-16 19:13:00,-1,48556.751000000004,48566.31268003058,bias0_d0.8_mss1_fvg0_hall
2026-04-17 01:23:00,-1,48653.213,48661.631008428805,bias0_d0.8_mss1_fvg0_hall
2026-04-17 01:50:00,-1,48655.433000000005,48663.504377401325,bias0_d0.8_mss1_fvg0_hall
2026-04-17 04:04:00,1,48639.195,48634.67208299694,bias0_d0.8_mss1_fvg0_hall
2026-04-17 07:01:00,1,48690.956999999995,48681.65277356984,bias0_d0.8_mss1_fvg0_hall
2026-04-17 07:50:00,1,48694.849,48688.35998545461,bias0_d0.8_mss1_fvg0_hall
2026-04-17 13:31:00,1,49119.549,49096.57790406903,bias0_d0.8_mss1_fvg0_hall
2026-04-17 13:31:00,1,49156.087,49106.62508507276,bias0_d0.8_mss1_fvg0_hall
2026-04-20 04:43:00,1,49070.963,49064.300158424834,bias0_d0.8_mss1_fvg0_hall
2026-04-20 06:56:00,1,49089.671,49061.412636400215,bias0_d0.8_mss1_fvg0_hall
2026-04-20 07:28:00,-1,49133.475,49161.6754744076,bias0_d0.8_mss1_fvg0_hall
2026-04-20 08:00:00,1,49049.933000000005,49041.390927821485,bias0_d0.8_mss1_fvg0_hall
2026-04-20 08:00:00,1,49059.707,49049.92206154852,bias0_d0.8_mss1_fvg0_hall
2026-04-20 11:33:00,1,49154.926999999996,49133.67531918874,bias0_d0.8_mss1_fvg0_hall
2026-04-20 11:33:00,1,49154.926999999996,49132.09051067526,bias0_d0.8_mss1_fvg0_hall
2026-04-20 17:01:00,-1,49370.785,49381.75527516241,bias0_d0.8_mss1_fvg0_hall
2026-04-20 17:01:00,-1,49370.785,49381.6884483651,bias0_d0.8_mss1_fvg0_hall
2026-04-20 17:01:00,-1,49370.785,49383.89253966174,bias0_d0.8_mss1_fvg0_hall
2026-04-20 17:04:00,-1,49367.967000000004,49388.69129397162,bias0_d0.8_mss1_fvg0_hall
2026-04-20 18:05:00,1,49343.898,49334.95425183076,bias0_d0.8_mss1_fvg0_hall
2026-04-21 11:09:00,-1,49752.713,49769.50046054475,bias0_d0.8_mss1_fvg0_hall
2026-04-21 11:09:00,-1,49752.713,49767.516384791554,bias0_d0.8_mss1_fvg0_hall
2026-04-21 23:20:00,-1,49336.887,49344.22983591455,bias0_d0.8_mss1_fvg0_hall
2026-04-22 02:24:00,-1,49400.393,49408.56610834164,bias0_d0.8_mss1_fvg0_hall
2026-04-22 03:30:00,1,49383.315,49376.79691062206,bias0_d0.8_mss1_fvg0_hall
2026-04-22 07:43:00,1,49434.339,49415.98588652458,bias0_d0.8_mss1_fvg0_hall
2026-04-22 09:22:00,1,49399.357,49389.95170199671,bias0_d0.8_mss1_fvg0_hall
2026-04-22 11:20:00,1,49392.577000000005,49374.36058444847,bias0_d0.8_mss1_fvg0_hall
2026-04-22 12:29:00,-1,49513.369000000006,49547.75989764132,bias0_d0.8_mss1_fvg0_hall
2026-04-22 13:30:00,-1,49509.827000000005,49557.65397615203,bias0_d0.8_mss1_fvg0_hall
2026-04-22 17:01:00,1,49430.776,49395.56530533248,bias0_d0.8_mss1_fvg0_hall
2026-04-22 19:34:00,-1,49412.968,49423.09622190258,bias0_d0.8_mss1_fvg0_hall
2026-04-23 05:31:00,1,49159.706999999995,49155.07694571444,bias0_d0.8_mss1_fvg0_hall
2026-04-23 13:22:00,1,49234.727,49218.025372518874,bias0_d0.8_mss1_fvg0_hall
2026-04-23 17:01:00,-1,49419.998,49432.41970022881,bias0_d0.8_mss1_fvg0_hall
2026-04-23 19:35:00,-1,49312.403,49335.725865366294,bias0_d0.8_mss1_fvg0_hall
2026-04-24 05:15:00,1,49197.493,49189.46625660411,bias0_d0.8_mss1_fvg0_hall
2026-04-24 06:25:00,-1,49240.69500000001,49256.387980209984,bias0_d0.8_mss1_fvg0_hall
2026-04-24 08:04:00,-1,49245.257,49259.027846852376,bias0_d0.8_mss1_fvg0_hall
2026-04-24 13:31:00,-1,49306.695,49350.38204122439,bias0_d0.8_mss1_fvg0_hall
2026-04-24 17:05:00,-1,49162.94500000001,49189.220760187345,bias0_d0.8_mss1_fvg0_hall
2026-04-24 17:05:00,-1,49162.94500000001,49184.10492731682,bias0_d0.8_mss1_fvg0_hall
2026-04-24 17:05:00,-1,49162.94500000001,49188.19602536562,bias0_d0.8_mss1_fvg0_hall
2026-04-27 00:42:00,1,49103.599,49087.417536115674,bias0_d0.8_mss1_fvg0_hall
2026-04-27 03:00:00,1,49190.963,49181.11732156833,bias0_d0.8_mss1_fvg0_hall
2026-04-27 03:57:00,-1,49191.713,49195.08399307315,bias0_d0.8_mss1_fvg0_hall
2026-04-27 06:09:00,1,49114.439,49105.863793665805,bias0_d0.8_mss1_fvg0_hall
2026-04-27 17:39:00,-1,49188.878,49193.85078095131,bias0_d0.8_mss1_fvg0_hall
2026-04-27 17:38:00,-1,49172.235,49188.23663945479,bias0_d0.8_mss1_fvg0_hall
2026-04-28 03:07:00,1,49227.451,49218.88029421411,bias0_d0.8_mss1_fvg0_hall
2026-04-28 13:32:00,-1,49282.469,49314.18488190949,bias0_d0.8_mss1_fvg0_hall
2026-04-29 11:39:00,-1,49171.918999999994,49176.31153297584,bias0_d0.8_mss1_fvg0_hall
2026-04-29 11:39:00,-1,49171.918999999994,49184.94331587023,bias0_d0.8_mss1_fvg0_hall
2026-04-29 13:19:00,-1,49148.282999999996,49169.63213913721,bias0_d0.8_mss1_fvg0_hall
2026-04-30 00:09:00,1,48710.494999999995,48696.909465948185,bias0_d0.8_mss1_fvg0_hall
2026-04-30 00:36:00,-1,48705.269,48717.741839028764,bias0_d0.8_mss1_fvg0_hall
2026-04-30 00:40:00,1,48706.399000000005,48697.07863060963,bias0_d0.8_mss1_fvg0_hall
2026-04-30 00:40:00,1,48706.399000000005,48700.0484998518,bias0_d0.8_mss1_fvg0_hall
2026-04-30 07:50:00,-1,48627.239,48638.43235076102,bias0_d0.8_mss1_fvg0_hall
2026-04-30 11:48:00,1,49156.27099999999,49137.42170550278,bias0_d0.8_mss1_fvg0_hall
2026-04-30 17:30:00,1,49541.069,49524.99931022052,bias0_d0.8_mss1_fvg0_hall
2026-04-30 19:53:00,-1,49727.394,49758.59847797292,bias0_d0.8_mss1_fvg0_hall
2026-05-01 11:17:00,1,49814.445,49800.538151325745,bias0_d0.8_mss1_fvg0_hall
2026-05-01 19:31:00,-1,49599.444,49621.19395257914,bias0_d0.8_mss1_fvg0_hall
2026-05-04 02:58:00,-1,49467.671,49475.18461794174,bias0_d0.8_mss1_fvg0_hall
2026-05-04 13:30:00,-1,49322.421,49369.88075059975,bias0_d0.8_mss1_fvg0_hall
2026-05-04 14:12:00,1,49278.949,49246.08266398221,bias0_d0.8_mss1_fvg0_hall
2026-05-04 19:50:00,-1,48942.365,48960.600811929,bias0_d0.8_mss1_fvg0_hall
2026-05-05 03:47:00,1,49005.19500000001,49001.44541862015,bias0_d0.8_mss1_fvg0_hall
2026-05-05 03:46:00,1,49005.19500000001,49002.052427279625,bias0_d0.8_mss1_fvg0_hall
2026-05-05 11:01:00,-1,49084.689,49109.766664569266,bias0_d0.8_mss1_fvg0_hall
2026-05-05 13:32:00,-1,49182.237,49206.92911176203,bias0_d0.8_mss1_fvg0_hall
2026-05-05 16:34:00,-1,49218.333,49232.30493879351,bias0_d0.8_mss1_fvg0_hall
2026-05-05 18:07:00,1,49251.115,49241.95212772058,bias0_d0.8_mss1_fvg0_hall
2026-05-06 19:50:00,1,49961.615999999995,49952.083195620544,bias0_d0.8_mss1_fvg0_hall
2026-05-07 01:00:00,-1,49939.44500000001,49949.83214823654,bias0_d0.8_mss1_fvg0_hall
2026-05-07 03:27:00,1,49967.213,49959.770157829415,bias0_d0.8_mss1_fvg0_hall
2026-05-07 05:47:00,-1,49990.945,49994.04179724073,bias0_d0.8_mss1_fvg0_hall
2026-05-07 13:17:00,1,49983.456999999995,49962.574569952434,bias0_d0.8_mss1_fvg0_hall
2026-05-07 17:25:00,-1,49662.804000000004,49700.90485163703,bias0_d0.8_mss1_fvg0_hall
2026-05-07 17:56:00,1,49526.621,49508.95470469403,bias0_d0.8_mss1_fvg0_hall
2026-05-08 06:00:00,-1,49664.951,49669.252166691294,bias0_d0.8_mss1_fvg0_hall
2026-05-08 06:00:00,-1,49664.951,49670.21066907049,bias0_d0.8_mss1_fvg0_hall
2026-05-08 07:02:00,-1,49688.475000000006,49696.0085115341,bias0_d0.8_mss1_fvg0_hall
2026-05-08 08:18:00,1,49660.837,49649.40389102256,bias0_d0.8_mss1_fvg0_hall
2026-05-08 08:18:00,1,49660.837,49651.97509880666,bias0_d0.8_mss1_fvg0_hall
2026-05-08 11:00:00,1,49739.301,49726.55338178405,bias0_d0.8_mss1_fvg0_hall
2026-05-08 12:30:00,1,49786.057,49745.400953025506,bias0_d0.8_mss1_fvg0_hall
2026-05-11 00:09:00,-1,49462.009,49475.09228116917,bias0_d0.8_mss1_fvg0_hall
2026-05-11 05:51:00,1,49499.753,49492.90918015344,bias0_d0.8_mss1_fvg0_hall
2026-05-11 13:31:00,-1,49560.093,49593.146440978504,bias0_d0.8_mss1_fvg0_hall
2026-05-12 01:34:00,-1,49664.463,49675.49044861323,bias0_d0.8_mss1_fvg0_hall
2026-05-12 08:09:00,1,49670.689,49659.21012062134,bias0_d0.8_mss1_fvg0_hall
2026-05-12 08:09:00,1,49670.689,49659.14815486267,bias0_d0.8_mss1_fvg0_hall
2026-05-12 08:45:00,1,49677.689,49656.06382624127,bias0_d0.8_mss1_fvg0_hall
2026-05-12 11:05:00,-1,49669.725,49675.76051219008,bias0_d0.8_mss1_fvg0_hall
2026-05-12 12:34:00,1,49638.201,49628.9736063342,bias0_d0.8_mss1_fvg0_hall
2026-05-12 12:34:00,1,49638.201,49623.10651974734,bias0_d0.8_mss1_fvg0_hall
2026-05-12 13:30:00,1,49662.487,49635.45241662892,bias0_d0.8_mss1_fvg0_hall
2026-05-12 13:30:00,1,49662.487,49628.12729801166,bias0_d0.8_mss1_fvg0_hall
2026-05-12 13:31:00,-1,49631.665,49675.94485184631,bias0_d0.8_mss1_fvg0_hall
2026-05-12 22:19:00,1,49765.369,49759.12082721112,bias0_d0.8_mss1_fvg0_hall
2026-05-13 17:05:00,1,49603.359,49582.31529956859,bias0_d0.8_mss1_fvg0_hall
2026-05-13 19:32:00,-1,49715.31,49735.34571230303,bias0_d0.8_mss1_fvg0_hall
2026-05-13 19:39:00,1,49717.471000000005,49708.51479467529,bias0_d0.8_mss1_fvg0_hall
2026-05-13 19:53:00,-1,49735.919,49742.90567614727,bias0_d0.8_mss1_fvg0_hall
2026-05-13 19:53:00,-1,49735.919,49749.14842785103,bias0_d0.8_mss1_fvg0_hall
2026-05-13 22:57:00,-1,49821.951,49826.23159752198,bias0_d0.8_mss1_fvg0_hall
2026-05-13 22:57:00,-1,49821.951,49824.70886912756,bias0_d0.8_mss1_fvg0_hall
2026-05-14 05:06:00,1,49817.963,49814.11157240911,bias0_d0.8_mss1_fvg0_hall
2026-05-14 07:30:00,1,49860.94500000001,49848.68560608661,bias0_d0.8_mss1_fvg0_hall
2026-05-14 09:11:00,-1,49927.701,49952.66372542557,bias0_d0.8_mss1_fvg0_hall
2026-05-14 11:47:00,1,50045.701,50038.507835944,bias0_d0.8_mss1_fvg0_hall
2026-05-14 20:00:00,1,50059.769,50038.16650662479,bias0_d0.8_mss1_fvg0_hall
2026-05-15 02:48:00,-1,49916.854999999996,49927.091002065026,bias0_d0.8_mss1_fvg0_hall
2026-05-15 02:51:00,1,49912.349,49904.73780862716,bias0_d0.8_mss1_fvg0_hall
2026-05-15 04:15:00,1,49931.617,49921.77435970235,bias0_d0.8_mss1_fvg0_hall
2026-05-15 04:15:00,1,49931.617,49922.739705437896,bias0_d0.8_mss1_fvg0_hall
2026-05-15 04:15:00,1,49931.617,49918.650997906625,bias0_d0.8_mss1_fvg0_hall
2026-05-15 05:31:00,-1,49912.490999999995,49922.250643866275,bias0_d0.8_mss1_fvg0_hall
2026-05-15 06:22:00,-1,49863.735,49896.92440516101,bias0_d0.8_mss1_fvg0_hall
2026-05-15 10:27:00,-1,49780.873,49809.09796763718,bias0_d0.8_mss1_fvg0_hall
2026-05-15 19:33:00,-1,49595.183999999994,49619.508329709024,bias0_d0.8_mss1_fvg0_hall
2026-05-18 13:33:00,-1,49540.017,49602.42340893873,bias0_d0.8_mss1_fvg0_hall
2026-05-19 07:38:00,1,49671.051,49647.86969781355,bias0_d0.8_mss1_fvg0_hall
2026-05-19 07:38:00,1,49671.051,49647.33856225544,bias0_d0.8_mss1_fvg0_hall
2026-05-19 08:04:00,-1,49732.957,49753.62315166938,bias0_d0.8_mss1_fvg0_hall
2026-05-19 08:03:00,-1,49732.957,49753.04503587819,bias0_d0.8_mss1_fvg0_hall
2026-05-19 13:03:00,-1,49594.951,49613.80635408662,bias0_d0.8_mss1_fvg0_hall
2026-05-19 17:34:00,-1,49570.251000000004,49601.9242892448,bias0_d0.8_mss1_fvg0_hall
2026-05-19 18:10:00,1,49590.141,49558.090809760564,bias0_d0.8_mss1_fvg0_hall
2026-05-20 02:29:00,-1,49374.769,49385.3169010916,bias0_d0.8_mss1_fvg0_hall
2026-05-20 13:30:00,-1,49505.509000000005,49573.00754502296,bias0_d0.8_mss1_fvg0_hall
2026-05-21 04:04:00,1,49934.963,49928.2563472657,bias0_d0.8_mss1_fvg0_hall
2026-05-21 12:33:00,1,49871.151,49825.078772491615,bias0_d0.8_mss1_fvg0_hall
2026-05-21 13:00:00,1,49831.206999999995,49816.132469007294,bias0_d0.8_mss1_fvg0_hall
2026-05-21 13:00:00,1,49847.975000000006,49823.67737836392,bias0_d0.8_mss1_fvg0_hall
2026-05-21 13:00:00,1,49847.975000000006,49810.14869419507,bias0_d0.8_mss1_fvg0_hall
2026-05-21 16:15:00,-1,49935.327,49973.712896824254,bias0_d0.8_mss1_fvg0_hall
2026-05-22 09:36:00,1,50412.945,50389.950173033954,bias0_d0.8_mss1_fvg0_hall
2026-05-22 14:28:00,1,50547.975000000006,50528.57030455646,bias0_d0.8_mss1_fvg0_hall
2026-05-25 15:58:00,-1,51046.713,51056.83557436201,bias0_d0.8_mss1_fvg0_hall
2026-05-26 03:19:00,1,50863.937,50858.61778515276,bias0_d0.8_mss1_fvg0_hall
2026-05-26 10:28:00,1,50794.807,50786.29141112766,bias0_d0.8_mss1_fvg0_hall
2026-05-26 15:58:00,1,50457.0,50435.50601382279,bias0_d0.8_mss1_fvg0_hall
2026-05-27 06:27:00,-1,50577.519,50582.15397649941,bias0_d0.8_mss1_fvg0_hall
2026-05-27 15:31:00,1,50674.461,50655.44204827414,bias0_d0.8_mss1_fvg0_hall
2026-05-28 06:47:00,1,50620.751,50611.75405534717,bias0_d0.8_mss1_fvg0_hall
2026-05-28 08:27:00,-1,50614.631,50628.59841635226,bias0_d0.8_mss1_fvg0_hall
2026-05-28 09:31:00,-1,50624.649000000005,50631.81074586078,bias0_d0.8_mss1_fvg0_hall
2026-05-28 10:22:00,-1,50615.977,50622.79001780443,bias0_d0.8_mss1_fvg0_hall
2026-05-28 12:00:00,-1,50561.857,50573.52111123421,bias0_d0.8_mss1_fvg0_hall
2026-05-28 23:03:00,1,50688.365000000005,50681.55923950675,bias0_d0.8_mss1_fvg0_hall
2026-05-29 12:21:00,-1,50825.395000000004,50834.93289841649,bias0_d0.8_mss1_fvg0_hall
2026-05-29 12:21:00,-1,50825.395000000004,50835.14650567245,bias0_d0.8_mss1_fvg0_hall
2026-05-29 12:21:00,-1,50825.395000000004,50833.961969553,bias0_d0.8_mss1_fvg0_hall
2026-06-01 06:03:00,-1,51062.663,51070.65580899632,bias0_d0.8_mss1_fvg0_hall
2026-06-02 03:12:00,-1,50841.683000000005,50846.3469360408,bias0_d0.8_mss1_fvg0_hall
2026-06-02 03:19:00,1,50842.201,50833.30436594253,bias0_d0.8_mss1_fvg0_hall
2026-06-02 06:32:00,-1,50920.307,50928.055701162986,bias0_d0.8_mss1_fvg0_hall
2026-06-02 17:06:00,-1,51222.584,51245.447376563825,bias0_d0.8_mss1_fvg0_hall
2026-06-03 01:36:00,1,51303.943,51294.41512737279,bias0_d0.8_mss1_fvg0_hall
2026-06-03 02:37:00,1,51315.925,51308.67813866467,bias0_d0.8_mss1_fvg0_hall
2026-06-03 13:32:00,1,51066.519,51038.30343461173,bias0_d0.8_mss1_fvg0_hall
2026-06-03 13:32:00,1,51099.163,51061.64317499661,bias0_d0.8_mss1_fvg0_hall
2026-06-03 18:33:00,-1,50901.032999999996,50913.22512195279,bias0_d0.8_mss1_fvg0_hall
2026-06-04 00:17:00,1,50749.665,50719.660085440526,bias0_d0.8_mss1_fvg0_hall
2026-06-04 01:19:00,-1,50756.451,50764.97244523951,bias0_d0.8_mss1_fvg0_hall
2026-06-04 03:35:00,-1,50725.671,50728.73388993557,bias0_d0.8_mss1_fvg0_hall
2026-06-04 05:34:00,1,50708.421,50698.50813998315,bias0_d0.8_mss1_fvg0_hall
2026-06-04 15:41:00,-1,51542.648,51572.558071213854,bias0_d0.8_mss1_fvg0_hall
2026-06-04 17:57:00,1,51494.520000000004,51486.359392765764,bias0_d0.8_mss1_fvg0_hall
2026-06-05 04:29:00,-1,51542.489,51546.50526991914,bias0_d0.8_mss1_fvg0_hall
2026-06-05 09:15:00,1,51621.631,51613.67284273398,bias0_d0.8_mss1_fvg0_hall
2026-06-05 09:15:00,1,51621.631,51611.25383968155,bias0_d0.8_mss1_fvg0_hall
2026-06-05 09:15:00,1,51621.631,51614.163365418586,bias0_d0.8_mss1_fvg0_hall
2026-06-05 13:31:00,-1,51622.65700000001,51673.676894287855,bias0_d0.8_mss1_fvg0_hall
2026-06-05 17:37:00,1,51150.210999999996,51123.28516528238,bias0_d0.8_mss1_fvg0_hall
2026-06-05 18:05:00,-1,51166.169,51179.30547354873,bias0_d0.8_mss1_fvg0_hall
2026-06-08 00:00:00,-1,50810.313,50834.25483160259,bias0_d0.8_mss1_fvg0_hall
2026-06-08 01:10:00,-1,50821.975000000006,50840.77151987547,bias0_d0.8_mss1_fvg0_hall
2026-06-08 02:31:00,-1,50754.659,50767.255952345775,bias0_d0.8_mss1_fvg0_hall
2026-06-08 03:43:00,-1,50795.451,50807.62574918927,bias0_d0.8_mss1_fvg0_hall
2026-06-08 06:00:00,1,50648.301,50626.59457218165,bias0_d0.8_mss1_fvg0_hall
2026-06-08 06:52:00,1,50669.921,50646.74113565978,bias0_d0.8_mss1_fvg0_hall
2026-06-08 07:51:00,-1,50806.349,50819.12220114482,bias0_d0.8_mss1_fvg0_hall
2026-06-08 10:01:00,-1,50821.426999999996,50837.27281328601,bias0_d0.8_mss1_fvg0_hall
2026-06-08 10:01:00,-1,50821.426999999996,50837.51702063946,bias0_d0.8_mss1_fvg0_hall
2026-06-08 12:30:00,1,51040.231,50998.099855818065,bias0_d0.8_mss1_fvg0_hall
2026-06-08 14:41:00,-1,51013.388,51058.5936904006,bias0_d0.8_mss1_fvg0_hall
2026-06-08 15:28:00,-1,51041.893,51065.3707702902,bias0_d0.8_mss1_fvg0_hall
2026-06-08 17:46:00,1,50810.081000000006,50779.647703447445,bias0_d0.8_mss1_fvg0_hall
2026-06-09 00:04:00,-1,50729.445,50746.55349206228,bias0_d0.8_mss1_fvg0_hall
2026-06-09 00:04:00,-1,50729.445,50743.38169977212,bias0_d0.8_mss1_fvg0_hall
2026-06-09 02:32:00,1,50787.201,50776.92606583703,bias0_d0.8_mss1_fvg0_hall
2026-06-09 05:03:00,1,50864.713,50855.02547743709,bias0_d0.8_mss1_fvg0_hall
2026-06-09 16:15:00,-1,50473.831999999995,50547.70574606231,bias0_d0.8_mss1_fvg0_hall
2026-06-09 18:18:00,1,50733.238,50676.55248037214,bias0_d0.8_mss1_fvg0_hall
2026-06-10 03:20:00,-1,50817.201,50830.15301115706,bias0_d0.8_mss1_fvg0_hall
2026-06-10 06:37:00,1,50767.183000000005,50757.73833222924,bias0_d0.8_mss1_fvg0_hall
2026-06-10 14:15:00,-1,50716.955,50747.49175105698,bias0_d0.8_mss1_fvg0_hall
2026-06-10 16:34:00,1,50279.957,50227.66309321072,bias0_d0.8_mss1_fvg0_hall
2026-06-10 19:54:00,-1,50014.236000000004,50081.611357094924,bias0_d0.8_mss1_fvg0_hall
2026-06-11 00:13:00,1,49821.951,49774.343206513906,bias0_d0.8_mss1_fvg0_hall
2026-06-11 13:33:00,-1,50175.475000000006,50200.75360458268,bias0_d0.8_mss1_fvg0_hall
2026-06-11 19:46:00,-1,50926.822,50972.93529391662,bias0_d0.8_mss1_fvg0_hall
2026-06-12 00:39:00,-1,50900.94899999999,50924.8385059349,bias0_d0.8_mss1_fvg0_hall
2026-06-12 07:03:00,-1,50857.418999999994,50872.548802431156,bias0_d0.8_mss1_fvg0_hall
2026-06-12 13:33:00,-1,51166.437,51193.054427234114,bias0_d0.8_mss1_fvg0_hall
2026-06-12 13:36:00,-1,51157.149000000005,51209.015044911044,bias0_d0.8_mss1_fvg0_hall
2026-06-12 13:36:00,-1,51157.149000000005,51208.21285598883,bias0_d0.8_mss1_fvg0_hall
2026-06-12 18:10:00,1,51182.924,51166.21182463409,bias0_d0.8_mss1_fvg0_hall
2026-06-15 02:39:00,1,51621.421,51613.37986814433,bias0_d0.8_mss1_fvg0_hall
2026-06-15 10:24:00,1,51599.452999999994,51591.08838952717,bias0_d0.8_mss1_fvg0_hall
2026-06-15 17:13:00,1,51885.242,51865.1334321931,bias0_d0.8_mss1_fvg0_hall
2026-06-15 17:12:00,1,51885.242,51865.1511941793,bias0_d0.8_mss1_fvg0_hall
2026-06-16 00:02:00,-1,51671.274999999994,51685.18198773464,bias0_d0.8_mss1_fvg0_hall
2026-06-16 00:36:00,-1,51688.099,51712.5985485963,bias0_d0.8_mss1_fvg0_hall
2026-06-16 11:53:00,-1,51752.337,51760.48062115756,bias0_d0.8_mss1_fvg0_hall
2026-06-16 19:00:00,-1,52063.551,52088.26772216585,bias0_d0.8_mss1_fvg0_hall
2026-06-16 23:50:00,-1,52066.757,52071.08577299401,bias0_d0.8_mss1_fvg0_hall
2026-06-17 01:02:00,1,52073.881,52066.47275823379,bias0_d0.8_mss1_fvg0_hall
2026-06-17 01:01:00,1,52072.001000000004,52064.815227252606,bias0_d0.8_mss1_fvg0_hall
2026-06-17 07:19:00,-1,52057.782999999996,52071.81613659394,bias0_d0.8_mss1_fvg0_hall
2026-06-17 07:19:00,-1,52057.782999999996,52069.25615540866,bias0_d0.8_mss1_fvg0_hall
2026-06-17 11:30:00,-1,52009.225000000006,52020.630544377804,bias0_d0.8_mss1_fvg0_hall
2026-06-17 18:34:00,-1,51932.259,52051.28621647285,bias0_d0.8_mss1_fvg0_hall
2026-06-18 05:43:00,-1,51761.781,51774.25404616193,bias0_d0.8_mss1_fvg0_hall
2026-06-18 08:37:00,1,51775.837,51759.77377096807,bias0_d0.8_mss1_fvg0_hall
2026-06-18 18:54:00,-1,51648.265,51658.60484976734,bias0_d0.8_mss1_fvg0_hall
2026-06-19 04:03:00,-1,51480.739,51484.76563706583,bias0_d0.8_mss1_fvg0_hall
2026-06-19 09:25:00,-1,51574.175,51580.69254275166,bias0_d0.8_mss1_fvg0_hall
2026-06-19 09:34:00,1,51558.509,51553.05080752709,bias0_d0.8_mss1_fvg0_hall
2026-06-19 14:38:00,1,51513.032999999996,51500.98505660511,bias0_d0.8_mss1_fvg0_hall
2026-06-22 07:37:00,1,51590.843,51577.23982891578,bias0_d0.8_mss1_fvg0_hall
2026-06-22 07:37:00,1,51590.843,51575.605955421786,bias0_d0.8_mss1_fvg0_hall
2026-06-22 13:30:00,1,51732.807,51688.97568346779,bias0_d0.8_mss1_fvg0_hall
2026-06-22 13:30:00,1,51732.807,51691.21302036294,bias0_d0.8_mss1_fvg0_hall
2026-06-22 13:30:00,1,51732.807,51684.46781890845,bias0_d0.8_mss1_fvg0_hall
2026-06-22 22:54:00,1,51737.459,51725.298979848834,bias0_d0.8_mss1_fvg0_hall
2026-06-22 22:54:00,1,51737.459,51723.2748812882,bias0_d0.8_mss1_fvg0_hall
2026-06-23 08:33:00,1,51371.375,51335.5313375843,bias0_d0.8_mss1_fvg0_hall
2026-06-23 23:03:00,-1,51633.0745,51642.34101082213,bias0_d0.8_mss1_fvg0_hall
2026-06-24 03:28:00,1,51632.8255,51621.678184804725,bias0_d0.8_mss1_fvg0_hall
2026-06-24 07:27:00,-1,51612.501000000004,51634.11303197249,bias0_d0.8_mss1_fvg0_hall
2026-06-24 08:32:00,1,51600.501000000004,51590.29532993686,bias0_d0.8_mss1_fvg0_hall
2026-06-24 09:12:00,1,51608.963,51599.51488694727,bias0_d0.8_mss1_fvg0_hall
2026-06-24 09:18:00,-1,51628.549,51636.54399062039,bias0_d0.8_mss1_fvg0_hall
2026-06-24 16:23:00,1,52146.669,52114.99098595672,bias0_d0.8_mss1_fvg0_hall
2026-06-24 19:27:00,-1,51874.748,51919.50968182843,bias0_d0.8_mss1_fvg0_hall
2026-06-25 01:58:00,-1,51843.481,51857.00989322397,bias0_d0.8_mss1_fvg0_hall
2026-06-25 01:58:00,-1,51843.481,51860.83231513654,bias0_d0.8_mss1_fvg0_hall
2026-06-25 10:24:00,-1,52004.183000000005,52023.04875312069,bias0_d0.8_mss1_fvg0_hall
2026-06-25 17:19:00,-1,52023.24,52085.10498673898,bias0_d0.8_mss1_fvg0_hall
2026-06-25 17:45:00,-1,52032.875,52060.090065242424,bias0_d0.8_mss1_fvg0_hall
2026-06-25 17:45:00,-1,52032.875,52051.34223915368,bias0_d0.8_mss1_fvg0_hall
2026-06-26 03:30:00,-1,51805.475000000006,51820.1674324744,bias0_d0.8_mss1_fvg0_hall
2026-06-26 03:30:00,-1,51805.475000000006,51819.36104738864,bias0_d0.8_mss1_fvg0_hall
2026-06-26 09:35:00,1,51846.439,51833.96066768246,bias0_d0.8_mss1_fvg0_hall
2026-06-26 09:35:00,1,51857.600999999995,51839.001991419434,bias0_d0.8_mss1_fvg0_hall
2026-06-26 11:15:00,-1,51878.981,51891.833941634395,bias0_d0.8_mss1_fvg0_hall
2026-06-29 13:33:00,1,52038.269,51993.17027509233,bias0_d0.8_mss1_fvg0_hall
2026-06-29 22:03:00,1,52156.093,52152.05621759555,bias0_d0.8_mss1_fvg0_hall
2026-06-29 22:03:00,1,52156.093,52146.97871633872,bias0_d0.8_mss1_fvg0_hall
2026-06-29 23:33:00,1,52149.709,52138.7723611865,bias0_d0.8_mss1_fvg0_hall
2026-06-30 02:03:00,-1,52164.131,52171.250541439076,bias0_d0.8_mss1_fvg0_hall
2026-06-30 02:03:00,-1,52164.131,52171.29257419343,bias0_d0.8_mss1_fvg0_hall
2026-06-30 13:33:00,-1,52170.671,52222.25825795901,bias0_d0.8_mss1_fvg0_hall
2026-06-30 14:42:00,-1,52309.545,52337.479605877095,bias0_d0.8_mss1_fvg0_hall
2026-06-30 18:30:00,-1,52320.247,52338.55312889701,bias0_d0.8_mss1_fvg0_hall
2026-07-02 07:30:00,-1,52248.600999999995,52256.4827847349,bias0_d0.8_mss1_fvg0_hall
2026-07-02 08:05:00,1,52306.801,52276.79513259702,bias0_d0.8_mss1_fvg0_hall
2026-07-02 11:48:00,1,52413.613,52405.20542566756,bias0_d0.8_mss1_fvg0_hall
2026-07-02 11:48:00,1,52413.613,52404.15722383416,bias0_d0.8_mss1_fvg0_hall
2026-07-02 11:53:00,-1,52414.577000000005,52429.07144546048,bias0_d0.8_mss1_fvg0_hall
2026-07-02 12:30:00,1,52397.207,52364.946975684994,bias0_d0.8_mss1_fvg0_hall
2026-07-02 13:42:00,1,52555.039000000004,52485.264513142734,bias0_d0.8_mss1_fvg0_hall
2026-07-02 15:06:00,-1,52741.595,52783.53394293115,bias0_d0.8_mss1_fvg0_hall
2026-07-03 13:05:00,-1,52812.577000000005,52817.18841905767,bias0_d0.8_mss1_fvg0_hall
2026-07-03 13:31:00,1,52788.350999999995,52774.76865335915,bias0_d0.8_mss1_fvg0_hall
2026-07-03 16:34:00,1,52858.315,52847.52322155292,bias0_d0.8_mss1_fvg0_hall
2026-07-03 16:51:00,-1,52870.125,52877.92549608738,bias0_d0.8_mss1_fvg0_hall
2026-07-06 03:32:00,1,52862.839,52854.04692537442,bias0_d0.8_mss1_fvg0_hall
2026-07-06 07:08:00,1,52884.701,52864.24930766583,bias0_d0.8_mss1_fvg0_hall
2026-07-06 11:03:00,-1,52875.389,52893.078766388964,bias0_d0.8_mss1_fvg0_hall
2026-07-06 13:27:00,1,52782.201,52754.57259417778,bias0_d0.8_mss1_fvg0_hall
2026-07-06 13:27:00,1,52782.201,52762.255094593645,bias0_d0.8_mss1_fvg0_hall
2026-07-06 14:42:00,-1,52794.024999999994,52833.88504659524,bias0_d0.8_mss1_fvg0_hall
2026-07-06 16:19:00,1,52852.739,52833.17663573049,bias0_d0.8_mss1_fvg0_hall
2026-07-06 16:19:00,1,52852.739,52829.18307162476,bias0_d0.8_mss1_fvg0_hall
2026-07-06 19:35:00,-1,52988.001000000004,53006.10598073908,bias0_d0.8_mss1_fvg0_hall
2026-07-07 09:40:00,1,53165.837,53157.055552902144,bias0_d0.8_mss1_fvg0_hall
2026-07-07 10:50:00,-1,53151.199,53156.41120709166,bias0_d0.8_mss1_fvg0_hall
2026-07-07 10:50:00,-1,53151.199,53158.911335415585,bias0_d0.8_mss1_fvg0_hall
2026-07-07 18:18:00,1,52903.357,52885.976622843475,bias0_d0.8_mss1_fvg0_hall
2026-07-07 18:49:00,-1,52941.257,52961.116827989215,bias0_d0.8_mss1_fvg0_hall
2026-07-08 04:36:00,-1,52856.581000000006,52863.92619218106,bias0_d0.8_mss1_fvg0_hall
2026-07-08 09:55:00,-1,52213.051,52251.208325949214,bias0_d0.8_mss1_fvg0_hall
2026-07-08 12:56:00,-1,52450.813,52490.76469850632,bias0_d0.8_mss1_fvg0_hall
2026-07-09 01:48:00,1,52384.075,52373.13659213572,bias0_d0.8_mss1_fvg0_hall
2026-07-09 02:24:00,-1,52405.337,52420.18356310211,bias0_d0.8_mss1_fvg0_hall
2026-07-09 05:34:00,1,52413.295,52403.312962077136,bias0_d0.8_mss1_fvg0_hall
2026-07-10 02:00:00,-1,52465.449,52468.77363786635,bias0_d0.8_mss1_fvg0_hall
2026-07-10 02:22:00,-1,52473.551,52477.71256776063,bias0_d0.8_mss1_fvg0_hall
2026-07-10 05:42:00,1,52457.418999999994,52447.9574663103,bias0_d0.8_mss1_fvg0_hall
2026-07-10 17:59:00,-1,52659.351,52669.60450967416,bias0_d0.8_mss1_fvg0_hall
2026-07-13 09:08:00,1,52674.593,52666.25520887426,bias0_d0.8_mss1_fvg0_hall
2026-07-13 09:18:00,1,52676.093,52666.70694525655,bias0_d0.8_mss1_fvg0_hall
2026-07-13 11:05:00,1,52627.003,52612.93397460541,bias0_d0.8_mss1_fvg0_hall
2026-07-13 15:29:00,1,52533.483,52514.086405010465,bias0_d0.8_mss1_fvg0_hall
2026-07-13 15:53:00,1,52516.631,52503.12380141982,bias0_d0.8_mss1_fvg0_hall
2026-07-13 17:43:00,1,52496.994999999995,52475.780733274354,bias0_d0.8_mss1_fvg0_hall
2026-07-13 19:43:00,1,52449.149000000005,52424.78883824934,bias0_d0.8_mss1_fvg0_hall
2026-07-14 00:19:00,-1,52404.675,52431.35473469384,bias0_d0.8_mss1_fvg0_hall
2026-07-14 03:34:00,-1,52338.337,52350.38180382972,bias0_d0.8_mss1_fvg0_hall
2026-07-14 06:00:00,1,52470.789000000004,52461.06154726645,bias0_d0.8_mss1_fvg0_hall
2026-07-14 06:00:00,1,52470.789000000004,52459.38052246171,bias0_d0.8_mss1_fvg0_hall
2026-07-14 06:23:00,-1,52473.581,52486.14483654868,bias0_d0.8_mss1_fvg0_hall
2026-07-14 06:23:00,-1,52473.581,52486.688976795194,bias0_d0.8_mss1_fvg0_hall
2026-07-14 13:38:00,1,52376.607,52316.19548082863,bias0_d0.8_mss1_fvg0_hall
2026-07-14 14:16:00,-1,52619.501,52658.5431140668,bias0_d0.8_mss1_fvg0_hall
2026-07-14 15:04:00,1,52547.757,52465.90869089348,bias0_d0.8_mss1_fvg0_hall
2026-07-14 16:45:00,-1,52410.507,52423.47095046693,bias0_d0.8_mss1_fvg0_hall
2026-07-15 04:11:00,1,52598.599,52595.11948250629,bias0_d0.8_mss1_fvg0_hall
2026-07-15 04:11:00,1,52598.599,52595.105090898694,bias0_d0.8_mss1_fvg0_hall
2026-07-15 18:44:00,-1,52669.989,52686.10049461108,bias0_d0.8_mss1_fvg0_hall
2026-07-15 18:44:00,-1,52669.989,52678.59691642457,bias0_d0.8_mss1_fvg0_hall
2026-07-15 22:54:00,-1,52667.282999999996,52679.301048025605,bias0_d0.8_mss1_fvg0_hall
2026-07-16 00:54:00,-1,52689.331000000006,52694.56135207167,bias0_d0.8_mss1_fvg0_hall
2026-07-16 14:15:00,-1,52707.281,52739.83949640537,bias0_d0.8_mss1_fvg0_hall
2026-07-17 09:33:00,-1,52203.843,52223.345057239836,bias0_d0.8_mss1_fvg0_hall
2026-07-17 09:33:00,-1,52203.843,52219.132953151275,bias0_d0.8_mss1_fvg0_hall
2026-07-17 14:55:00,1,52496.769,52460.899030509514,bias0_d0.8_mss1_fvg0_hall
2026-07-17 16:03:00,-1,52487.751,52539.17677129985,bias0_d0.8_mss1_fvg0_hall
2026-07-17 16:03:00,-1,52487.751,52526.979616207005,bias0_d0.8_mss1_fvg0_hall
2026-07-19 23:35:00,1,52100.701,52088.40626372004,bias0_d0.8_mss1_fvg0_hall
2026-07-19 23:35:00,1,52100.701,52090.17667345433,bias0_d0.8_mss1_fvg0_hall
2026-07-19 23:45:00,-1,52110.850999999995,52130.49582120165,bias0_d0.8_mss1_fvg0_hall
2026-07-20 01:14:00,-1,52165.893,52176.63108068235,bias0_d0.8_mss1_fvg0_hall
2026-07-20 07:22:00,1,52088.315,52078.10455329562,bias0_d0.8_mss1_fvg0_hall
2026-07-20 09:00:00,1,52232.333,52219.96914713167,bias0_d0.8_mss1_fvg0_hall
2026-07-20 09:00:00,1,52232.333,52220.347522336546,bias0_d0.8_mss1_fvg0_hall
2026-07-21 00:15:00,-1,51846.839,51861.75814394021,bias0_d0.8_mss1_fvg0_hall
2026-07-21 02:22:00,1,51873.743,51866.24993503184,bias0_d0.8_mss1_fvg0_hall
2026-07-21 12:15:00,-1,51997.583,52006.47965323469,bias0_d0.8_mss1_fvg0_hall
2026-07-21 12:15:00,-1,51997.583,52010.028928554406,bias0_d0.8_mss1_fvg0_hall
2026-07-21 19:59:00,1,52212.813,52196.78101109392,bias0_d0.8_mss1_fvg0_hall
2026-07-21 23:19:00,1,52213.248999999996,52206.26571810987,bias0_d0.8_mss1_fvg0_hall
2026-07-22 00:09:00,-1,52213.487,52220.33507842305,bias0_d0.8_mss1_fvg0_hall
2026-07-22 01:05:00,-1,52202.613,52212.92285635425,bias0_d0.8_mss1_fvg0_hall
2026-07-22 02:27:00,1,52194.833,52185.968136515985,bias0_d0.8_mss1_fvg0_hall
2026-07-22 02:27:00,1,52194.833,52187.05896962199,bias0_d0.8_mss1_fvg0_hall
2026-07-22 05:48:00,1,52190.599,52183.964451516906,bias0_d0.8_mss1_fvg0_hall
2026-07-22 05:48:00,1,52190.599,52186.91557640856,bias0_d0.8_mss1_fvg0_hall
2026-07-22 15:20:00,1,52292.777,52264.40999510266,bias0_d0.8_mss1_fvg0_hall
2026-07-22 19:57:00,1,52248.265,52219.0439162627,bias0_d0.8_mss1_fvg0_hall
2026-07-22 19:57:00,1,52248.265,52223.02909367251,bias0_d0.8_mss1_fvg0_hall
2026-07-22 19:57:00,1,52248.265,52221.948258410186,bias0_d0.8_mss1_fvg0_hall
2026-07-22 19:59:00,-1,52241.668999999994,52272.20056846677,bias0_d0.8_mss1_fvg0_hall
2026-07-23 05:14:00,1,52167.845,52154.38158840953,bias0_d0.8_mss1_fvg0_hall
2026-07-23 05:14:00,1,52167.845,52161.91247495171,bias0_d0.8_mss1_fvg0_hall
2026-07-23 13:32:00,1,51582.045,51535.35167336489,bias0_d0.8_mss1_fvg0_hall
2026-07-23 23:45:00,1,51700.237,51684.83541876817,bias0_d0.8_mss1_fvg0_hall
2026-07-24 03:30:00,-1,51734.607,51740.93885627242,bias0_d0.8_mss1_fvg0_hall
2026-07-24 11:00:00,-1,51981.375,51999.320922977204,bias0_d0.8_mss1_fvg0_hall
2026-07-24 11:00:00,-1,51964.339,51999.591248681085,bias0_d0.8_mss1_fvg0_hall
2026-07-24 13:29:00,-1,51834.595,51874.7135532002,bias0_d0.8_mss1_fvg0_hall
2026-07-24 13:52:00,-1,51796.693,51876.91635011905,bias0_d0.8_mss1_fvg0_hall
2026-07-24 16:30:00,-1,52084.687,52124.92161415096,bias0_d0.8_mss1_fvg0_hall
2026-07-27 12:11:00,-1,52521.320999999996,52537.64397835824,bias0_d0.8_mss1_fvg0_hall
2026-07-27 17:32:00,1,52019.075,52007.249803101105,bias0_d0.8_mss1_fvg0_hall
2026-07-28 16:51:00,1,52857.801,52832.741055665996,bias0_d0.8_mss1_fvg0_hall
2026-07-28 16:51:00,1,52857.801,52828.668313303846,bias0_d0.8_mss1_fvg0_hall
2026-07-29 03:03:00,-1,52726.339,52738.56783864321,bias0_d0.8_mss1_fvg0_hall
2026-07-29 03:13:00,-1,52722.595,52742.148398789635,bias0_d0.8_mss1_fvg0_hall
2026-07-29 08:15:00,-1,52807.345,52815.574571423684,bias0_d0.8_mss1_fvg0_hall
2026-07-29 23:51:00,-1,51751.887,51766.515635302494,bias0_d0.8_mss1_fvg0_hall
2026-07-29 23:50:00,-1,51751.887,51766.07318992374,bias0_d0.8_mss1_fvg0_hall
2026-07-30 00:06:00,1,51755.849,51727.57511129434,bias0_d0.8_mss1_fvg0_hall
2026-07-30 00:06:00,1,51755.849,51735.30617477332,bias0_d0.8_mss1_fvg0_hall
2026-07-30 05:28:00,1,51640.070999999996,51621.85211398897,bias0_d0.8_mss1_fvg0_hall
2026-07-30 09:41:00,-1,51779.207,51790.208718254995,bias0_d0.8_mss1_fvg0_hall
2026-07-30 14:25:00,-1,51907.532999999996,51953.134843315485,bias0_d0.8_mss1_fvg0_hall
2026-07-30 14:25:00,-1,51907.532999999996,51957.82996879295,bias0_d0.8_mss1_fvg0_hall
2026-07-30 17:54:00,-1,52149.087,52171.703535026834,bias0_d0.8_mss1_fvg0_hall
2026-07-30 17:53:00,-1,52146.918999999994,52171.41305395349,bias0_d0.8_mss1_fvg0_hall
2026-07-31 05:28:00,1,52486.375,52479.743209526976,bias0_d0.8_mss1_fvg0_hall
2026-07-31 08:31:00,-1,52531.957,52557.279184598105,bias0_d0.8_mss1_fvg0_hall
2026-07-31 08:31:00,-1,52531.957,52562.9235428411,bias0_d0.8_mss1_fvg0_hall
2026-07-31 12:24:00,1,52491.113,52475.7882798744,bias0_d0.8_mss1_fvg0_hall
2026-07-31 17:11:00,1,52430.312999999995,52419.16827681204,bias0_d0.8_mss1_fvg0_hall
2026-07-31 18:55:00,-1,52534.02099999999,52540.78347182649,bias0_d0.8_mss1_fvg0_hall
2026-08-03 04:34:00,-1,52792.875,52795.39202080002,bias0_d0.8_mss1_fvg0_hall
2026-08-03 05:11:00,1,52786.345,52781.14148998254,bias0_d0.8_mss1_fvg0_hall
2026-08-03 05:28:00,-1,52793.320999999996,52799.56987511399,bias0_d0.8_mss1_fvg0_hall
2026-08-03 05:28:00,-1,52793.320999999996,52797.5473697487,bias0_d0.8_mss1_fvg0_hall
2026-08-03 07:00:00,1,52766.553,52751.883009835125,bias0_d0.8_mss1_fvg0_hall
2026-08-03 07:00:00,1,52766.553,52750.632651989756,bias0_d0.8_mss1_fvg0_hall
2026-08-03 07:07:00,1,52759.599,52740.801062179846,bias0_d0.8_mss1_fvg0_hall
2026-08-03 07:07:00,1,52759.599,52748.17001488129,bias0_d0.8_mss1_fvg0_hall
2026-08-03 15:38:00,1,53034.431,53008.26730782883,bias0_d0.8_mss1_fvg0_hall
2026-08-03 18:33:00,-1,53131.093,53147.61841394143,bias0_d0.8_mss1_fvg0_hall
2026-08-03 18:59:00,-1,53146.051,53171.25503735109,bias0_d0.8_mss1_fvg0_hall
2026-08-03 19:36:00,-1,53192.009,53211.32219849668,bias0_d0.8_mss1_fvg0_hall
2026-08-04 07:48:00,1,53267.583,53261.1688480293,bias0_d0.8_mss1_fvg0_hall
2026-08-04 08:32:00,-1,53280.637,53298.455764199614,bias0_d0.8_mss1_fvg0_hall
2026-08-04 15:38:00,1,53972.299,53937.45018796503,bias0_d0.8_mss1_fvg0_hall
2026-08-04 17:50:00,-1,54233.075,54261.26312983377,bias0_d0.8_mss1_fvg0_hall
2026-08-05 05:06:00,1,54322.357,54316.60250983593,bias0_d0.8_mss1_fvg0_hall
2026-08-05 05:58:00,-1,54356.457,54362.671537564354,bias0_d0.8_mss1_fvg0_hall
2026-08-05 07:04:00,-1,54294.243,54305.019692222886,bias0_d0.8_mss1_fvg0_hall
2026-08-05 07:04:00,-1,54294.243,54305.40655706411,bias0_d0.8_mss1_fvg0_hall
2026-08-05 14:46:00,1,54705.069,54657.10142524153,bias0_d0.8_mss1_fvg0_hall
2026-08-06 00:04:00,1,54440.833,54431.81751249896,bias0_d0.8_mss1_fvg0_hall
2026-08-06 01:30:00,1,54431.100999999995,54421.78009278948,bias0_d0.8_mss1_fvg0_hall
2026-08-06 01:50:00,1,54437.095,54428.78935153752,bias0_d0.8_mss1_fvg0_hall
2026-08-06 01:50:00,1,54437.095,54427.249897856265,bias0_d0.8_mss1_fvg0_hall
2026-08-06 04:05:00,1,54475.225000000006,54470.22108852121,bias0_d0.8_mss1_fvg0_hall
2026-08-06 05:01:00,-1,54478.833,54484.384298339115,bias0_d0.8_mss1_fvg0_hall
2026-08-06 05:45:00,1,54474.803,54466.123410761465,bias0_d0.8_mss1_fvg0_hall
2026-08-06 08:01:00,-1,54486.089,54500.330747999615,bias0_d0.8_mss1_fvg0_hall
2026-08-06 11:03:00,-1,54504.993,54515.54901484585,bias0_d0.8_mss1_fvg0_hall
2026-08-06 11:05:00,-1,54504.993,54515.68021994361,bias0_d0.8_mss1_fvg0_hall
2026-08-06 12:48:00,-1,54486.089,54502.05630391711,bias0_d0.8_mss1_fvg0_hall
2026-08-06 13:32:00,-1,54465.713,54475.38450019352,bias0_d0.8_mss1_fvg0_hall
2026-08-06 13:32:00,-1,54465.713,54486.8919501797,bias0_d0.8_mss1_fvg0_hall
2026-08-06 13:30:00,1,54463.431,54444.5340498203,bias0_d0.8_mss1_fvg0_hall
2026-08-06 13:32:00,-1,54486.051,54527.28044377739,bias0_d0.8_mss1_fvg0_hall
2026-08-07 03:09:00,-1,53798.339,53805.602203569106,bias0_d0.8_mss1_fvg0_hall
2026-08-07 06:04:00,1,53804.099,53795.64308922736,bias0_d0.8_mss1_fvg0_hall
2026-08-07 06:04:00,1,53804.099,53794.68889713969,bias0_d0.8_mss1_fvg0_hall
2026-08-07 11:14:00,-1,53937.107,53953.03229920526,bias0_d0.8_mss1_fvg0_hall
2026-08-07 11:55:00,-1,53964.100999999995,53984.16178257061,bias0_d0.8_mss1_fvg0_hall
2026-08-07 14:17:00,1,53943.789000000004,53914.30209958769,bias0_d0.8_mss1_fvg0_hall
2026-08-07 14:17:00,1,53943.789000000004,53919.92629247428,bias0_d0.8_mss1_fvg0_hall
2026-08-07 16:52:00,-1,53974.039000000004,53995.21674643719,bias0_d0.8_mss1_fvg0_hall
2026-08-07 18:48:00,1,53915.401,53908.51243163343,bias0_d0.8_mss1_fvg0_hall
2026-08-07 18:48:00,1,53928.282999999996,53908.02212937391,bias0_d0.8_mss1_fvg0_hall
2026-08-10 00:02:00,1,53905.987,53897.06281511161,bias0_d0.8_mss1_fvg0_hall
2026-08-10 06:13:00,-1,54033.963,54041.246476909015,bias0_d0.8_mss1_fvg0_hall
2026-08-10 06:13:00,-1,54023.807,54031.705985701235,bias0_d0.8_mss1_fvg0_hall
2026-08-10 07:48:00,-1,54026.563,54043.27057638002,bias0_d0.8_mss1_fvg0_hall
2026-08-10 10:05:00,1,54003.683000000005,53998.55208849563,bias0_d0.8_mss1_fvg0_hall
2026-08-11 02:49:00,-1,53943.181,53946.47107820366,bias0_d0.8_mss1_fvg0_hall
2026-08-11 05:19:00,-1,53959.551,53962.97704954541,bias0_d0.8_mss1_fvg0_hall
2026-08-11 07:58:00,1,53885.075,53879.913371268485,bias0_d0.8_mss1_fvg0_hall
2026-08-11 09:51:00,-1,53906.675,53915.36030690649,bias0_d0.8_mss1_fvg0_hall
2026-08-11 19:45:00,-1,53821.531,53840.05307560636,bias0_d0.8_mss1_fvg0_hall
2026-08-11 23:29:00,1,53797.313,53795.236395553286,bias0_d0.8_mss1_fvg0_hall
2026-08-11 23:33:00,-1,53795.157,53800.91500158274,bias0_d0.8_mss1_fvg0_hall
2026-08-12 04:33:00,-1,53786.187,53790.832459916724,bias0_d0.8_mss1_fvg0_hall
2026-08-12 04:33:00,-1,53786.187,53789.382469922675,bias0_d0.8_mss1_fvg0_hall
2026-08-12 04:47:00,1,53786.069,53782.666630201515,bias0_d0.8_mss1_fvg0_hall
2026-08-13 03:38:00,1,53738.039000000004,53733.098697911184,bias0_d0.8_mss1_fvg0_hall
2026-08-13 04:46:00,1,53762.765,53758.58093414062,bias0_d0.8_mss1_fvg0_hall
2026-08-13 05:29:00,1,53773.045,53767.05747304617,bias0_d0.8_mss1_fvg0_hall
2026-08-13 06:53:00,1,53791.301,53788.404319786605,bias0_d0.8_mss1_fvg0_hall
2026-08-13 13:50:00,-1,53900.489,53965.98615229803,bias0_d0.8_mss1_fvg0_hall
2026-08-13 17:27:00,-1,53760.763,53769.82162894705,bias0_d0.8_mss1_fvg0_hall
2026-08-14 13:00:00,-1,53787.350999999995,53793.44542788117,bias0_d0.8_mss1_fvg0_hall
2026-08-14 13:30:00,-1,53746.057,53784.04595584596,bias0_d0.8_mss1_fvg0_hall
2026-08-14 13:30:00,-1,53746.057,53803.883641520246,bias0_d0.8_mss1_fvg0_hall
2026-08-17 07:13:00,-1,53698.857,53710.80602338338,bias0_d0.8_mss1_fvg0_hall
2026-08-17 15:10:00,1,53517.418999999994,53484.41342312667,bias0_d0.8_mss1_fvg0_hall
2026-08-17 15:10:00,1,53517.418999999994,53487.94102147477,bias0_d0.8_mss1_fvg0_hall
2026-08-18 00:59:00,1,53441.315,53437.624641188755,bias0_d0.8_mss1_fvg0_hall
2026-08-18 00:59:00,1,53441.315,53438.124966818126,bias0_d0.8_mss1_fvg0_hall
2026-08-18 01:55:00,1,53464.880999999994,53446.379167466985,bias0_d0.8_mss1_fvg0_hall
2026-08-18 02:38:00,1,53448.083,53439.79738450379,bias0_d0.8_mss1_fvg0_hall
2026-08-18 10:44:00,-1,53486.083,53501.41394563507,bias0_d0.8_mss1_fvg0_hall
2026-08-18 14:11:00,-1,53401.062999999995,53446.75261697481,bias0_d0.8_mss1_fvg0_hall
2026-08-18 14:45:00,-1,53428.557,53463.90149315488,bias0_d0.8_mss1_fvg0_hall
2026-08-18 15:05:00,1,53411.587,53386.62121027673,bias0_d0.8_mss1_fvg0_hall
2026-08-18 19:19:00,1,53384.057,53359.56403844977,bias0_d0.8_mss1_fvg0_hall
2026-08-18 19:55:00,-1,53383.795,53402.855598916874,bias0_d0.8_mss1_fvg0_hall
2026-08-18 22:25:00,-1,53341.857,53350.373716899376,bias0_d0.8_mss1_fvg0_hall
2026-08-18 22:25:00,-1,53341.857,53349.39337997799,bias0_d0.8_mss1_fvg0_hall
2026-08-18 23:05:00,1,53333.339,53328.76904167548,bias0_d0.8_mss1_fvg0_hall
2026-08-18 23:56:00,-1,53336.595,53339.508140243386,bias0_d0.8_mss1_fvg0_hall
2026-08-19 09:41:00,1,53325.107,53318.26029501225,bias0_d0.8_mss1_fvg0_hall
2026-08-19 10:32:00,-1,53336.613,53343.36867432761,bias0_d0.8_mss1_fvg0_hall
2026-08-19 14:18:00,1,53579.777,53548.786546792944,bias0_d0.8_mss1_fvg0_hall
2026-08-19 14:18:00,1,53579.777,53557.12727916487,bias0_d0.8_mss1_fvg0_hall
2026-08-19 14:59:00,1,53629.581,53595.19844853545,bias0_d0.8_mss1_fvg0_hall
2026-08-19 19:37:00,-1,53498.307,53515.30197877637,bias0_d0.8_mss1_fvg0_hall
2026-08-19 19:59:00,1,53457.532999999996,53420.68947786756,bias0_d0.8_mss1_fvg0_hall
2026-08-20 01:30:00,1,53472.037,53468.375817437045,bias0_d0.8_mss1_fvg0_hall
2026-08-20 04:40:00,1,53483.025,53478.7105079547,bias0_d0.8_mss1_fvg0_hall
2026-08-20 05:00:00,-1,53491.513,53494.74512098276,bias0_d0.8_mss1_fvg0_hall
2026-08-20 10:03:00,1,53366.293,53357.49754397999,bias0_d0.8_mss1_fvg0_hall
2026-08-20 10:35:00,-1,53393.257,53401.29322408488,bias0_d0.8_mss1_fvg0_hall
2026-08-20 10:48:00,1,53383.727,53370.92889042686,bias0_d0.8_mss1_fvg0_hall
2026-08-20 16:34:00,1,53013.557,52986.19989034255,bias0_d0.8_mss1_fvg0_hall
2026-08-20 23:36:00,-1,52797.269,52800.924658551274,bias0_d0.8_mss1_fvg0_hall
2026-08-21 00:42:00,-1,52815.257,52822.62366704153,bias0_d0.8_mss1_fvg0_hall
2026-08-21 09:09:00,1,52973.733,52953.621221401954,bias0_d0.8_mss1_fvg0_hall
2026-08-21 15:28:00,1,53143.933000000005,53127.71164302478,bias0_d0.8_mss1_fvg0_hall
2026-08-21 15:28:00,1,53143.933000000005,53125.67432566586,bias0_d0.8_mss1_fvg0_hall
2026-08-23 22:42:00,1,53238.237,53231.571244933715,bias0_d0.8_mss1_fvg0_hall
2026-08-24 00:29:00,1,53251.553,53232.44759627414,bias0_d0.8_mss1_fvg0_hall
2026-08-24 19:59:00,-1,53434.753,53458.9482263098,bias0_d0.8_mss1_fvg0_hall
2026-08-25 05:42:00,-1,53414.699,53423.61128332241,bias0_d0.8_mss1_fvg0_hall
2026-08-25 05:42:00,-1,53414.699,53421.68397737082,bias0_d0.8_mss1_fvg0_hall
2026-08-25 13:30:00,-1,53673.593,53690.70772213486,bias0_d0.8_mss1_fvg0_hall
2026-08-25 15:25:00,-1,53484.239,53498.356219707086,bias0_d0.8_mss1_fvg0_hall
2026-08-25 19:59:00,-1,53595.763,53606.9507964414,bias0_d0.8_mss1_fvg0_hall
2026-08-25 19:59:00,-1,53578.501000000004,53599.985272441816,bias0_d0.8_mss1_fvg0_hall
2026-08-25 22:57:00,1,53573.259,53569.64735323452,bias0_d0.8_mss1_fvg0_hall
2026-08-25 23:02:00,-1,53571.843,53576.44944778917,bias0_d0.8_mss1_fvg0_hall
2026-08-26 03:33:00,1,53603.699,53597.8855520788,bias0_d0.8_mss1_fvg0_hall
2026-08-26 03:33:00,1,53603.699,53596.88561990468,bias0_d0.8_mss1_fvg0_hall
2026-08-26 06:03:00,-1,53577.057,53578.99949947505,bias0_d0.8_mss1_fvg0_hall
2026-08-26 06:03:00,-1,53577.057,53583.075720941124,bias0_d0.8_mss1_fvg0_hall
2026-08-26 06:03:00,-1,53577.057,53581.32259801676,bias0_d0.8_mss1_fvg0_hall
2026-08-26 08:55:00,-1,53641.02099999999,53653.38713635462,bias0_d0.8_mss1_fvg0_hall
2026-08-26 08:55:00,-1,53641.02099999999,53647.81604090072,bias0_d0.8_mss1_fvg0_hall
2026-08-26 14:13:00,-1,53573.531,53596.91429287956,bias0_d0.8_mss1_fvg0_hall
2026-08-26 20:01:00,1,53512.274999999994,53473.648064193745,bias0_d0.8_mss1_fvg0_hall
2026-08-26 23:51:00,-1,53703.413,53711.17441571094,bias0_d0.8_mss1_fvg0_hall
2026-08-27 00:01:00,-1,53697.545,53711.55409972761,bias0_d0.8_mss1_fvg0_hall
2026-08-27 00:01:00,-1,53697.545,53711.80305843861,bias0_d0.8_mss1_fvg0_hall
2026-08-27 04:21:00,-1,53635.527,53642.08659769491,bias0_d0.8_mss1_fvg0_hall
2026-08-27 07:37:00,-1,53573.813,53589.61307630614,bias0_d0.8_mss1_fvg0_hall
2026-08-27 07:37:00,-1,53573.813,53591.90235656998,bias0_d0.8_mss1_fvg0_hall
2026-08-27 08:04:00,1,53583.057,53558.78680631507,bias0_d0.8_mss1_fvg0_hall
2026-08-27 11:30:00,-1,53448.039,53453.976136555604,bias0_d0.8_mss1_fvg0_hall
2026-08-27 11:52:00,1,53424.051,53413.47676763133,bias0_d0.8_mss1_fvg0_hall
2026-08-27 11:52:00,1,53424.051,53413.39810780456,bias0_d0.8_mss1_fvg0_hall
2026-08-27 17:32:00,1,53668.774999999994,53652.323471600284,bias0_d0.8_mss1_fvg0_hall
2026-08-27 19:44:00,1,53536.851,53531.1519773119,bias0_d0.8_mss1_fvg0_hall
2026-08-27 19:44:00,1,53536.851,53530.56737893248,bias0_d0.8_mss1_fvg0_hall
2026-08-27 19:44:00,1,53536.851,53526.80123758016,bias0_d0.8_mss1_fvg0_hall
2026-08-28 03:31:00,-1,53679.777,53684.909347674824,bias0_d0.8_mss1_fvg0_hall
2026-08-28 10:39:00,1,53621.551,53617.1255728779,bias0_d0.8_mss1_fvg0_hall
2026-08-28 14:03:00,-1,53705.739,53744.40781741624,bias0_d0.8_mss1_fvg0_hall
2026-08-28 14:03:00,-1,53657.775,53702.72103045794,bias0_d0.8_mss1_fvg0_hall
2026-08-31 04:37:00,1,53389.27099999999,53385.97455745996,bias0_d0.8_mss1_fvg0_hall
2026-08-31 06:03:00,-1,53411.337,53422.92249506707,bias0_d0.8_mss1_fvg0_hall
2026-08-31 06:03:00,-1,53411.337,53421.88865970513,bias0_d0.8_mss1_fvg0_hall
2026-08-31 07:14:00,1,53478.301,53465.19692778912,bias0_d0.8_mss1_fvg0_hall
2026-08-31 16:38:00,-1,53195.399000000005,53230.114965049936,bias0_d0.8_mss1_fvg0_hall
2026-08-31 22:41:00,-1,53214.725000000006,53218.825757257866,bias0_d0.8_mss1_fvg0_hall
2026-08-31 22:51:00,-1,53218.827000000005,53221.278057855714,bias0_d0.8_mss1_fvg0_hall
2026-09-01 00:01:00,1,53223.869,53217.645109951765,bias0_d0.8_mss1_fvg0_hall
2026-09-01 00:01:00,1,53224.969,53213.85239888698,bias0_d0.8_mss1_fvg0_hall
2026-09-01 06:39:00,1,53197.125,53184.61245378418,bias0_d0.8_mss1_fvg0_hall
2026-09-01 13:31:00,1,52886.569,52817.64937795334,bias0_d0.8_mss1_fvg0_hall
2026-09-01 17:30:00,1,52745.081000000006,52722.78296535486,bias0_d0.8_mss1_fvg0_hall
2026-09-01 19:59:00,1,52728.032999999996,52709.4901067833,bias0_d0.8_mss1_fvg0_hall
2026-09-02 05:01:00,-1,52758.589,52765.03202834621,bias0_d0.8_mss1_fvg0_hall
2026-09-02 05:13:00,1,52755.969,52748.05665282636,bias0_d0.8_mss1_fvg0_hall
2026-09-02 10:49:00,1,52689.149,52681.300466624205,bias0_d0.8_mss1_fvg0_hall
2026-09-02 11:02:00,-1,52686.107,52711.837049226684,bias0_d0.8_mss1_fvg0_hall
2026-09-02 16:17:00,-1,53028.777,53048.13037332319,bias0_d0.8_mss1_fvg0_hall
2026-09-02 18:03:00,1,53009.918999999994,52992.64027097766,bias0_d0.8_mss1_fvg0_hall
2026-09-02 18:03:00,1,53009.918999999994,52993.531565907826,bias0_d0.8_mss1_fvg0_hall
2026-09-03 05:06:00,-1,53103.295,53106.44265630782,bias0_d0.8_mss1_fvg0_hall
2026-09-03 14:59:00,1,53468.137,53408.445047276065,bias0_d0.8_mss1_fvg0_hall
2026-09-03 14:59:00,1,53468.137,53431.44865818492,bias0_d0.8_mss1_fvg0_hall
2026-09-04 00:19:00,1,53678.933000000005,53670.22652832222,bias0_d0.8_mss1_fvg0_hall
2026-09-04 03:00:00,-1,53704.915,53708.855823925645,bias0_d0.8_mss1_fvg0_hall
2026-09-04 05:00:00,1,53694.213,53693.06727530055,bias0_d0.8_mss1_fvg0_hall
2026-09-04 08:45:00,1,53655.909,53639.79465615283,bias0_d0.8_mss1_fvg0_hall
2026-09-04 09:56:00,1,53642.689,53631.898239546135,bias0_d0.8_mss1_fvg0_hall
2026-09-04 10:00:00,-1,53641.213,53647.886821003594,bias0_d0.8_mss1_fvg0_hall
2026-09-04 10:26:00,-1,53648.19500000001,53661.76987801262,bias0_d0.8_mss1_fvg0_hall
2026-09-04 13:30:00,1,53536.365,53479.63197290175,bias0_d0.8_mss1_fvg0_hall
2026-09-04 19:27:00,1,53370.365000000005,53360.31748483078,bias0_d0.8_mss1_fvg0_hall
2026-09-06 23:48:00,1,53267.701,53260.35395559496,bias0_d0.8_mss1_fvg0_hall
2026-09-07 07:03:00,1,53181.063,53169.87875234072,bias0_d0.8_mss1_fvg0_hall
2026-09-07 13:33:00,-1,53157.437000000005,53173.478235259,bias0_d0.8_mss1_fvg0_hall
2026-09-08 02:27:00,-1,53081.427,53091.08863069179,bias0_d0.8_mss1_fvg0_hall
2026-09-08 03:51:00,-1,53081.445,53087.11910351319,bias0_d0.8_mss1_fvg0_hall
2026-09-08 03:51:00,-1,53081.445,53087.72613897653,bias0_d0.8_mss1_fvg0_hall
2026-09-08 13:27:00,-1,53069.165,53083.45392843388,bias0_d0.8_mss1_fvg0_hall
2026-09-08 16:05:00,1,52834.615,52818.25746744357,bias0_d0.8_mss1_fvg0_hall
2026-09-08 22:49:00,1,52786.439,52785.085516144056,bias0_d0.8_mss1_fvg0_hall
2026-09-09 00:15:00,-1,52787.557,52799.338410418415,bias0_d0.8_mss1_fvg0_hall
2026-09-09 07:14:00,-1,52811.457,52817.72926541781,bias0_d0.8_mss1_fvg0_hall
2026-09-09 11:15:00,-1,52489.201,52500.24180464544,bias0_d0.8_mss1_fvg0_hall
2026-09-09 11:15:00,-1,52489.201,52505.95019002791,bias0_d0.8_mss1_fvg0_hall
2026-09-09 11:15:00,-1,52489.201,52501.53573359734,bias0_d0.8_mss1_fvg0_hall
2026-09-09 11:24:00,1,52471.939,52452.3542677197,bias0_d0.8_mss1_fvg0_hall
2026-09-09 11:24:00,1,52471.939,52455.804662882576,bias0_d0.8_mss1_fvg0_hall
2026-09-09 13:51:00,-1,52417.513,52481.98160177152,bias0_d0.8_mss1_fvg0_hall
2026-09-09 13:51:00,-1,52417.513,52474.48965878784,bias0_d0.8_mss1_fvg0_hall
2026-09-09 13:51:00,-1,52417.513,52478.628883160134,bias0_d0.8_mss1_fvg0_hall
2026-09-09 23:49:00,1,52453.887,52449.465272509726,bias0_d0.8_mss1_fvg0_hall
2026-09-10 05:59:00,1,52593.869000000006,52588.18285277497,bias0_d0.8_mss1_fvg0_hall
2026-09-10 15:39:00,-1,52157.009,52179.82869405194,bias0_d0.8_mss1_fvg0_hall
2026-09-10 16:34:00,-1,52074.569,52086.348229277,bias0_d0.8_mss1_fvg0_hall
2026-09-10 16:34:00,-1,52045.551,52076.28302718578,bias0_d0.8_mss1_fvg0_hall
2026-09-10 19:31:00,1,51994.599,51980.559896806895,bias0_d0.8_mss1_fvg0_hall
2026-09-10 19:31:00,1,51994.599,51978.621460001865,bias0_d0.8_mss1_fvg0_hall
2026-09-10 19:31:00,1,51994.599,51980.57242714459,bias0_d0.8_mss1_fvg0_hall
2026-09-11 00:02:00,1,52090.345,52074.28795033351,bias0_d0.8_mss1_fvg0_hall
2026-09-11 00:02:00,1,52090.345,52071.09199673826,bias0_d0.8_mss1_fvg0_hall
2026-09-11 02:01:00,1,52181.719,52172.30930376032,bias0_d0.8_mss1_fvg0_hall
2026-09-11 02:01:00,1,52181.719,52173.8496517117,bias0_d0.8_mss1_fvg0_hall
2026-09-11 02:03:00,-1,52179.613,52189.892294839134,bias0_d0.8_mss1_fvg0_hall
2026-09-11 02:03:00,-1,52179.613,52190.41207259088,bias0_d0.8_mss1_fvg0_hall
2026-09-11 06:33:00,-1,52276.809,52290.259379318064,bias0_d0.8_mss1_fvg0_hall
2026-09-11 19:07:00,-1,52584.253,52596.83725138783,bias0_d0.8_mss1_fvg0_hall
2026-09-11 19:07:00,-1,52584.253,52598.387935125225,bias0_d0.8_mss1_fvg0_hall
2026-09-14 00:03:00,1,52408.769,52394.543972314226,bias0_d0.8_mss1_fvg0_hall
2026-09-14 00:03:00,1,52408.769,52394.894231434635,bias0_d0.8_mss1_fvg0_hall
2026-09-14 05:11:00,-1,52504.365000000005,52515.53993082791,bias0_d0.8_mss1_fvg0_hall
2026-09-14 05:42:00,-1,52505.507,52518.531658361644,bias0_d0.8_mss1_fvg0_hall
2026-09-14 05:42:00,-1,52505.507,52511.26472562153,bias0_d0.8_mss1_fvg0_hall
2026-09-14 10:59:00,-1,52490.319,52497.421252086344,bias0_d0.8_mss1_fvg0_hall
2026-09-14 13:03:00,-1,52364.337,52379.47429306952,bias0_d0.8_mss1_fvg0_hall
2026-09-15 00:01:00,-1,52431.789,52438.185919389885,bias0_d0.8_mss1_fvg0_hall
2026-09-15 00:01:00,-1,52431.789,52440.769713147405,bias0_d0.8_mss1_fvg0_hall
2026-09-15 18:44:00,-1,52009.543,52023.747429600786,bias0_d0.8_mss1_fvg0_hall
2026-09-15 19:58:00,1,52062.281,52038.65245212685,bias0_d0.8_mss1_fvg0_hall
2026-09-16 04:08:00,-1,52212.168999999994,52215.22762989021,bias0_d0.8_mss1_fvg0_hall
2026-09-16 05:29:00,1,52180.789,52172.62693807249,bias0_d0.8_mss1_fvg0_hall
2026-09-16 05:50:00,-1,52192.675,52197.38604375194,bias0_d0.8_mss1_fvg0_hall
2026-09-16 10:04:00,-1,52159.039000000004,52168.29062168375,bias0_d0.8_mss1_fvg0_hall
2026-09-16 10:39:00,1,52173.289,52163.890792236125,bias0_d0.8_mss1_fvg0_hall
2026-09-16 10:52:00,-1,52178.575,52181.80695225955,bias0_d0.8_mss1_fvg0_hall
2026-09-17 01:56:00,-1,51784.827000000005,51800.372473416064,bias0_d0.8_mss1_fvg0_hall
2026-09-17 03:10:00,-1,51808.743,51814.34030851121,bias0_d0.8_mss1_fvg0_hall
2026-09-17 04:05:00,-1,51822.101,51830.08687537667,bias0_d0.8_mss1_fvg0_hall
2026-09-17 18:52:00,-1,51798.181,51813.02291248844,bias0_d0.8_mss1_fvg0_hall
2026-09-17 18:52:00,-1,51798.181,51811.51124731069,bias0_d0.8_mss1_fvg0_hall
2026-09-18 11:04:00,1,51827.993,51811.438017821885,bias0_d0.8_mss1_fvg0_hall
2026-09-18 11:04:00,1,51827.993,51816.93818797747,bias0_d0.8_mss1_fvg0_hall
2026-09-18 11:04:00,1,51827.993,51818.91211740765,bias0_d0.8_mss1_fvg0_hall
2026-09-21 01:02:00,1,51799.077000000005,51786.730797715616,bias0_d0.8_mss1_fvg0_hall
2026-09-21 01:29:00,-1,51804.589,51814.34493729308,bias0_d0.8_mss1_fvg0_hall
2026-09-21 01:32:00,1,51804.137,51796.80452433289,bias0_d0.8_mss1_fvg0_hall
2026-09-21 02:38:00,1,51815.565,51809.71274309883,bias0_d0.8_mss1_fvg0_hall
2026-09-21 03:55:00,-1,51863.809,51866.78971836286,bias0_d0.8_mss1_fvg0_hall
2026-09-21 12:01:00,-1,52143.339,52148.20210249213,bias0_d0.8_mss1_fvg0_hall
2026-09-21 12:26:00,1,52125.600999999995,52104.70672822024,bias0_d0.8_mss1_fvg0_hall
2026-09-21 23:17:00,-1,52070.850999999995,52076.329303452105,bias0_d0.8_mss1_fvg0_hall
